{
  "config": "2R_1P_1pD",
  "ppd_enabled": false,
  "qps": 8.0,
  "num_conversations": 500,
  "duration_sec": 192.58729054778814,
  "timestamp": "2026-01-21T19:48:17.606480",
  "turn1": {
    "count": 500,
    "avg_ttft_ms": 24832.4077263996,
    "avg_tpot_ms": 11.828307593429985,
    "avg_e2e_ms": 28231.681847803295,
    "p50_ttft_ms": 21661.261858418584,
    "p50_tpot_ms": 9.676595706129497,
    "p50_e2e_ms": 25803.24526503682,
    "p90_ttft_ms": 54288.67877423764,
    "p90_tpot_ms": 18.509884506101812,
    "p90_e2e_ms": 56948.59491400421,
    "p99_ttft_ms": 60152.220012657344,
    "p99_tpot_ms": 21.248957085193496,
    "p99_e2e_ms": 68043.9584089443
  },
  "turn2plus": {
    "count": 1552,
    "avg_ttft_ms": 59.215257854018475,
    "avg_tpot_ms": 12.119655536654697,
    "avg_e2e_ms": 3357.078635885102,
    "p50_ttft_ms": 46.1441520601511,
    "p50_tpot_ms": 9.726507596525492,
    "p50_e2e_ms": 2067.4501061439514,
    "p90_ttft_ms": 66.91732257604599,
    "p90_tpot_ms": 18.537650228019366,
    "p90_e2e_ms": 8002.58494615555,
    "p99_ttft_ms": 134.30620413273576,
    "p99_tpot_ms": 20.260624815884626,
    "p99_e2e_ms": 16763.983453586698
  },
  "all_turns": {
    "count": 2052,
    "avg_ttft_ms": 6095.5681985327665,
    "avg_tpot_ms": 12.048991194434914,
    "avg_e2e_ms": 9418.141796683882,
    "p50_ttft_ms": 49.12257939577103,
    "p50_tpot_ms": 9.71536446166666,
    "p50_e2e_ms": 2990.7649885863066,
    "p90_ttft_ms": 31088.249984383634,
    "p90_tpot_ms": 18.52693791235132,
    "p90_e2e_ms": 35839.89750109615,
    "p99_ttft_ms": 56960.48941332847,
    "p99_tpot_ms": 20.468456792542455,
    "p99_e2e_ms": 61250.087205953896
  },
  "throughput": {
    "conversations_per_sec": 2.5962253198423353,
    "requests_per_sec": 10.660101163272628,
    "tokens_per_sec": 2909.973957294642
  },
  "success_rate": {
    "turns": 99.95129079396006,
    "conversations": 99.8
  },
  "counts": {
    "total_conversations": 500,
    "successful_conversations": 499,
    "total_turns": 2053,
    "turn1_count": 500,
    "turn2plus_count": 1553,
    "successful_turns": 2052
  },
  "slo_attainment": {
    "ttft_100ms": 0.9780927835051546,
    "ttft_200ms": 0.9967783505154639,
    "ttft_500ms": 0.9993556701030928,
    "tpot_15ms": 0.7114267269205939,
    "tpot_30ms": 1.0,
    "e2e_5000ms": 0.791881443298969,
    "e2e_10000ms": 0.9394329896907216
  }
}