{
  "config": "2R_1P_1pD",
  "ppd_enabled": false,
  "qps": 12.0,
  "num_conversations": 500,
  "duration_sec": 192.6096702888608,
  "timestamp": "2026-01-21T19:51:30.732101",
  "turn1": {
    "count": 500,
    "avg_ttft_ms": 33273.68609240651,
    "avg_tpot_ms": 11.75282356540769,
    "avg_e2e_ms": 36692.7484671399,
    "p50_ttft_ms": 29527.788368985057,
    "p50_tpot_ms": 9.828074783846786,
    "p50_e2e_ms": 33183.42272378504,
    "p90_ttft_ms": 71098.57381246984,
    "p90_tpot_ms": 18.132185098259864,
    "p90_e2e_ms": 73993.00421215595,
    "p99_ttft_ms": 81090.42018525302,
    "p99_tpot_ms": 20.404829199139314,
    "p99_e2e_ms": 88051.21343664825
  },
  "turn2plus": {
    "count": 1556,
    "avg_ttft_ms": 152.05120925425257,
    "avg_tpot_ms": 12.071763528363334,
    "avg_e2e_ms": 3449.9373244370663,
    "p50_ttft_ms": 46.35750129818916,
    "p50_tpot_ms": 9.939716193051154,
    "p50_e2e_ms": 2081.570999696851,
    "p90_ttft_ms": 64.79172594845295,
    "p90_tpot_ms": 18.336006131459463,
    "p90_e2e_ms": 7973.030112683773,
    "p99_ttft_ms": 136.43226642161636,
    "p99_tpot_ms": 20.06632893889621,
    "p99_e2e_ms": 16478.662556223575
  },
  "all_turns": {
    "count": 2056,
    "avg_ttft_ms": 8206.923505740697,
    "avg_tpot_ms": 11.994557954119314,
    "avg_e2e_ms": 11534.278555639117,
    "p50_ttft_ms": 49.52576197683811,
    "p50_tpot_ms": 9.928869131507582,
    "p50_e2e_ms": 3091.898951679468,
    "p90_ttft_ms": 40452.99667492509,
    "p90_tpot_ms": 18.292307599439425,
    "p90_e2e_ms": 44787.290409207344,
    "p99_ttft_ms": 76584.71489865333,
    "p99_tpot_ms": 20.09763938188553,
    "p99_e2e_ms": 81334.00745708495
  },
  "throughput": {
    "conversations_per_sec": 2.5959236587142245,
    "requests_per_sec": 10.674438084632891,
    "tokens_per_sec": 2930.003458048793
  },
  "success_rate": {
    "turns": 100.0,
    "conversations": 100.0
  },
  "counts": {
    "total_conversations": 500,
    "successful_conversations": 500,
    "total_turns": 2056,
    "turn1_count": 500,
    "turn2plus_count": 1556,
    "successful_turns": 2056
  },
  "slo_attainment": {
    "ttft_100ms": 0.9730077120822622,
    "ttft_200ms": 0.9967866323907455,
    "ttft_500ms": 0.9987146529562982,
    "tpot_15ms": 0.7057308435286542,
    "tpot_30ms": 1.0,
    "e2e_5000ms": 0.7872750642673522,
    "e2e_10000ms": 0.9376606683804627
  }
}