{
  "config": "2R_1P_1pD",
  "ppd_enabled": false,
  "qps": 4.0,
  "num_conversations": 500,
  "duration_sec": 206.1746944449842,
  "timestamp": "2026-01-21T19:45:04.524813",
  "turn1": {
    "count": 500,
    "avg_ttft_ms": 4562.121059380472,
    "avg_tpot_ms": 11.692762292588984,
    "avg_e2e_ms": 7793.615041300654,
    "p50_ttft_ms": 4221.447205170989,
    "p50_tpot_ms": 9.645930356478303,
    "p50_e2e_ms": 7608.386589214206,
    "p90_ttft_ms": 10626.831467449665,
    "p90_tpot_ms": 18.281128276550962,
    "p90_e2e_ms": 14823.076741024852,
    "p99_ttft_ms": 12524.224101155996,
    "p99_tpot_ms": 20.45081723750362,
    "p99_e2e_ms": 25683.36735926567
  },
  "turn2plus": {
    "count": 1556,
    "avg_ttft_ms": 79.01428917609634,
    "avg_tpot_ms": 11.889604876436037,
    "avg_e2e_ms": 3330.3013951433845,
    "p50_ttft_ms": 45.56433670222759,
    "p50_tpot_ms": 9.67601315986707,
    "p50_e2e_ms": 2050.744852051139,
    "p90_ttft_ms": 66.80089607834816,
    "p90_tpot_ms": 18.141169675393535,
    "p90_e2e_ms": 8104.799922555685,
    "p99_ttft_ms": 122.69097473472385,
    "p99_tpot_ms": 20.242625194932184,
    "p99_e2e_ms": 16318.72087903322
  },
  "all_turns": {
    "count": 2056,
    "avg_ttft_ms": 1169.263990101285,
    "avg_tpot_ms": 11.841955329540896,
    "avg_e2e_ms": 4415.73759313883,
    "p50_ttft_ms": 46.81564122438431,
    "p50_tpot_ms": 9.67142726866561,
    "p50_e2e_ms": 2629.153171554208,
    "p90_ttft_ms": 6628.254471346736,
    "p90_tpot_ms": 18.16832534570213,
    "p90_e2e_ms": 11249.066481366754,
    "p99_ttft_ms": 11356.099403090779,
    "p99_tpot_ms": 20.314309618302755,
    "p99_e2e_ms": 20655.117020383477
  },
  "throughput": {
    "conversations_per_sec": 2.4251278817023803,
    "requests_per_sec": 9.972125849560188,
    "tokens_per_sec": 2737.2272893101863
  },
  "success_rate": {
    "turns": 100.0,
    "conversations": 100.0
  },
  "counts": {
    "total_conversations": 500,
    "successful_conversations": 500,
    "total_turns": 2056,
    "turn1_count": 500,
    "turn2plus_count": 1556,
    "successful_turns": 2056
  },
  "slo_attainment": {
    "ttft_100ms": 0.9800771208226221,
    "ttft_200ms": 0.9948586118251928,
    "ttft_500ms": 0.9961439588688946,
    "tpot_15ms": 0.7205408886027045,
    "tpot_30ms": 1.0,
    "e2e_5000ms": 0.7924164524421594,
    "e2e_10000ms": 0.9363753213367609
  }
}