{
  "config": "2P_2pD",
  "ppd_enabled": false,
  "qps": 2.0,
  "num_conversations": 500,
  "duration_sec": 284.7576374709606,
  "timestamp": "2026-01-21T10:31:12.104373",
  "turn1": {
    "count": 500,
    "avg_ttft_ms": 101.97234399616718,
    "avg_tpot_ms": 9.295640947067398,
    "avg_e2e_ms": 2841.2054561823606,
    "p50_ttft_ms": 98.10260497033596,
    "p50_tpot_ms": 9.297714956266404,
    "p50_e2e_ms": 2688.505357131362,
    "p90_ttft_ms": 129.18957285583022,
    "p90_tpot_ms": 9.873237889583496,
    "p90_e2e_ms": 5482.227699458599,
    "p99_ttft_ms": 168.1475897878408,
    "p99_tpot_ms": 10.560009333172006,
    "p99_e2e_ms": 8281.854540184138
  },
  "turn2plus": {
    "count": 1703,
    "avg_ttft_ms": 40.6522833607124,
    "avg_tpot_ms": 9.325150188679853,
    "avg_e2e_ms": 2939.7288481220908,
    "p50_ttft_ms": 38.7476421892643,
    "p50_tpot_ms": 9.33742259059064,
    "p50_e2e_ms": 2753.2335817813873,
    "p90_ttft_ms": 49.31191802024841,
    "p90_tpot_ms": 9.89108058151145,
    "p90_e2e_ms": 5509.929976612329,
    "p99_ttft_ms": 67.23443679511547,
    "p99_tpot_ms": 10.220865552191366,
    "p99_e2e_ms": 8333.956294879317
  },
  "all_turns": {
    "count": 2203,
    "avg_ttft_ms": 54.56968250629905,
    "avg_tpot_ms": 9.318449047629695,
    "avg_e2e_ms": 2917.36766066414,
    "p50_ttft_ms": 42.10098460316658,
    "p50_tpot_ms": 9.327720920555294,
    "p50_e2e_ms": 2737.3857721686363,
    "p90_ttft_ms": 99.65783730149269,
    "p90_tpot_ms": 9.888495354587162,
    "p90_e2e_ms": 5496.381027251482,
    "p99_ttft_ms": 153.6854745447636,
    "p99_tpot_ms": 10.235742279736785,
    "p99_e2e_ms": 8333.956294879317
  },
  "throughput": {
    "conversations_per_sec": 1.7558791554835458,
    "requests_per_sec": 7.739915317371469,
    "tokens_per_sec": 2389.737483579862
  },
  "success_rate": {
    "turns": 99.9546279491833,
    "conversations": 99.8
  },
  "counts": {
    "total_conversations": 500,
    "successful_conversations": 499,
    "total_turns": 2204,
    "turn1_count": 500,
    "turn2plus_count": 1704,
    "successful_turns": 2203
  },
  "slo_attainment": {
    "ttft_100ms": 1.0,
    "ttft_200ms": 1.0,
    "ttft_500ms": 1.0,
    "tpot_15ms": 1.0,
    "tpot_30ms": 1.0,
    "e2e_5000ms": 0.8625954198473282,
    "e2e_10000ms": 0.998825601879037
  }
}