{
  "config": "2P_2D",
  "num_turns": 2,
  "workload": "small_mid_bal",
  "qps": 4.0,
  "per_turn_metrics": [
    {
      "turn": 1,
      "count": 14,
      "avg_ttft_ms": 107.16124916715282,
      "avg_tpot_ms": 7.787957401994378,
      "avg_e2e_ms": 1096.2318392204386,
      "p50_ttft_ms": 100.56255757808685,
      "p99_ttft_ms": 149.39481172710657,
      "p50_tpot_ms": 7.788132157499396,
      "p99_tpot_ms": 7.878767523005253
    },
    {
      "turn": 2,
      "count": 14,
      "avg_ttft_ms": 106.57520086637565,
      "avg_tpot_ms": 7.778844644218114,
      "avg_e2e_ms": 1094.488470682076,
      "p50_ttft_ms": 107.38480649888515,
      "p99_ttft_ms": 116.88525471836329,
      "p50_tpot_ms": 7.78203701057772,
      "p99_tpot_ms": 7.849142541742231
    }
  ],
  "summary": {
    "avg_ttft_ms": 106.86822501676423,
    "avg_tpot_ms": 7.783401023106244,
    "avg_e2e_ms": 1095.3601549512573
  },
  "t1_metrics": {
    "avg_ttft_ms": 107.16124916715282,
    "avg_tpot_ms": 7.787957401994378,
    "avg_e2e_ms": 1096.2318392204386
  },
  "t2plus_metrics": {
    "avg_ttft_ms": 106.57520086637565,
    "avg_tpot_ms": 7.778844644218114,
    "avg_e2e_ms": 1094.488470682076
  },
  "total_conversations": 14,
  "successful_conversations": 14,
  "success_rate": 100.0,
  "duration_sec": 30.687211513519287,
  "timestamp": "2026-01-20T01:01:32.943501",
  "error": null
}