{
  "config": "1P_3D",
  "ppd_enabled": false,
  "qps": 8.0,
  "num_conversations": 500,
  "duration_sec": 165.48210760578513,
  "timestamp": "2026-01-21T06:55:43.688295",
  "turn1": {
    "count": 500,
    "avg_ttft_ms": 33819.00802586973,
    "avg_tpot_ms": 9.994469521057445,
    "avg_e2e_ms": 36787.91055135429,
    "p50_ttft_ms": 36502.74160690606,
    "p50_tpot_ms": 10.005745434559376,
    "p50_e2e_ms": 38060.08915044367,
    "p90_ttft_ms": 64135.799806937575,
    "p90_tpot_ms": 10.637296802853967,
    "p90_e2e_ms": 65936.48629933596,
    "p99_ttft_ms": 72862.6280072704,
    "p99_tpot_ms": 11.368623480732952,
    "p99_e2e_ms": 76303.32174059002
  },
  "turn2plus": {
    "count": 1704,
    "avg_ttft_ms": 182.75677382360112,
    "avg_tpot_ms": 10.053636821245082,
    "avg_e2e_ms": 3305.903309344056,
    "p50_ttft_ms": 156.01040795445442,
    "p50_tpot_ms": 10.07677065223544,
    "p50_e2e_ms": 3073.956461623311,
    "p90_ttft_ms": 303.03575247526175,
    "p90_tpot_ms": 10.64168775976024,
    "p90_e2e_ms": 6040.655184164644,
    "p99_ttft_ms": 491.89784698188305,
    "p99_tpot_ms": 11.238978968024517,
    "p99_e2e_ms": 9222.93885011226
  },
  "all_turns": {
    "count": 2204,
    "avg_ttft_ms": 7813.4852792787115,
    "avg_tpot_ms": 10.040206868877972,
    "avg_e2e_ms": 10901.639979491569,
    "p50_ttft_ms": 181.72223679721355,
    "p50_tpot_ms": 10.058936997205361,
    "p50_e2e_ms": 3659.705789759755,
    "p90_ttft_ms": 39346.29111401737,
    "p90_tpot_ms": 10.641828128458826,
    "p90_e2e_ms": 42801.27368718387,
    "p99_ttft_ms": 70099.38475493342,
    "p99_tpot_ms": 11.245369438759306,
    "p99_e2e_ms": 72750.32206643371
  },
  "throughput": {
    "conversations_per_sec": 3.0214746913370853,
    "requests_per_sec": 13.318660439413874,
    "tokens_per_sec": 4114.686535308521
  },
  "success_rate": {
    "turns": 100.0,
    "conversations": 100.0
  },
  "counts": {
    "total_conversations": 500,
    "successful_conversations": 500,
    "total_turns": 2204,
    "turn1_count": 500,
    "turn2plus_count": 1704,
    "successful_turns": 2204
  },
  "slo_attainment": {
    "ttft_100ms": 0.08450704225352113,
    "ttft_200ms": 0.6883802816901409,
    "ttft_500ms": 0.9917840375586855,
    "tpot_15ms": 1.0,
    "tpot_30ms": 1.0,
    "e2e_5000ms": 0.812793427230047,
    "e2e_10000ms": 0.9947183098591549
  }
}