{
  "config": "1P_3D",
  "ppd_enabled": true,
  "qps": 12.0,
  "num_conversations": 500,
  "duration_sec": 152.38970040157437,
  "timestamp": "2026-01-21T23:06:17.195088",
  "turn1": {
    "count": 500,
    "avg_ttft_ms": 39588.457539238036,
    "avg_tpot_ms": 9.625492279091771,
    "avg_e2e_ms": 42462.191742539406,
    "p50_ttft_ms": 41443.46890412271,
    "p50_tpot_ms": 9.648304812910027,
    "p50_e2e_ms": 43451.17533579469,
    "p90_ttft_ms": 76214.45223242044,
    "p90_tpot_ms": 10.06566184904245,
    "p90_e2e_ms": 77816.12872928381,
    "p99_ttft_ms": 84451.26697834581,
    "p99_tpot_ms": 10.494685084709143,
    "p99_e2e_ms": 87614.08358126877
  },
  "turn2plus": {
    "count": 1704,
    "avg_ttft_ms": 47.4893865044373,
    "avg_tpot_ms": 9.666063037994235,
    "avg_e2e_ms": 3050.802308611327,
    "p50_ttft_ms": 46.36562056839466,
    "p50_tpot_ms": 9.702250888385223,
    "p50_e2e_ms": 2858.14243927598,
    "p90_ttft_ms": 57.95316621661186,
    "p90_tpot_ms": 10.059972981811423,
    "p90_e2e_ms": 5687.4695759266615,
    "p99_ttft_ms": 114.88254625350241,
    "p99_tpot_ms": 10.494990577705252,
    "p99_e2e_ms": 8506.980754807591
  },
  "all_turns": {
    "count": 2204,
    "avg_ttft_ms": 9017.763468340552,
    "avg_tpot_ms": 9.65685417840744,
    "avg_e2e_ms": 11991.68012937541,
    "p50_ttft_ms": 48.03002625703812,
    "p50_tpot_ms": 9.695881459359,
    "p50_e2e_ms": 3425.3377486020327,
    "p90_ttft_ms": 44474.460147321224,
    "p90_tpot_ms": 10.060575618619644,
    "p90_e2e_ms": 47893.85430440307,
    "p99_ttft_ms": 82307.04435721038,
    "p99_tpot_ms": 10.495140994804729,
    "p99_e2e_ms": 84455.16323231159
  },
  "throughput": {
    "conversations_per_sec": 3.2810616379086626,
    "requests_per_sec": 14.462919699901384,
    "tokens_per_sec": 4468.195673366948
  },
  "success_rate": {
    "turns": 100.0,
    "conversations": 100.0
  },
  "counts": {
    "total_conversations": 500,
    "successful_conversations": 500,
    "total_turns": 2204,
    "turn1_count": 500,
    "turn2plus_count": 1704,
    "successful_turns": 2204
  },
  "slo_attainment": {
    "ttft_100ms": 0.9853286384976526,
    "ttft_200ms": 1.0,
    "ttft_500ms": 1.0,
    "tpot_15ms": 1.0,
    "tpot_30ms": 1.0,
    "e2e_5000ms": 0.8456572769953051,
    "e2e_10000ms": 0.9982394366197183
  }
}