{
  "config": "1R_1P_1D_1pD",
  "ppd_enabled": true,
  "qps": 4.0,
  "num_conversations": 500,
  "duration_sec": 182.64737032353878,
  "timestamp": "2026-01-22T04:26:15.617076",
  "turn1": {
    "count": 500,
    "avg_ttft_ms": 2326.6072833910584,
    "avg_tpot_ms": 11.059950333507258,
    "avg_e2e_ms": 5303.998730875552,
    "p50_ttft_ms": 2351.526267826557,
    "p50_tpot_ms": 10.028007006457202,
    "p50_e2e_ms": 4922.313148155808,
    "p90_ttft_ms": 5064.343069493771,
    "p90_tpot_ms": 15.328625646921305,
    "p90_e2e_ms": 10174.334908649325,
    "p99_ttft_ms": 6953.417817354202,
    "p99_tpot_ms": 19.08422771400786,
    "p99_e2e_ms": 16477.0352037996
  },
  "turn2plus": {
    "count": 1555,
    "avg_ttft_ms": 81.44224943215823,
    "avg_tpot_ms": 11.37784982320209,
    "avg_e2e_ms": 3160.8652411813327,
    "p50_ttft_ms": 55.1464706659317,
    "p50_tpot_ms": 10.098897878380718,
    "p50_e2e_ms": 2118.686430156231,
    "p90_ttft_ms": 145.9593832492829,
    "p90_tpot_ms": 16.703554767431047,
    "p90_e2e_ms": 7629.615308344366,
    "p99_ttft_ms": 220.2589891105891,
    "p99_tpot_ms": 19.210778123298503,
    "p99_e2e_ms": 13973.687170147901
  },
  "all_turns": {
    "count": 2055,
    "avg_ttft_ms": 627.7111141423529,
    "avg_tpot_ms": 11.300858540541622,
    "avg_e2e_ms": 3682.3089126397804,
    "p50_ttft_ms": 63.34783136844635,
    "p50_tpot_ms": 10.083686702762002,
    "p50_e2e_ms": 2677.956350147724,
    "p90_ttft_ms": 3300.3010883927386,
    "p90_tpot_ms": 16.430838368574364,
    "p90_e2e_ms": 8411.282763630154,
    "p99_ttft_ms": 6045.0799079984445,
    "p99_tpot_ms": 19.21353516469131,
    "p99_e2e_ms": 15529.235559776433
  },
  "throughput": {
    "conversations_per_sec": 2.7375154600600466,
    "requests_per_sec": 11.256663571766913,
    "tokens_per_sec": 3088.787968864032
  },
  "success_rate": {
    "turns": 99.95136186770428,
    "conversations": 99.8
  },
  "counts": {
    "total_conversations": 500,
    "successful_conversations": 499,
    "total_turns": 2056,
    "turn1_count": 500,
    "turn2plus_count": 1556,
    "successful_turns": 2055
  },
  "slo_attainment": {
    "ttft_100ms": 0.7221864951768489,
    "ttft_200ms": 0.9807073954983923,
    "ttft_500ms": 0.9987138263665595,
    "tpot_15ms": 0.8614690721649485,
    "tpot_30ms": 1.0,
    "e2e_5000ms": 0.7929260450160772,
    "e2e_10000ms": 0.9607717041800643
  }
}