{
  "config": "1R_1P_1D_1pD",
  "ppd_enabled": true,
  "qps": 12.0,
  "num_conversations": 500,
  "duration_sec": 166.7317693568766,
  "timestamp": "2026-01-22T04:31:51.046582",
  "turn1": {
    "count": 500,
    "avg_ttft_ms": 30938.233370877802,
    "avg_tpot_ms": 11.193986032190512,
    "avg_e2e_ms": 34087.78476238251,
    "p50_ttft_ms": 26775.24398267269,
    "p50_tpot_ms": 10.07013332818856,
    "p50_e2e_ms": 31430.737825110555,
    "p90_ttft_ms": 69606.32821433246,
    "p90_tpot_ms": 14.470279633410666,
    "p90_e2e_ms": 71387.78186552227,
    "p99_ttft_ms": 76979.78656858206,
    "p99_tpot_ms": 19.565634405748416,
    "p99_e2e_ms": 80937.62649439274
  },
  "turn2plus": {
    "count": 1556,
    "avg_ttft_ms": 138.7031216337166,
    "avg_tpot_ms": 11.441508268729478,
    "avg_e2e_ms": 3244.196870302001,
    "p50_ttft_ms": 56.07681721448898,
    "p50_tpot_ms": 10.206653555827355,
    "p50_e2e_ms": 2147.9359585791826,
    "p90_ttft_ms": 138.77959363162518,
    "p90_tpot_ms": 15.312515993464318,
    "p90_e2e_ms": 7759.005941450596,
    "p99_ttft_ms": 209.24684554338464,
    "p99_tpot_ms": 19.421395251701675,
    "p99_e2e_ms": 14783.622484654194
  },
  "all_turns": {
    "count": 2056,
    "avg_ttft_ms": 7628.861256177512,
    "avg_tpot_ms": 11.38159073367661,
    "avg_e2e_ms": 10745.069412150373,
    "p50_ttft_ms": 77.74055749177933,
    "p50_tpot_ms": 10.157625096178204,
    "p50_e2e_ms": 3094.2850653082132,
    "p90_ttft_ms": 35415.660694241524,
    "p90_tpot_ms": 15.16649377563118,
    "p90_e2e_ms": 39603.993663564324,
    "p99_ttft_ms": 73749.9735562131,
    "p99_tpot_ms": 19.458793901405837,
    "p99_e2e_ms": 77521.39643151313
  },
  "throughput": {
    "conversations_per_sec": 2.9988286091403986,
    "requests_per_sec": 12.331183240785318,
    "tokens_per_sec": 3384.7598581651127
  },
  "success_rate": {
    "turns": 100.0,
    "conversations": 100.0
  },
  "counts": {
    "total_conversations": 500,
    "successful_conversations": 500,
    "total_turns": 2056,
    "turn1_count": 500,
    "turn2plus_count": 1556,
    "successful_turns": 2056
  },
  "slo_attainment": {
    "ttft_100ms": 0.712082262210797,
    "ttft_200ms": 0.987146529562982,
    "ttft_500ms": 0.9980719794344473,
    "tpot_15ms": 0.8931101094655506,
    "tpot_30ms": 1.0,
    "e2e_5000ms": 0.7892030848329049,
    "e2e_10000ms": 0.9588688946015425
  }
}