{
  "config": "1P_1D_2pD",
  "ppd_enabled": true,
  "qps": 4.0,
  "num_conversations": 500,
  "duration_sec": 164.0269860588014,
  "timestamp": "2026-01-22T02:20:39.898846",
  "turn1": {
    "count": 500,
    "avg_ttft_ms": 9881.10786677152,
    "avg_tpot_ms": 9.801627332163456,
    "avg_e2e_ms": 12777.459721781313,
    "p50_ttft_ms": 11899.693405255675,
    "p50_tpot_ms": 9.829015123747205,
    "p50_e2e_ms": 13296.931508928537,
    "p90_ttft_ms": 18759.345358982682,
    "p90_tpot_ms": 10.37203579043504,
    "p90_e2e_ms": 22388.51884379983,
    "p99_ttft_ms": 21633.706887364388,
    "p99_tpot_ms": 10.740981154048741,
    "p99_e2e_ms": 26497.325724288818
  },
  "turn2plus": {
    "count": 1704,
    "avg_ttft_ms": 69.13411315364387,
    "avg_tpot_ms": 9.80556835727965,
    "avg_e2e_ms": 3123.0040928654967,
    "p50_ttft_ms": 49.527719616889954,
    "p50_tpot_ms": 9.859633705152428,
    "p50_e2e_ms": 2933.0728724598885,
    "p90_ttft_ms": 127.47169807553293,
    "p90_tpot_ms": 10.3670112975054,
    "p90_e2e_ms": 5887.117481604219,
    "p99_ttft_ms": 191.36028464883566,
    "p99_tpot_ms": 10.755353610099652,
    "p99_e2e_ms": 8710.32992914319
  },
  "all_turns": {
    "count": 2204,
    "avg_ttft_ms": 2295.080971959877,
    "avg_tpot_ms": 9.804673812836684,
    "avg_e2e_ms": 5313.216349879067,
    "p50_ttft_ms": 54.51468378305435,
    "p50_tpot_ms": 9.85503295539308,
    "p50_e2e_ms": 3353.1599566340446,
    "p90_ttft_ms": 13296.4497435838,
    "p90_tpot_ms": 10.368866418575031,
    "p90_e2e_ms": 16130.554433166983,
    "p99_ttft_ms": 20650.364896245297,
    "p99_tpot_ms": 10.755469524462061,
    "p99_e2e_ms": 24416.702515929905
  },
  "throughput": {
    "conversations_per_sec": 3.048278896136986,
    "requests_per_sec": 13.436813374171836,
    "tokens_per_sec": 4151.188876663894
  },
  "success_rate": {
    "turns": 100.0,
    "conversations": 100.0
  },
  "counts": {
    "total_conversations": 500,
    "successful_conversations": 500,
    "total_turns": 2204,
    "turn1_count": 500,
    "turn2plus_count": 1704,
    "successful_turns": 2204
  },
  "slo_attainment": {
    "ttft_100ms": 0.7658450704225352,
    "ttft_200ms": 0.9935446009389671,
    "ttft_500ms": 1.0,
    "tpot_15ms": 1.0,
    "tpot_30ms": 1.0,
    "e2e_5000ms": 0.8345070422535211,
    "e2e_10000ms": 0.9988262910798122
  }
}