{
  "config": "1P_1D_2pD",
  "ppd_enabled": true,
  "qps": 2.0,
  "num_conversations": 500,
  "duration_sec": 283.7764957845211,
  "timestamp": "2026-01-22T02:17:55.523316",
  "turn1": {
    "count": 500,
    "avg_ttft_ms": 102.45212803035975,
    "avg_tpot_ms": 8.981999929349659,
    "avg_e2e_ms": 2753.341439321637,
    "p50_ttft_ms": 94.03770416975021,
    "p50_tpot_ms": 8.942284606732947,
    "p50_e2e_ms": 2584.509264677763,
    "p90_ttft_ms": 146.17739357054236,
    "p90_tpot_ms": 9.581136900399413,
    "p90_e2e_ms": 5191.504198312761,
    "p99_ttft_ms": 199.77737478911874,
    "p99_tpot_ms": 10.07232060082829,
    "p99_e2e_ms": 7916.880943402645
  },
  "turn2plus": {
    "count": 1704,
    "avg_ttft_ms": 61.619855223022434,
    "avg_tpot_ms": 9.029906295737923,
    "avg_e2e_ms": 2866.9062388225725,
    "p50_ttft_ms": 43.160419911146164,
    "p50_tpot_ms": 9.027436993665056,
    "p50_e2e_ms": 2674.2784325033426,
    "p90_ttft_ms": 115.11333473026752,
    "p90_tpot_ms": 9.607265213744242,
    "p90_e2e_ms": 5306.165425106883,
    "p99_ttft_ms": 173.78418684005743,
    "p99_tpot_ms": 10.11090598314897,
    "p99_e2e_ms": 8104.872269146145
  },
  "all_turns": {
    "count": 2204,
    "avg_ttft_ms": 70.88307500690114,
    "avg_tpot_ms": 9.019032380304305,
    "avg_e2e_ms": 2841.1428995528504,
    "p50_ttft_ms": 48.206666484475136,
    "p50_tpot_ms": 9.006768059947598,
    "p50_e2e_ms": 2641.246438026428,
    "p90_ttft_ms": 122.62360230088234,
    "p90_tpot_ms": 9.604224197095327,
    "p90_e2e_ms": 5300.770351290703,
    "p99_ttft_ms": 182.86291874945164,
    "p99_tpot_ms": 10.111381488257196,
    "p99_e2e_ms": 8104.87226914614
  },
  "throughput": {
    "conversations_per_sec": 1.7619500114613547,
    "requests_per_sec": 7.766675650521651,
    "tokens_per_sec": 2399.448192908233
  },
  "success_rate": {
    "turns": 100.0,
    "conversations": 100.0
  },
  "counts": {
    "total_conversations": 500,
    "successful_conversations": 500,
    "total_turns": 2204,
    "turn1_count": 500,
    "turn2plus_count": 1704,
    "successful_turns": 2204
  },
  "slo_attainment": {
    "ttft_100ms": 0.8045774647887324,
    "ttft_200ms": 0.9970657276995305,
    "ttft_500ms": 1.0,
    "tpot_15ms": 1.0,
    "tpot_30ms": 1.0,
    "e2e_5000ms": 0.8697183098591549,
    "e2e_10000ms": 0.9988262910798122
  }
}