{
  "config": "1P_1D_2pD",
  "ppd_enabled": true,
  "qps": 8.0,
  "num_conversations": 500,
  "duration_sec": 157.85986180603504,
  "timestamp": "2026-01-22T02:23:18.113452",
  "turn1": {
    "count": 500,
    "avg_ttft_ms": 30209.475345402956,
    "avg_tpot_ms": 9.842969583145248,
    "avg_e2e_ms": 33136.28684259206,
    "p50_ttft_ms": 32659.907303750515,
    "p50_tpot_ms": 9.898421039319224,
    "p50_e2e_ms": 34391.33785292506,
    "p90_ttft_ms": 57940.20756483078,
    "p90_tpot_ms": 10.407523485322717,
    "p90_e2e_ms": 59691.51956811547,
    "p99_ttft_ms": 66242.50271335244,
    "p99_tpot_ms": 10.784980412531684,
    "p99_e2e_ms": 69417.52376224844
  },
  "turn2plus": {
    "count": 1704,
    "avg_ttft_ms": 69.59457882841778,
    "avg_tpot_ms": 9.88214149353277,
    "avg_e2e_ms": 3142.2274639379634,
    "p50_ttft_ms": 50.5230687558651,
    "p50_tpot_ms": 9.915077631970675,
    "p50_e2e_ms": 2951.5116326510906,
    "p90_ttft_ms": 126.98733173310761,
    "p90_tpot_ms": 10.427867511302884,
    "p90_e2e_ms": 5875.0312987715015,
    "p99_ttft_ms": 180.9322354197502,
    "p99_tpot_ms": 10.764810963778451,
    "p99_e2e_ms": 8670.030599758029
  },
  "all_turns": {
    "count": 2204,
    "avg_ttft_ms": 6907.135587579447,
    "avg_tpot_ms": 9.873250148330861,
    "avg_e2e_ms": 9946.687395574556,
    "p50_ttft_ms": 57.81443044543266,
    "p50_tpot_ms": 9.910909720944492,
    "p50_e2e_ms": 3472.8378895670176,
    "p90_ttft_ms": 35473.638405278325,
    "p90_tpot_ms": 10.424706612402547,
    "p90_e2e_ms": 38710.30052267016,
    "p99_ttft_ms": 63729.96930167073,
    "p99_tpot_ms": 10.780027486383915,
    "p99_e2e_ms": 66144.90066770464
  },
  "throughput": {
    "conversations_per_sec": 3.1673662594127827,
    "requests_per_sec": 13.961750471491547,
    "tokens_per_sec": 4313.363715195959
  },
  "success_rate": {
    "turns": 100.0,
    "conversations": 100.0
  },
  "counts": {
    "total_conversations": 500,
    "successful_conversations": 500,
    "total_turns": 2204,
    "turn1_count": 500,
    "turn2plus_count": 1704,
    "successful_turns": 2204
  },
  "slo_attainment": {
    "ttft_100ms": 0.7552816901408451,
    "ttft_200ms": 0.9976525821596244,
    "ttft_500ms": 1.0,
    "tpot_15ms": 1.0,
    "tpot_30ms": 1.0,
    "e2e_5000ms": 0.8345070422535211,
    "e2e_10000ms": 0.9976525821596244
  }
}