{
  "config": "2P_2pD",
  "num_turns": 4,
  "workload": "small_mid_bal",
  "qps": 4.0,
  "per_turn_metrics": [
    {
      "turn": 1,
      "count": 8,
      "avg_ttft_ms": 100.3418443724513,
      "avg_tpot_ms": 7.778498677786176,
      "avg_e2e_ms": 1088.2111764512956,
      "p50_ttft_ms": 98.73264096677303,
      "p99_ttft_ms": 114.0223915502429,
      "p50_tpot_ms": 7.763575058518432,
      "p99_tpot_ms": 7.88185460566301
    },
    {
      "turn": 2,
      "count": 8,
      "avg_ttft_ms": 30.641425400972366,
      "avg_tpot_ms": 7.738224252706438,
      "avg_e2e_ms": 1013.3959054946899,
      "p50_ttft_ms": 30.00892512500286,
      "p99_ttft_ms": 32.81126208603382,
      "p50_tpot_ms": 7.754529819009811,
      "p99_tpot_ms": 7.822775555642571
    },
    {
      "turn": 3,
      "count": 8,
      "avg_ttft_ms": 32.80442859977484,
      "avg_tpot_ms": 7.756496046295785,
      "avg_e2e_ms": 1017.8794264793396,
      "p50_ttft_ms": 32.599521800875664,
      "p99_ttft_ms": 35.70661000907421,
      "p50_tpot_ms": 7.760950796834127,
      "p99_tpot_ms": 7.816263140714543
    },
    {
      "turn": 4,
      "count": 8,
      "avg_ttft_ms": 32.55750332027674,
      "avg_tpot_ms": 7.79596615333374,
      "avg_e2e_ms": 1022.6452047936618,
      "p50_ttft_ms": 33.0564733594656,
      "p99_ttft_ms": 33.847423791885376,
      "p50_tpot_ms": 7.797792421903197,
      "p99_tpot_ms": 7.838534949508708
    }
  ],
  "summary": {
    "avg_ttft_ms": 49.08630042336881,
    "avg_tpot_ms": 7.767296282530536,
    "avg_e2e_ms": 1035.5329283047467
  },
  "t1_metrics": {
    "avg_ttft_ms": 100.3418443724513,
    "avg_tpot_ms": 7.778498677786176,
    "avg_e2e_ms": 1088.2111764512956
  },
  "t2plus_metrics": {
    "avg_ttft_ms": 32.00111910700798,
    "avg_tpot_ms": 7.763562150778654,
    "avg_e2e_ms": 1017.9735122558972
  },
  "total_conversations": 8,
  "successful_conversations": 8,
  "success_rate": 100.0,
  "duration_sec": 33.15396308898926,
  "timestamp": "2026-01-20T01:07:06.925810",
  "error": null
}