{
  "config": "1P_3D",
  "ppd_enabled": true,
  "qps": 2.0,
  "num_conversations": 500,
  "duration_sec": 284.0179852768779,
  "timestamp": "2026-01-21T22:25:23.858488",
  "turn1": {
    "count": 500,
    "avg_ttft_ms": 97.356041431427,
    "avg_tpot_ms": 8.932962176393561,
    "avg_e2e_ms": 2736.9614274948835,
    "p50_ttft_ms": 92.25794672966003,
    "p50_tpot_ms": 8.989307282966855,
    "p50_e2e_ms": 2551.6281221061945,
    "p90_ttft_ms": 125.87387338280678,
    "p90_tpot_ms": 9.429640968589787,
    "p90_e2e_ms": 5231.63289166987,
    "p99_ttft_ms": 166.32988952100277,
    "p99_tpot_ms": 9.804717201978848,
    "p99_e2e_ms": 7950.408342331648
  },
  "turn2plus": {
    "count": 1704,
    "avg_ttft_ms": 41.48799936536332,
    "avg_tpot_ms": 8.986629179063412,
    "avg_e2e_ms": 2834.9718241012292,
    "p50_ttft_ms": 37.69550286233425,
    "p50_tpot_ms": 9.013606582431507,
    "p50_e2e_ms": 2640.5147910118103,
    "p90_ttft_ms": 48.228027299046516,
    "p90_tpot_ms": 9.44750984988492,
    "p90_e2e_ms": 5279.883792623878,
    "p99_ttft_ms": 142.36162658780816,
    "p99_tpot_ms": 9.859652822314194,
    "p99_e2e_ms": 8074.935001991691
  },
  "all_turns": {
    "count": 2204,
    "avg_ttft_ms": 54.16223758361733,
    "avg_tpot_ms": 8.974447698967884,
    "avg_e2e_ms": 2812.7371606242905,
    "p50_ttft_ms": 41.59865900874138,
    "p50_tpot_ms": 9.007218041406484,
    "p50_e2e_ms": 2632.879288867116,
    "p90_ttft_ms": 95.62351033091545,
    "p90_tpot_ms": 9.444434105169726,
    "p90_e2e_ms": 5266.593507677318,
    "p99_ttft_ms": 159.39376153051853,
    "p99_tpot_ms": 9.858232110758278,
    "p99_e2e_ms": 8003.193189948787
  },
  "throughput": {
    "conversations_per_sec": 1.760451893610082,
    "requests_per_sec": 7.76007194703324,
    "tokens_per_sec": 2397.40803504472
  },
  "success_rate": {
    "turns": 100.0,
    "conversations": 100.0
  },
  "counts": {
    "total_conversations": 500,
    "successful_conversations": 500,
    "total_turns": 2204,
    "turn1_count": 500,
    "turn2plus_count": 1704,
    "successful_turns": 2204
  },
  "slo_attainment": {
    "ttft_100ms": 0.9818075117370892,
    "ttft_200ms": 0.9982394366197183,
    "ttft_500ms": 1.0,
    "tpot_15ms": 1.0,
    "tpot_30ms": 1.0,
    "e2e_5000ms": 0.8785211267605634,
    "e2e_10000ms": 0.9994131455399061
  }
}