{
  "config": "3P_1D",
  "ppd_enabled": false,
  "qps": 2.0,
  "num_conversations": 500,
  "duration_sec": 286.4755408652127,
  "timestamp": "2026-01-21T11:04:08.347325",
  "turn1": {
    "count": 500,
    "avg_ttft_ms": 129.7111261188984,
    "avg_tpot_ms": 11.462524931470488,
    "avg_e2e_ms": 3501.3069897070527,
    "p50_ttft_ms": 121.74231931567192,
    "p50_tpot_ms": 11.545929353179012,
    "p50_e2e_ms": 3285.320185124874,
    "p90_ttft_ms": 170.1037421822548,
    "p90_tpot_ms": 12.542536129282476,
    "p90_e2e_ms": 6633.616714552045,
    "p99_ttft_ms": 234.72654316574304,
    "p99_tpot_ms": 13.523629626776472,
    "p99_e2e_ms": 10292.53824558109
  },
  "turn2plus": {
    "count": 1704,
    "avg_ttft_ms": 145.6370188727835,
    "avg_tpot_ms": 11.521325498461234,
    "avg_e2e_ms": 3720.748996491076,
    "p50_ttft_ms": 137.19402439892292,
    "p50_tpot_ms": 11.58451819555326,
    "p50_e2e_ms": 3465.204058215022,
    "p90_ttft_ms": 187.15112023055553,
    "p90_tpot_ms": 12.685497823325548,
    "p90_e2e_ms": 6886.634892970324,
    "p99_ttft_ms": 266.36682502925396,
    "p99_tpot_ms": 13.193831783838762,
    "p99_e2e_ms": 10528.341837227352
  },
  "all_turns": {
    "count": 2204,
    "avg_ttft_ms": 142.0240667961308,
    "avg_tpot_ms": 11.507978788178011,
    "avg_e2e_ms": 3670.9663270754627,
    "p50_ttft_ms": 133.52270610630512,
    "p50_tpot_ms": 11.573383974426534,
    "p50_e2e_ms": 3397.094041109085,
    "p90_ttft_ms": 184.2542126774788,
    "p90_tpot_ms": 12.65037479342924,
    "p90_e2e_ms": 6851.856506988406,
    "p99_ttft_ms": 266.36682502925385,
    "p99_tpot_ms": 13.327205907553436,
    "p99_e2e_ms": 10366.155352257178
  },
  "throughput": {
    "conversations_per_sec": 1.745349702421021,
    "requests_per_sec": 7.693501488271861,
    "tokens_per_sec": 2376.8416596527804
  },
  "success_rate": {
    "turns": 100.0,
    "conversations": 100.0
  },
  "counts": {
    "total_conversations": 500,
    "successful_conversations": 500,
    "total_turns": 2204,
    "turn1_count": 500,
    "turn2plus_count": 1704,
    "successful_turns": 2204
  },
  "slo_attainment": {
    "ttft_100ms": 0.009976525821596244,
    "ttft_200ms": 0.9295774647887324,
    "ttft_500ms": 1.0,
    "tpot_15ms": 0.9994103773584906,
    "tpot_30ms": 1.0,
    "e2e_5000ms": 0.7353286384976526,
    "e2e_10000ms": 0.9876760563380281
  }
}