{
  "config": "4R",
  "workload": "large_short_gen",
  "qps": 6,
  "turn1": {
    "count": 49,
    "avg_ttft_ms": 89.4339000236015,
    "avg_tpot_ms": 10.79481563644549,
    "avg_e2e_ms": 11132.530296107336,
    "p50_ttft_ms": 80.37343248724937,
    "p50_tpot_ms": 9.761034470062452,
    "p50_e2e_ms": 10049.679193645716,
    "p99_ttft_ms": 205.33272415399523,
    "p99_tpot_ms": 14.377340317966883,
    "p99_e2e_ms": 14838.632468879223
  },
  "turn2": {
    "count": 49,
    "avg_ttft_ms": 77.42569291470002,
    "avg_tpot_ms": 10.220873427121532,
    "avg_e2e_ms": 2683.7484168306905,
    "p50_ttft_ms": 67.20731034874916,
    "p50_tpot_ms": 9.743694522801567,
    "p50_e2e_ms": 2544.563688337803,
    "p99_ttft_ms": 156.09877392649645,
    "p99_tpot_ms": 14.49693550724609,
    "p99_e2e_ms": 3816.0363215208044
  },
  "average": {
    "count": 98,
    "avg_ttft_ms": 83.42979646915076,
    "avg_tpot_ms": 10.507844531783508,
    "avg_e2e_ms": 6908.139356469013,
    "p50_ttft_ms": 73.48702102899551,
    "p50_tpot_ms": 9.752364496432008,
    "p50_e2e_ms": 6388.838594779372,
    "p99_ttft_ms": 169.4501271843911,
    "p99_tpot_ms": 14.409182216326704,
    "p99_e2e_ms": 14814.80592507869
  },
  "throughput": {
    "requests_per_sec": 3.699667937863416,
    "tokens_per_sec": 2367.7874802325864
  },
  "success_rate": 100.0,
  "total_requests": 98,
  "failed_requests": 0,
  "duration_sec": 26.48886376991868,
  "timestamp": "2026-01-18T03:37:34.589295",
  "error": null
}