{
  "config": "4R",
  "workload": "large_small_bal",
  "qps": 1,
  "turn1": {
    "count": 9,
    "avg_ttft_ms": 67.76995336016019,
    "avg_tpot_ms": 8.457684177515677,
    "avg_e2e_ms": 8719.980866958698,
    "p50_ttft_ms": 56.50730058550835,
    "p50_tpot_ms": 7.738109747219179,
    "p50_e2e_ms": 7968.022245913744,
    "p99_ttft_ms": 114.35533985495567,
    "p99_tpot_ms": 10.200098865863048,
    "p99_e2e_ms": 10549.056479632854
  },
  "turn2": {
    "count": 9,
    "avg_ttft_ms": 52.68070639835464,
    "avg_tpot_ms": 8.460147316178317,
    "avg_e2e_ms": 585.6699873175886,
    "p50_ttft_ms": 48.91025647521019,
    "p50_tpot_ms": 7.965981487243894,
    "p50_e2e_ms": 578.314583748579,
    "p99_ttft_ms": 87.67459884285927,
    "p99_tpot_ms": 10.23309278819296,
    "p99_e2e_ms": 691.6192729771137
  },
  "average": {
    "count": 18,
    "avg_ttft_ms": 60.225329879257416,
    "avg_tpot_ms": 8.458915746846998,
    "avg_e2e_ms": 4652.825427138143,
    "p50_ttft_ms": 53.951166570186615,
    "p50_tpot_ms": 7.831347331485147,
    "p50_e2e_ms": 4186.971105635166,
    "p99_ttft_ms": 112.25693374872203,
    "p99_tpot_ms": 10.230970538206517,
    "p99_e2e_ms": 10543.938567005098
  },
  "throughput": {
    "requests_per_sec": 0.9660160784025709,
    "tokens_per_sec": 525.5127466509986
  },
  "success_rate": 100.0,
  "total_requests": 18,
  "failed_requests": 0,
  "duration_sec": 18.633230235427618,
  "timestamp": "2026-01-18T03:58:31.523237",
  "error": null
}