{
  "config": "4R",
  "workload": "large_very_long_gen",
  "qps": 1,
  "turn1": {
    "count": 7,
    "avg_ttft_ms": 75.3778341625418,
    "avg_tpot_ms": 8.368259919304004,
    "avg_e2e_ms": 8636.107731610537,
    "p50_ttft_ms": 66.128458827734,
    "p50_tpot_ms": 7.71017568886921,
    "p50_e2e_ms": 7940.10603800416,
    "p99_ttft_ms": 145.45927397906777,
    "p99_tpot_ms": 10.539674954898546,
    "p99_e2e_ms": 10926.905931085348
  },
  "turn2": {
    "count": 7,
    "avg_ttft_ms": 84.77073375667844,
    "avg_tpot_ms": 8.57711903258769,
    "avg_e2e_ms": 8859.163504093885,
    "p50_ttft_ms": 60.04111096262932,
    "p50_tpot_ms": 7.907295910931053,
    "p50_e2e_ms": 8138.920541852713,
    "p99_ttft_ms": 237.96833977103225,
    "p99_tpot_ms": 10.786764925001654,
    "p99_e2e_ms": 11106.186788529158
  },
  "average": {
    "count": 14,
    "avg_ttft_ms": 80.07428395961013,
    "avg_tpot_ms": 8.472689475945847,
    "avg_e2e_ms": 8747.635617852211,
    "p50_ttft_ms": 65.28336554765701,
    "p50_tpot_ms": 7.82172053229366,
    "p50_e2e_ms": 8047.154845669866,
    "p99_ttft_ms": 235.35945970565072,
    "p99_tpot_ms": 10.78243861679545,
    "p99_e2e_ms": 11102.15935498476
  },
  "throughput": {
    "requests_per_sec": 0.5140552872392334,
    "tokens_per_sec": 526.392614132975
  },
  "success_rate": 100.0,
  "total_requests": 14,
  "failed_requests": 0,
  "duration_sec": 27.23442467674613,
  "timestamp": "2026-01-18T03:49:44.510129",
  "error": null
}