{
  "config": "4R",
  "workload": "large_mid_paste",
  "qps": 0.5,
  "turn1": {
    "count": 5,
    "avg_ttft_ms": 69.98745575547218,
    "avg_tpot_ms": 8.350768279673883,
    "avg_e2e_ms": 8612.823405861855,
    "p50_ttft_ms": 74.91929829120636,
    "p50_tpot_ms": 8.213163019391915,
    "p50_e2e_ms": 8476.985067129135,
    "p99_ttft_ms": 76.99046492576599,
    "p99_tpot_ms": 9.115591207528277,
    "p99_e2e_ms": 9387.555975914001
  },
  "turn2": {
    "count": 5,
    "avg_ttft_ms": 62.24475055932999,
    "avg_tpot_ms": 8.82607912496915,
    "avg_e2e_ms": 618.2877354323864,
    "p50_ttft_ms": 65.54590910673141,
    "p50_tpot_ms": 8.41696909259236,
    "p50_e2e_ms": 594.9087329208851,
    "p99_ttft_ms": 76.1768302321434,
    "p99_tpot_ms": 10.288351589725131,
    "p99_e2e_ms": 701.6361920535564
  },
  "average": {
    "count": 10,
    "avg_ttft_ms": 66.11610315740108,
    "avg_tpot_ms": 8.588423702321517,
    "avg_e2e_ms": 4615.5555706471205,
    "p50_ttft_ms": 69.16841119527817,
    "p50_tpot_ms": 8.309162000105495,
    "p50_e2e_ms": 4519.456133246422,
    "p99_ttft_ms": 76.97512399405241,
    "p99_tpot_ms": 10.24476992020383,
    "p99_e2e_ms": 9340.767364092171
  },
  "throughput": {
    "requests_per_sec": 0.6646957164109623,
    "tokens_per_sec": 361.5944697275635
  },
  "success_rate": 100.0,
  "total_requests": 10,
  "failed_requests": 0,
  "duration_sec": 15.044477876275778,
  "timestamp": "2026-01-18T04:08:44.327766",
  "error": null
}