{
  "config": "4R",
  "workload": "large_very_long_gen",
  "qps": 20,
  "turn1": {
    "count": 200,
    "avg_ttft_ms": 31160.99499695003,
    "avg_tpot_ms": 11.062392498551343,
    "avg_e2e_ms": 42477.822522968054,
    "p50_ttft_ms": 31403.238095343113,
    "p50_tpot_ms": 10.123294820956238,
    "p50_e2e_ms": 42991.810923442245,
    "p99_ttft_ms": 73852.89777703583,
    "p99_tpot_ms": 18.269290485740697,
    "p99_e2e_ms": 84214.421415627
  },
  "turn2": {
    "count": 200,
    "avg_ttft_ms": 90.89176842942834,
    "avg_tpot_ms": 11.451406773081448,
    "avg_e2e_ms": 11805.68089729175,
    "p50_ttft_ms": 72.63258844614029,
    "p50_tpot_ms": 10.580890104611598,
    "p50_e2e_ms": 10901.400046423078,
    "p99_ttft_ms": 254.6912698447702,
    "p99_tpot_ms": 18.032287834166667,
    "p99_e2e_ms": 18697.704310640693
  },
  "average": {
    "count": 400,
    "avg_ttft_ms": 15625.94338268973,
    "avg_tpot_ms": 11.256899635816396,
    "avg_e2e_ms": 27141.7517101299,
    "p50_ttft_ms": 106.5030936151743,
    "p50_tpot_ms": 10.428637508321135,
    "p50_e2e_ms": 13667.293772101402,
    "p99_ttft_ms": 71588.80032140762,
    "p99_tpot_ms": 18.17309240678567,
    "p99_e2e_ms": 83527.58197247982
  },
  "throughput": {
    "requests_per_sec": 3.684331918917908,
    "tokens_per_sec": 3772.7558849719376
  },
  "success_rate": 100.0,
  "total_requests": 400,
  "failed_requests": 0,
  "duration_sec": 108.56785132363439,
  "timestamp": "2026-01-18T03:57:53.560946",
  "error": null
}