{
  "config": "4R",
  "workload": "large_long_gen",
  "qps": 6,
  "turn1": {
    "count": 47,
    "avg_ttft_ms": 85.63135160093611,
    "avg_tpot_ms": 10.363213634337123,
    "avg_e2e_ms": 10687.198899527813,
    "p50_ttft_ms": 73.01456108689308,
    "p50_tpot_ms": 9.73146901495995,
    "p50_e2e_ms": 10024.74569156766,
    "p99_ttft_ms": 186.12932205200192,
    "p99_tpot_ms": 13.285781308309424,
    "p99_e2e_ms": 13746.066017895937
  },
  "turn2": {
    "count": 47,
    "avg_ttft_ms": 84.66962843816331,
    "avg_tpot_ms": 10.169522331531745,
    "avg_e2e_ms": 5281.295539850884,
    "p50_ttft_ms": 71.3314563035965,
    "p50_tpot_ms": 9.895564430555485,
    "p50_e2e_ms": 5140.989162027836,
    "p99_ttft_ms": 284.05371889472,
    "p99_tpot_ms": 13.411274501897118,
    "p99_e2e_ms": 7040.787582397461
  },
  "average": {
    "count": 94,
    "avg_ttft_ms": 85.15049001954972,
    "avg_tpot_ms": 10.266367982934433,
    "avg_e2e_ms": 7984.247219689349,
    "p50_ttft_ms": 72.17300869524479,
    "p50_tpot_ms": 9.788129868337252,
    "p50_e2e_ms": 8088.039061054587,
    "p99_ttft_ms": 257.8990402817722,
    "p99_tpot_ms": 13.331055390471093,
    "p99_e2e_ms": 13739.516883194447
  },
  "throughput": {
    "requests_per_sec": 3.2981095909117393,
    "tokens_per_sec": 2532.9481658202158
  },
  "success_rate": 100.0,
  "total_requests": 94,
  "failed_requests": 0,
  "duration_sec": 28.501175418496132,
  "timestamp": "2026-01-18T03:43:47.318189",
  "error": null
}