{
  "config": "4R",
  "workload": "large_mid_bal",
  "qps": 1,
  "turn1": {
    "count": 10,
    "avg_ttft_ms": 66.4233349263668,
    "avg_tpot_ms": 8.412644243412236,
    "avg_e2e_ms": 8672.558395937085,
    "p50_ttft_ms": 60.1262878626585,
    "p50_tpot_ms": 8.262530781277697,
    "p50_e2e_ms": 8511.008745059371,
    "p99_ttft_ms": 93.80480922758579,
    "p99_tpot_ms": 9.335726833813993,
    "p99_e2e_ms": 9644.2533602193
  },
  "turn2": {
    "count": 10,
    "avg_ttft_ms": 65.64686112105846,
    "avg_tpot_ms": 8.237581166226095,
    "avg_e2e_ms": 1111.8196692317724,
    "p50_ttft_ms": 62.95611523091793,
    "p50_tpot_ms": 8.255309755290586,
    "p50_e2e_ms": 1111.3804541528225,
    "p99_ttft_ms": 95.67379482090473,
    "p99_tpot_ms": 8.698826576253092,
    "p99_e2e_ms": 1182.4923019483685
  },
  "average": {
    "count": 20,
    "avg_ttft_ms": 66.03509802371264,
    "avg_tpot_ms": 8.325112704819166,
    "avg_e2e_ms": 4892.189032584429,
    "p50_ttft_ms": 62.03564256429672,
    "p50_tpot_ms": 8.262530781277697,
    "p50_e2e_ms": 4792.541490867734,
    "p99_ttft_ms": 96.76717329770327,
    "p99_tpot_ms": 9.286807483628406,
    "p99_e2e_ms": 9592.491500936449
  },
  "throughput": {
    "requests_per_sec": 1.2736095125419045,
    "tokens_per_sec": 733.599079224137
  },
  "success_rate": 100.0,
  "total_requests": 20,
  "failed_requests": 0,
  "duration_sec": 15.703400298953056,
  "timestamp": "2026-01-18T04:03:44.915379",
  "error": null
}