{
  "config": "4R",
  "workload": "large_big_paste",
  "qps": 4,
  "turn1": {
    "count": 36,
    "avg_ttft_ms": 81.05327489061489,
    "avg_tpot_ms": 9.906201644521317,
    "avg_e2e_ms": 10215.097557235924,
    "p50_ttft_ms": 66.25722721219063,
    "p50_tpot_ms": 9.12307068625445,
    "p50_e2e_ms": 9395.551508292556,
    "p99_ttft_ms": 167.80226808041328,
    "p99_tpot_ms": 12.394399247619297,
    "p99_e2e_ms": 12790.668942034245
  },
  "turn2": {
    "count": 36,
    "avg_ttft_ms": 95.70166872193415,
    "avg_tpot_ms": 9.54366777407587,
    "avg_e2e_ms": 696.9527384887139,
    "p50_ttft_ms": 82.53820613026619,
    "p50_tpot_ms": 9.022114354939688,
    "p50_e2e_ms": 656.3585195690393,
    "p99_ttft_ms": 256.8127462640403,
    "p99_tpot_ms": 14.204244803459869,
    "p99_e2e_ms": 1022.2471173852682
  },
  "average": {
    "count": 72,
    "avg_ttft_ms": 88.37747180627451,
    "avg_tpot_ms": 9.724934709298594,
    "avg_e2e_ms": 5456.025147862319,
    "p50_ttft_ms": 74.88256134092808,
    "p50_tpot_ms": 9.105150827287694,
    "p50_e2e_ms": 4765.693737193942,
    "p99_ttft_ms": 214.71418697387054,
    "p99_tpot_ms": 13.62866486644462,
    "p99_e2e_ms": 12739.605341851711
  },
  "throughput": {
    "requests_per_sec": 3.1906887744982058,
    "tokens_per_sec": 1735.734693327024
  },
  "success_rate": 100.0,
  "total_requests": 72,
  "failed_requests": 0,
  "duration_sec": 22.56566061079502,
  "timestamp": "2026-01-18T04:14:50.460372",
  "error": null
}