{
  "config": "4R",
  "workload": "large_mid_paste",
  "qps": 2,
  "turn1": {
    "count": 20,
    "avg_ttft_ms": 67.36342515796423,
    "avg_tpot_ms": 8.506733646119269,
    "avg_e2e_ms": 8769.751945137978,
    "p50_ttft_ms": 59.10966172814369,
    "p50_tpot_ms": 8.340567882051683,
    "p50_e2e_ms": 8595.622200518847,
    "p99_ttft_ms": 108.16031888127327,
    "p99_tpot_ms": 10.279490295160318,
    "p99_e2e_ms": 10613.982492052019
  },
  "turn2": {
    "count": 20,
    "avg_ttft_ms": 80.82918394356966,
    "avg_tpot_ms": 8.40727612967529,
    "avg_e2e_ms": 610.4875801131129,
    "p50_ttft_ms": 62.38535791635513,
    "p50_tpot_ms": 8.302613915432067,
    "p50_e2e_ms": 593.9889028668404,
    "p99_ttft_ms": 235.88683716952784,
    "p99_tpot_ms": 10.233625615873033,
    "p99_e2e_ms": 820.9005490690467
  },
  "average": {
    "count": 40,
    "avg_ttft_ms": 74.09630455076694,
    "avg_tpot_ms": 8.45700488789728,
    "avg_e2e_ms": 4690.119762625545,
    "p50_ttft_ms": 60.78787334263325,
    "p50_tpot_ms": 8.340567882051683,
    "p50_e2e_ms": 4496.152279898524,
    "p99_ttft_ms": 208.37365351617328,
    "p99_tpot_ms": 10.392392326682364,
    "p99_e2e_ms": 10556.779033057392
  },
  "throughput": {
    "requests_per_sec": 2.2433640845159313,
    "tokens_per_sec": 1220.3900619766666
  },
  "success_rate": 100.0,
  "total_requests": 40,
  "failed_requests": 0,
  "duration_sec": 17.830364797264338,
  "timestamp": "2026-01-18T04:09:16.163129",
  "error": null
}