{
  "config": "4R",
  "workload": "large_short_gen",
  "qps": 4,
  "turn1": {
    "count": 40,
    "avg_ttft_ms": 70.68642592057586,
    "avg_tpot_ms": 9.902873906040181,
    "avg_e2e_ms": 10201.32643179968,
    "p50_ttft_ms": 65.29946625232697,
    "p50_tpot_ms": 9.60827362473293,
    "p50_e2e_ms": 9888.319781050086,
    "p99_ttft_ms": 118.91871355473995,
    "p99_tpot_ms": 12.094127338740133,
    "p99_e2e_ms": 12471.644960194826
  },
  "turn2": {
    "count": 40,
    "avg_ttft_ms": 84.39981453120708,
    "avg_tpot_ms": 10.268473564190609,
    "avg_e2e_ms": 2702.860573399812,
    "p50_ttft_ms": 71.75769470632076,
    "p50_tpot_ms": 9.491033508789306,
    "p50_e2e_ms": 2492.0813981443644,
    "p99_ttft_ms": 249.30715650320053,
    "p99_tpot_ms": 15.762751685345874,
    "p99_e2e_ms": 4148.422450833023
  },
  "average": {
    "count": 80,
    "avg_ttft_ms": 77.54312022589147,
    "avg_tpot_ms": 10.085673735115396,
    "avg_e2e_ms": 6452.093502599746,
    "p50_ttft_ms": 68.18951852619648,
    "p50_tpot_ms": 9.589655921771392,
    "p50_e2e_ms": 6563.951259478927,
    "p99_ttft_ms": 241.13881081342686,
    "p99_tpot_ms": 15.465331929279303,
    "p99_e2e_ms": 12189.081488400694
  },
  "throughput": {
    "requests_per_sec": 3.5653490395961436,
    "tokens_per_sec": 2281.823385341532
  },
  "success_rate": 100.0,
  "total_requests": 80,
  "failed_requests": 0,
  "duration_sec": 22.43819584324956,
  "timestamp": "2026-01-18T03:37:08.066305",
  "error": null
}