{
  "config": "4R",
  "workload": "large_short_gen",
  "qps": 1,
  "turn1": {
    "count": 10,
    "avg_ttft_ms": 70.35993002355099,
    "avg_tpot_ms": 8.383493318075892,
    "avg_e2e_ms": 8646.673594415188,
    "p50_ttft_ms": 65.50107337534428,
    "p50_tpot_ms": 7.790727142102558,
    "p50_e2e_ms": 8033.115901052952,
    "p99_ttft_ms": 96.82798597961664,
    "p99_tpot_ms": 10.355356951387106,
    "p99_e2e_ms": 10690.358147248626
  },
  "turn2": {
    "count": 10,
    "avg_ttft_ms": 86.9866855442524,
    "avg_tpot_ms": 8.785634224905689,
    "avg_e2e_ms": 2327.3234128952026,
    "p50_ttft_ms": 70.41711360216141,
    "p50_tpot_ms": 7.951334798160721,
    "p50_e2e_ms": 2081.328734755516,
    "p99_ttft_ms": 197.27833282202482,
    "p99_tpot_ms": 10.53429999129445,
    "p99_e2e_ms": 2800.782245248556
  },
  "average": {
    "count": 20,
    "avg_ttft_ms": 78.67330778390169,
    "avg_tpot_ms": 8.584563771490789,
    "avg_e2e_ms": 5486.998503655195,
    "p50_ttft_ms": 65.50107337534428,
    "p50_tpot_ms": 7.866327895545492,
    "p50_e2e_ms": 5290.565578266978,
    "p99_ttft_ms": 191.24211344867936,
    "p99_tpot_ms": 10.53328455005662,
    "p99_e2e_ms": 10632.724379971623
  },
  "throughput": {
    "requests_per_sec": 0.9420454396638348,
    "tokens_per_sec": 602.9090813848543
  },
  "success_rate": 100.0,
  "total_requests": 20,
  "failed_requests": 0,
  "duration_sec": 21.230398405343294,
  "timestamp": "2026-01-18T03:36:23.914224",
  "error": null
}