{
  "config": "4R",
  "workload": "large_long_gen",
  "qps": 4,
  "turn1": {
    "count": 40,
    "avg_ttft_ms": 82.81353386119008,
    "avg_tpot_ms": 10.213937559406311,
    "avg_e2e_ms": 10531.671657133847,
    "p50_ttft_ms": 67.54751689732075,
    "p50_tpot_ms": 9.74605605006218,
    "p50_e2e_ms": 10046.2811216712,
    "p99_ttft_ms": 203.73439829796547,
    "p99_tpot_ms": 13.668776389688457,
    "p99_e2e_ms": 14109.66571688652
  },
  "turn2": {
    "count": 40,
    "avg_ttft_ms": 85.0000680424273,
    "avg_tpot_ms": 10.336283539146653,
    "avg_e2e_ms": 5366.840956546366,
    "p50_ttft_ms": 69.13088820874691,
    "p50_tpot_ms": 9.684013640198224,
    "p50_e2e_ms": 5029.092339798808,
    "p99_ttft_ms": 253.46023831516504,
    "p99_tpot_ms": 14.245440959784617,
    "p99_e2e_ms": 7493.052222132683
  },
  "average": {
    "count": 80,
    "avg_ttft_ms": 83.90680095180869,
    "avg_tpot_ms": 10.275110549276482,
    "avg_e2e_ms": 7949.256306840107,
    "p50_ttft_ms": 68.7855314463377,
    "p50_tpot_ms": 9.738401636364756,
    "p50_e2e_ms": 8094.813134521246,
    "p99_ttft_ms": 252.88212541490793,
    "p99_tpot_ms": 14.213382578263543,
    "p99_e2e_ms": 14076.35439157486
  },
  "throughput": {
    "requests_per_sec": 2.7257052053988167,
    "tokens_per_sec": 2093.3415977462914
  },
  "success_rate": 100.0,
  "total_requests": 80,
  "failed_requests": 0,
  "duration_sec": 29.350202597677708,
  "timestamp": "2026-01-18T03:43:18.778880",
  "error": null
}