{
  "config": "4R",
  "workload": "large_huge_paste",
  "qps": 20,
  "turn1": {
    "count": 200,
    "avg_ttft_ms": 15419.048226829618,
    "avg_tpot_ms": 12.340662569091641,
    "avg_e2e_ms": 28043.546035010368,
    "p50_ttft_ms": 14592.492980882525,
    "p50_tpot_ms": 10.309163096815144,
    "p50_e2e_ms": 27749.786527827382,
    "p99_ttft_ms": 36639.366426840425,
    "p99_tpot_ms": 21.137566527211536,
    "p99_e2e_ms": 54157.84318290651
  },
  "turn2": {
    "count": 200,
    "avg_ttft_ms": 174.26571944728494,
    "avg_tpot_ms": 13.968032978835605,
    "avg_e2e_ms": 607.2747417911887,
    "p50_ttft_ms": 121.70845456421375,
    "p50_tpot_ms": 11.128476971099452,
    "p50_e2e_ms": 475.77968426048756,
    "p99_ttft_ms": 921.8371522426605,
    "p99_tpot_ms": 42.11849749809308,
    "p99_e2e_ms": 1600.7562311738723
  },
  "average": {
    "count": 400,
    "avg_ttft_ms": 7796.656973138452,
    "avg_tpot_ms": 13.154347773963623,
    "avg_e2e_ms": 14325.410388400778,
    "p50_ttft_ms": 216.92798286676407,
    "p50_tpot_ms": 10.698983962861558,
    "p50_e2e_ms": 5533.639604225755,
    "p99_ttft_ms": 36577.37119022757,
    "p99_tpot_ms": 32.63639376288454,
    "p99_e2e_ms": 53493.472803644836
  },
  "throughput": {
    "requests_per_sec": 6.225381111362902,
    "tokens_per_sec": 3287.0012267996117
  },
  "success_rate": 100.0,
  "total_requests": 400,
  "failed_requests": 0,
  "duration_sec": 64.25309436395764,
  "timestamp": "2026-01-18T04:24:20.165327",
  "error": null
}