{
  "config": "4R",
  "workload": "large_long_gen",
  "qps": 1,
  "turn1": {
    "count": 10,
    "avg_ttft_ms": 79.19444032013416,
    "avg_tpot_ms": 9.159806970131829,
    "avg_e2e_ms": 9449.676970764995,
    "p50_ttft_ms": 78.67016270756721,
    "p50_tpot_ms": 8.51627714742605,
    "p50_e2e_ms": 8791.594684123993,
    "p99_ttft_ms": 129.62859604507685,
    "p99_tpot_ms": 10.983439049595205,
    "p99_e2e_ms": 11341.675222814083
  },
  "turn2": {
    "count": 10,
    "avg_ttft_ms": 72.62992188334465,
    "avg_tpot_ms": 9.302093940121788,
    "avg_e2e_ms": 4825.999925285578,
    "p50_ttft_ms": 65.11259824037552,
    "p50_tpot_ms": 8.604709015258837,
    "p50_e2e_ms": 4462.081674486399,
    "p99_ttft_ms": 142.13703967630863,
    "p99_tpot_ms": 11.392345950736457,
    "p99_e2e_ms": 5873.152874819934
  },
  "average": {
    "count": 20,
    "avg_ttft_ms": 75.9121811017394,
    "avg_tpot_ms": 9.230950455126807,
    "avg_e2e_ms": 7137.838448025286,
    "p50_ttft_ms": 70.20063139498234,
    "p50_tpot_ms": 8.568861801710131,
    "p50_e2e_ms": 6956.065230071545,
    "p99_ttft_ms": 142.30412140488622,
    "p99_tpot_ms": 11.37116083864363,
    "p99_e2e_ms": 11329.979948103428
  },
  "throughput": {
    "requests_per_sec": 0.7529141228176915,
    "tokens_per_sec": 578.2380463239871
  },
  "success_rate": 100.0,
  "total_requests": 20,
  "failed_requests": 0,
  "duration_sec": 26.563454441726208,
  "timestamp": "2026-01-18T03:42:22.184859",
  "error": null
}