{
  "config": "4R",
  "workload": "large_tiny",
  "qps": 16,
  "turn1": {
    "count": 160,
    "avg_ttft_ms": 10455.143635557033,
    "avg_tpot_ms": 11.00153717390359,
    "avg_e2e_ms": 21709.716164460406,
    "p50_ttft_ms": 8880.74248842895,
    "p50_tpot_ms": 9.975641408711235,
    "p50_e2e_ms": 22322.718294337392,
    "p99_ttft_ms": 24545.08769840002,
    "p99_tpot_ms": 17.069074647867083,
    "p99_e2e_ms": 36914.19067312032
  },
  "turn2": {
    "count": 160,
    "avg_ttft_ms": 93.973140232265,
    "avg_tpot_ms": 11.994175377091574,
    "avg_e2e_ms": 465.79257692210376,
    "p50_ttft_ms": 68.73364001512527,
    "p50_tpot_ms": 10.393623022302505,
    "p50_e2e_ms": 395.2541183680296,
    "p99_ttft_ms": 447.42823682725424,
    "p99_tpot_ms": 32.440861268870265,
    "p99_e2e_ms": 1248.664708323776
  },
  "average": {
    "count": 320,
    "avg_ttft_ms": 5274.558387894649,
    "avg_tpot_ms": 11.497856275497583,
    "avg_e2e_ms": 11087.754370691255,
    "p50_ttft_ms": 92.98246912658215,
    "p50_tpot_ms": 10.078662533025355,
    "p50_e2e_ms": 5369.920386001468,
    "p99_ttft_ms": 24430.46141885221,
    "p99_tpot_ms": 28.80558862681351,
    "p99_e2e_ms": 36820.76058708131
  },
  "throughput": {
    "requests_per_sec": 7.10697848536959,
    "tokens_per_sec": 3752.4846402751436
  },
  "success_rate": 100.0,
  "total_requests": 320,
  "failed_requests": 0,
  "duration_sec": 45.02616697922349,
  "timestamp": "2026-01-18T03:34:40.669318",
  "error": null
}