{
  "config": "4R",
  "workload": "large_big_paste",
  "qps": 10,
  "turn1": {
    "count": 100,
    "avg_ttft_ms": 3853.816948272288,
    "avg_tpot_ms": 10.881988250250807,
    "avg_e2e_ms": 14986.090928278863,
    "p50_ttft_ms": 3513.4304109960794,
    "p50_tpot_ms": 10.2609451659905,
    "p50_e2e_ms": 15630.13618439436,
    "p99_ttft_ms": 9977.882498204708,
    "p99_tpot_ms": 14.9142924264321,
    "p99_e2e_ms": 23561.660933420062
  },
  "turn2": {
    "count": 100,
    "avg_ttft_ms": 116.367356069386,
    "avg_tpot_ms": 11.392301177931213,
    "avg_e2e_ms": 834.0823302790523,
    "p50_ttft_ms": 93.68710778653622,
    "p50_tpot_ms": 10.841822133414329,
    "p50_e2e_ms": 785.413071513176,
    "p99_ttft_ms": 488.5392798110843,
    "p99_tpot_ms": 22.605151111880943,
    "p99_e2e_ms": 1669.9366999417543
  },
  "average": {
    "count": 200,
    "avg_ttft_ms": 1985.092152170837,
    "avg_tpot_ms": 11.13714471409101,
    "avg_e2e_ms": 7910.086629278958,
    "p50_ttft_ms": 100.71350261569023,
    "p50_tpot_ms": 10.34434602333545,
    "p50_e2e_ms": 5664.181983098388,
    "p99_ttft_ms": 9888.08969207108,
    "p99_tpot_ms": 20.841175738189886,
    "p99_e2e_ms": 23458.8925486058
  },
  "throughput": {
    "requests_per_sec": 5.880603514231803,
    "tokens_per_sec": 3199.0483117421004
  },
  "success_rate": 100.0,
  "total_requests": 200,
  "failed_requests": 0,
  "duration_sec": 34.01011469587684,
  "timestamp": "2026-01-18T04:16:22.482536",
  "error": null
}