{
  "config": "4R",
  "workload": "large_mid_paste",
  "qps": 1,
  "turn1": {
    "count": 10,
    "avg_ttft_ms": 66.2217278033495,
    "avg_tpot_ms": 8.5872830085653,
    "avg_e2e_ms": 8851.012245565653,
    "p50_ttft_ms": 64.97987732291222,
    "p50_tpot_ms": 7.83546508188821,
    "p50_e2e_ms": 8081.835558637977,
    "p99_ttft_ms": 77.4352116510272,
    "p99_tpot_ms": 10.486000319460329,
    "p99_e2e_ms": 10804.457935467362
  },
  "turn2": {
    "count": 10,
    "avg_ttft_ms": 71.65454179048538,
    "avg_tpot_ms": 8.211175186766518,
    "avg_e2e_ms": 588.958578556776,
    "p50_ttft_ms": 60.73492765426636,
    "p50_tpot_ms": 7.870622245328767,
    "p50_e2e_ms": 546.8444023281336,
    "p99_ttft_ms": 121.9276037439704,
    "p99_tpot_ms": 11.081513822788285,
    "p99_e2e_ms": 820.0629745796323
  },
  "average": {
    "count": 20,
    "avg_ttft_ms": 68.93813479691744,
    "avg_tpot_ms": 8.39922909766591,
    "avg_e2e_ms": 4719.985412061214,
    "p50_ttft_ms": 60.73492765426636,
    "p50_tpot_ms": 7.83546508188821,
    "p50_e2e_ms": 4406.737927347422,
    "p99_ttft_ms": 120.39714235812424,
    "p99_tpot_ms": 11.14955865086007,
    "p99_e2e_ms": 10795.69362603128
  },
  "throughput": {
    "requests_per_sec": 1.4352962127555464,
    "tokens_per_sec": 780.8011397390173
  },
  "success_rate": 100.0,
  "total_requests": 20,
  "failed_requests": 0,
  "duration_sec": 13.934405889362097,
  "timestamp": "2026-01-18T04:08:58.299528",
  "error": null
}