{
  "config": "4R",
  "workload": "large_huge_paste",
  "qps": 2,
  "turn1": {
    "count": 20,
    "avg_ttft_ms": 73.97684250026941,
    "avg_tpot_ms": 9.173251928821687,
    "avg_e2e_ms": 9458.213565684855,
    "p50_ttft_ms": 62.78246454894543,
    "p50_tpot_ms": 8.734438679420471,
    "p50_e2e_ms": 9004.698676988482,
    "p99_ttft_ms": 118.75813443213701,
    "p99_tpot_ms": 11.065792197021105,
    "p99_e2e_ms": 11420.397650785744
  },
  "turn2": {
    "count": 20,
    "avg_ttft_ms": 147.57687393575907,
    "avg_tpot_ms": 9.37403271635694,
    "avg_e2e_ms": 438.1718881428242,
    "p50_ttft_ms": 99.64008256793022,
    "p50_tpot_ms": 9.073312364278301,
    "p50_e2e_ms": 370.3592699021101,
    "p99_ttft_ms": 472.7589106559753,
    "p99_tpot_ms": 12.238745255576024,
    "p99_e2e_ms": 830.216716080904
  },
  "average": {
    "count": 40,
    "avg_ttft_ms": 110.77685821801424,
    "avg_tpot_ms": 9.273642322589314,
    "avg_e2e_ms": 4948.19272691384,
    "p50_ttft_ms": 82.26697891950607,
    "p50_tpot_ms": 8.734438679420471,
    "p50_e2e_ms": 4332.18982629478,
    "p99_ttft_ms": 466.48589730262756,
    "p99_tpot_ms": 12.120270280828398,
    "p99_e2e_ms": 11404.062335528433
  },
  "throughput": {
    "requests_per_sec": 1.923375296989611,
    "tokens_per_sec": 1015.5421568105146
  },
  "success_rate": 100.0,
  "total_requests": 40,
  "failed_requests": 0,
  "duration_sec": 20.79677328839898,
  "timestamp": "2026-01-18T04:19:56.233195",
  "error": null
}