{
  "config": "4R",
  "workload": "large_short_gen",
  "qps": 8,
  "turn1": {
    "count": 71,
    "avg_ttft_ms": 1902.2367316967166,
    "avg_tpot_ms": 11.11341243374599,
    "avg_e2e_ms": 13271.257651418868,
    "p50_ttft_ms": 91.68852120637894,
    "p50_tpot_ms": 9.705115528458608,
    "p50_e2e_ms": 10874.145671725273,
    "p99_ttft_ms": 7849.28039945662,
    "p99_tpot_ms": 15.734516862754365,
    "p99_e2e_ms": 21935.39753034711
  },
  "turn2": {
    "count": 71,
    "avg_ttft_ms": 96.2428463701631,
    "avg_tpot_ms": 11.245516585780255,
    "avg_e2e_ms": 2963.8495757441287,
    "p50_ttft_ms": 72.9389637708664,
    "p50_tpot_ms": 9.987566167233037,
    "p50_e2e_ms": 2619.4597892463207,
    "p99_ttft_ms": 309.59098264574976,
    "p99_tpot_ms": 20.49324063255506,
    "p99_e2e_ms": 5340.59441499412
  },
  "average": {
    "count": 142,
    "avg_ttft_ms": 999.2397890334398,
    "avg_tpot_ms": 11.179464509763122,
    "avg_e2e_ms": 8117.553613581498,
    "p50_ttft_ms": 77.16229930520058,
    "p50_tpot_ms": 9.951588014761606,
    "p50_e2e_ms": 7407.69344009459,
    "p99_ttft_ms": 7740.275148898364,
    "p99_tpot_ms": 20.104251043907567,
    "p99_e2e_ms": 21850.14215774834
  },
  "throughput": {
    "requests_per_sec": 4.119738837233603,
    "tokens_per_sec": 2636.6328558295063
  },
  "success_rate": 100.0,
  "total_requests": 142,
  "failed_requests": 0,
  "duration_sec": 34.46820432320237,
  "timestamp": "2026-01-18T03:38:09.101976",
  "error": null
}