{
  "config": "4R",
  "workload": "large_small_bal",
  "qps": 6,
  "turn1": {
    "count": 60,
    "avg_ttft_ms": 564.201821697255,
    "avg_tpot_ms": 9.823916015528088,
    "avg_e2e_ms": 10614.067905582488,
    "p50_ttft_ms": 85.9959963709116,
    "p50_tpot_ms": 9.432223997828082,
    "p50_e2e_ms": 10131.175115704536,
    "p99_ttft_ms": 3391.927827782928,
    "p99_tpot_ms": 12.52490577973491,
    "p99_e2e_ms": 15733.796067275107
  },
  "turn2": {
    "count": 60,
    "avg_ttft_ms": 84.46573447436094,
    "avg_tpot_ms": 9.811813952943316,
    "avg_e2e_ms": 702.6100135097901,
    "p50_ttft_ms": 72.15690985321999,
    "p50_tpot_ms": 9.400183127986061,
    "p50_e2e_ms": 659.8716378211975,
    "p99_ttft_ms": 287.58652124553896,
    "p99_tpot_ms": 15.194390237567914,
    "p99_e2e_ms": 1086.9702399522066
  },
  "average": {
    "count": 120,
    "avg_ttft_ms": 324.333778085808,
    "avg_tpot_ms": 9.817864984235705,
    "avg_e2e_ms": 5658.3389595461385,
    "p50_ttft_ms": 79.71277087926865,
    "p50_tpot_ms": 9.419584535667502,
    "p50_e2e_ms": 4984.452798962593,
    "p99_ttft_ms": 3301.9833489507437,
    "p99_tpot_ms": 14.655761115016448,
    "p99_e2e_ms": 15585.689132921398
  },
  "throughput": {
    "requests_per_sec": 4.92871619947027,
    "tokens_per_sec": 2681.221612511827
  },
  "success_rate": 100.0,
  "total_requests": 120,
  "failed_requests": 0,
  "duration_sec": 24.34711091965437,
  "timestamp": "2026-01-18T03:59:38.223713",
  "error": null
}