{
  "config": "4R",
  "workload": "large_tiny",
  "qps": 6,
  "turn1": {
    "count": 57,
    "avg_ttft_ms": 313.91301411285735,
    "avg_tpot_ms": 11.484096021375496,
    "avg_e2e_ms": 12062.14324397999,
    "p50_ttft_ms": 82.04702287912369,
    "p50_tpot_ms": 9.55469962045594,
    "p50_e2e_ms": 9921.880815178156,
    "p99_ttft_ms": 2220.0434468686576,
    "p99_tpot_ms": 15.773601205409564,
    "p99_e2e_ms": 16935.485277324915
  },
  "turn2": {
    "count": 56,
    "avg_ttft_ms": 81.88488939777017,
    "avg_tpot_ms": 11.038775695273268,
    "avg_e2e_ms": 424.0869359512414,
    "p50_ttft_ms": 66.57637841999531,
    "p50_tpot_ms": 9.723240209202611,
    "p50_e2e_ms": 368.4523180127144,
    "p99_ttft_ms": 215.37690591067079,
    "p99_tpot_ms": 19.66016115320306,
    "p99_e2e_ms": 702.5056021288038
  },
  "average": {
    "count": 113,
    "avg_ttft_ms": 198.9256248735221,
    "avg_tpot_ms": 11.263406302245185,
    "avg_e2e_ms": 6294.610914337424,
    "p50_ttft_ms": 75.5971185863018,
    "p50_tpot_ms": 9.639536836280152,
    "p50_e2e_ms": 9117.761839181185,
    "p99_ttft_ms": 2112.5566852092734,
    "p99_tpot_ms": 19.41344511124395,
    "p99_e2e_ms": 16907.641558498144
  },
  "throughput": {
    "requests_per_sec": 4.218399350097069,
    "tokens_per_sec": 2245.8310168304397
  },
  "success_rate": 99.12280701754386,
  "total_requests": 114,
  "failed_requests": 1,
  "duration_sec": 26.78741167485714,
  "timestamp": "2026-01-18T03:32:16.227113",
  "error": "Server disconnected"
}