{
  "config": "4R",
  "workload": "large_tiny",
  "qps": 20,
  "turn1": {
    "count": 200,
    "avg_ttft_ms": 14884.866664391011,
    "avg_tpot_ms": 11.550860921738492,
    "avg_e2e_ms": 26701.39738732949,
    "p50_ttft_ms": 14408.36182422936,
    "p50_tpot_ms": 9.832955560012415,
    "p50_e2e_ms": 26795.40832526982,
    "p99_ttft_ms": 34502.25622732192,
    "p99_tpot_ms": 19.13835928018841,
    "p99_e2e_ms": 48509.617248773575
  },
  "turn2": {
    "count": 200,
    "avg_ttft_ms": 116.19888734072447,
    "avg_tpot_ms": 15.00713208389859,
    "avg_e2e_ms": 581.4199819415808,
    "p50_ttft_ms": 70.17127238214016,
    "p50_tpot_ms": 10.612673516715727,
    "p50_e2e_ms": 403.2987393438816,
    "p99_ttft_ms": 583.4596332907655,
    "p99_tpot_ms": 62.883339959286715,
    "p99_e2e_ms": 2417.0762726664516
  },
  "average": {
    "count": 400,
    "avg_ttft_ms": 7500.532775865868,
    "avg_tpot_ms": 13.27899650281854,
    "avg_e2e_ms": 13641.408684635535,
    "p50_ttft_ms": 107.26701281964779,
    "p50_tpot_ms": 10.018716288597586,
    "p50_e2e_ms": 6525.0783413648605,
    "p99_ttft_ms": 34454.815840795636,
    "p99_tpot_ms": 52.470775031514705,
    "p99_e2e_ms": 48462.4264286831
  },
  "throughput": {
    "requests_per_sec": 6.849747311146401,
    "tokens_per_sec": 3616.6665802852995
  },
  "success_rate": 100.0,
  "total_requests": 400,
  "failed_requests": 0,
  "duration_sec": 58.39631475880742,
  "timestamp": "2026-01-18T03:35:39.107967",
  "error": null
}