{
  "config": "4R",
  "workload": "large_mid_paste",
  "qps": 6,
  "turn1": {
    "count": 60,
    "avg_ttft_ms": 529.1375051562985,
    "avg_tpot_ms": 10.50325907061575,
    "avg_e2e_ms": 11273.97153439621,
    "p50_ttft_ms": 75.08669793605804,
    "p50_tpot_ms": 10.01488462359966,
    "p50_e2e_ms": 10396.305721253157,
    "p99_ttft_ms": 3074.8591194301844,
    "p99_tpot_ms": 13.793335936723217,
    "p99_e2e_ms": 16242.729431167245
  },
  "turn2": {
    "count": 60,
    "avg_ttft_ms": 78.4054650614659,
    "avg_tpot_ms": 10.331308893938228,
    "avg_e2e_ms": 729.2779253795743,
    "p50_ttft_ms": 69.79997642338276,
    "p50_tpot_ms": 9.945110255290592,
    "p50_e2e_ms": 698.722830042243,
    "p99_ttft_ms": 175.22659476846445,
    "p99_tpot_ms": 15.749869962769838,
    "p99_e2e_ms": 1141.309708282351
  },
  "average": {
    "count": 120,
    "avg_ttft_ms": 303.7714851088822,
    "avg_tpot_ms": 10.41728398227699,
    "avg_e2e_ms": 6001.6247298878925,
    "p50_ttft_ms": 72.23659195005894,
    "p50_tpot_ms": 10.010884774394754,
    "p50_e2e_ms": 5068.533411249518,
    "p99_ttft_ms": 3059.244551770389,
    "p99_tpot_ms": 15.144437722980031,
    "p99_e2e_ms": 16167.960284091532
  },
  "throughput": {
    "requests_per_sec": 4.474032750775791,
    "tokens_per_sec": 2433.8738164220304
  },
  "success_rate": 100.0,
  "total_requests": 120,
  "failed_requests": 0,
  "duration_sec": 26.821439780294895,
  "timestamp": "2026-01-18T04:10:03.335381",
  "error": null
}