{
  "config": "4R",
  "workload": "large_big_paste",
  "qps": 20,
  "turn1": {
    "count": 196,
    "avg_ttft_ms": 14757.556479519271,
    "avg_tpot_ms": 12.210569420821722,
    "avg_e2e_ms": 27248.968997019896,
    "p50_ttft_ms": 13750.402331352234,
    "p50_tpot_ms": 9.95305266854001,
    "p50_e2e_ms": 26951.06835477054,
    "p99_ttft_ms": 34911.18465997279,
    "p99_tpot_ms": 20.771190351310423,
    "p99_e2e_ms": 53906.26349616796
  },
  "turn2": {
    "count": 196,
    "avg_ttft_ms": 129.53660390054694,
    "avg_tpot_ms": 13.875568550771536,
    "avg_e2e_ms": 1003.6974225991538,
    "p50_ttft_ms": 100.72868689894676,
    "p50_tpot_ms": 11.26213584627424,
    "p50_e2e_ms": 807.9990316182375,
    "p99_ttft_ms": 417.7811075001955,
    "p99_tpot_ms": 38.26003939149874,
    "p99_e2e_ms": 2589.0463478863244
  },
  "average": {
    "count": 392,
    "avg_ttft_ms": 7443.546541709909,
    "avg_tpot_ms": 13.04306898579663,
    "avg_e2e_ms": 14126.333209809523,
    "p50_ttft_ms": 147.5806925445795,
    "p50_tpot_ms": 10.189297320439552,
    "p50_e2e_ms": 6262.408083304763,
    "p99_ttft_ms": 34762.930159531534,
    "p99_tpot_ms": 35.97626832092092,
    "p99_e2e_ms": 53857.51200128347
  },
  "throughput": {
    "requests_per_sec": 6.040774910741266,
    "tokens_per_sec": 3286.1815514432487
  },
  "success_rate": 100.0,
  "total_requests": 392,
  "failed_requests": 0,
  "duration_sec": 64.89233679324389,
  "timestamp": "2026-01-18T04:18:55.418462",
  "error": null
}