{
  "config": "4R",
  "workload": "large_very_long_gen",
  "qps": 10,
  "turn1": {
    "count": 95,
    "avg_ttft_ms": 8852.038621235835,
    "avg_tpot_ms": 11.557690342511146,
    "avg_e2e_ms": 20675.555841624737,
    "p50_ttft_ms": 235.57163029909134,
    "p50_tpot_ms": 10.005420399784226,
    "p50_e2e_ms": 15779.58744764328,
    "p99_ttft_ms": 27355.072986185554,
    "p99_tpot_ms": 18.54232012992497,
    "p99_e2e_ms": 42567.12329007685
  },
  "turn2": {
    "count": 95,
    "avg_ttft_ms": 98.07702906821903,
    "avg_tpot_ms": 12.05625492160799,
    "avg_e2e_ms": 12431.62581387319,
    "p50_ttft_ms": 72.11573049426079,
    "p50_tpot_ms": 10.210301421167564,
    "p50_e2e_ms": 10504.26521524787,
    "p99_ttft_ms": 259.17780034244066,
    "p99_tpot_ms": 18.862474086901077,
    "p99_e2e_ms": 19381.1600484699
  },
  "average": {
    "count": 190,
    "avg_ttft_ms": 4475.057825152027,
    "avg_tpot_ms": 11.80697263205957,
    "avg_e2e_ms": 16553.590827748965,
    "p50_ttft_ms": 95.12564539909363,
    "p50_tpot_ms": 10.071952216407304,
    "p50_e2e_ms": 11229.02861237526,
    "p99_ttft_ms": 25903.558722175636,
    "p99_tpot_ms": 18.810712200200744,
    "p99_e2e_ms": 41634.35860715805
  },
  "throughput": {
    "requests_per_sec": 2.861828217748355,
    "tokens_per_sec": 2930.5120949743155
  },
  "success_rate": 100.0,
  "total_requests": 190,
  "failed_requests": 0,
  "duration_sec": 66.39112677052617,
  "timestamp": "2026-01-18T03:53:36.327224",
  "error": null
}