{
  "config": "4R",
  "workload": "large_tiny",
  "qps": 4,
  "turn1": {
    "count": 29,
    "avg_ttft_ms": 76.36817210707171,
    "avg_tpot_ms": 9.622636010276578,
    "avg_e2e_ms": 9920.324810620012,
    "p50_ttft_ms": 60.301996767520905,
    "p50_tpot_ms": 9.20879037164057,
    "p50_e2e_ms": 9478.765528649092,
    "p99_ttft_ms": 158.1260275840759,
    "p99_tpot_ms": 11.882444357359281,
    "p99_e2e_ms": 12271.061588227749
  },
  "turn2": {
    "count": 29,
    "avg_ttft_ms": 76.35342265511382,
    "avg_tpot_ms": 9.361734284342862,
    "avg_e2e_ms": 366.56718546974247,
    "p50_ttft_ms": 65.79520925879478,
    "p50_tpot_ms": 9.33572613904553,
    "p50_e2e_ms": 353.69209945201874,
    "p99_ttft_ms": 214.66473117470738,
    "p99_tpot_ms": 14.255077819670397,
    "p99_e2e_ms": 519.5629227161407
  },
  "average": {
    "count": 58,
    "avg_ttft_ms": 76.36079738109277,
    "avg_tpot_ms": 9.49218514730972,
    "avg_e2e_ms": 5143.445998044877,
    "p50_ttft_ms": 64.44347091019154,
    "p50_tpot_ms": 9.296700327437762,
    "p50_e2e_ms": 4266.642140224576,
    "p99_ttft_ms": 207.1434985846281,
    "p99_tpot_ms": 13.396710210269497,
    "p99_e2e_ms": 12270.231721960008
  },
  "throughput": {
    "requests_per_sec": 2.641270457314047,
    "tokens_per_sec": 1394.590801461817
  },
  "success_rate": 100.0,
  "total_requests": 58,
  "failed_requests": 0,
  "duration_sec": 21.959129493683577,
  "timestamp": "2026-01-18T03:31:49.402309",
  "error": null
}