{
  "config": "4R",
  "workload": "large_long_gen",
  "qps": 0.5,
  "turn1": {
    "count": 5,
    "avg_ttft_ms": 58.79814401268959,
    "avg_tpot_ms": 8.247446724717102,
    "avg_e2e_ms": 8495.936143398285,
    "p50_ttft_ms": 57.59493634104729,
    "p50_tpot_ms": 8.04988858549476,
    "p50_e2e_ms": 8295.31704261899,
    "p99_ttft_ms": 62.80494973063469,
    "p99_tpot_ms": 9.16473041939479,
    "p99_e2e_ms": 9432.832871228456
  },
  "turn2": {
    "count": 5,
    "avg_ttft_ms": 45.8187609910965,
    "avg_tpot_ms": 8.328363319782362,
    "avg_e2e_ms": 4301.612417399883,
    "p50_ttft_ms": 41.06155410408974,
    "p50_tpot_ms": 7.864696172352173,
    "p50_e2e_ms": 4055.7152815163136,
    "p99_ttft_ms": 65.53836762905121,
    "p99_tpot_ms": 10.016012126743911,
    "p99_e2e_ms": 5159.508066922426
  },
  "average": {
    "count": 10,
    "avg_ttft_ms": 52.30845250189304,
    "avg_tpot_ms": 8.287905022249733,
    "avg_e2e_ms": 6398.774280399084,
    "p50_ttft_ms": 56.60232529044151,
    "p50_tpot_ms": 7.9999173702790465,
    "p50_e2e_ms": 6675.91099627316,
    "p99_ttft_ms": 65.97935434430838,
    "p99_tpot_ms": 10.014967487583451,
    "p99_e2e_ms": 9377.258334718645
  },
  "throughput": {
    "requests_per_sec": 0.5375845342884372,
    "tokens_per_sec": 412.8649223335198
  },
  "success_rate": 100.0,
  "total_requests": 10,
  "failed_requests": 0,
  "duration_sec": 18.601725611835718,
  "timestamp": "2026-01-18T03:41:55.584519",
  "error": null
}