{
  "config": "4R",
  "workload": "large_short_gen",
  "qps": 2,
  "turn1": {
    "count": 20,
    "avg_ttft_ms": 73.94311986863613,
    "avg_tpot_ms": 9.2361737461442,
    "avg_e2e_ms": 9522.548862174153,
    "p50_ttft_ms": 70.18313743174076,
    "p50_tpot_ms": 8.632611599864614,
    "p50_e2e_ms": 8888.384509831667,
    "p99_ttft_ms": 131.30591753870246,
    "p99_tpot_ms": 11.321197131016854,
    "p99_e2e_ms": 11699.778102003038
  },
  "turn2": {
    "count": 20,
    "avg_ttft_ms": 81.70093335211277,
    "avg_tpot_ms": 8.945959246918266,
    "avg_e2e_ms": 2362.920541316271,
    "p50_ttft_ms": 69.0770298242569,
    "p50_tpot_ms": 8.451030410680115,
    "p50_e2e_ms": 2205.4861541837454,
    "p99_ttft_ms": 203.38808216154573,
    "p99_tpot_ms": 11.545722012572428,
    "p99_e2e_ms": 3068.827194161713
  },
  "average": {
    "count": 40,
    "avg_ttft_ms": 77.82202661037445,
    "avg_tpot_ms": 9.091066496531234,
    "avg_e2e_ms": 5942.734701745212,
    "p50_ttft_ms": 69.26037184894085,
    "p50_tpot_ms": 8.497571921092035,
    "p50_e2e_ms": 5414.714062586427,
    "p99_ttft_ms": 199.94075961411,
    "p99_tpot_ms": 11.504465135655469,
    "p99_e2e_ms": 11699.460401050746
  },
  "throughput": {
    "requests_per_sec": 1.8483946756007457,
    "tokens_per_sec": 1182.9725923844771
  },
  "success_rate": 100.0,
  "total_requests": 40,
  "failed_requests": 0,
  "duration_sec": 21.640399925410748,
  "timestamp": "2026-01-18T03:36:45.592561",
  "error": null
}