{
  "config": "4R",
  "workload": "large_small_bal",
  "qps": 0.5,
  "turn1": {
    "count": 2,
    "avg_ttft_ms": 66.39082543551922,
    "avg_tpot_ms": 8.365709261781193,
    "avg_e2e_ms": 8624.51140023768,
    "p50_ttft_ms": 66.39082543551922,
    "p50_tpot_ms": 8.365709261781193,
    "p50_e2e_ms": 8624.51140023768,
    "p99_ttft_ms": 74.09143794327974,
    "p99_tpot_ms": 9.175545070702729,
    "p99_e2e_ms": 9460.674045272171
  },
  "turn2": {
    "count": 2,
    "avg_ttft_ms": 83.97970907390118,
    "avg_tpot_ms": 8.297424112993573,
    "avg_e2e_ms": 606.7174281924963,
    "p50_ttft_ms": 83.97970907390118,
    "p50_tpot_ms": 8.297424112993573,
    "p50_e2e_ms": 606.7174281924963,
    "p99_ttft_ms": 110.11465486139059,
    "p99_tpot_ms": 9.03193604969789,
    "p99_e2e_ms": 679.1266259923577
  },
  "average": {
    "count": 4,
    "avg_ttft_ms": 75.1852672547102,
    "avg_tpot_ms": 8.331566687387383,
    "avg_e2e_ms": 4615.614414215088,
    "p50_ttft_ms": 66.39082543551922,
    "p50_tpot_ms": 8.297424112993573,
    "p50_e2e_ms": 4225.94428807497,
    "p99_ttft_ms": 109.55603826791047,
    "p99_tpot_ms": 9.187717944822687,
    "p99_e2e_ms": 9426.544957719743
  },
  "throughput": {
    "requests_per_sec": 0.28084893688288287,
    "tokens_per_sec": 152.7818216642883
  },
  "success_rate": 100.0,
  "total_requests": 4,
  "failed_requests": 0,
  "duration_sec": 14.242532104253769,
  "timestamp": "2026-01-18T03:58:12.857090",
  "error": null
}