{
  "config": "4R",
  "workload": "large_short_gen",
  "qps": 10,
  "turn1": {
    "count": 96,
    "avg_ttft_ms": 4543.314702032755,
    "avg_tpot_ms": 11.289876087495264,
    "avg_e2e_ms": 16092.857939540409,
    "p50_ttft_ms": 228.26136834919453,
    "p50_tpot_ms": 9.692834229559026,
    "p50_e2e_ms": 16582.147415727377,
    "p99_ttft_ms": 14590.703834034503,
    "p99_tpot_ms": 16.54034069432483,
    "p99_e2e_ms": 26967.638569884002
  },
  "turn2": {
    "count": 95,
    "avg_ttft_ms": 82.62151738530711,
    "avg_tpot_ms": 10.863708345636619,
    "avg_e2e_ms": 2852.8671455226445,
    "p50_ttft_ms": 67.51547381281853,
    "p50_tpot_ms": 9.863540734730515,
    "p50_e2e_ms": 2581.3123881816864,
    "p99_ttft_ms": 256.85437522828585,
    "p99_tpot_ms": 19.954931700638703,
    "p99_e2e_ms": 5361.364781558515
  },
  "average": {
    "count": 191,
    "avg_ttft_ms": 2324.645316998684,
    "avg_tpot_ms": 11.077907838926826,
    "avg_e2e_ms": 9507.52220429597,
    "p50_ttft_ms": 75.05404576659203,
    "p50_tpot_ms": 9.713390741937904,
    "p50_e2e_ms": 8831.857066601515,
    "p99_ttft_ms": 14269.087561592458,
    "p99_tpot_ms": 19.538058144789115,
    "p99_e2e_ms": 26847.852160036564
  },
  "throughput": {
    "requests_per_sec": 4.895656594799,
    "tokens_per_sec": 3143.062797280799
  },
  "success_rate": 99.47916666666666,
  "total_requests": 192,
  "failed_requests": 1,
  "duration_sec": 39.01417436078191,
  "timestamp": "2026-01-18T03:38:48.150963",
  "error": "Server disconnected"
}