{
  "config": "4R",
  "workload": "large_mid_paste",
  "qps": 8,
  "turn1": {
    "count": 73,
    "avg_ttft_ms": 1619.3827916293928,
    "avg_tpot_ms": 10.73177233863136,
    "avg_e2e_ms": 12597.985894049276,
    "p50_ttft_ms": 86.88456192612648,
    "p50_tpot_ms": 10.233152391915214,
    "p50_e2e_ms": 10991.06029421091,
    "p99_ttft_ms": 5843.634804785252,
    "p99_tpot_ms": 14.29473786308036,
    "p99_e2e_ms": 19021.45500123501
  },
  "turn2": {
    "count": 73,
    "avg_ttft_ms": 101.3355870565323,
    "avg_tpot_ms": 10.61502695294224,
    "avg_e2e_ms": 770.0822850918934,
    "p50_ttft_ms": 81.68894425034523,
    "p50_tpot_ms": 10.331415881713232,
    "p50_e2e_ms": 738.0072586238384,
    "p99_ttft_ms": 388.27730625867844,
    "p99_tpot_ms": 15.828368592829934,
    "p99_e2e_ms": 1237.735003978014
  },
  "average": {
    "count": 146,
    "avg_ttft_ms": 860.3591893429625,
    "avg_tpot_ms": 10.6733996457868,
    "avg_e2e_ms": 6684.034089570584,
    "p50_ttft_ms": 84.13181640207767,
    "p50_tpot_ms": 10.242221592939146,
    "p50_e2e_ms": 4965.758165344596,
    "p99_ttft_ms": 5785.019526444376,
    "p99_tpot_ms": 15.20402447749225,
    "p99_e2e_ms": 18966.01744107902
  },
  "throughput": {
    "requests_per_sec": 4.981779128515159,
    "tokens_per_sec": 2710.0878459122464
  },
  "success_rate": 100.0,
  "total_requests": 146,
  "failed_requests": 0,
  "duration_sec": 29.306799083948135,
  "timestamp": "2026-01-18T04:10:32.680330",
  "error": null
}