{
  "config": "4R",
  "workload": "large_short_gen",
  "qps": 20,
  "turn1": {
    "count": 189,
    "avg_ttft_ms": 16915.044393745207,
    "avg_tpot_ms": 11.411864573406419,
    "avg_e2e_ms": 28589.38185233997,
    "p50_ttft_ms": 16035.21217033267,
    "p50_tpot_ms": 9.861799089906269,
    "p50_e2e_ms": 28119.717981666327,
    "p99_ttft_ms": 39367.75893971324,
    "p99_tpot_ms": 17.28788753292311,
    "p99_e2e_ms": 52418.882199823856
  },
  "turn2": {
    "count": 189,
    "avg_ttft_ms": 88.81630251804988,
    "avg_tpot_ms": 11.17949598662177,
    "avg_e2e_ms": 2939.587779106602,
    "p50_ttft_ms": 72.49022275209427,
    "p50_tpot_ms": 10.070009427327737,
    "p50_e2e_ms": 2630.3677782416344,
    "p99_ttft_ms": 265.43466612696653,
    "p99_tpot_ms": 18.629720416139158,
    "p99_e2e_ms": 4899.032686650755
  },
  "average": {
    "count": 378,
    "avg_ttft_ms": 8501.930348131627,
    "avg_tpot_ms": 11.295680280014095,
    "avg_e2e_ms": 15764.484815723288,
    "p50_ttft_ms": 99.83897767961025,
    "p50_tpot_ms": 9.975500800755285,
    "p50_e2e_ms": 7560.710938647389,
    "p99_ttft_ms": 38608.26972395182,
    "p99_tpot_ms": 17.643625100284048,
    "p99_e2e_ms": 50782.0332130045
  },
  "throughput": {
    "requests_per_sec": 5.77580838683292,
    "tokens_per_sec": 3696.517367573069
  },
  "success_rate": 100.0,
  "total_requests": 378,
  "failed_requests": 0,
  "duration_sec": 65.4453843832016,
  "timestamp": "2026-01-18T03:41:31.933777",
  "error": null
}