{
  "config": "4R",
  "workload": "large_long_gen",
  "qps": 2,
  "turn1": {
    "count": 19,
    "avg_ttft_ms": 79.93090035099732,
    "avg_tpot_ms": 9.314361704213388,
    "avg_e2e_ms": 9608.522923761293,
    "p50_ttft_ms": 74.4486004114151,
    "p50_tpot_ms": 8.654412777979703,
    "p50_e2e_ms": 8918.821439146996,
    "p99_ttft_ms": 166.91943123936656,
    "p99_tpot_ms": 11.533880209876179,
    "p99_e2e_ms": 11928.591015562415
  },
  "turn2": {
    "count": 19,
    "avg_ttft_ms": 70.14446823220504,
    "avg_tpot_ms": 9.470009779752694,
    "avg_e2e_ms": 4909.319465685832,
    "p50_ttft_ms": 61.76518648862839,
    "p50_tpot_ms": 8.829415726626689,
    "p50_e2e_ms": 4595.420081168413,
    "p99_ttft_ms": 117.5373237580061,
    "p99_tpot_ms": 11.724782866770274,
    "p99_e2e_ms": 6077.036723122001
  },
  "average": {
    "count": 38,
    "avg_ttft_ms": 75.03768429160118,
    "avg_tpot_ms": 9.392185741983043,
    "avg_e2e_ms": 7258.921194723563,
    "p50_ttft_ms": 68.26492585241795,
    "p50_tpot_ms": 8.674743822898684,
    "p50_e2e_ms": 7191.290618851781,
    "p99_ttft_ms": 156.34949229657664,
    "p99_tpot_ms": 11.71354323530792,
    "p99_e2e_ms": 11928.179083578289
  },
  "throughput": {
    "requests_per_sec": 1.3987937504271217,
    "tokens_per_sec": 1074.2736003280295
  },
  "success_rate": 100.0,
  "total_requests": 38,
  "failed_requests": 0,
  "duration_sec": 27.16626378148794,
  "timestamp": "2026-01-18T03:42:49.388602",
  "error": null
}