{
  "config": "4R",
  "workload": "large_long_gen",
  "qps": 8,
  "turn1": {
    "count": 64,
    "avg_ttft_ms": 1806.4203220419586,
    "avg_tpot_ms": 11.023068755447685,
    "avg_e2e_ms": 13083.019658864941,
    "p50_ttft_ms": 91.16066619753838,
    "p50_tpot_ms": 10.252128428946143,
    "p50_e2e_ms": 11496.854895725846,
    "p99_ttft_ms": 8906.422862187028,
    "p99_tpot_ms": 15.11695014777159,
    "p99_e2e_ms": 23865.76200440526
  },
  "turn2": {
    "count": 64,
    "avg_ttft_ms": 90.55721847107634,
    "avg_tpot_ms": 11.215898746086026,
    "avg_e2e_ms": 5821.8814777210355,
    "p50_ttft_ms": 74.08589497208595,
    "p50_tpot_ms": 10.394799255140839,
    "p50_e2e_ms": 5383.895181119442,
    "p99_ttft_ms": 279.26484439522017,
    "p99_tpot_ms": 16.639097528841983,
    "p99_e2e_ms": 8625.869811028242
  },
  "average": {
    "count": 128,
    "avg_ttft_ms": 948.4887702565175,
    "avg_tpot_ms": 11.119483750766856,
    "avg_e2e_ms": 9452.450568292988,
    "p50_ttft_ms": 78.83424125611782,
    "p50_tpot_ms": 10.265489004063031,
    "p50_e2e_ms": 8904.931442812085,
    "p99_ttft_ms": 8862.865790575743,
    "p99_tpot_ms": 16.619316446658683,
    "p99_e2e_ms": 23625.38486078382
  },
  "throughput": {
    "requests_per_sec": 3.258525539317794,
    "tokens_per_sec": 2502.5476141960658
  },
  "success_rate": 100.0,
  "total_requests": 128,
  "failed_requests": 0,
  "duration_sec": 39.2815702855587,
  "timestamp": "2026-01-18T03:44:26.637741",
  "error": null
}