{
  "config": "4R",
  "workload": "large_very_long_gen",
  "qps": 2,
  "turn1": {
    "count": 20,
    "avg_ttft_ms": 77.29302924126387,
    "avg_tpot_ms": 8.967980246841615,
    "avg_e2e_ms": 9251.536821760237,
    "p50_ttft_ms": 71.1843054741621,
    "p50_tpot_ms": 8.722432680566406,
    "p50_e2e_ms": 8993.921525776386,
    "p99_ttft_ms": 149.7110808640718,
    "p99_tpot_ms": 10.931430182812091,
    "p99_e2e_ms": 11306.492152996361
  },
  "turn2": {
    "count": 20,
    "avg_ttft_ms": 70.42084224522114,
    "avg_tpot_ms": 9.402689226481513,
    "avg_e2e_ms": 9689.37192093581,
    "p50_ttft_ms": 61.96315586566925,
    "p50_tpot_ms": 9.244265235079233,
    "p50_e2e_ms": 9528.029585257173,
    "p99_ttft_ms": 136.32805511355397,
    "p99_tpot_ms": 11.049393588860946,
    "p99_e2e_ms": 11392.936837859452
  },
  "average": {
    "count": 40,
    "avg_ttft_ms": 73.8569357432425,
    "avg_tpot_ms": 9.185334736661565,
    "avg_e2e_ms": 9470.454371348023,
    "p50_ttft_ms": 66.26274436712265,
    "p50_tpot_ms": 8.911034656745015,
    "p50_e2e_ms": 9176.204996183515,
    "p99_ttft_ms": 150.65942451357841,
    "p99_tpot_ms": 11.036692737790148,
    "p99_e2e_ms": 11383.875125087798
  },
  "throughput": {
    "requests_per_sec": 1.373846553457226,
    "tokens_per_sec": 1406.8188707401994
  },
  "success_rate": 100.0,
  "total_requests": 40,
  "failed_requests": 0,
  "duration_sec": 29.115333076566458,
  "timestamp": "2026-01-18T03:50:13.659678",
  "error": null
}