{
  "config": "4R",
  "workload": "large_huge_paste",
  "qps": 16,
  "turn1": {
    "count": 155,
    "avg_ttft_ms": 9876.146051936572,
    "avg_tpot_ms": 11.527987214885034,
    "avg_e2e_ms": 21669.27697276396,
    "p50_ttft_ms": 8886.736001819372,
    "p50_tpot_ms": 10.221263515751149,
    "p50_e2e_ms": 20205.474585294724,
    "p99_ttft_ms": 24456.04236572981,
    "p99_tpot_ms": 18.281059878298382,
    "p99_e2e_ms": 36898.38777758182
  },
  "turn2": {
    "count": 155,
    "avg_ttft_ms": 143.1227404504053,
    "avg_tpot_ms": 12.442126833716491,
    "avg_e2e_ms": 528.8286722956166,
    "p50_ttft_ms": 114.63377997279167,
    "p50_tpot_ms": 11.004197741708447,
    "p50_e2e_ms": 461.3776057958603,
    "p99_ttft_ms": 416.88192717731033,
    "p99_tpot_ms": 26.902489433846178,
    "p99_e2e_ms": 1166.8502969294786
  },
  "average": {
    "count": 310,
    "avg_ttft_ms": 5009.634396193489,
    "avg_tpot_ms": 11.985057024300762,
    "avg_e2e_ms": 11099.05282252979,
    "p50_ttft_ms": 143.5890756547451,
    "p50_tpot_ms": 10.692869366773879,
    "p50_e2e_ms": 5393.38456466794,
    "p99_ttft_ms": 24311.972197182484,
    "p99_tpot_ms": 25.708909434897286,
    "p99_e2e_ms": 34868.65842364729
  },
  "throughput": {
    "requests_per_sec": 6.634041881096039,
    "tokens_per_sec": 3502.7741132187084
  },
  "success_rate": 100.0,
  "total_requests": 310,
  "failed_requests": 0,
  "duration_sec": 46.728676959872246,
  "timestamp": "2026-01-18T04:23:15.872707",
  "error": null
}