{
  "config": "4R",
  "workload": "large_long_gen",
  "qps": 10,
  "turn1": {
    "count": 100,
    "avg_ttft_ms": 6547.330821305513,
    "avg_tpot_ms": 10.739874134453801,
    "avg_e2e_ms": 17534.222060851753,
    "p50_ttft_ms": 4773.3445428311825,
    "p50_tpot_ms": 9.842449010787703,
    "p50_e2e_ms": 17309.518113732338,
    "p99_ttft_ms": 18813.650070130825,
    "p99_tpot_ms": 14.927463417550515,
    "p99_e2e_ms": 30450.630071088675
  },
  "turn2": {
    "count": 100,
    "avg_ttft_ms": 78.81165333092213,
    "avg_tpot_ms": 11.09809510635828,
    "avg_e2e_ms": 5749.938252680004,
    "p50_ttft_ms": 72.94308766722679,
    "p50_tpot_ms": 10.160962017635775,
    "p50_e2e_ms": 5254.69390489161,
    "p99_ttft_ms": 222.04845905303964,
    "p99_tpot_ms": 17.173433103279706,
    "p99_e2e_ms": 8859.659833908081
  },
  "average": {
    "count": 200,
    "avg_ttft_ms": 3313.0712373182178,
    "avg_tpot_ms": 10.918984620406041,
    "avg_e2e_ms": 11642.080156765878,
    "p50_ttft_ms": 84.65924486517906,
    "p50_tpot_ms": 9.952390949203544,
    "p50_e2e_ms": 8896.564569324255,
    "p99_ttft_ms": 18735.685985051095,
    "p99_tpot_ms": 17.122360085175462,
    "p99_e2e_ms": 29398.336434587825
  },
  "throughput": {
    "requests_per_sec": 4.372216246082475,
    "tokens_per_sec": 3357.862076991341
  },
  "success_rate": 100.0,
  "total_requests": 200,
  "failed_requests": 0,
  "duration_sec": 45.74339162185788,
  "timestamp": "2026-01-18T03:45:12.415071",
  "error": null
}