{
  "config": "4R",
  "workload": "large_mid_bal",
  "qps": 2,
  "turn1": {
    "count": 16,
    "avg_ttft_ms": 76.62298809736967,
    "avg_tpot_ms": 8.798211766771047,
    "avg_e2e_ms": 9077.193625504151,
    "p50_ttft_ms": 67.65054725110531,
    "p50_tpot_ms": 8.315705493063405,
    "p50_e2e_ms": 8573.087960481644,
    "p99_ttft_ms": 129.62944507598877,
    "p99_tpot_ms": 10.485186636673681,
    "p99_e2e_ms": 10847.467853873968
  },
  "turn2": {
    "count": 16,
    "avg_ttft_ms": 74.33345704339445,
    "avg_tpot_ms": 8.760423232676594,
    "avg_e2e_ms": 1186.9072075933218,
    "p50_ttft_ms": 64.34441544115543,
    "p50_tpot_ms": 8.397166859211884,
    "p50_e2e_ms": 1141.129583120346,
    "p99_ttft_ms": 122.59399536997078,
    "p99_tpot_ms": 10.679860301609114,
    "p99_e2e_ms": 1477.590881101787
  },
  "average": {
    "count": 32,
    "avg_ttft_ms": 75.47822257038206,
    "avg_tpot_ms": 8.77931749972382,
    "avg_e2e_ms": 5132.050416548736,
    "p50_ttft_ms": 65.98629429936409,
    "p50_tpot_ms": 8.329774247357157,
    "p50_e2e_ms": 4889.606831595302,
    "p99_ttft_ms": 129.32203002274036,
    "p99_tpot_ms": 10.662730179728856,
    "p99_e2e_ms": 10837.817320674658
  },
  "throughput": {
    "requests_per_sec": 1.5676577304092432,
    "tokens_per_sec": 902.970852715724
  },
  "success_rate": 100.0,
  "total_requests": 32,
  "failed_requests": 0,
  "duration_sec": 20.41261901706457,
  "timestamp": "2026-01-18T04:04:05.366167",
  "error": null
}