{
  "config": "4R",
  "workload": "large_short_gen",
  "qps": 0.5,
  "turn1": {
    "count": 5,
    "avg_ttft_ms": 63.17084953188896,
    "avg_tpot_ms": 8.080105226439581,
    "avg_e2e_ms": 8329.11849617958,
    "p50_ttft_ms": 58.99922177195549,
    "p50_tpot_ms": 7.774146781726317,
    "p50_e2e_ms": 8009.299978613853,
    "p99_ttft_ms": 72.27903380990028,
    "p99_tpot_ms": 9.32791504240572,
    "p99_e2e_ms": 9601.99016302824
  },
  "turn2": {
    "count": 5,
    "avg_ttft_ms": 50.85777789354324,
    "avg_tpot_ms": 8.113595957265181,
    "avg_e2e_ms": 2119.8247469961643,
    "p50_ttft_ms": 41.219234466552734,
    "p50_tpot_ms": 7.922797679316764,
    "p50_e2e_ms": 2063.2808953523636,
    "p99_ttft_ms": 80.88971212506294,
    "p99_tpot_ms": 9.873939834389033,
    "p99_e2e_ms": 2554.5421451330185
  },
  "average": {
    "count": 10,
    "avg_ttft_ms": 57.0143137127161,
    "avg_tpot_ms": 8.096850591852382,
    "avg_e2e_ms": 5224.4716215878725,
    "p50_ttft_ms": 58.23904275894165,
    "p50_tpot_ms": 7.82076694719486,
    "p50_e2e_ms": 5235.277693718672,
    "p99_ttft_ms": 80.93281228095293,
    "p99_tpot_ms": 9.903995436958814,
    "p99_e2e_ms": 9524.838725365698
  },
  "throughput": {
    "requests_per_sec": 0.5409511969573662,
    "tokens_per_sec": 346.20876605271434
  },
  "success_rate": 100.0,
  "total_requests": 10,
  "failed_requests": 0,
  "duration_sec": 18.485955953598022,
  "timestamp": "2026-01-18T03:36:02.651470",
  "error": null
}