{
  "config": "4R",
  "workload": "large_mid_paste",
  "qps": 12,
  "turn1": {
    "count": 106,
    "avg_ttft_ms": 4587.775085402547,
    "avg_tpot_ms": 11.673679082720563,
    "avg_e2e_ms": 16529.948787025685,
    "p50_ttft_ms": 6380.311330780387,
    "p50_tpot_ms": 9.923658620489658,
    "p50_e2e_ms": 16614.369597285986,
    "p99_ttft_ms": 12787.511426210403,
    "p99_tpot_ms": 18.552180594661777,
    "p99_e2e_ms": 28196.96735199541
  },
  "turn2": {
    "count": 106,
    "avg_ttft_ms": 107.98096445933828,
    "avg_tpot_ms": 12.28795067317099,
    "avg_e2e_ms": 882.1218568691105,
    "p50_ttft_ms": 84.6285093575716,
    "p50_tpot_ms": 10.445261196721168,
    "p50_e2e_ms": 746.3637590408325,
    "p99_ttft_ms": 278.32210790365934,
    "p99_tpot_ms": 26.056583734258776,
    "p99_e2e_ms": 1843.8802594318988
  },
  "average": {
    "count": 212,
    "avg_ttft_ms": 2347.878024930943,
    "avg_tpot_ms": 11.980814877945775,
    "avg_e2e_ms": 8706.035321947398,
    "p50_ttft_ms": 100.0057402998209,
    "p50_tpot_ms": 10.041966945035593,
    "p50_e2e_ms": 5692.631414160132,
    "p99_ttft_ms": 12663.501581959421,
    "p99_tpot_ms": 24.821333701884928,
    "p99_e2e_ms": 28012.76288446039
  },
  "throughput": {
    "requests_per_sec": 5.499197123475397,
    "tokens_per_sec": 2991.563235170616
  },
  "success_rate": 100.0,
  "total_requests": 212,
  "failed_requests": 0,
  "duration_sec": 38.55108213797212,
  "timestamp": "2026-01-18T04:11:47.777025",
  "error": null
}