{
  "config": "4R",
  "workload": "large_very_long_gen",
  "qps": 8,
  "turn1": {
    "count": 66,
    "avg_ttft_ms": 3280.2587016062303,
    "avg_tpot_ms": 11.983440688165228,
    "avg_e2e_ms": 15539.31852559926,
    "p50_ttft_ms": 97.60869294404984,
    "p50_tpot_ms": 9.886537018511536,
    "p50_e2e_ms": 10508.405953645706,
    "p99_ttft_ms": 15483.076207898554,
    "p99_tpot_ms": 20.200797777262427,
    "p99_e2e_ms": 35185.14471910894
  },
  "turn2": {
    "count": 66,
    "avg_ttft_ms": 91.76006264081506,
    "avg_tpot_ms": 12.574690897049166,
    "avg_e2e_ms": 12955.668850322112,
    "p50_ttft_ms": 70.73572278022766,
    "p50_tpot_ms": 10.33054523439468,
    "p50_e2e_ms": 10642.110031098127,
    "p99_ttft_ms": 283.85779391974205,
    "p99_tpot_ms": 20.43069942143335,
    "p99_e2e_ms": 21076.81187596172
  },
  "average": {
    "count": 132,
    "avg_ttft_ms": 1686.0093821235228,
    "avg_tpot_ms": 12.279065792607199,
    "avg_e2e_ms": 14247.493687960687,
    "p50_ttft_ms": 74.87999647855759,
    "p50_tpot_ms": 10.181082445374333,
    "p50_e2e_ms": 10635.042984038591,
    "p99_ttft_ms": 15147.557064332068,
    "p99_tpot_ms": 20.41372915247377,
    "p99_e2e_ms": 34372.0441199094
  },
  "throughput": {
    "requests_per_sec": 2.3045387579539054,
    "tokens_per_sec": 2359.847688144799
  },
  "success_rate": 100.0,
  "total_requests": 132,
  "failed_requests": 0,
  "duration_sec": 57.278272949159145,
  "timestamp": "2026-01-18T03:52:29.896955",
  "error": null
}