{
  "config": "4R",
  "workload": "large_small_bal",
  "qps": 16,
  "turn1": {
    "count": 156,
    "avg_ttft_ms": 9710.294583907877,
    "avg_tpot_ms": 10.836899536085811,
    "avg_e2e_ms": 20796.44280932366,
    "p50_ttft_ms": 8819.559946656227,
    "p50_tpot_ms": 10.107756919161083,
    "p50_e2e_ms": 19502.477245405316,
    "p99_ttft_ms": 24022.0526529476,
    "p99_tpot_ms": 15.526081536617038,
    "p99_e2e_ms": 33851.03982798755
  },
  "turn2": {
    "count": 156,
    "avg_ttft_ms": 91.36323824238319,
    "avg_tpot_ms": 11.491787683948006,
    "avg_e2e_ms": 815.3458623311077,
    "p50_ttft_ms": 69.79252770543098,
    "p50_tpot_ms": 10.53340035298514,
    "p50_e2e_ms": 729.8509888350964,
    "p99_ttft_ms": 343.8635196536778,
    "p99_tpot_ms": 22.8097085116638,
    "p99_e2e_ms": 1541.6022345423696
  },
  "average": {
    "count": 312,
    "avg_ttft_ms": 4900.828911075129,
    "avg_tpot_ms": 11.164343610016909,
    "avg_e2e_ms": 10805.894335827385,
    "p50_ttft_ms": 99.85370002686977,
    "p50_tpot_ms": 10.234231379427445,
    "p50_e2e_ms": 5530.0844591110945,
    "p99_ttft_ms": 23830.9128966555,
    "p99_tpot_ms": 22.11671451313625,
    "p99_e2e_ms": 33602.114568948746
  },
  "throughput": {
    "requests_per_sec": 6.694667941967623,
    "tokens_per_sec": 3641.8993604303864
  },
  "success_rate": 100.0,
  "total_requests": 312,
  "failed_requests": 0,
  "duration_sec": 46.604253221303225,
  "timestamp": "2026-01-18T04:02:04.586024",
  "error": null
}