{
  "config": "4R",
  "workload": "large_huge_paste",
  "qps": 0.5,
  "turn1": {
    "count": 3,
    "avg_ttft_ms": 79.28327843546867,
    "avg_tpot_ms": 8.94441457544798,
    "avg_e2e_ms": 9229.419389118751,
    "p50_ttft_ms": 59.494536370038986,
    "p50_tpot_ms": 9.312534659285234,
    "p50_e2e_ms": 9585.423175245523,
    "p99_ttft_ms": 118.45186926424503,
    "p99_tpot_ms": 9.663215181767534,
    "p99_e2e_ms": 10003.905113860965
  },
  "turn2": {
    "count": 3,
    "avg_ttft_ms": 142.21401885151863,
    "avg_tpot_ms": 9.241530491459754,
    "avg_e2e_ms": 428.701464086771,
    "p50_ttft_ms": 148.0369120836258,
    "p50_tpot_ms": 8.840306271468439,
    "p50_e2e_ms": 471.0689187049866,
    "p99_ttft_ms": 196.03977404534817,
    "p99_tpot_ms": 10.877442016236245,
    "p99_e2e_ms": 486.21726483106613
  },
  "average": {
    "count": 6,
    "avg_ttft_ms": 110.74864864349365,
    "avg_tpot_ms": 9.092972533453866,
    "avg_e2e_ms": 4829.060426602761,
    "p50_ttft_ms": 100.62040016055107,
    "p50_tpot_ms": 9.076420465376836,
    "p50_e2e_ms": 4288.457922637463,
    "p99_ttft_ms": 194.570298679173,
    "p99_tpot_ms": 10.85658400070982,
    "p99_e2e_ms": 9991.094442270696
  },
  "throughput": {
    "requests_per_sec": 0.325024530869026,
    "tokens_per_sec": 171.61295229884573
  },
  "success_rate": 100.0,
  "total_requests": 6,
  "failed_requests": 0,
  "duration_sec": 18.460145097225904,
  "timestamp": "2026-01-18T04:19:18.926500",
  "error": null
}