{
  "config": "4R",
  "workload": "small_very_long_gen",
  "qps": 4,
  "turn1": {
    "count": 38,
    "avg_ttft_ms": 37.00141912620319,
    "avg_tpot_ms": 8.913864234560414,
    "avg_e2e_ms": 1169.0621769153759,
    "p50_ttft_ms": 36.30014322698116,
    "p50_tpot_ms": 8.375424921043276,
    "p50_e2e_ms": 1101.4103293418884,
    "p99_ttft_ms": 53.43983758240938,
    "p99_tpot_ms": 11.603779523802086,
    "p99_e2e_ms": 1516.3621109351516
  },
  "turn2": {
    "count": 38,
    "avg_ttft_ms": 36.63111566320846,
    "avg_tpot_ms": 9.471352369052433,
    "avg_e2e_ms": 9725.824589203847,
    "p50_ttft_ms": 35.059330984950066,
    "p50_tpot_ms": 8.677418364661648,
    "p50_e2e_ms": 8907.303724437952,
    "p99_ttft_ms": 60.07217764854435,
    "p99_tpot_ms": 11.46318528156651,
    "p99_e2e_ms": 11764.332439266145
  },
  "average": {
    "count": 76,
    "avg_ttft_ms": 36.816267394705825,
    "avg_tpot_ms": 9.192608301806425,
    "avg_e2e_ms": 5447.443383059612,
    "p50_ttft_ms": 35.5535838752985,
    "p50_tpot_ms": 8.472704961313298,
    "p50_e2e_ms": 4960.811221972108,
    "p99_ttft_ms": 56.67333584278822,
    "p99_tpot_ms": 11.586910253024008,
    "p99_e2e_ms": 11752.426096238196
  },
  "throughput": {
    "requests_per_sec": 3.3923961776433815,
    "tokens_per_sec": 1954.0201983225877
  },
  "success_rate": 100.0,
  "total_requests": 76,
  "failed_requests": 0,
  "duration_sec": 22.403043754398823,
  "timestamp": "2026-01-18T03:17:17.586057",
  "error": null
}