{
  "config": "4R",
  "workload": "small_short_gen",
  "qps": 1,
  "turn1": {
    "count": 10,
    "avg_ttft_ms": 28.856336325407028,
    "avg_tpot_ms": 8.005092436755735,
    "avg_e2e_ms": 1045.5030757933855,
    "p50_ttft_ms": 26.838863268494606,
    "p50_tpot_ms": 7.931824186890143,
    "p50_e2e_ms": 1035.2400075644255,
    "p99_ttft_ms": 44.03672341257334,
    "p99_tpot_ms": 8.58118374164649,
    "p99_e2e_ms": 1116.8061640486121
  },
  "turn2": {
    "count": 10,
    "avg_ttft_ms": 25.848202407360077,
    "avg_tpot_ms": 8.02231927128399,
    "avg_e2e_ms": 2071.539616584778,
    "p50_ttft_ms": 25.441324338316917,
    "p50_tpot_ms": 7.954396811478278,
    "p50_e2e_ms": 2055.681459605694,
    "p99_ttft_ms": 32.551017329096794,
    "p99_tpot_ms": 8.545790411239746,
    "p99_e2e_ms": 2201.7296060174704
  },
  "average": {
    "count": 20,
    "avg_ttft_ms": 27.352269366383553,
    "avg_tpot_ms": 8.013705854019866,
    "avg_e2e_ms": 1558.5213461890817,
    "p50_ttft_ms": 26.40817128121853,
    "p50_tpot_ms": 7.954396811478278,
    "p50_e2e_ms": 1558.7363354861736,
    "p99_ttft_ms": 42.92728237807749,
    "p99_tpot_ms": 8.59165285868084,
    "p99_e2e_ms": 2201.2840024381876
  },
  "throughput": {
    "requests_per_sec": 1.7175810103120024,
    "tokens_per_sec": 329.77555397990443
  },
  "success_rate": 100.0,
  "total_requests": 20,
  "failed_requests": 0,
  "duration_sec": 11.64428337290883,
  "timestamp": "2026-01-18T03:10:56.423253",
  "error": null
}