{
  "config": "4R",
  "workload": "small_tiny",
  "qps": 6,
  "turn1": {
    "count": 58,
    "avg_ttft_ms": 30.4476007947634,
    "avg_tpot_ms": 8.21063172819658,
    "avg_e2e_ms": 1073.1978302757288,
    "p50_ttft_ms": 28.85054238140583,
    "p50_tpot_ms": 8.0587551379063,
    "p50_e2e_ms": 1053.5534787923098,
    "p99_ttft_ms": 47.560595348477364,
    "p99_tpot_ms": 9.078449043115292,
    "p99_e2e_ms": 1182.245721705258
  },
  "turn2": {
    "count": 58,
    "avg_ttft_ms": 29.684040759657993,
    "avg_tpot_ms": 8.322954900952283,
    "avg_e2e_ms": 287.6956426891787,
    "p50_ttft_ms": 29.64743971824646,
    "p50_tpot_ms": 8.14288854598999,
    "p50_e2e_ms": 283.25510025024414,
    "p99_ttft_ms": 42.35962472856045,
    "p99_tpot_ms": 9.268629269734506,
    "p99_e2e_ms": 315.5594817921519
  },
  "average": {
    "count": 116,
    "avg_ttft_ms": 30.065820777210696,
    "avg_tpot_ms": 8.266793314574429,
    "avg_e2e_ms": 680.4467364824537,
    "p50_ttft_ms": 28.938401490449905,
    "p50_tpot_ms": 8.10431565541527,
    "p50_e2e_ms": 662.0005685836077,
    "p99_ttft_ms": 48.1338258832693,
    "p99_tpot_ms": 9.248572125309897,
    "p99_e2e_ms": 1180.0715755671263
  },
  "throughput": {
    "requests_per_sec": 10.205150479714762,
    "tokens_per_sec": 816.4120383771809
  },
  "success_rate": 100.0,
  "total_requests": 116,
  "failed_requests": 0,
  "duration_sec": 11.366809360682964,
  "timestamp": "2026-01-18T03:09:36.163628",
  "error": null
}