{
  "config": "4R",
  "workload": "small_big_paste",
  "qps": 2,
  "turn1": {
    "count": 18,
    "avg_ttft_ms": 32.19142638974719,
    "avg_tpot_ms": 8.076370989517589,
    "avg_e2e_ms": 1057.890542058481,
    "p50_ttft_ms": 31.334083527326584,
    "p50_tpot_ms": 8.00467121202176,
    "p50_e2e_ms": 1047.3141763359308,
    "p99_ttft_ms": 44.57618586719035,
    "p99_tpot_ms": 8.918688128020351,
    "p99_e2e_ms": 1168.9792166277766
  },
  "turn2": {
    "count": 18,
    "avg_ttft_ms": 52.87592423458894,
    "avg_tpot_ms": 8.289922051775603,
    "avg_e2e_ms": 575.1410134964519,
    "p50_ttft_ms": 50.48045516014099,
    "p50_tpot_ms": 8.214674032633265,
    "p50_e2e_ms": 572.4960807710886,
    "p99_ttft_ms": 87.5596042722463,
    "p99_tpot_ms": 10.24916550410645,
    "p99_e2e_ms": 702.453429326415
  },
  "average": {
    "count": 36,
    "avg_ttft_ms": 42.53367531216807,
    "avg_tpot_ms": 8.183146520646595,
    "avg_e2e_ms": 816.5157777774665,
    "p50_ttft_ms": 43.56122948229313,
    "p50_tpot_ms": 8.02499404925061,
    "p50_e2e_ms": 861.7702536284924,
    "p99_ttft_ms": 81.89872838556762,
    "p99_tpot_ms": 9.979493942643913,
    "p99_e2e_ms": 1163.9017755165696
  },
  "throughput": {
    "requests_per_sec": 3.147459965663827,
    "tokens_per_sec": 302.1561567037274
  },
  "success_rate": 100.0,
  "total_requests": 36,
  "failed_requests": 0,
  "duration_sec": 11.437794409692287,
  "timestamp": "2026-01-18T03:27:15.165984",
  "error": null
}