{
  "config": "4R",
  "workload": "small_long_gen",
  "qps": 8,
  "turn1": {
    "count": 78,
    "avg_ttft_ms": 37.86129580858426,
    "avg_tpot_ms": 9.332198965914703,
    "avg_e2e_ms": 1223.0505644797515,
    "p50_ttft_ms": 36.97472997009754,
    "p50_tpot_ms": 8.778888409531962,
    "p50_e2e_ms": 1148.3491752296686,
    "p99_ttft_ms": 60.58942224830391,
    "p99_tpot_ms": 12.52490727157574,
    "p99_e2e_ms": 1632.5645738467574
  },
  "turn2": {
    "count": 78,
    "avg_ttft_ms": 36.02844309539367,
    "avg_tpot_ms": 9.326910949995607,
    "avg_e2e_ms": 4802.079938543148,
    "p50_ttft_ms": 34.802692010998726,
    "p50_tpot_ms": 8.797437298875266,
    "p50_e2e_ms": 4527.525138109922,
    "p99_ttft_ms": 54.5281075686217,
    "p99_tpot_ms": 11.640290645208145,
    "p99_e2e_ms": 5993.124380782247
  },
  "average": {
    "count": 156,
    "avg_ttft_ms": 36.944869451988964,
    "avg_tpot_ms": 9.329554957955155,
    "avg_e2e_ms": 3012.56525151145,
    "p50_ttft_ms": 35.326600074768066,
    "p50_tpot_ms": 8.784788679805978,
    "p50_e2e_ms": 2953.4937608987093,
    "p99_ttft_ms": 61.690877564251366,
    "p99_tpot_ms": 12.380448759599462,
    "p99_e2e_ms": 5978.323569893837
  },
  "throughput": {
    "requests_per_sec": 9.354629654709615,
    "tokens_per_sec": 2993.4814895070767
  },
  "success_rate": 100.0,
  "total_requests": 156,
  "failed_requests": 0,
  "duration_sec": 16.676234737038612,
  "timestamp": "2026-01-18T03:14:22.060295",
  "error": null
}