{
  "config": "4R",
  "workload": "small_huge_paste",
  "qps": 20,
  "turn1": {
    "count": 174,
    "avg_ttft_ms": 64.30374726053627,
    "avg_tpot_ms": 12.190207804790319,
    "avg_e2e_ms": 1612.4601384689067,
    "p50_ttft_ms": 40.795063599944115,
    "p50_tpot_ms": 9.817146556818578,
    "p50_e2e_ms": 1294.4757398217916,
    "p99_ttft_ms": 378.224248401821,
    "p99_tpot_ms": 23.779128317640527,
    "p99_e2e_ms": 3118.6065324395895
  },
  "turn2": {
    "count": 174,
    "avg_ttft_ms": 115.00134000062258,
    "avg_tpot_ms": 12.614794303398906,
    "avg_e2e_ms": 506.0599634059887,
    "p50_ttft_ms": 75.71556977927685,
    "p50_tpot_ms": 10.054941379254863,
    "p50_e2e_ms": 387.8139927983284,
    "p99_ttft_ms": 428.4168078377843,
    "p99_tpot_ms": 31.369387273105893,
    "p99_e2e_ms": 1326.6216092556715
  },
  "average": {
    "count": 348,
    "avg_ttft_ms": 89.65254363057942,
    "avg_tpot_ms": 12.402501054094612,
    "avg_e2e_ms": 1059.2600509374477,
    "p50_ttft_ms": 63.20859678089619,
    "p50_tpot_ms": 9.89661682543792,
    "p50_e2e_ms": 1106.525355949998,
    "p99_ttft_ms": 412.876171544194,
    "p99_tpot_ms": 30.890092831705847,
    "p99_e2e_ms": 3047.096071057021
  },
  "throughput": {
    "requests_per_sec": 26.48684535086923,
    "tokens_per_sec": 2118.9476280695385
  },
  "success_rate": 100.0,
  "total_requests": 348,
  "failed_requests": 0,
  "duration_sec": 13.138597495853901,
  "timestamp": "2026-01-18T03:30:28.711391",
  "error": null
}