{
  "config": "4R",
  "workload": "small_huge_paste",
  "qps": 12,
  "turn1": {
    "count": 97,
    "avg_ttft_ms": 35.6833602580213,
    "avg_tpot_ms": 9.595343259315385,
    "avg_e2e_ms": 1254.291954191075,
    "p50_ttft_ms": 32.399069517850876,
    "p50_tpot_ms": 8.4914330129079,
    "p50_e2e_ms": 1109.2385314404964,
    "p99_ttft_ms": 74.8593807220444,
    "p99_tpot_ms": 16.432506614548014,
    "p99_e2e_ms": 2122.3625859618182
  },
  "turn2": {
    "count": 97,
    "avg_ttft_ms": 82.69885274552807,
    "avg_tpot_ms": 9.663119739944213,
    "avg_e2e_ms": 382.25556468379864,
    "p50_ttft_ms": 64.27012011408806,
    "p50_tpot_ms": 8.59919911430728,
    "p50_e2e_ms": 334.7741961479187,
    "p99_ttft_ms": 254.92401659488672,
    "p99_tpot_ms": 20.724094024588975,
    "p99_e2e_ms": 883.2219390571116
  },
  "average": {
    "count": 194,
    "avg_ttft_ms": 59.19110650177469,
    "avg_tpot_ms": 9.6292314996298,
    "avg_e2e_ms": 818.2737594374369,
    "p50_ttft_ms": 50.807276740670204,
    "p50_tpot_ms": 8.511500613343332,
    "p50_e2e_ms": 936.5962464362383,
    "p99_ttft_ms": 254.70318283885717,
    "p99_tpot_ms": 20.631059885265365,
    "p99_e2e_ms": 2039.1396971046918
  },
  "throughput": {
    "requests_per_sec": 16.264980907439377,
    "tokens_per_sec": 1301.1984725951502
  },
  "success_rate": 100.0,
  "total_requests": 194,
  "failed_requests": 0,
  "duration_sec": 11.927465584129095,
  "timestamp": "2026-01-18T03:30:03.304499",
  "error": null
}