{
  "config": "4R",
  "workload": "small_small_bal",
  "qps": 12,
  "turn1": {
    "count": 108,
    "avg_ttft_ms": 36.43830127462193,
    "avg_tpot_ms": 8.79400682147537,
    "avg_e2e_ms": 1153.2771676019938,
    "p50_ttft_ms": 34.29551236331463,
    "p50_tpot_ms": 8.409840751468666,
    "p50_e2e_ms": 1102.3969687521458,
    "p99_ttft_ms": 62.091420851647854,
    "p99_tpot_ms": 11.200931202766933,
    "p99_e2e_ms": 1468.2361809164286
  },
  "turn2": {
    "count": 108,
    "avg_ttft_ms": 35.86030727321351,
    "avg_tpot_ms": 8.830438026920758,
    "avg_e2e_ms": 592.1779029692212,
    "p50_ttft_ms": 34.22599099576473,
    "p50_tpot_ms": 8.410173749166823,
    "p50_e2e_ms": 566.5305834263563,
    "p99_ttft_ms": 50.07971886545419,
    "p99_tpot_ms": 11.70881397667385,
    "p99_e2e_ms": 772.7320271730423
  },
  "average": {
    "count": 216,
    "avg_ttft_ms": 36.14930427391772,
    "avg_tpot_ms": 8.812222424198065,
    "avg_e2e_ms": 872.7275352856076,
    "p50_ttft_ms": 34.26910191774368,
    "p50_tpot_ms": 8.409840751468666,
    "p50_e2e_ms": 914.9632696062326,
    "p99_ttft_ms": 61.322045512497404,
    "p99_tpot_ms": 11.582625572044817,
    "p99_e2e_ms": 1460.370580293238
  },
  "throughput": {
    "requests_per_sec": 18.402034089519532,
    "tokens_per_sec": 1766.595272593875
  },
  "success_rate": 100.0,
  "total_requests": 216,
  "failed_requests": 0,
  "duration_sec": 11.737832836806774,
  "timestamp": "2026-01-18T03:22:18.265490",
  "error": null
}