{
  "config": "4R",
  "workload": "small_long_gen",
  "qps": 20,
  "turn1": {
    "count": 200,
    "avg_ttft_ms": 5719.401790723205,
    "avg_tpot_ms": 9.536804740031169,
    "avg_e2e_ms": 6930.575992707163,
    "p50_ttft_ms": 6066.307570785284,
    "p50_tpot_ms": 9.054370371140834,
    "p50_e2e_ms": 7198.950191959739,
    "p99_ttft_ms": 12995.662526451046,
    "p99_tpot_ms": 12.420450463656366,
    "p99_e2e_ms": 14150.528279617423
  },
  "turn2": {
    "count": 200,
    "avg_ttft_ms": 41.9259387999773,
    "avg_tpot_ms": 9.56489019449472,
    "avg_e2e_ms": 4929.58482818678,
    "p50_ttft_ms": 41.24860279262066,
    "p50_tpot_ms": 9.071578758307632,
    "p50_e2e_ms": 4675.985699519515,
    "p99_ttft_ms": 63.2101521268487,
    "p99_tpot_ms": 12.324002040386084,
    "p99_e2e_ms": 6355.140204951167
  },
  "average": {
    "count": 400,
    "avg_ttft_ms": 2880.663864761591,
    "avg_tpot_ms": 9.550847467262946,
    "avg_e2e_ms": 5930.080410446972,
    "p50_ttft_ms": 49.36579987406731,
    "p50_tpot_ms": 9.067577032922078,
    "p50_e2e_ms": 4759.328227490187,
    "p99_ttft_ms": 12692.026261948047,
    "p99_tpot_ms": 12.358417071970706,
    "p99_e2e_ms": 13852.50773128122
  },
  "throughput": {
    "requests_per_sec": 13.208742897908097,
    "tokens_per_sec": 4226.797727330591
  },
  "success_rate": 100.0,
  "total_requests": 400,
  "failed_requests": 0,
  "duration_sec": 30.282972656190395,
  "timestamp": "2026-01-18T03:15:56.076968",
  "error": null
}