{
  "config": "4R",
  "workload": "small_short_gen",
  "qps": 10,
  "turn1": {
    "count": 100,
    "avg_ttft_ms": 37.72691737860441,
    "avg_tpot_ms": 9.27173279929818,
    "avg_e2e_ms": 1215.2369828894734,
    "p50_ttft_ms": 35.59193201363087,
    "p50_tpot_ms": 8.66600359225367,
    "p50_e2e_ms": 1135.26825979352,
    "p99_ttft_ms": 65.77153369784357,
    "p99_tpot_ms": 11.970028845578666,
    "p99_e2e_ms": 1571.7370411381125
  },
  "turn2": {
    "count": 100,
    "avg_ttft_ms": 37.00591266155243,
    "avg_tpot_ms": 9.243081750823002,
    "avg_e2e_ms": 2393.991759121418,
    "p50_ttft_ms": 35.545120015740395,
    "p50_tpot_ms": 8.654047629120303,
    "p50_e2e_ms": 2238.6474553495646,
    "p99_ttft_ms": 55.86423359811307,
    "p99_tpot_ms": 11.78229371370638,
    "p99_e2e_ms": 3049.7298051416874
  },
  "average": {
    "count": 200,
    "avg_ttft_ms": 37.36641502007842,
    "avg_tpot_ms": 9.257407275060592,
    "avg_e2e_ms": 1804.6143710054457,
    "p50_ttft_ms": 35.59193201363087,
    "p50_tpot_ms": 8.657434716376695,
    "p50_e2e_ms": 1804.814314469695,
    "p99_ttft_ms": 64.55543529242276,
    "p99_tpot_ms": 11.874613353997233,
    "p99_e2e_ms": 3025.2223502472043
  },
  "throughput": {
    "requests_per_sec": 14.531719783627107,
    "tokens_per_sec": 2790.0901984564043
  },
  "success_rate": 100.0,
  "total_requests": 200,
  "failed_requests": 0,
  "duration_sec": 13.762995913624763,
  "timestamp": "2026-01-18T03:12:01.925309",
  "error": null
}