{
  "config": "4R",
  "workload": "small_mid_paste",
  "qps": 16,
  "turn1": {
    "count": 160,
    "avg_ttft_ms": 42.562509048730135,
    "avg_tpot_ms": 9.824505156111412,
    "avg_e2e_ms": 1290.2746638748795,
    "p50_ttft_ms": 39.79179821908474,
    "p50_tpot_ms": 8.963772557734504,
    "p50_e2e_ms": 1179.4995572417974,
    "p99_ttft_ms": 89.50194355100388,
    "p99_tpot_ms": 14.523353381889072,
    "p99_e2e_ms": 1892.6386168599126
  },
  "turn2": {
    "count": 160,
    "avg_ttft_ms": 53.586873365566134,
    "avg_tpot_ms": 9.951334023877742,
    "avg_e2e_ms": 680.5209168698639,
    "p50_ttft_ms": 49.463873729109764,
    "p50_tpot_ms": 8.980490001184599,
    "p50_e2e_ms": 617.6381390541792,
    "p99_ttft_ms": 107.00186301022768,
    "p99_tpot_ms": 15.761552804282733,
    "p99_e2e_ms": 1044.4082015752792
  },
  "average": {
    "count": 320,
    "avg_ttft_ms": 48.074691207148135,
    "avg_tpot_ms": 9.887919589994578,
    "avg_e2e_ms": 985.3977903723717,
    "p50_ttft_ms": 43.960362672805786,
    "p50_tpot_ms": 8.9693194828623,
    "p50_e2e_ms": 1053.4719228744507,
    "p99_ttft_ms": 103.96312575787306,
    "p99_tpot_ms": 15.458473771337479,
    "p99_e2e_ms": 1875.5050263181329
  },
  "throughput": {
    "requests_per_sec": 26.550377641012833,
    "tokens_per_sec": 2548.836253537232
  },
  "success_rate": 100.0,
  "total_requests": 320,
  "failed_requests": 0,
  "duration_sec": 12.05255926400423,
  "timestamp": "2026-01-18T03:26:25.460476",
  "error": null
}