{
  "config": "4R",
  "workload": "small_tiny",
  "qps": 8,
  "turn1": {
    "count": 62,
    "avg_ttft_ms": 33.743539104057895,
    "avg_tpot_ms": 8.374839743416203,
    "avg_e2e_ms": 1097.3481865179153,
    "p50_ttft_ms": 30.846454203128815,
    "p50_tpot_ms": 8.172310742102269,
    "p50_e2e_ms": 1068.949282169342,
    "p99_ttft_ms": 60.84813535213471,
    "p99_tpot_ms": 9.401880561953455,
    "p99_e2e_ms": 1232.3803232237697
  },
  "turn2": {
    "count": 62,
    "avg_ttft_ms": 32.38305239187133,
    "avg_tpot_ms": 8.518675795749497,
    "avg_e2e_ms": 296.4620020601057,
    "p50_ttft_ms": 31.937923282384872,
    "p50_tpot_ms": 8.34960448405435,
    "p50_e2e_ms": 292.4058958888054,
    "p99_ttft_ms": 49.09213058650494,
    "p99_tpot_ms": 9.834250976001062,
    "p99_e2e_ms": 336.5576995909214
  },
  "average": {
    "count": 124,
    "avg_ttft_ms": 33.06329574796461,
    "avg_tpot_ms": 8.446757769582849,
    "avg_e2e_ms": 696.9050942890105,
    "p50_ttft_ms": 31.55406564474106,
    "p50_tpot_ms": 8.227386558937003,
    "p50_e2e_ms": 679.6693876385689,
    "p99_ttft_ms": 57.02915605157612,
    "p99_tpot_ms": 9.788321809422584,
    "p99_e2e_ms": 1231.5242285653949
  },
  "throughput": {
    "requests_per_sec": 11.546798068053626,
    "tokens_per_sec": 923.7438454442901
  },
  "success_rate": 100.0,
  "total_requests": 124,
  "failed_requests": 0,
  "duration_sec": 10.738907814025879,
  "timestamp": "2026-01-18T03:09:46.942097",
  "error": null
}