{
  "config": "4R",
  "workload": "small_tiny",
  "qps": 0.5,
  "turn1": {
    "count": 1,
    "avg_ttft_ms": 68.47559288144112,
    "avg_tpot_ms": 7.807971396314816,
    "avg_e2e_ms": 1060.0879602134228,
    "p50_ttft_ms": 68.47559288144112,
    "p50_tpot_ms": 7.807971396314816,
    "p50_e2e_ms": 1060.0879602134228,
    "p99_ttft_ms": 68.47559288144112,
    "p99_tpot_ms": 7.807971396314816,
    "p99_e2e_ms": 1060.0879602134228
  },
  "turn2": {
    "count": 1,
    "avg_ttft_ms": 27.710698544979095,
    "avg_tpot_ms": 7.740239582715496,
    "avg_e2e_ms": 267.65812560915947,
    "p50_ttft_ms": 27.710698544979095,
    "p50_tpot_ms": 7.740239582715496,
    "p50_e2e_ms": 267.65812560915947,
    "p99_ttft_ms": 27.710698544979095,
    "p99_tpot_ms": 7.740239582715496,
    "p99_e2e_ms": 267.65812560915947
  },
  "average": {
    "count": 2,
    "avg_ttft_ms": 48.093145713210106,
    "avg_tpot_ms": 7.774105489515156,
    "avg_e2e_ms": 663.8730429112911,
    "p50_ttft_ms": 48.093145713210106,
    "p50_tpot_ms": 7.774105489515156,
    "p50_e2e_ms": 663.8730429112911,
    "p99_ttft_ms": 68.0679439380765,
    "p99_tpot_ms": 7.807294078178822,
    "p99_e2e_ms": 1052.1636618673801
  },
  "throughput": {
    "requests_per_sec": 0.19844729404052905,
    "tokens_per_sec": 15.875783523242324
  },
  "success_rate": 100.0,
  "total_requests": 2,
  "failed_requests": 0,
  "duration_sec": 10.078242737799883,
  "timestamp": "2026-01-18T03:08:53.194926",
  "error": null
}