{
  "config": "4R",
  "workload": "small_huge_paste",
  "qps": 0.5,
  "turn1": {
    "count": 5,
    "avg_ttft_ms": 36.83860898017883,
    "avg_tpot_ms": 9.264287745624078,
    "avg_e2e_ms": 1213.4031526744366,
    "p50_ttft_ms": 34.5110222697258,
    "p50_tpot_ms": 8.047769652811562,
    "p50_e2e_ms": 1055.0259724259377,
    "p99_ttft_ms": 45.13128340244293,
    "p99_tpot_ms": 12.714091099388018,
    "p99_e2e_ms": 1649.4744570553303
  },
  "turn2": {
    "count": 5,
    "avg_ttft_ms": 78.22106555104256,
    "avg_tpot_ms": 11.037223089125849,
    "avg_e2e_ms": 420.37498131394386,
    "p50_ttft_ms": 65.75697287917137,
    "p50_tpot_ms": 8.116237218341519,
    "p50_e2e_ms": 315.4204972088337,
    "p99_ttft_ms": 122.65669107437134,
    "p99_tpot_ms": 16.198008310410284,
    "p99_e2e_ms": 587.9845409095287
  },
  "average": {
    "count": 10,
    "avg_ttft_ms": 57.529837265610695,
    "avg_tpot_ms": 10.150755417374963,
    "avg_e2e_ms": 816.8890669941902,
    "p50_ttft_ms": 50.56435242295265,
    "p50_tpot_ms": 8.092747941132515,
    "p50_e2e_ms": 802.6586975902319,
    "p99_ttft_ms": 120.656125433743,
    "p99_tpot_ms": 16.119255096681655,
    "p99_e2e_ms": 1631.4676379412413
  },
  "throughput": {
    "requests_per_sec": 2.3491240359887273,
    "tokens_per_sec": 187.9299228790982
  },
  "success_rate": 100.0,
  "total_requests": 10,
  "failed_requests": 0,
  "duration_sec": 4.256905913352966,
  "timestamp": "2026-01-18T03:28:45.276743",
  "error": null
}