{
  "config": "4R",
  "workload": "small_short_gen",
  "qps": 16,
  "turn1": {
    "count": 160,
    "avg_ttft_ms": 1184.1063731350005,
    "avg_tpot_ms": 9.605849712104426,
    "avg_e2e_ms": 2404.0492865722626,
    "p50_ttft_ms": 1007.2536077350378,
    "p50_tpot_ms": 9.019833630112213,
    "p50_e2e_ms": 2205.031346529722,
    "p99_ttft_ms": 2846.512759849429,
    "p99_tpot_ms": 13.293650657173217,
    "p99_e2e_ms": 4026.2742812931538
  },
  "turn2": {
    "count": 160,
    "avg_ttft_ms": 41.35535403620452,
    "avg_tpot_ms": 9.552698927182778,
    "avg_e2e_ms": 2477.2935804678127,
    "p50_ttft_ms": 39.93111476302147,
    "p50_tpot_ms": 9.030476592335047,
    "p50_e2e_ms": 2344.648091122508,
    "p99_ttft_ms": 79.14104815572495,
    "p99_tpot_ms": 12.781669301583486,
    "p99_e2e_ms": 3305.973646864295
  },
  "average": {
    "count": 320,
    "avg_ttft_ms": 612.7308635856025,
    "avg_tpot_ms": 9.579274319643602,
    "avg_e2e_ms": 2440.6714335200377,
    "p50_ttft_ms": 44.04958337545395,
    "p50_tpot_ms": 9.02266057462112,
    "p50_e2e_ms": 2340.134918689728,
    "p99_ttft_ms": 2801.0528783500195,
    "p99_tpot_ms": 13.01482644988092,
    "p99_e2e_ms": 3993.3302658051252
  },
  "throughput": {
    "requests_per_sec": 20.553025226395505,
    "tokens_per_sec": 3946.180843467937
  },
  "success_rate": 100.0,
  "total_requests": 320,
  "failed_requests": 0,
  "duration_sec": 15.569484125822783,
  "timestamp": "2026-01-18T03:12:31.100850",
  "error": null
}