{
  "config": "4R",
  "workload": "small_long_gen",
  "qps": 10,
  "turn1": {
    "count": 99,
    "avg_ttft_ms": 551.907305652746,
    "avg_tpot_ms": 9.28895140524071,
    "avg_e2e_ms": 1731.604134118316,
    "p50_ttft_ms": 60.157086700201035,
    "p50_tpot_ms": 8.951824275762077,
    "p50_e2e_ms": 1567.304190248251,
    "p99_ttft_ms": 1498.7682858854532,
    "p99_tpot_ms": 13.987971662184385,
    "p99_e2e_ms": 2702.874616906047
  },
  "turn2": {
    "count": 99,
    "avg_ttft_ms": 38.73035360616867,
    "avg_tpot_ms": 9.412482704728452,
    "avg_e2e_ms": 4848.509015722408,
    "p50_ttft_ms": 37.8832183778286,
    "p50_tpot_ms": 8.954410902324721,
    "p50_e2e_ms": 4621.048744767904,
    "p99_ttft_ms": 58.30927021801466,
    "p99_tpot_ms": 12.250467366493378,
    "p99_e2e_ms": 6288.681598827243
  },
  "average": {
    "count": 198,
    "avg_ttft_ms": 295.31882962945735,
    "avg_tpot_ms": 9.35071705498458,
    "avg_e2e_ms": 3290.0565749203615,
    "p50_ttft_ms": 41.62944853305817,
    "p50_tpot_ms": 8.952338951736913,
    "p50_e2e_ms": 3469.1240899264812,
    "p99_ttft_ms": 1473.5511268675327,
    "p99_tpot_ms": 13.697531247056844,
    "p99_e2e_ms": 6152.51873575151
  },
  "throughput": {
    "requests_per_sec": 11.09413463427138,
    "tokens_per_sec": 3550.1230829668416
  },
  "success_rate": 100.0,
  "total_requests": 198,
  "failed_requests": 0,
  "duration_sec": 17.847268536686897,
  "timestamp": "2026-01-18T03:14:39.947940",
  "error": null
}