{
  "config": "4R",
  "workload": "small_big_paste",
  "qps": 0.5,
  "turn1": {
    "count": 2,
    "avg_ttft_ms": 32.690033316612244,
    "avg_tpot_ms": 7.764736190438271,
    "avg_e2e_ms": 1018.8115295022726,
    "p50_ttft_ms": 32.690033316612244,
    "p50_tpot_ms": 7.764736190438271,
    "p50_e2e_ms": 1018.8115295022726,
    "p99_ttft_ms": 33.372908905148506,
    "p99_tpot_ms": 7.7941984956072075,
    "p99_e2e_ms": 1021.8703666701913
  },
  "turn2": {
    "count": 2,
    "avg_ttft_ms": 42.934540659189224,
    "avg_tpot_ms": 7.8547134522407775,
    "avg_e2e_ms": 537.7814881503582,
    "p50_ttft_ms": 42.934540659189224,
    "p50_tpot_ms": 7.8547134522407775,
    "p50_e2e_ms": 537.7814881503582,
    "p99_ttft_ms": 45.586926862597466,
    "p99_tpot_ms": 7.943783148177086,
    "p99_e2e_ms": 546.0452651977539
  },
  "average": {
    "count": 4,
    "avg_ttft_ms": 37.812286987900734,
    "avg_tpot_ms": 7.809724821339524,
    "avg_e2e_ms": 778.2965088263154,
    "p50_ttft_ms": 36.807434633374214,
    "p50_tpot_ms": 7.779312887274538,
    "p50_e2e_ms": 780.9520903974771,
    "p99_ttft_ms": 45.478666201233864,
    "p99_tpot_ms": 7.9410768631757715,
    "p99_e2e_ms": 1021.7455161735415
  },
  "throughput": {
    "requests_per_sec": 0.3663817767420106,
    "tokens_per_sec": 35.17265056723302
  },
  "success_rate": 100.0,
  "total_requests": 4,
  "failed_requests": 0,
  "duration_sec": 10.917573563754559,
  "timestamp": "2026-01-18T03:26:53.330459",
  "error": null
}