{
  "config": "4R",
  "workload": "small_very_long_gen",
  "qps": 1,
  "turn1": {
    "count": 10,
    "avg_ttft_ms": 32.84943029284477,
    "avg_tpot_ms": 7.917810087715547,
    "avg_e2e_ms": 1038.4113114327192,
    "p50_ttft_ms": 31.244827434420586,
    "p50_tpot_ms": 7.9295004417342465,
    "p50_e2e_ms": 1036.7386136204004,
    "p99_ttft_ms": 42.49231543391943,
    "p99_tpot_ms": 8.187209906892512,
    "p99_e2e_ms": 1072.2442177683115
  },
  "turn2": {
    "count": 10,
    "avg_ttft_ms": 29.352864623069763,
    "avg_tpot_ms": 8.220060301520373,
    "avg_e2e_ms": 8438.474553078413,
    "p50_ttft_ms": 29.452746734023094,
    "p50_tpot_ms": 8.133839844987307,
    "p50_e2e_ms": 8350.434536114335,
    "p99_ttft_ms": 33.40830858796835,
    "p99_tpot_ms": 9.270533923158023,
    "p99_e2e_ms": 9510.4093420133
  },
  "average": {
    "count": 20,
    "avg_ttft_ms": 31.101147457957268,
    "avg_tpot_ms": 8.06893519461796,
    "avg_e2e_ms": 4738.442932255566,
    "p50_ttft_ms": 31.244827434420586,
    "p50_tpot_ms": 8.110403603308999,
    "p50_e2e_ms": 4543.182143941522,
    "p99_ttft_ms": 42.41196949034929,
    "p99_tpot_ms": 9.153241068268423,
    "p99_e2e_ms": 9386.985364444552
  },
  "throughput": {
    "requests_per_sec": 1.2837976174456402,
    "tokens_per_sec": 739.4674276486888
  },
  "success_rate": 100.0,
  "total_requests": 20,
  "failed_requests": 0,
  "duration_sec": 15.578779496252537,
  "timestamp": "2026-01-18T03:16:35.338139",
  "error": null
}