{
  "config": "4R",
  "workload": "small_very_long_gen",
  "qps": 6,
  "turn1": {
    "count": 50,
    "avg_ttft_ms": 38.922782614827156,
    "avg_tpot_ms": 9.184754484985756,
    "avg_e2e_ms": 1205.3866022080183,
    "p50_ttft_ms": 37.07282617688179,
    "p50_tpot_ms": 8.818973427799744,
    "p50_e2e_ms": 1158.633952960372,
    "p99_ttft_ms": 57.25970204919576,
    "p99_tpot_ms": 11.440959074717806,
    "p99_e2e_ms": 1499.8202294111252
  },
  "turn2": {
    "count": 50,
    "avg_ttft_ms": 36.858999505639076,
    "avg_tpot_ms": 9.460481450995857,
    "avg_e2e_ms": 9714.931523874402,
    "p50_ttft_ms": 35.86134314537048,
    "p50_tpot_ms": 9.023732186194039,
    "p50_e2e_ms": 9263.521634042263,
    "p99_ttft_ms": 53.789983540773385,
    "p99_tpot_ms": 11.446872987690675,
    "p99_e2e_ms": 11749.86763767898
  },
  "average": {
    "count": 100,
    "avg_ttft_ms": 37.890891060233116,
    "avg_tpot_ms": 9.322617967990807,
    "avg_e2e_ms": 5460.15906304121,
    "p50_ttft_ms": 36.492109298706055,
    "p50_tpot_ms": 8.89653603978983,
    "p50_e2e_ms": 5053.518952801824,
    "p99_ttft_ms": 56.28912795335055,
    "p99_tpot_ms": 11.44767908335436,
    "p99_e2e_ms": 11749.01263512671
  },
  "throughput": {
    "requests_per_sec": 4.665369130537327,
    "tokens_per_sec": 2687.2526191895004
  },
  "success_rate": 100.0,
  "total_requests": 100,
  "failed_requests": 0,
  "duration_sec": 21.434531159698963,
  "timestamp": "2026-01-18T03:17:39.059246",
  "error": null
}