{
  "config": "4R",
  "workload": "small_mid_paste",
  "qps": 2,
  "turn1": {
    "count": 18,
    "avg_ttft_ms": 32.38007798790932,
    "avg_tpot_ms": 8.06293184506403,
    "avg_e2e_ms": 1056.3724223110412,
    "p50_ttft_ms": 30.10575845837593,
    "p50_tpot_ms": 7.910327164558914,
    "p50_e2e_ms": 1034.2172887176275,
    "p99_ttft_ms": 45.470477528870106,
    "p99_tpot_ms": 9.22780087877681,
    "p99_e2e_ms": 1201.3504088297486
  },
  "turn2": {
    "count": 18,
    "avg_ttft_ms": 39.09865063097742,
    "avg_tpot_ms": 8.20459832143321,
    "avg_e2e_ms": 555.9883448812697,
    "p50_ttft_ms": 36.717796698212624,
    "p50_tpot_ms": 8.046119636486448,
    "p50_e2e_ms": 551.8192145973444,
    "p99_ttft_ms": 55.464275106787674,
    "p99_tpot_ms": 9.185514438246924,
    "p99_e2e_ms": 620.9901253134012
  },
  "average": {
    "count": 36,
    "avg_ttft_ms": 35.73936430944337,
    "avg_tpot_ms": 8.13376508324862,
    "avg_e2e_ms": 806.1803835961554,
    "p50_ttft_ms": 32.90801681578159,
    "p50_tpot_ms": 7.9960567906262385,
    "p50_e2e_ms": 814.9320408701897,
    "p99_ttft_ms": 54.9424473196268,
    "p99_tpot_ms": 9.252003678108451,
    "p99_e2e_ms": 1194.4210512563586
  },
  "throughput": {
    "requests_per_sec": 3.418226763194869,
    "tokens_per_sec": 328.14976926670744
  },
  "success_rate": 100.0,
  "total_requests": 36,
  "failed_requests": 0,
  "duration_sec": 10.531776413321495,
  "timestamp": "2026-01-18T03:25:18.062936",
  "error": null
}