{
  "config": "4R",
  "workload": "small_big_paste",
  "qps": 16,
  "turn1": {
    "count": 149,
    "avg_ttft_ms": 49.46125118724452,
    "avg_tpot_ms": 11.426519945477263,
    "avg_e2e_ms": 1500.6292842628573,
    "p50_ttft_ms": 40.98701477050781,
    "p50_tpot_ms": 9.213697135917783,
    "p50_e2e_ms": 1210.115272551775,
    "p99_ttft_ms": 164.34023708105101,
    "p99_tpot_ms": 23.341218558118108,
    "p99_e2e_ms": 3022.4637345969686
  },
  "turn2": {
    "count": 149,
    "avg_ttft_ms": 73.8841400500512,
    "avg_tpot_ms": 11.34768160937299,
    "avg_e2e_ms": 788.7880814405496,
    "p50_ttft_ms": 60.17602235078812,
    "p50_tpot_ms": 9.27970865889201,
    "p50_e2e_ms": 640.967883169651,
    "p99_ttft_ms": 237.2862669825558,
    "p99_tpot_ms": 24.91015111170118,
    "p99_e2e_ms": 1752.625434547663
  },
  "average": {
    "count": 298,
    "avg_ttft_ms": 61.67269561864786,
    "avg_tpot_ms": 11.387100777425127,
    "avg_e2e_ms": 1144.7086828517033,
    "p50_ttft_ms": 52.913038060069084,
    "p50_tpot_ms": 9.246751264951971,
    "p50_e2e_ms": 1139.2572559416294,
    "p99_ttft_ms": 208.9403966814277,
    "p99_tpot_ms": 24.220967102381902,
    "p99_e2e_ms": 2966.925510168075
  },
  "throughput": {
    "requests_per_sec": 24.78035737617686,
    "tokens_per_sec": 2378.9143081129782
  },
  "success_rate": 100.0,
  "total_requests": 298,
  "failed_requests": 0,
  "duration_sec": 12.025653846561909,
  "timestamp": "2026-01-18T03:28:23.137671",
  "error": null
}