{
  "config": "4R",
  "workload": "small_mid_bal",
  "qps": 2,
  "turn1": {
    "count": 18,
    "avg_ttft_ms": 32.26675486399068,
    "avg_tpot_ms": 7.988430668819087,
    "avg_e2e_ms": 1046.7974498040146,
    "p50_ttft_ms": 30.168183147907257,
    "p50_tpot_ms": 7.9724964370408395,
    "p50_e2e_ms": 1045.18548771739,
    "p99_ttft_ms": 47.35120505094528,
    "p99_tpot_ms": 8.508865499179663,
    "p99_e2e_ms": 1112.7227430790663
  },
  "turn2": {
    "count": 18,
    "avg_ttft_ms": 32.074141005674996,
    "avg_tpot_ms": 8.060135467145805,
    "avg_e2e_ms": 1055.7113453331922,
    "p50_ttft_ms": 31.551659107208252,
    "p50_tpot_ms": 8.039246877934051,
    "p50_e2e_ms": 1058.3174135535955,
    "p99_ttft_ms": 46.881515122950056,
    "p99_tpot_ms": 8.580602336469598,
    "p99_e2e_ms": 1121.5736343339086
  },
  "average": {
    "count": 36,
    "avg_ttft_ms": 32.170447934832836,
    "avg_tpot_ms": 8.024283067982445,
    "avg_e2e_ms": 1051.2543975686033,
    "p50_ttft_ms": 30.41728585958481,
    "p50_tpot_ms": 7.996007888101218,
    "p50_e2e_ms": 1048.8380659371614,
    "p99_ttft_ms": 48.42295292764902,
    "p99_tpot_ms": 8.57873367600319,
    "p99_e2e_ms": 1121.7844503000379
  },
  "throughput": {
    "requests_per_sec": 3.194222173624465,
    "tokens_per_sec": 408.8604382239315
  },
  "success_rate": 100.0,
  "total_requests": 36,
  "failed_requests": 0,
  "duration_sec": 11.27034941315651,
  "timestamp": "2026-01-18T03:23:20.524042",
  "error": null
}