{
  "config": "4R",
  "workload": "small_tiny",
  "qps": 2,
  "turn1": {
    "count": 20,
    "avg_ttft_ms": 31.764676608145237,
    "avg_tpot_ms": 7.936657554521335,
    "avg_e2e_ms": 1039.7201860323548,
    "p50_ttft_ms": 30.373450368642807,
    "p50_tpot_ms": 7.953591263435019,
    "p50_e2e_ms": 1039.403660222888,
    "p99_ttft_ms": 48.19287713617085,
    "p99_tpot_ms": 8.134336522010368,
    "p99_e2e_ms": 1064.5559376105666
  },
  "turn2": {
    "count": 20,
    "avg_ttft_ms": 28.194647282361984,
    "avg_tpot_ms": 8.013259787713329,
    "avg_e2e_ms": 276.60570070147514,
    "p50_ttft_ms": 27.8831347823143,
    "p50_tpot_ms": 8.031474546559394,
    "p50_e2e_ms": 275.6058704108,
    "p99_ttft_ms": 34.997950941324234,
    "p99_tpot_ms": 8.270602837925958,
    "p99_e2e_ms": 286.12427692860365
  },
  "average": {
    "count": 40,
    "avg_ttft_ms": 29.97966194525361,
    "avg_tpot_ms": 7.974958671117332,
    "avg_e2e_ms": 658.162943366915,
    "p50_ttft_ms": 29.364854097366333,
    "p50_tpot_ms": 8.003299394922871,
    "p50_e2e_ms": 641.7099442332983,
    "p99_ttft_ms": 46.39282058924436,
    "p99_tpot_ms": 8.245658366189849,
    "p99_e2e_ms": 1064.3136037513614
  },
  "throughput": {
    "requests_per_sec": 4.264326797955498,
    "tokens_per_sec": 341.1461438364398
  },
  "success_rate": 100.0,
  "total_requests": 40,
  "failed_requests": 0,
  "duration_sec": 9.380144134163857,
  "timestamp": "2026-01-18T03:09:13.529906",
  "error": null
}