{
  "config": "4R",
  "workload": "small_very_long_gen",
  "qps": 16,
  "turn1": {
    "count": 160,
    "avg_ttft_ms": 9632.682024128735,
    "avg_tpot_ms": 9.598053793613541,
    "avg_e2e_ms": 10851.634855917655,
    "p50_ttft_ms": 8535.713916644454,
    "p50_tpot_ms": 9.101605702807584,
    "p50_e2e_ms": 9740.45879766345,
    "p99_ttft_ms": 23598.261905685067,
    "p99_tpot_ms": 13.655988684026742,
    "p99_e2e_ms": 24909.338803254068
  },
  "turn2": {
    "count": 160,
    "avg_ttft_ms": 42.71670321468264,
    "avg_tpot_ms": 9.934243413948346,
    "avg_e2e_ms": 10205.44771568384,
    "p50_ttft_ms": 42.386289685964584,
    "p50_tpot_ms": 9.277556051490127,
    "p50_e2e_ms": 9536.92265599966,
    "p99_ttft_ms": 66.20840124785899,
    "p99_tpot_ms": 12.68746949142375,
    "p99_e2e_ms": 13042.470944933593
  },
  "average": {
    "count": 320,
    "avg_ttft_ms": 4837.699363671709,
    "avg_tpot_ms": 9.766148603780945,
    "avg_e2e_ms": 10528.541285800748,
    "p50_ttft_ms": 45.90866155922413,
    "p50_tpot_ms": 9.242267553167377,
    "p50_e2e_ms": 9571.471536532044,
    "p99_ttft_ms": 23241.989105641842,
    "p99_tpot_ms": 13.135011676904254,
    "p99_e2e_ms": 24705.959592610598
  },
  "throughput": {
    "requests_per_sec": 6.984385755156811,
    "tokens_per_sec": 4023.006194970323
  },
  "success_rate": 100.0,
  "total_requests": 320,
  "failed_requests": 0,
  "duration_sec": 45.81648425757885,
  "timestamp": "2026-01-18T03:19:56.869773",
  "error": null
}