{
  "config": "4R",
  "workload": "small_short_gen",
  "qps": 2,
  "turn1": {
    "count": 20,
    "avg_ttft_ms": 31.99218288064003,
    "avg_tpot_ms": 8.145195305875436,
    "avg_e2e_ms": 1066.4319867268205,
    "p50_ttft_ms": 30.07044643163681,
    "p50_tpot_ms": 8.037234003853609,
    "p50_e2e_ms": 1050.4698250442743,
    "p99_ttft_ms": 51.78469140082597,
    "p99_tpot_ms": 9.144325152215526,
    "p99_e2e_ms": 1204.5103586092591
  },
  "turn2": {
    "count": 20,
    "avg_ttft_ms": 30.276565439999104,
    "avg_tpot_ms": 8.31716773629773,
    "avg_e2e_ms": 2151.15433819592,
    "p50_ttft_ms": 30.610064044594765,
    "p50_tpot_ms": 8.036417367995954,
    "p50_e2e_ms": 2079.2424622923136,
    "p99_ttft_ms": 39.69063896685839,
    "p99_tpot_ms": 9.35716655397532,
    "p99_e2e_ms": 2421.684599891305
  },
  "average": {
    "count": 40,
    "avg_ttft_ms": 31.134374160319567,
    "avg_tpot_ms": 8.231181521086583,
    "avg_e2e_ms": 1608.7931624613702,
    "p50_ttft_ms": 30.1097109913826,
    "p50_tpot_ms": 8.036844033195186,
    "p50_e2e_ms": 1603.0300967395306,
    "p99_ttft_ms": 50.89432839304209,
    "p99_tpot_ms": 9.353683465982185,
    "p99_e2e_ms": 2421.4129472523928
  },
  "throughput": {
    "requests_per_sec": 3.2792961089687056,
    "tokens_per_sec": 629.6248529219915
  },
  "success_rate": 100.0,
  "total_requests": 40,
  "failed_requests": 0,
  "duration_sec": 12.197739597409964,
  "timestamp": "2026-01-18T03:11:08.659900",
  "error": null
}