{
  "config": "4R",
  "workload": "small_huge_paste",
  "qps": 1,
  "turn1": {
    "count": 8,
    "avg_ttft_ms": 32.20028290525079,
    "avg_tpot_ms": 7.930699629547794,
    "avg_e2e_ms": 1039.3991358578205,
    "p50_ttft_ms": 29.48753908276558,
    "p50_tpot_ms": 7.856868354119654,
    "p50_e2e_ms": 1026.3608824461699,
    "p99_ttft_ms": 50.86221143603324,
    "p99_tpot_ms": 8.539164065141378,
    "p99_e2e_ms": 1114.1958395019174
  },
  "turn2": {
    "count": 8,
    "avg_ttft_ms": 69.9855126440525,
    "avg_tpot_ms": 8.507380292059914,
    "avg_e2e_ms": 333.71430169790983,
    "p50_ttft_ms": 65.33142551779747,
    "p50_tpot_ms": 7.906155720833809,
    "p50_e2e_ms": 309.3383777886629,
    "p99_ttft_ms": 106.03925876319407,
    "p99_tpot_ms": 11.596157999048309,
    "p99_e2e_ms": 436.04613587260246
  },
  "average": {
    "count": 16,
    "avg_ttft_ms": 51.09289777465165,
    "avg_tpot_ms": 8.219039960803855,
    "avg_e2e_ms": 686.5567187778652,
    "p50_ttft_ms": 54.35747094452381,
    "p50_tpot_ms": 7.906155720833809,
    "p50_e2e_ms": 723.2983782887459,
    "p99_ttft_ms": 103.52395884692667,
    "p99_tpot_ms": 11.38471543428398,
    "p99_e2e_ms": 1110.9850788488984
  },
  "throughput": {
    "requests_per_sec": 1.6531734403112643,
    "tokens_per_sec": 132.25387522490115
  },
  "success_rate": 100.0,
  "total_requests": 16,
  "failed_requests": 0,
  "duration_sec": 9.67835534363985,
  "timestamp": "2026-01-18T03:28:54.991617",
  "error": null
}