{
  "config": "4R",
  "workload": "small_big_paste",
  "qps": 4,
  "turn1": {
    "count": 33,
    "avg_ttft_ms": 35.69360077381134,
    "avg_tpot_ms": 8.61950462141375,
    "avg_e2e_ms": 1130.3706876933575,
    "p50_ttft_ms": 34.45583954453468,
    "p50_tpot_ms": 8.081044473751323,
    "p50_e2e_ms": 1063.3998028934002,
    "p99_ttft_ms": 57.12399333715439,
    "p99_tpot_ms": 10.89486640504026,
    "p99_e2e_ms": 1418.9630123972893
  },
  "turn2": {
    "count": 33,
    "avg_ttft_ms": 55.17814872842847,
    "avg_tpot_ms": 8.727474198168204,
    "avg_e2e_ms": 605.0090232130253,
    "p50_ttft_ms": 52.770163863897324,
    "p50_tpot_ms": 8.403623801848244,
    "p50_e2e_ms": 574.0172490477562,
    "p99_ttft_ms": 88.17470267415047,
    "p99_tpot_ms": 11.611708140089398,
    "p99_e2e_ms": 797.91871920228
  },
  "average": {
    "count": 66,
    "avg_ttft_ms": 45.435874751119904,
    "avg_tpot_ms": 8.673489409790978,
    "avg_e2e_ms": 867.6898554531914,
    "p50_ttft_ms": 44.26302760839462,
    "p50_tpot_ms": 8.251310471543565,
    "p50_e2e_ms": 907.6812751591206,
    "p99_ttft_ms": 86.4243736490607,
    "p99_tpot_ms": 11.288814252032221,
    "p99_e2e_ms": 1412.4443804845214
  },
  "throughput": {
    "requests_per_sec": 5.901126436142306,
    "tokens_per_sec": 566.5081378696614
  },
  "success_rate": 100.0,
  "total_requests": 66,
  "failed_requests": 0,
  "duration_sec": 11.184305354952812,
  "timestamp": "2026-01-18T03:27:26.388613",
  "error": null
}