{
  "config": "4R",
  "workload": "small_short_gen",
  "qps": 12,
  "turn1": {
    "count": 120,
    "avg_ttft_ms": 97.66131478051345,
    "avg_tpot_ms": 9.490471447663985,
    "avg_e2e_ms": 1302.9511886338394,
    "p50_ttft_ms": 40.051184594631195,
    "p50_tpot_ms": 8.922418403461222,
    "p50_e2e_ms": 1182.7395129948854,
    "p99_ttft_ms": 556.8015243113041,
    "p99_tpot_ms": 12.64819106453751,
    "p99_e2e_ms": 2128.93702223897
  },
  "turn2": {
    "count": 120,
    "avg_ttft_ms": 40.146750615288816,
    "avg_tpot_ms": 9.562633386478316,
    "avg_e2e_ms": 2478.618264167259,
    "p50_ttft_ms": 39.625320583581924,
    "p50_tpot_ms": 9.001202516111672,
    "p50_e2e_ms": 2335.6009870767593,
    "p99_ttft_ms": 60.02480000257492,
    "p99_tpot_ms": 12.373064653692293,
    "p99_e2e_ms": 3199.3136521056294
  },
  "average": {
    "count": 240,
    "avg_ttft_ms": 68.90403269790113,
    "avg_tpot_ms": 9.52655241707115,
    "avg_e2e_ms": 1890.7847264005493,
    "p50_ttft_ms": 39.828576147556305,
    "p50_tpot_ms": 8.948952179607444,
    "p50_e2e_ms": 2117.905121296644,
    "p99_ttft_ms": 548.1321774050591,
    "p99_tpot_ms": 12.57285391163873,
    "p99_e2e_ms": 3192.70101133734
  },
  "throughput": {
    "requests_per_sec": 17.746087913374755,
    "tokens_per_sec": 3407.248879367953
  },
  "success_rate": 100.0,
  "total_requests": 240,
  "failed_requests": 0,
  "duration_sec": 13.524107463657856,
  "timestamp": "2026-01-18T03:12:15.488705",
  "error": null
}