{
  "config": "4R",
  "workload": "small_huge_paste",
  "qps": 10,
  "turn1": {
    "count": 100,
    "avg_ttft_ms": 45.68241108208895,
    "avg_tpot_ms": 10.253908398641846,
    "avg_e2e_ms": 1347.9287777096033,
    "p50_ttft_ms": 32.60554186999798,
    "p50_tpot_ms": 8.581928864825429,
    "p50_e2e_ms": 1121.804105117917,
    "p99_ttft_ms": 300.19300751388073,
    "p99_tpot_ms": 20.483541324089362,
    "p99_e2e_ms": 2667.888374403119
  },
  "turn2": {
    "count": 100,
    "avg_ttft_ms": 94.12735000252724,
    "avg_tpot_ms": 11.496472428402592,
    "avg_e2e_ms": 450.5179952830076,
    "p50_ttft_ms": 67.60687008500099,
    "p50_tpot_ms": 8.934260075611453,
    "p50_e2e_ms": 339.5493570715189,
    "p99_ttft_ms": 334.02554441243467,
    "p99_tpot_ms": 36.29174261444038,
    "p99_e2e_ms": 1229.207702279091
  },
  "average": {
    "count": 200,
    "avg_ttft_ms": 69.90488054230809,
    "avg_tpot_ms": 10.87519041352222,
    "avg_e2e_ms": 899.2233864963055,
    "p50_ttft_ms": 54.006876423954964,
    "p50_tpot_ms": 8.741781363443035,
    "p50_e2e_ms": 1027.2729769349098,
    "p99_ttft_ms": 325.2419672906398,
    "p99_tpot_ms": 35.63869638068061,
    "p99_e2e_ms": 2632.4910648912187
  },
  "throughput": {
    "requests_per_sec": 17.832128974417802,
    "tokens_per_sec": 1426.5703179534241
  },
  "success_rate": 100.0,
  "total_requests": 200,
  "failed_requests": 0,
  "duration_sec": 11.21571071445942,
  "timestamp": "2026-01-18T03:29:51.343274",
  "error": null
}