{
  "config": "4R",
  "workload": "small_long_gen",
  "qps": 0.5,
  "turn1": {
    "count": 5,
    "avg_ttft_ms": 32.144251465797424,
    "avg_tpot_ms": 7.83554621216819,
    "avg_e2e_ms": 1027.2586204111576,
    "p50_ttft_ms": 29.83023226261139,
    "p50_tpot_ms": 7.813150429819513,
    "p50_e2e_ms": 1032.5296185910702,
    "p99_ttft_ms": 41.42434522509575,
    "p99_tpot_ms": 7.950636107386567,
    "p99_e2e_ms": 1041.1402124166489
  },
  "turn2": {
    "count": 5,
    "avg_ttft_ms": 29.172255843877792,
    "avg_tpot_ms": 8.072474218336337,
    "avg_e2e_ms": 4154.206581413746,
    "p50_ttft_ms": 31.045623123645782,
    "p50_tpot_ms": 7.941463134760026,
    "p50_e2e_ms": 4083.434786647558,
    "p99_ttft_ms": 31.495851576328278,
    "p99_tpot_ms": 8.60951969505756,
    "p99_e2e_ms": 4426.189266592264
  },
  "average": {
    "count": 10,
    "avg_ttft_ms": 30.65825365483761,
    "avg_tpot_ms": 7.954010215252265,
    "avg_e2e_ms": 2590.7326009124517,
    "p50_ttft_ms": 30.437927693128586,
    "p50_tpot_ms": 7.924488832208044,
    "p50_e2e_ms": 2553.9640225470066,
    "p99_ttft_ms": 40.90775478631258,
    "p99_tpot_ms": 8.57579655420407,
    "p99_e2e_ms": 4409.181789569557
  },
  "throughput": {
    "requests_per_sec": 0.8524946144994286,
    "tokens_per_sec": 272.7982766398172
  },
  "success_rate": 100.0,
  "total_requests": 10,
  "failed_requests": 0,
  "duration_sec": 11.730279382318258,
  "timestamp": "2026-01-18T03:13:06.296915",
  "error": null
}