{
  "config": "4R",
  "workload": "small_mid_paste",
  "qps": 0.5,
  "turn1": {
    "count": 4,
    "avg_ttft_ms": 34.1112706810236,
    "avg_tpot_ms": 7.696602625523027,
    "avg_e2e_ms": 1011.579804122448,
    "p50_ttft_ms": 31.395604833960533,
    "p50_tpot_ms": 7.688653340020517,
    "p50_e2e_ms": 1013.8394981622696,
    "p99_ttft_ms": 46.13749176263809,
    "p99_tpot_ms": 7.756965199382756,
    "p99_e2e_ms": 1018.0690126493573
  },
  "turn2": {
    "count": 4,
    "avg_ttft_ms": 37.877933122217655,
    "avg_tpot_ms": 7.849474496666401,
    "avg_e2e_ms": 532.3948264122009,
    "p50_ttft_ms": 35.50604544579983,
    "p50_tpot_ms": 7.8144899259010945,
    "p50_e2e_ms": 526.5571549534798,
    "p99_ttft_ms": 47.9014627635479,
    "p99_tpot_ms": 7.9774691093535655,
    "p99_e2e_ms": 550.4095569998026
  },
  "average": {
    "count": 8,
    "avg_ttft_ms": 35.99460190162063,
    "avg_tpot_ms": 7.7730385610947135,
    "avg_e2e_ms": 771.9873152673244,
    "p50_ttft_ms": 34.30315665900707,
    "p50_tpot_ms": 7.7725540594694955,
    "p50_e2e_ms": 775.8042588829994,
    "p99_ttft_ms": 48.14946323633194,
    "p99_tpot_ms": 7.9712578606983975,
    "p99_e2e_ms": 1017.9246434941888
  },
  "throughput": {
    "requests_per_sec": 0.9697528136528678,
    "tokens_per_sec": 93.0962701106753
  },
  "success_rate": 100.0,
  "total_requests": 8,
  "failed_requests": 0,
  "duration_sec": 8.249524917453527,
  "timestamp": "2026-01-18T03:24:58.829038",
  "error": null
}