{
  "config": "4R",
  "workload": "small_very_long_gen",
  "qps": 20,
  "turn1": {
    "count": 184,
    "avg_ttft_ms": 11544.275099674807,
    "avg_tpot_ms": 9.963442446795975,
    "avg_e2e_ms": 12809.632290417896,
    "p50_ttft_ms": 8367.891632020473,
    "p50_tpot_ms": 9.148176715481938,
    "p50_e2e_ms": 9809.460336342454,
    "p99_ttft_ms": 26754.9495415017,
    "p99_tpot_ms": 13.90367546507458,
    "p99_e2e_ms": 27905.760652758177
  },
  "turn2": {
    "count": 184,
    "avg_ttft_ms": 113.75077884725255,
    "avg_tpot_ms": 9.87494542313361,
    "avg_e2e_ms": 10215.819946712936,
    "p50_ttft_ms": 39.71949592232704,
    "p50_tpot_ms": 9.262432982436838,
    "p50_e2e_ms": 9514.631409198046,
    "p99_ttft_ms": 76.47650033235541,
    "p99_tpot_ms": 12.85902331891822,
    "p99_e2e_ms": 13221.555914543569
  },
  "average": {
    "count": 368,
    "avg_ttft_ms": 5829.01293926103,
    "avg_tpot_ms": 9.919193934964794,
    "avg_e2e_ms": 11512.726118565415,
    "p50_ttft_ms": 47.371137887239456,
    "p50_tpot_ms": 9.225959553659138,
    "p50_e2e_ms": 9526.778617873788,
    "p99_ttft_ms": 26688.76094378531,
    "p99_tpot_ms": 13.745388171569568,
    "p99_e2e_ms": 27832.84816350788
  },
  "throughput": {
    "requests_per_sec": 7.4829110941129935,
    "tokens_per_sec": 4310.156790209084
  },
  "success_rate": 100.0,
  "total_requests": 368,
  "failed_requests": 0,
  "duration_sec": 49.17872140556574,
  "timestamp": "2026-01-18T03:20:46.086855",
  "error": null
}