{
  "config": "4R",
  "workload": "small_mid_bal",
  "qps": 20,
  "turn1": {
    "count": 200,
    "avg_ttft_ms": 282.0866722241044,
    "avg_tpot_ms": 9.940174330231244,
    "avg_e2e_ms": 1544.4888121634722,
    "p50_ttft_ms": 51.276639103889465,
    "p50_tpot_ms": 9.192485860952242,
    "p50_e2e_ms": 1504.4586528092623,
    "p99_ttft_ms": 977.0491467416285,
    "p99_tpot_ms": 14.841098570976198,
    "p99_e2e_ms": 2652.880501411855
  },
  "turn2": {
    "count": 200,
    "avg_ttft_ms": 46.53957461938262,
    "avg_tpot_ms": 9.925317548831382,
    "avg_e2e_ms": 1307.0549033209682,
    "p50_ttft_ms": 42.83323511481285,
    "p50_tpot_ms": 9.204398298005419,
    "p50_e2e_ms": 1211.5115746855736,
    "p99_ttft_ms": 99.72145877778529,
    "p99_tpot_ms": 14.80708269475717,
    "p99_e2e_ms": 1918.643313758075
  },
  "average": {
    "count": 400,
    "avg_ttft_ms": 164.3131234217435,
    "avg_tpot_ms": 9.932745939531312,
    "avg_e2e_ms": 1425.7718577422202,
    "p50_ttft_ms": 45.55145837366581,
    "p50_tpot_ms": 9.194682300912113,
    "p50_e2e_ms": 1231.8104803562164,
    "p99_ttft_ms": 939.9692346155642,
    "p99_tpot_ms": 14.839240899822844,
    "p99_e2e_ms": 2589.1134206205606
  },
  "throughput": {
    "requests_per_sec": 29.256128598619192,
    "tokens_per_sec": 3744.7844606232566
  },
  "success_rate": 100.0,
  "total_requests": 400,
  "failed_requests": 0,
  "duration_sec": 13.672348979860544,
  "timestamp": "2026-01-18T03:24:45.530193",
  "error": null
}