{
  "config": "4R",
  "workload": "small_mid_bal",
  "qps": 6,
  "turn1": {
    "count": 60,
    "avg_ttft_ms": 34.35890140632788,
    "avg_tpot_ms": 8.828644629499417,
    "avg_e2e_ms": 1155.5967693527539,
    "p50_ttft_ms": 33.5931945592165,
    "p50_tpot_ms": 8.353408763375807,
    "p50_e2e_ms": 1094.544755294919,
    "p99_ttft_ms": 50.965446420013876,
    "p99_tpot_ms": 11.122472461049012,
    "p99_e2e_ms": 1445.144302546978
  },
  "turn2": {
    "count": 60,
    "avg_ttft_ms": 36.546127001444496,
    "avg_tpot_ms": 8.86464394932109,
    "avg_e2e_ms": 1162.3559085652232,
    "p50_ttft_ms": 34.73004326224327,
    "p50_tpot_ms": 8.397458971837374,
    "p50_e2e_ms": 1103.1410843133926,
    "p99_ttft_ms": 49.67496328055858,
    "p99_tpot_ms": 11.246819505248013,
    "p99_e2e_ms": 1467.497134283185
  },
  "average": {
    "count": 120,
    "avg_ttft_ms": 35.45251420388619,
    "avg_tpot_ms": 8.846644289410255,
    "avg_e2e_ms": 1158.9763389589887,
    "p50_ttft_ms": 34.391649067401886,
    "p50_tpot_ms": 8.37120410846913,
    "p50_e2e_ms": 1100.5374565720558,
    "p99_ttft_ms": 50.79338781535626,
    "p99_tpot_ms": 11.21286046669239,
    "p99_e2e_ms": 1463.0817373469472
  },
  "throughput": {
    "requests_per_sec": 11.556613486693772,
    "tokens_per_sec": 1479.2465262968028
  },
  "success_rate": 100.0,
  "total_requests": 120,
  "failed_requests": 0,
  "duration_sec": 10.38366474211216,
  "timestamp": "2026-01-18T03:23:42.856170",
  "error": null
}