{
  "config": "4R",
  "workload": "small_mid_paste",
  "qps": 10,
  "turn1": {
    "count": 87,
    "avg_ttft_ms": 34.12078560768873,
    "avg_tpot_ms": 8.706298149587429,
    "avg_e2e_ms": 1139.8206506052923,
    "p50_ttft_ms": 32.39477425813675,
    "p50_tpot_ms": 8.423420358595886,
    "p50_e2e_ms": 1103.3347062766552,
    "p99_ttft_ms": 51.93271465599537,
    "p99_tpot_ms": 11.120873415094662,
    "p99_e2e_ms": 1445.8563029766083
  },
  "turn2": {
    "count": 87,
    "avg_ttft_ms": 42.79217175368605,
    "avg_tpot_ms": 8.895159423585095,
    "avg_e2e_ms": 603.1872154395471,
    "p50_ttft_ms": 39.9165078997612,
    "p50_tpot_ms": 8.46915514696212,
    "p50_e2e_ms": 575.2711445093155,
    "p99_ttft_ms": 69.78498496115208,
    "p99_tpot_ms": 11.948804623550838,
    "p99_e2e_ms": 823.6629990488291
  },
  "average": {
    "count": 174,
    "avg_ttft_ms": 38.45647868068739,
    "avg_tpot_ms": 8.800728786586262,
    "avg_e2e_ms": 871.5039330224196,
    "p50_ttft_ms": 36.42858937382698,
    "p50_tpot_ms": 8.436896379745136,
    "p50_e2e_ms": 941.3782171905041,
    "p99_ttft_ms": 68.84594183415174,
    "p99_tpot_ms": 11.513484957080989,
    "p99_e2e_ms": 1437.3123175278306
  },
  "throughput": {
    "requests_per_sec": 15.133218694693651,
    "tokens_per_sec": 1452.7889946905905
  },
  "success_rate": 100.0,
  "total_requests": 174,
  "failed_requests": 0,
  "duration_sec": 11.497884456068277,
  "timestamp": "2026-01-18T03:26:01.917827",
  "error": null
}