{
  "config": "4R",
  "workload": "small_tiny",
  "qps": 1,
  "turn1": {
    "count": 10,
    "avg_ttft_ms": 31.80520534515381,
    "avg_tpot_ms": 7.811650759943826,
    "avg_e2e_ms": 1023.8848518580198,
    "p50_ttft_ms": 27.94581837952137,
    "p50_tpot_ms": 7.755924866894098,
    "p50_e2e_ms": 1023.4540458768606,
    "p99_ttft_ms": 54.3369759619236,
    "p99_tpot_ms": 8.05117655369475,
    "p99_e2e_ms": 1048.3445392921567
  },
  "turn2": {
    "count": 10,
    "avg_ttft_ms": 30.407866835594177,
    "avg_tpot_ms": 7.875118188319668,
    "avg_e2e_ms": 274.5365306735039,
    "p50_ttft_ms": 27.761973440647125,
    "p50_tpot_ms": 7.842636577063992,
    "p50_e2e_ms": 272.3577003926039,
    "p99_ttft_ms": 43.64410258829594,
    "p99_tpot_ms": 8.158451890753161,
    "p99_e2e_ms": 293.0648633092642
  },
  "average": {
    "count": 20,
    "avg_ttft_ms": 31.106536090373993,
    "avg_tpot_ms": 7.843384474131748,
    "avg_e2e_ms": 649.2106912657619,
    "p50_ttft_ms": 27.78802067041397,
    "p50_tpot_ms": 7.813541699321039,
    "p50_e2e_ms": 649.5412047952414,
    "p99_ttft_ms": 53.5663417354226,
    "p99_tpot_ms": 8.150645426645069,
    "p99_e2e_ms": 1047.1415331587195
  },
  "throughput": {
    "requests_per_sec": 1.840931805285378,
    "tokens_per_sec": 147.27454442283025
  },
  "success_rate": 100.0,
  "total_requests": 20,
  "failed_requests": 0,
  "duration_sec": 10.86406348273158,
  "timestamp": "2026-01-18T03:09:04.098415",
  "error": null
}