{
  "config": "4R",
  "workload": "small_mid_bal",
  "qps": 8,
  "turn1": {
    "count": 80,
    "avg_ttft_ms": 36.57587864436209,
    "avg_tpot_ms": 9.203870957130638,
    "avg_e2e_ms": 1205.4674901999533,
    "p50_ttft_ms": 33.94436277449131,
    "p50_tpot_ms": 8.396670720943316,
    "p50_e2e_ms": 1100.834958255291,
    "p99_ttft_ms": 72.42122221738097,
    "p99_tpot_ms": 11.829106231315397,
    "p99_e2e_ms": 1553.8577393069863
  },
  "turn2": {
    "count": 80,
    "avg_ttft_ms": 37.26447355002165,
    "avg_tpot_ms": 9.213272185893508,
    "avg_e2e_ms": 1207.3500411584973,
    "p50_ttft_ms": 35.42551025748253,
    "p50_tpot_ms": 8.422034755935819,
    "p50_e2e_ms": 1108.7763383984566,
    "p99_ttft_ms": 64.06903821974991,
    "p99_tpot_ms": 12.061953561043175,
    "p99_e2e_ms": 1565.9795041382313
  },
  "average": {
    "count": 160,
    "avg_ttft_ms": 36.92017609719187,
    "avg_tpot_ms": 9.208571571512072,
    "avg_e2e_ms": 1206.4087656792253,
    "p50_ttft_ms": 34.74517725408077,
    "p50_tpot_ms": 8.4189469889393,
    "p50_e2e_ms": 1105.50725646317,
    "p99_ttft_ms": 68.09678729623555,
    "p99_tpot_ms": 12.036093606312914,
    "p99_e2e_ms": 1563.9705059677362
  },
  "throughput": {
    "requests_per_sec": 13.35395376097082,
    "tokens_per_sec": 1709.306081404265
  },
  "success_rate": 100.0,
  "total_requests": 160,
  "failed_requests": 0,
  "duration_sec": 11.981470271945,
  "timestamp": "2026-01-18T03:23:54.877566",
  "error": null
}