{
  "config": "1P_2D_1pD",
  "ppd_enabled": true,
  "qps": 4.0,
  "num_conversations": 500,
  "duration_sec": 166.83573599532247,
  "timestamp": "2026-01-21T23:34:15.431289",
  "turn1": {
    "count": 500,
    "avg_ttft_ms": 10688.111299403012,
    "avg_tpot_ms": 9.848310229246906,
    "avg_e2e_ms": 13603.610809333622,
    "p50_ttft_ms": 12466.661801561713,
    "p50_tpot_ms": 9.928291208148519,
    "p50_e2e_ms": 14173.767875880003,
    "p90_ttft_ms": 20226.635462790728,
    "p90_tpot_ms": 10.342295705688597,
    "p90_e2e_ms": 23933.176494017247,
    "p99_ttft_ms": 23434.18386798352,
    "p99_tpot_ms": 10.844284270416225,
    "p99_e2e_ms": 28431.634656265374
  },
  "turn2plus": {
    "count": 1704,
    "avg_ttft_ms": 104.38493360052576,
    "avg_tpot_ms": 9.86857938556683,
    "avg_e2e_ms": 3177.750033667495,
    "p50_ttft_ms": 104.12868484854698,
    "p50_tpot_ms": 9.928396733224137,
    "p50_e2e_ms": 2970.4451225697994,
    "p90_ttft_ms": 176.12847797572613,
    "p90_tpot_ms": 10.37651494926919,
    "p90_e2e_ms": 5902.534370869399,
    "p99_ttft_ms": 288.72116260230547,
    "p99_tpot_ms": 10.8730781678897,
    "p99_e2e_ms": 8831.620284691453
  },
  "all_turns": {
    "count": 2204,
    "avg_ttft_ms": 2505.4117860965525,
    "avg_tpot_ms": 9.863978638143257,
    "avg_e2e_ms": 5542.963458274148,
    "p50_ttft_ms": 113.73108066618443,
    "p50_tpot_ms": 9.928291208148519,
    "p50_e2e_ms": 3439.9429112672806,
    "p90_ttft_ms": 13950.918570905927,
    "p90_tpot_ms": 10.371972644325167,
    "p90_e2e_ms": 17007.67869949341,
    "p99_ttft_ms": 22375.256356224414,
    "p99_tpot_ms": 10.872109718620777,
    "p99_e2e_ms": 26016.147422455244
  },
  "throughput": {
    "conversations_per_sec": 2.9969598360750385,
    "requests_per_sec": 13.21059895741877,
    "tokens_per_sec": 4081.3018622046925
  },
  "success_rate": {
    "turns": 100.0,
    "conversations": 100.0
  },
  "counts": {
    "total_conversations": 500,
    "successful_conversations": 500,
    "total_turns": 2204,
    "turn1_count": 500,
    "turn2plus_count": 1704,
    "successful_turns": 2204
  },
  "slo_attainment": {
    "ttft_100ms": 0.45129107981220656,
    "ttft_200ms": 0.9366197183098591,
    "ttft_500ms": 1.0,
    "tpot_15ms": 1.0,
    "tpot_30ms": 1.0,
    "e2e_5000ms": 0.8268779342723005,
    "e2e_10000ms": 0.9964788732394366
  }
}