{
  "config": "1P_2D_1pD",
  "ppd_enabled": true,
  "qps": 8.0,
  "num_conversations": 500,
  "duration_sec": 160.99977934360504,
  "timestamp": "2026-01-21T23:36:56.782390",
  "turn1": {
    "count": 500,
    "avg_ttft_ms": 31345.881638094783,
    "avg_tpot_ms": 9.898265334074988,
    "avg_e2e_ms": 34285.78747589141,
    "p50_ttft_ms": 33665.20585305989,
    "p50_tpot_ms": 9.960162735654968,
    "p50_e2e_ms": 35504.87059354782,
    "p90_ttft_ms": 60117.021491751075,
    "p90_tpot_ms": 10.377001528167517,
    "p90_e2e_ms": 61861.48069538176,
    "p99_ttft_ms": 68161.25006537884,
    "p99_tpot_ms": 11.031894292339288,
    "p99_e2e_ms": 71659.8088756576
  },
  "turn2plus": {
    "count": 1704,
    "avg_ttft_ms": 113.78615750918087,
    "avg_tpot_ms": 9.946929683905639,
    "avg_e2e_ms": 3206.94610521311,
    "p50_ttft_ms": 106.25665821135044,
    "p50_tpot_ms": 9.985569684422295,
    "p50_e2e_ms": 2980.1844973117113,
    "p90_ttft_ms": 182.0224218070507,
    "p90_tpot_ms": 10.474263782805156,
    "p90_e2e_ms": 5950.9859174489975,
    "p99_ttft_ms": 266.36875107884407,
    "p99_tpot_ms": 11.074417272460824,
    "p99_e2e_ms": 8934.397982656958
  },
  "all_turns": {
    "count": 2204,
    "avg_ttft_ms": 7199.1072737944805,
    "avg_tpot_ms": 9.935883719358845,
    "avg_e2e_ms": 10257.499955185502,
    "p50_ttft_ms": 118.90444532036781,
    "p50_tpot_ms": 9.979697531145732,
    "p50_e2e_ms": 3575.3835793584585,
    "p90_ttft_ms": 36263.33808712661,
    "p90_tpot_ms": 10.462517900615017,
    "p90_e2e_ms": 39634.50835160912,
    "p99_ttft_ms": 65918.73334322125,
    "p99_tpot_ms": 11.074578746013934,
    "p99_e2e_ms": 68367.8963743895
  },
  "throughput": {
    "conversations_per_sec": 3.1055943184425248,
    "requests_per_sec": 13.68945975569465,
    "tokens_per_sec": 4229.241821175488
  },
  "success_rate": {
    "turns": 100.0,
    "conversations": 100.0
  },
  "counts": {
    "total_conversations": 500,
    "successful_conversations": 500,
    "total_turns": 2204,
    "turn1_count": 500,
    "turn2plus_count": 1704,
    "successful_turns": 2204
  },
  "slo_attainment": {
    "ttft_100ms": 0.43720657276995306,
    "ttft_200ms": 0.937206572769953,
    "ttft_500ms": 0.9994131455399061,
    "tpot_15ms": 0.9994103773584906,
    "tpot_30ms": 1.0,
    "e2e_5000ms": 0.8280516431924883,
    "e2e_10000ms": 0.9958920187793427
  }
}