{
  "config": "1P_1D_2pD",
  "ppd_enabled": true,
  "qps": 12.0,
  "num_conversations": 500,
  "duration_sec": 157.5879790224135,
  "timestamp": "2026-01-22T01:53:00.975359",
  "turn1": {
    "count": 500,
    "avg_ttft_ms": 40927.2781130299,
    "avg_tpot_ms": 9.822111243919638,
    "avg_e2e_ms": 43854.74510534108,
    "p50_ttft_ms": 42728.162141516805,
    "p50_tpot_ms": 9.852591469471594,
    "p50_e2e_ms": 44571.16019912064,
    "p90_ttft_ms": 79148.44875074924,
    "p90_tpot_ms": 10.244751660124644,
    "p90_e2e_ms": 80823.1938097626,
    "p99_ttft_ms": 88400.91997645795,
    "p99_tpot_ms": 10.880252198988428,
    "p99_e2e_ms": 91860.5523501709
  },
  "turn2plus": {
    "count": 1703,
    "avg_ttft_ms": 104.03215272447255,
    "avg_tpot_ms": 9.895864955723606,
    "avg_e2e_ms": 3179.0646932301665,
    "p50_ttft_ms": 50.940874963998795,
    "p50_tpot_ms": 9.864194095616973,
    "p50_e2e_ms": 2953.939724713564,
    "p90_ttft_ms": 130.36325871944427,
    "p90_tpot_ms": 10.362473445279258,
    "p90_e2e_ms": 5818.986000865698,
    "p99_ttft_ms": 210.10644435882574,
    "p99_tpot_ms": 10.873737106369411,
    "p99_e2e_ms": 8836.732682958245
  },
  "all_turns": {
    "count": 2203,
    "avg_ttft_ms": 9369.407994827383,
    "avg_tpot_ms": 9.879116506805056,
    "avg_e2e_ms": 12410.94858158943,
    "p50_ttft_ms": 59.39415097236633,
    "p50_tpot_ms": 9.862144546579357,
    "p50_e2e_ms": 3508.681293576956,
    "p90_ttft_ms": 45786.53973266482,
    "p90_tpot_ms": 10.3262078866624,
    "p90_e2e_ms": 49124.226851016276,
    "p99_ttft_ms": 85485.80901935697,
    "p99_tpot_ms": 10.873978234011691,
    "p99_e2e_ms": 87924.21955063939
  },
  "throughput": {
    "conversations_per_sec": 3.1728308409163986,
    "requests_per_sec": 13.985838346759486,
    "tokens_per_sec": 4318.197391840491
  },
  "success_rate": {
    "turns": 99.9546279491833,
    "conversations": 99.8
  },
  "counts": {
    "total_conversations": 500,
    "successful_conversations": 499,
    "total_turns": 2204,
    "turn1_count": 500,
    "turn2plus_count": 1704,
    "successful_turns": 2203
  },
  "slo_attainment": {
    "ttft_100ms": 0.7475044039929536,
    "ttft_200ms": 0.9859072225484439,
    "ttft_500ms": 0.9994128009395185,
    "tpot_15ms": 0.9994100294985251,
    "tpot_30ms": 1.0,
    "e2e_5000ms": 0.8326482677627716,
    "e2e_10000ms": 0.9964768056371109
  }
}