{
  "config": "1P_1D_2pD",
  "ppd_enabled": true,
  "qps": 2.0,
  "num_conversations": 500,
  "duration_sec": 284.4582666940987,
  "timestamp": "2026-01-22T01:44:59.184540",
  "turn1": {
    "count": 500,
    "avg_ttft_ms": 126.53004840761423,
    "avg_tpot_ms": 8.992072306169867,
    "avg_e2e_ms": 2783.850336968899,
    "p50_ttft_ms": 94.83201429247856,
    "p50_tpot_ms": 8.971632715824594,
    "p50_e2e_ms": 2623.8066647201777,
    "p90_ttft_ms": 151.72473229467872,
    "p90_tpot_ms": 9.530169768067994,
    "p90_e2e_ms": 5208.8981844484815,
    "p99_ttft_ms": 1109.2794245108937,
    "p99_tpot_ms": 9.96012298735768,
    "p99_e2e_ms": 8076.278723515567
  },
  "turn2plus": {
    "count": 1704,
    "avg_ttft_ms": 63.87000534674721,
    "avg_tpot_ms": 9.057784270762749,
    "avg_e2e_ms": 2880.9993529316266,
    "p50_ttft_ms": 43.45443472266197,
    "p50_tpot_ms": 9.029795062551774,
    "p50_e2e_ms": 2690.004926174879,
    "p90_ttft_ms": 116.86373054981232,
    "p90_tpot_ms": 9.577838429715445,
    "p90_e2e_ms": 5308.569838479161,
    "p99_ttft_ms": 178.83439019322398,
    "p99_tpot_ms": 9.895400848971995,
    "p99_e2e_ms": 8110.386124514043
  },
  "all_turns": {
    "count": 2204,
    "avg_ttft_ms": 78.08507863641759,
    "avg_tpot_ms": 9.042868792928994,
    "avg_e2e_ms": 2858.9601024863614,
    "p50_ttft_ms": 51.08802765607834,
    "p50_tpot_ms": 9.014210917729592,
    "p50_e2e_ms": 2674.4228340685368,
    "p90_ttft_ms": 124.60768446326256,
    "p90_tpot_ms": 9.567934889431413,
    "p90_e2e_ms": 5305.857818946242,
    "p99_ttft_ms": 191.29441369324914,
    "p99_tpot_ms": 9.913313916632744,
    "p99_e2e_ms": 8110.386124514041
  },
  "throughput": {
    "conversations_per_sec": 1.7577270852799332,
    "requests_per_sec": 7.748060991913945,
    "tokens_per_sec": 2393.697352913407
  },
  "success_rate": {
    "turns": 100.0,
    "conversations": 100.0
  },
  "counts": {
    "total_conversations": 500,
    "successful_conversations": 500,
    "total_turns": 2204,
    "turn1_count": 500,
    "turn2plus_count": 1704,
    "successful_turns": 2204
  },
  "slo_attainment": {
    "ttft_100ms": 0.8034037558685446,
    "ttft_200ms": 0.9970657276995305,
    "ttft_500ms": 0.9994131455399061,
    "tpot_15ms": 1.0,
    "tpot_30ms": 1.0,
    "e2e_5000ms": 0.8679577464788732,
    "e2e_10000ms": 0.9994131455399061
  }
}