{
  "config": "2P_2D",
  "ppd_enabled": false,
  "qps": 4.0,
  "num_conversations": 500,
  "duration_sec": 185.71445934474468,
  "timestamp": "2026-01-21T18:01:18.443397",
  "turn1": {
    "count": 500,
    "avg_ttft_ms": 4377.184487722814,
    "avg_tpot_ms": 10.777819479454744,
    "avg_e2e_ms": 7330.5419882163405,
    "p50_ttft_ms": 3468.462336808443,
    "p50_tpot_ms": 10.856722626034507,
    "p50_e2e_ms": 7243.641784414649,
    "p90_ttft_ms": 9906.204318627715,
    "p90_tpot_ms": 11.89455605036784,
    "p90_e2e_ms": 13894.561790674927,
    "p99_ttft_ms": 11156.051200032234,
    "p99_tpot_ms": 12.871876784733365,
    "p99_e2e_ms": 20617.95085400343
  },
  "turn2plus": {
    "count": 1556,
    "avg_ttft_ms": 165.80421365031393,
    "avg_tpot_ms": 10.821285223983763,
    "avg_e2e_ms": 3115.655932127759,
    "p50_ttft_ms": 128.6239642649889,
    "p50_tpot_ms": 10.842674137914882,
    "p50_e2e_ms": 2101.080611348152,
    "p90_ttft_ms": 201.5584632754326,
    "p90_tpot_ms": 11.785685052518232,
    "p90_e2e_ms": 7373.885268345475,
    "p99_ttft_ms": 295.842843875289,
    "p99_tpot_ms": 12.417215982727383,
    "p99_e2e_ms": 12459.745320305246
  },
  "all_turns": {
    "count": 2056,
    "avg_ttft_ms": 1189.9725682399296,
    "avg_tpot_ms": 10.810763501540428,
    "avg_e2e_ms": 4140.6768601648655,
    "p50_ttft_ms": 133.97414609789848,
    "p50_tpot_ms": 10.845730552472263,
    "p50_e2e_ms": 2760.1427752524614,
    "p90_ttft_ms": 6138.18090967834,
    "p90_tpot_ms": 11.811915941997677,
    "p90_e2e_ms": 9892.48663187027,
    "p99_ttft_ms": 10477.226107381284,
    "p99_tpot_ms": 12.546363093132381,
    "p99_e2e_ms": 17997.834565490484
  },
  "throughput": {
    "conversations_per_sec": 2.6923051751820903,
    "requests_per_sec": 11.070758880348755,
    "tokens_per_sec": 3038.788697396974
  },
  "success_rate": {
    "turns": 100.0,
    "conversations": 100.0
  },
  "counts": {
    "total_conversations": 500,
    "successful_conversations": 500,
    "total_turns": 2056,
    "turn1_count": 500,
    "turn2plus_count": 1556,
    "successful_turns": 2056
  },
  "slo_attainment": {
    "ttft_100ms": 0.10989717223650386,
    "ttft_200ms": 0.8958868894601543,
    "ttft_500ms": 0.9974293059125964,
    "tpot_15ms": 0.9993560849967804,
    "tpot_30ms": 1.0,
    "e2e_5000ms": 0.7949871465295629,
    "e2e_10000ms": 0.967866323907455
  }
}