{
  "config": "2P_2D",
  "ppd_enabled": false,
  "qps": 2.0,
  "num_conversations": 500,
  "duration_sec": 287.8090480156243,
  "timestamp": "2026-01-21T09:24:27.168448",
  "turn1": {
    "count": 500,
    "avg_ttft_ms": 123.93435074388981,
    "avg_tpot_ms": 9.544808739345747,
    "avg_e2e_ms": 2716.192632883787,
    "p50_ttft_ms": 102.6387345045805,
    "p50_tpot_ms": 9.536793507583493,
    "p50_e2e_ms": 1807.8259956091642,
    "p90_ttft_ms": 153.3134300261736,
    "p90_tpot_ms": 10.415085664575493,
    "p90_e2e_ms": 6515.877186879517,
    "p99_ttft_ms": 235.49582585692394,
    "p99_tpot_ms": 11.227630274187701,
    "p99_e2e_ms": 10645.445938855404
  },
  "turn2plus": {
    "count": 1554,
    "avg_ttft_ms": 124.94421381853338,
    "avg_tpot_ms": 9.583397719803251,
    "avg_e2e_ms": 2734.3192255889167,
    "p50_ttft_ms": 113.95203322172165,
    "p50_tpot_ms": 9.571096844436056,
    "p50_e2e_ms": 1829.5059502124786,
    "p90_ttft_ms": 171.94616794586182,
    "p90_tpot_ms": 10.446171238187521,
    "p90_e2e_ms": 6445.427319034935,
    "p99_ttft_ms": 219.7862482070923,
    "p99_tpot_ms": 11.01721541880017,
    "p99_e2e_ms": 10702.715705223382
  },
  "all_turns": {
    "count": 2054,
    "avg_ttft_ms": 124.69838541672142,
    "avg_tpot_ms": 9.574047385505782,
    "avg_e2e_ms": 2729.9067151933154,
    "p50_ttft_ms": 110.21719127893448,
    "p50_tpot_ms": 9.567308215000642,
    "p50_e2e_ms": 1823.7804602831602,
    "p90_ttft_ms": 169.5216678082943,
    "p90_tpot_ms": 10.442727735445999,
    "p90_e2e_ms": 6460.774473845959,
    "p99_ttft_ms": 225.2211213484407,
    "p99_tpot_ms": 11.037337846881405,
    "p99_e2e_ms": 10702.715705223382
  },
  "throughput": {
    "conversations_per_sec": 1.7372629646197104,
    "requests_per_sec": 7.14015078458701,
    "tokens_per_sec": 1956.3387735101144
  },
  "success_rate": {
    "turns": 99.95133819951339,
    "conversations": 99.8
  },
  "counts": {
    "total_conversations": 500,
    "successful_conversations": 499,
    "total_turns": 2055,
    "turn1_count": 500,
    "turn2plus_count": 1555,
    "successful_turns": 2054
  },
  "slo_attainment": {
    "ttft_100ms": 0.22072072072072071,
    "ttft_200ms": 0.9703989703989704,
    "ttft_500ms": 0.9993564993564994,
    "tpot_15ms": 1.0,
    "tpot_30ms": 1.0,
    "e2e_5000ms": 0.8359073359073359,
    "e2e_10000ms": 0.9813384813384813
  }
}