{
  "config": "4R",
  "ppd_enabled": false,
  "qps": 12.0,
  "num_conversations": 500,
  "duration_sec": 161.76897756010294,
  "timestamp": "2026-01-21T06:25:56.818089",
  "turn1": {
    "count": 500,
    "avg_ttft_ms": 44638.99495141208,
    "avg_tpot_ms": 10.32603099118772,
    "avg_e2e_ms": 47717.70667883009,
    "p50_ttft_ms": 46126.673970371485,
    "p50_tpot_ms": 9.29614273912233,
    "p50_e2e_ms": 49490.59742875397,
    "p90_ttft_ms": 84318.39878410102,
    "p90_tpot_ms": 13.78117970369681,
    "p90_e2e_ms": 86888.23851644994,
    "p99_ttft_ms": 93625.86787052453,
    "p99_tpot_ms": 16.738031129831164,
    "p99_e2e_ms": 96937.05166514961
  },
  "turn2plus": {
    "count": 1703,
    "avg_ttft_ms": 43.988475393387965,
    "avg_tpot_ms": 10.448980888435655,
    "avg_e2e_ms": 3289.2298382945924,
    "p50_ttft_ms": 42.76419058442116,
    "p50_tpot_ms": 9.336656506534096,
    "p50_e2e_ms": 2934.193644672632,
    "p90_ttft_ms": 56.44795522093773,
    "p90_tpot_ms": 14.173157991389589,
    "p90_e2e_ms": 6317.133285850286,
    "p99_ttft_ms": 77.47005879878998,
    "p99_tpot_ms": 16.593963005056874,
    "p99_e2e_ms": 10507.421719357373
  },
  "all_turns": {
    "count": 2203,
    "avg_ttft_ms": 10165.415274308207,
    "avg_tpot_ms": 10.421060665531199,
    "avg_e2e_ms": 13372.86053292362,
    "p50_ttft_ms": 45.17713934183121,
    "p50_tpot_ms": 9.328654971112849,
    "p50_e2e_ms": 3575.674384832382,
    "p90_ttft_ms": 51273.93055707216,
    "p90_tpot_ms": 14.10569888697692,
    "p90_e2e_ms": 55458.76219570636,
    "p99_ttft_ms": 90808.44881996512,
    "p99_tpot_ms": 16.663506457209586,
    "p99_e2e_ms": 93414.15993101895
  },
  "throughput": {
    "conversations_per_sec": 3.0908274722465388,
    "requests_per_sec": 13.624367497662742,
    "tokens_per_sec": 4204.829691448581
  },
  "success_rate": {
    "turns": 99.9546279491833,
    "conversations": 99.8
  },
  "counts": {
    "total_conversations": 500,
    "successful_conversations": 499,
    "total_turns": 2204,
    "turn1_count": 500,
    "turn2plus_count": 1704,
    "successful_turns": 2203
  },
  "slo_attainment": {
    "ttft_100ms": 0.9970640046975925,
    "ttft_200ms": 1.0,
    "ttft_500ms": 1.0,
    "tpot_15ms": 0.9474926253687316,
    "tpot_30ms": 1.0,
    "e2e_5000ms": 0.8032883147386964,
    "e2e_10000ms": 0.9859072225484439
  }
}