{
  "config": "2P_2D",
  "ppd_enabled": true,
  "qps": 8.0,
  "num_conversations": 500,
  "duration_sec": 162.4345988817513,
  "timestamp": "2026-01-21T20:55:33.687523",
  "turn1": {
    "count": 500,
    "avg_ttft_ms": 18370.165026403964,
    "avg_tpot_ms": 10.396051630943289,
    "avg_e2e_ms": 21274.82328861952,
    "p50_ttft_ms": 16827.97195762396,
    "p50_tpot_ms": 10.546873166594047,
    "p50_e2e_ms": 20588.73206935823,
    "p90_ttft_ms": 40809.99168232083,
    "p90_tpot_ms": 11.35396556768181,
    "p90_e2e_ms": 43475.010745599866,
    "p99_ttft_ms": 45507.01872579753,
    "p99_tpot_ms": 12.814448028802884,
    "p99_e2e_ms": 51931.19160797447
  },
  "turn2plus": {
    "count": 1556,
    "avg_ttft_ms": 131.77269395287593,
    "avg_tpot_ms": 10.475742473061775,
    "avg_e2e_ms": 3002.3902788576324,
    "p50_ttft_ms": 48.87104220688343,
    "p50_tpot_ms": 10.600668134597631,
    "p50_e2e_ms": 1940.8467561006546,
    "p90_ttft_ms": 65.1057343930006,
    "p90_tpot_ms": 11.347757915241178,
    "p90_e2e_ms": 7013.73515278101,
    "p99_ttft_ms": 95.88616937398912,
    "p99_tpot_ms": 11.872181319180108,
    "p99_e2e_ms": 12232.69821014258
  },
  "all_turns": {
    "count": 2056,
    "avg_ttft_ms": 4567.179389587868,
    "avg_tpot_ms": 10.456451766526502,
    "avg_e2e_ms": 7446.075349325017,
    "p50_ttft_ms": 51.726605743169785,
    "p50_tpot_ms": 10.590950268825502,
    "p50_e2e_ms": 2860.864579677582,
    "p90_ttft_ms": 23409.429950639606,
    "p90_tpot_ms": 11.349700332844051,
    "p90_e2e_ms": 26178.203152492642,
    "p99_ttft_ms": 43745.68621274084,
    "p99_tpot_ms": 11.952671468702714,
    "p99_e2e_ms": 47247.60069809854
  },
  "throughput": {
    "conversations_per_sec": 3.078161939895506,
    "requests_per_sec": 12.657401896850322,
    "tokens_per_sec": 3474.3029125884186
  },
  "success_rate": {
    "turns": 100.0,
    "conversations": 100.0
  },
  "counts": {
    "total_conversations": 500,
    "successful_conversations": 500,
    "total_turns": 2056,
    "turn1_count": 500,
    "turn2plus_count": 1556,
    "successful_turns": 2056
  },
  "slo_attainment": {
    "ttft_100ms": 0.9929305912596401,
    "ttft_200ms": 0.9967866323907455,
    "ttft_500ms": 0.9967866323907455,
    "tpot_15ms": 0.9993560849967804,
    "tpot_30ms": 1.0,
    "e2e_5000ms": 0.8155526992287918,
    "e2e_10000ms": 0.9723650385604113
  }
}