{
  "config": "2P_2D",
  "ppd_enabled": true,
  "qps": 4.0,
  "num_conversations": 500,
  "duration_sec": 180.01579216495156,
  "timestamp": "2026-01-21T20:52:50.722549",
  "turn1": {
    "count": 500,
    "avg_ttft_ms": 583.7680844515562,
    "avg_tpot_ms": 10.085550168809776,
    "avg_e2e_ms": 3333.9595629274845,
    "p50_ttft_ms": 44.032879173755646,
    "p50_tpot_ms": 10.30461909621016,
    "p50_e2e_ms": 2646.2842505425215,
    "p90_ttft_ms": 2593.3999434113503,
    "p90_tpot_ms": 11.012166257037872,
    "p90_e2e_ms": 7573.81215505302,
    "p99_ttft_ms": 3158.914197757839,
    "p99_tpot_ms": 11.689687317067929,
    "p99_e2e_ms": 12795.621565543113
  },
  "turn2plus": {
    "count": 1551,
    "avg_ttft_ms": 47.92806295273306,
    "avg_tpot_ms": 10.15044695265493,
    "avg_e2e_ms": 2807.208168238094,
    "p50_ttft_ms": 47.1574068069458,
    "p50_tpot_ms": 10.33617176615925,
    "p50_e2e_ms": 1839.9328030645847,
    "p90_ttft_ms": 61.60704419016838,
    "p90_tpot_ms": 11.021935556092345,
    "p90_e2e_ms": 6617.045346647501,
    "p99_ttft_ms": 80.96748404204845,
    "p99_tpot_ms": 11.570259316637697,
    "p99_e2e_ms": 11344.022337347269
  },
  "all_turns": {
    "count": 2051,
    "avg_ttft_ms": 178.55702967599564,
    "avg_tpot_ms": 10.134699005107377,
    "avg_e2e_ms": 2935.62147752366,
    "p50_ttft_ms": 46.45291715860367,
    "p50_tpot_ms": 10.32314947742131,
    "p50_e2e_ms": 2008.7453722953796,
    "p90_ttft_ms": 69.86675411462784,
    "p90_tpot_ms": 11.020699780395566,
    "p90_e2e_ms": 6944.242227822542,
    "p99_ttft_ms": 2899.470357224345,
    "p99_tpot_ms": 11.645670092918655,
    "p99_e2e_ms": 12059.193145483732
  },
  "throughput": {
    "conversations_per_sec": 2.7775340929080343,
    "requests_per_sec": 11.398999917294573,
    "tokens_per_sec": 3115.1378068328204
  },
  "success_rate": {
    "turns": 99.95126705653021,
    "conversations": 99.8
  },
  "counts": {
    "total_conversations": 500,
    "successful_conversations": 499,
    "total_turns": 2052,
    "turn1_count": 500,
    "turn2plus_count": 1552,
    "successful_turns": 2051
  },
  "slo_attainment": {
    "ttft_100ms": 0.9993552546744036,
    "ttft_200ms": 1.0,
    "ttft_500ms": 1.0,
    "tpot_15ms": 1.0,
    "tpot_30ms": 1.0,
    "e2e_5000ms": 0.8259187620889749,
    "e2e_10000ms": 0.9787234042553191
  }
}