{
  "config": "1P_2D_1pD",
  "ppd_enabled": false,
  "qps": 12.0,
  "num_conversations": 500,
  "duration_sec": 156.37573217600584,
  "timestamp": "2026-01-21T07:48:22.890132",
  "turn1": {
    "count": 500,
    "avg_ttft_ms": 27110.89268373698,
    "avg_tpot_ms": 9.94424349412388,
    "avg_e2e_ms": 29947.58814971149,
    "p50_ttft_ms": 25068.714572116733,
    "p50_tpot_ms": 10.055507580916649,
    "p50_e2e_ms": 28990.959368646145,
    "p90_ttft_ms": 57902.46220715344,
    "p90_tpot_ms": 10.64270017830648,
    "p90_e2e_ms": 59912.09879592062,
    "p99_ttft_ms": 64542.27533660829,
    "p99_tpot_ms": 11.297756992280489,
    "p99_e2e_ms": 68155.27644716203
  },
  "turn2plus": {
    "count": 1556,
    "avg_ttft_ms": 199.4693022470318,
    "avg_tpot_ms": 10.001970489011908,
    "avg_e2e_ms": 2925.973331337857,
    "p50_ttft_ms": 102.94357687234879,
    "p50_tpot_ms": 10.082598582567957,
    "p50_e2e_ms": 1916.5167715400457,
    "p90_ttft_ms": 201.7246875911951,
    "p90_tpot_ms": 10.646346567656456,
    "p90_e2e_ms": 6631.296515464783,
    "p99_ttft_ms": 325.2880690619352,
    "p99_tpot_ms": 11.255829117514871,
    "p99_e2e_ms": 11283.940033614641
  },
  "all_turns": {
    "count": 2056,
    "avg_ttft_ms": 6744.076155722214,
    "avg_tpot_ms": 9.987996555647115,
    "avg_e2e_ms": 9497.37771323806,
    "p50_ttft_ms": 119.3782277405262,
    "p50_tpot_ms": 10.076724497352059,
    "p50_e2e_ms": 2789.6372079849243,
    "p90_ttft_ms": 32609.510166570544,
    "p90_tpot_ms": 10.644900433137908,
    "p90_e2e_ms": 36215.7797627151,
    "p99_ttft_ms": 62094.10386029631,
    "p99_tpot_ms": 11.260956486066183,
    "p99_e2e_ms": 65183.92461389304
  },
  "throughput": {
    "conversations_per_sec": 3.1974270754315905,
    "requests_per_sec": 13.1478201341747,
    "tokens_per_sec": 3608.9167554771834
  },
  "success_rate": {
    "turns": 100.0,
    "conversations": 100.0
  },
  "counts": {
    "total_conversations": 500,
    "successful_conversations": 500,
    "total_turns": 2056,
    "turn1_count": 500,
    "turn2plus_count": 1556,
    "successful_turns": 2056
  },
  "slo_attainment": {
    "ttft_100ms": 0.4723650385604113,
    "ttft_200ms": 0.8978149100257069,
    "ttft_500ms": 0.9980719794344473,
    "tpot_15ms": 1.0,
    "tpot_30ms": 1.0,
    "e2e_5000ms": 0.8226221079691517,
    "e2e_10000ms": 0.9775064267352185
  }
}