{
  "config": "1R_2P_1pD",
  "workload": "large_mid_paste",
  "qps": 4,
  "turn1": {
    "count": 39,
    "avg_ttft_ms": 150.08905654152235,
    "avg_tpot_ms": 12.392521696901682,
    "avg_e2e_ms": 12827.638752471943,
    "p50_ttft_ms": 146.50104939937592,
    "p50_tpot_ms": 10.616440071067968,
    "p50_e2e_ms": 11006.440546363592,
    "p99_ttft_ms": 271.31382107734674,
    "p99_tpot_ms": 15.766723771176263,
    "p99_e2e_ms": 16282.089725062251
  },
  "turn2": {
    "count": 39,
    "avg_ttft_ms": 120.92725626933269,
    "avg_tpot_ms": 12.081162480195461,
    "avg_e2e_ms": 882.0404925216467,
    "p50_ttft_ms": 91.72280505299568,
    "p50_tpot_ms": 10.924037782445787,
    "p50_e2e_ms": 772.1536755561829,
    "p99_ttft_ms": 336.5609554201363,
    "p99_tpot_ms": 23.62343025940751,
    "p99_e2e_ms": 1706.2357076257465
  },
  "average": {
    "count": 78,
    "avg_ttft_ms": 135.5081564054275,
    "avg_tpot_ms": 12.23684208854857,
    "avg_e2e_ms": 6854.839622496795,
    "p50_ttft_ms": 135.45787893235683,
    "p50_tpot_ms": 10.64944098210352,
    "p50_e2e_ms": 5600.30472651124,
    "p99_ttft_ms": 308.2839265838268,
    "p99_tpot_ms": 23.29889583150073,
    "p99_e2e_ms": 16253.525665663183
  },
  "throughput": {
    "requests_per_sec": 3.0632280554304034,
    "tokens_per_sec": 1666.3960621541394
  },
  "success_rate": 100.0,
  "total_requests": 78,
  "failed_requests": 0,
  "duration_sec": 25.463334295898676,
  "timestamp": "2026-01-18T23:53:56.159263",
  "error": null
}