{
  "config": "1R_2P_1pD",
  "workload": "small_short_gen",
  "qps": 20,
  "turn1": {
    "count": 200,
    "avg_ttft_ms": 3760.5923777632415,
    "avg_tpot_ms": 11.918995108338088,
    "avg_e2e_ms": 5274.304756522179,
    "p50_ttft_ms": 3522.350573912263,
    "p50_tpot_ms": 12.027634571739068,
    "p50_e2e_ms": 5140.726003795862,
    "p99_ttft_ms": 8627.109159603715,
    "p99_tpot_ms": 16.43772749919591,
    "p99_e2e_ms": 10166.665856428443
  },
  "turn2": {
    "count": 200,
    "avg_ttft_ms": 55.58069275692105,
    "avg_tpot_ms": 11.978643114148985,
    "avg_e2e_ms": 3110.1346868649125,
    "p50_ttft_ms": 49.49745535850525,
    "p50_tpot_ms": 11.611326871549382,
    "p50_e2e_ms": 3015.4982432723045,
    "p99_ttft_ms": 131.38252150267343,
    "p99_tpot_ms": 15.920528013040038,
    "p99_e2e_ms": 4111.368194594979
  },
  "average": {
    "count": 400,
    "avg_ttft_ms": 1908.0865352600813,
    "avg_tpot_ms": 11.948819111243537,
    "avg_e2e_ms": 4192.219721693546,
    "p50_ttft_ms": 71.1156576871872,
    "p50_tpot_ms": 11.753550186461094,
    "p50_e2e_ms": 3731.6193394362926,
    "p99_ttft_ms": 8578.486083336174,
    "p99_tpot_ms": 16.38410911902668,
    "p99_e2e_ms": 10151.804829277098
  },
  "throughput": {
    "requests_per_sec": 17.592723757499954,
    "tokens_per_sec": 3377.802961439991
  },
  "success_rate": 100.0,
  "total_requests": 400,
  "failed_requests": 0,
  "duration_sec": 22.736672587692738,
  "timestamp": "2026-01-18T22:42:35.702263",
  "error": null
}