{
  "config": "1R_2P_1pD",
  "workload": "small_very_long_gen",
  "qps": 1,
  "turn1": {
    "count": 9,
    "avg_ttft_ms": 90.76555487182405,
    "avg_tpot_ms": 8.338822891132308,
    "avg_e2e_ms": 1149.7960620456272,
    "p50_ttft_ms": 98.0994813144207,
    "p50_tpot_ms": 8.265052225411408,
    "p50_e2e_ms": 1152.5781750679016,
    "p99_ttft_ms": 124.9401806294918,
    "p99_tpot_ms": 8.977524849373525,
    "p99_e2e_ms": 1193.6808077991009
  },
  "turn2": {
    "count": 9,
    "avg_ttft_ms": 46.038596994347046,
    "avg_tpot_ms": 8.624047644220294,
    "avg_e2e_ms": 8868.439337031708,
    "p50_ttft_ms": 34.094952046871185,
    "p50_tpot_ms": 8.50025084477832,
    "p50_e2e_ms": 8729.851566255093,
    "p99_ttft_ms": 96.58918529748917,
    "p99_tpot_ms": 9.663365219928187,
    "p99_e2e_ms": 9917.609293013811
  },
  "average": {
    "count": 18,
    "avg_ttft_ms": 68.40207593308554,
    "avg_tpot_ms": 8.481435267676302,
    "avg_e2e_ms": 5009.117699538668,
    "p50_ttft_ms": 66.9747143983841,
    "p50_tpot_ms": 8.433059983152098,
    "p50_e2e_ms": 4876.33516266942,
    "p99_ttft_ms": 124.23303030431269,
    "p99_tpot_ms": 9.632889810042075,
    "p99_e2e_ms": 9811.369324102996
  },
  "throughput": {
    "requests_per_sec": 1.0415720527079422,
    "tokens_per_sec": 599.9455023597748
  },
  "success_rate": 100.0,
  "total_requests": 18,
  "failed_requests": 0,
  "duration_sec": 17.28156967461109,
  "timestamp": "2026-01-18T22:46:43.619596",
  "error": null
}