{
  "config": "1R_2P_1pD",
  "workload": "small_long_gen",
  "qps": 6,
  "turn1": {
    "count": 60,
    "avg_ttft_ms": 72.42500086625417,
    "avg_tpot_ms": 10.816252863723935,
    "avg_e2e_ms": 1446.0891145591934,
    "p50_ttft_ms": 66.00107625126839,
    "p50_tpot_ms": 9.705020085446478,
    "p50_e2e_ms": 1313.05493414402,
    "p99_ttft_ms": 137.18229565769428,
    "p99_tpot_ms": 15.290305643804428,
    "p99_e2e_ms": 1990.8204916492105
  },
  "turn2": {
    "count": 60,
    "avg_ttft_ms": 50.70872294406096,
    "avg_tpot_ms": 11.371713014658532,
    "avg_e2e_ms": 5861.654073434572,
    "p50_ttft_ms": 44.90819573402405,
    "p50_tpot_ms": 12.051777250758589,
    "p50_e2e_ms": 6207.580840215087,
    "p99_ttft_ms": 117.5024829059839,
    "p99_tpot_ms": 14.080890332751428,
    "p99_e2e_ms": 7246.4766921103
  },
  "average": {
    "count": 120,
    "avg_ttft_ms": 61.566861905157566,
    "avg_tpot_ms": 11.093982939191232,
    "avg_e2e_ms": 3653.8715939968824,
    "p50_ttft_ms": 49.91882108151913,
    "p50_tpot_ms": 10.251690406264283,
    "p50_e2e_ms": 3210.302997380495,
    "p99_ttft_ms": 129.51505929231644,
    "p99_tpot_ms": 15.211344381838332,
    "p99_e2e_ms": 7236.7600902915
  },
  "throughput": {
    "requests_per_sec": 6.895139967815714,
    "tokens_per_sec": 2206.4447897010286
  },
  "success_rate": 100.0,
  "total_requests": 120,
  "failed_requests": 0,
  "duration_sec": 17.40356259047985,
  "timestamp": "2026-01-18T22:43:54.240983",
  "error": null
}