{
  "config": "1R_2P_1pD",
  "workload": "large_small_bal",
  "qps": 0.5,
  "turn1": {
    "count": 5,
    "avg_ttft_ms": 110.59016063809395,
    "avg_tpot_ms": 10.000804195568358,
    "avg_e2e_ms": 10341.412852704525,
    "p50_ttft_ms": 110.79799011349678,
    "p50_tpot_ms": 10.72256204072215,
    "p50_e2e_ms": 11073.424722999334,
    "p99_ttft_ms": 147.73586601018906,
    "p99_tpot_ms": 10.774528323030891,
    "p99_e2e_ms": 11133.24817031622
  },
  "turn2": {
    "count": 5,
    "avg_ttft_ms": 87.01687976717949,
    "avg_tpot_ms": 9.806689182444224,
    "avg_e2e_ms": 704.8382982611656,
    "p50_ttft_ms": 111.2809032201767,
    "p50_tpot_ms": 10.126744648293844,
    "p50_e2e_ms": 737.3345233500004,
    "p99_ttft_ms": 117.28115409612656,
    "p99_tpot_ms": 10.63030075459253,
    "p99_e2e_ms": 781.2350556254387
  },
  "average": {
    "count": 10,
    "avg_ttft_ms": 98.80352020263672,
    "avg_tpot_ms": 9.903746689006292,
    "avg_e2e_ms": 5523.125575482845,
    "p50_ttft_ms": 111.03944666683674,
    "p50_tpot_ms": 10.288762165203927,
    "p50_e2e_ms": 4487.81231045723,
    "p99_ttft_ms": 146.30509536713362,
    "p99_tpot_ms": 10.772612385473643,
    "p99_e2e_ms": 11131.422798372805
  },
  "throughput": {
    "requests_per_sec": 0.46629945059447775,
    "tokens_per_sec": 253.6669011233959
  },
  "success_rate": 100.0,
  "total_requests": 10,
  "failed_requests": 0,
  "duration_sec": 21.44544667005539,
  "timestamp": "2026-01-18T23:38:38.751341",
  "error": null
}