{
  "config": "1R_2P_1pD",
  "workload": "large_huge_paste",
  "qps": 10,
  "turn1": {
    "count": 100,
    "avg_ttft_ms": 6324.20988727361,
    "avg_tpot_ms": 16.431672535363298,
    "avg_e2e_ms": 23133.810890950263,
    "p50_ttft_ms": 3180.183941498399,
    "p50_tpot_ms": 18.465788210154976,
    "p50_e2e_ms": 23277.57362090051,
    "p99_ttft_ms": 18001.860138773918,
    "p99_tpot_ms": 24.334809862128218,
    "p99_e2e_ms": 37252.50319894403
  },
  "turn2": {
    "count": 100,
    "avg_ttft_ms": 266.3155845180154,
    "avg_tpot_ms": 18.691550250495634,
    "avg_e2e_ms": 845.75364228338,
    "p50_ttft_ms": 170.67920416593552,
    "p50_tpot_ms": 12.357294379222777,
    "p50_e2e_ms": 550.7897976785898,
    "p99_ttft_ms": 884.6447405964155,
    "p99_tpot_ms": 55.88128848061448,
    "p99_e2e_ms": 2073.520333878696
  },
  "average": {
    "count": 200,
    "avg_ttft_ms": 3295.2627358958125,
    "avg_tpot_ms": 17.561611392929468,
    "avg_e2e_ms": 11989.782266616821,
    "p50_ttft_ms": 208.66410993039608,
    "p50_tpot_ms": 12.513419493071495,
    "p50_e2e_ms": 6039.424369111657,
    "p99_ttft_ms": 17372.37316951155,
    "p99_tpot_ms": 48.82066618771316,
    "p99_e2e_ms": 37231.277783475816
  },
  "throughput": {
    "requests_per_sec": 4.200290583271423,
    "tokens_per_sec": 2217.7534279673114
  },
  "success_rate": 100.0,
  "total_requests": 200,
  "failed_requests": 0,
  "duration_sec": 47.61575325205922,
  "timestamp": "2026-01-19T00:09:59.222334",
  "error": null
}