{
  "config": "1R_2P_1pD",
  "workload": "large_big_paste",
  "qps": 20,
  "turn1": {
    "count": 200,
    "avg_ttft_ms": 27282.10101937875,
    "avg_tpot_ms": 17.947197987252842,
    "avg_e2e_ms": 45642.08456033841,
    "p50_ttft_ms": 26070.653032511473,
    "p50_tpot_ms": 20.088075180396892,
    "p50_e2e_ms": 46089.91955779493,
    "p99_ttft_ms": 62577.20493402332,
    "p99_tpot_ms": 29.444713697878903,
    "p99_e2e_ms": 81574.23589032143
  },
  "turn2": {
    "count": 200,
    "avg_ttft_ms": 1428.0903280712664,
    "avg_tpot_ms": 21.795012023713852,
    "avg_e2e_ms": 2801.176085565239,
    "p50_ttft_ms": 157.47691690921783,
    "p50_tpot_ms": 13.361215295772704,
    "p50_e2e_ms": 1032.2066377848387,
    "p99_ttft_ms": 45929.79859735817,
    "p99_tpot_ms": 68.42396803791554,
    "p99_e2e_ms": 48295.81648312509
  },
  "average": {
    "count": 400,
    "avg_ttft_ms": 14355.095673725009,
    "avg_tpot_ms": 19.871105005483347,
    "avg_e2e_ms": 24221.630322951823,
    "p50_ttft_ms": 537.2346322983503,
    "p50_tpot_ms": 14.567635864728974,
    "p50_e2e_ms": 11132.141137495637,
    "p99_ttft_ms": 62569.22296885401,
    "p99_tpot_ms": 62.65004003036117,
    "p99_e2e_ms": 81024.07045077533
  },
  "throughput": {
    "requests_per_sec": 4.333526917278758,
    "tokens_per_sec": 2357.4386429996443
  },
  "success_rate": 100.0,
  "total_requests": 400,
  "failed_requests": 0,
  "duration_sec": 92.30356881022453,
  "timestamp": "2026-01-19T00:06:25.897954",
  "error": null
}