{
  "config": "1R_2P_1pD",
  "workload": "large_long_gen",
  "qps": 0.5,
  "turn1": {
    "count": 4,
    "avg_ttft_ms": 105.1713703200221,
    "avg_tpot_ms": 9.661018626285554,
    "avg_e2e_ms": 9988.393425010145,
    "p50_ttft_ms": 110.94757169485092,
    "p50_tpot_ms": 10.22752088003902,
    "p50_e2e_ms": 10544.965786859393,
    "p99_ttft_ms": 139.9466659501195,
    "p99_tpot_ms": 10.58555570901722,
    "p99_e2e_ms": 10944.307457953691
  },
  "turn2": {
    "count": 4,
    "avg_ttft_ms": 89.7204764187336,
    "avg_tpot_ms": 9.699417828580405,
    "avg_e2e_ms": 5046.12298682332,
    "p50_ttft_ms": 102.18039527535439,
    "p50_tpot_ms": 10.440566225265336,
    "p50_e2e_ms": 5437.3097363859415,
    "p99_ttft_ms": 116.52316145598888,
    "p99_tpot_ms": 10.634848237722936,
    "p99_e2e_ms": 5550.785423181951
  },
  "average": {
    "count": 8,
    "avg_ttft_ms": 97.44592336937785,
    "avg_tpot_ms": 9.680218227432979,
    "avg_e2e_ms": 7517.258205916733,
    "p50_ttft_ms": 105.46728782355785,
    "p50_tpot_ms": 10.374147129500344,
    "p50_e2e_ms": 6733.334138989449,
    "p99_ttft_ms": 139.03424233198166,
    "p99_tpot_ms": 10.633620909883556,
    "p99_e2e_ms": 10937.628315836191
  },
  "throughput": {
    "requests_per_sec": 0.35121458287153784,
    "tokens_per_sec": 269.73279964534106
  },
  "success_rate": 100.0,
  "total_requests": 8,
  "failed_requests": 0,
  "duration_sec": 22.778097465634346,
  "timestamp": "2026-01-18T23:17:13.449259",
  "error": null
}