{
  "config": "1R_2P_1pD",
  "workload": "small_mid_bal",
  "qps": 20,
  "turn1": {
    "count": 185,
    "avg_ttft_ms": 979.5434873450447,
    "avg_tpot_ms": 13.012947754945927,
    "avg_e2e_ms": 2632.1878522231773,
    "p50_ttft_ms": 814.0056952834129,
    "p50_tpot_ms": 10.939880296235948,
    "p50_e2e_ms": 2431.259762495756,
    "p99_ttft_ms": 2840.50709605217,
    "p99_tpot_ms": 18.613952683416873,
    "p99_e2e_ms": 5125.402663052082
  },
  "turn2": {
    "count": 185,
    "avg_ttft_ms": 82.8767516524405,
    "avg_tpot_ms": 12.999684381679058,
    "avg_e2e_ms": 1733.836668125681,
    "p50_ttft_ms": 60.70840358734131,
    "p50_tpot_ms": 10.261784886985314,
    "p50_e2e_ms": 1423.2484251260757,
    "p99_ttft_ms": 208.29477414488773,
    "p99_tpot_ms": 19.324474234984617,
    "p99_e2e_ms": 2537.171932607889
  },
  "average": {
    "count": 370,
    "avg_ttft_ms": 531.2101194987426,
    "avg_tpot_ms": 13.006316068312493,
    "avg_e2e_ms": 2183.0122601744292,
    "p50_ttft_ms": 100.35435482859612,
    "p50_tpot_ms": 10.31141311634244,
    "p50_e2e_ms": 2090.48855304718,
    "p99_ttft_ms": 2819.2255613952875,
    "p99_tpot_ms": 19.33209829531082,
    "p99_e2e_ms": 5076.4140582457185
  },
  "throughput": {
    "requests_per_sec": 22.833355043895835,
    "tokens_per_sec": 2922.669445618667
  },
  "success_rate": 100.0,
  "total_requests": 370,
  "failed_requests": 0,
  "duration_sec": 16.20436415448785,
  "timestamp": "2026-01-18T22:55:58.028176",
  "error": null
}