{
  "config": "1R_2P_1pD",
  "workload": "small_mid_paste",
  "qps": 10,
  "turn1": {
    "count": 100,
    "avg_ttft_ms": 87.89875715970993,
    "avg_tpot_ms": 11.564777492303548,
    "avg_e2e_ms": 1556.6254986822605,
    "p50_ttft_ms": 95.06802819669247,
    "p50_tpot_ms": 9.998581672864635,
    "p50_e2e_ms": 1400.6482064723969,
    "p99_ttft_ms": 179.993878081441,
    "p99_tpot_ms": 19.26225573411138,
    "p99_e2e_ms": 2526.5505730360746
  },
  "turn2": {
    "count": 100,
    "avg_ttft_ms": 65.78673429787159,
    "avg_tpot_ms": 11.394279635260029,
    "avg_e2e_ms": 783.6263513192534,
    "p50_ttft_ms": 52.77056433260441,
    "p50_tpot_ms": 9.967567310446785,
    "p50_e2e_ms": 714.7545013576746,
    "p99_ttft_ms": 172.64861352741718,
    "p99_tpot_ms": 22.008618379514374,
    "p99_e2e_ms": 1466.6782294213776
  },
  "average": {
    "count": 200,
    "avg_ttft_ms": 76.84274572879076,
    "avg_tpot_ms": 11.479528563781788,
    "avg_e2e_ms": 1170.125925000757,
    "p50_ttft_ms": 61.658402904868126,
    "p50_tpot_ms": 9.990189752475484,
    "p50_e2e_ms": 1236.5434058010578,
    "p99_ttft_ms": 176.14580649882552,
    "p99_tpot_ms": 20.993223211003663,
    "p99_e2e_ms": 2509.1482527926564
  },
  "throughput": {
    "requests_per_sec": 17.579173258534375,
    "tokens_per_sec": 1687.6006328193
  },
  "success_rate": 100.0,
  "total_requests": 200,
  "failed_requests": 0,
  "duration_sec": 11.377099312841892,
  "timestamp": "2026-01-18T22:57:14.988969",
  "error": null
}