{
  "config": "1R_2P_1pD",
  "workload": "large_short_gen",
  "qps": 10,
  "turn1": {
    "count": 100,
    "avg_ttft_ms": 9007.10646983236,
    "avg_tpot_ms": 15.34237764823093,
    "avg_e2e_ms": 24702.358803972602,
    "p50_ttft_ms": 4345.318390056491,
    "p50_tpot_ms": 11.033096754029465,
    "p50_e2e_ms": 23142.891492694616,
    "p99_ttft_ms": 23338.782166577876,
    "p99_tpot_ms": 22.704867936729045,
    "p99_e2e_ms": 39157.94559545815
  },
  "turn2": {
    "count": 100,
    "avg_ttft_ms": 248.9537625387311,
    "avg_tpot_ms": 15.19660030130078,
    "avg_e2e_ms": 4124.0868393704295,
    "p50_ttft_ms": 113.85057307779789,
    "p50_tpot_ms": 11.686639261304164,
    "p50_e2e_ms": 3065.7177586108446,
    "p99_ttft_ms": 5358.657112419607,
    "p99_tpot_ms": 28.203294920570716,
    "p99_e2e_ms": 9203.030768334866
  },
  "average": {
    "count": 200,
    "avg_ttft_ms": 4628.030116185546,
    "avg_tpot_ms": 15.269488974765855,
    "avg_e2e_ms": 14413.222821671516,
    "p50_ttft_ms": 178.96641418337822,
    "p50_tpot_ms": 11.554699098947001,
    "p50_e2e_ms": 9709.145497530699,
    "p99_ttft_ms": 23209.254142679274,
    "p99_tpot_ms": 27.742664956871195,
    "p99_e2e_ms": 38834.21654224396
  },
  "throughput": {
    "requests_per_sec": 3.8946370294948673,
    "tokens_per_sec": 2492.567698876715
  },
  "success_rate": 100.0,
  "total_requests": 200,
  "failed_requests": 0,
  "duration_sec": 51.35266739502549,
  "timestamp": "2026-01-18T23:12:52.172332",
  "error": null
}