{
  "config": "1R_2P_1pD",
  "workload": "small_short_gen",
  "qps": 2,
  "turn1": {
    "count": 20,
    "avg_ttft_ms": 54.97204326093197,
    "avg_tpot_ms": 9.19978625955075,
    "avg_e2e_ms": 1223.344898223877,
    "p50_ttft_ms": 39.46279175579548,
    "p50_tpot_ms": 9.573769440331798,
    "p50_e2e_ms": 1249.8974855989218,
    "p99_ttft_ms": 110.11722311377525,
    "p99_tpot_ms": 10.173128065103151,
    "p99_e2e_ms": 1326.346365660429
  },
  "turn2": {
    "count": 20,
    "avg_ttft_ms": 44.98630203306675,
    "avg_tpot_ms": 9.21339653578459,
    "avg_e2e_ms": 2394.4024186581373,
    "p50_ttft_ms": 37.08326071500778,
    "p50_tpot_ms": 9.779286063184925,
    "p50_e2e_ms": 2528.7793800234795,
    "p99_ttft_ms": 112.24015545099971,
    "p99_tpot_ms": 9.965593569418964,
    "p99_e2e_ms": 2577.143104188144
  },
  "average": {
    "count": 40,
    "avg_ttft_ms": 49.97917264699936,
    "avg_tpot_ms": 9.206591397667669,
    "avg_e2e_ms": 1808.8736584410071,
    "p50_ttft_ms": 37.487441673874855,
    "p50_tpot_ms": 9.606193853762207,
    "p50_e2e_ms": 1688.8555027544498,
    "p99_ttft_ms": 114.58810605108738,
    "p99_tpot_ms": 10.160735443997101,
    "p99_e2e_ms": 2576.993321441114
  },
  "throughput": {
    "requests_per_sec": 3.49090028295296,
    "tokens_per_sec": 670.2528543269684
  },
  "success_rate": 100.0,
  "total_requests": 40,
  "failed_requests": 0,
  "duration_sec": 11.458362244069576,
  "timestamp": "2026-01-18T22:40:45.352290",
  "error": null
}