{
  "config": "1R_2P_1pD",
  "workload": "large_long_gen",
  "qps": 8,
  "turn1": {
    "count": 72,
    "avg_ttft_ms": 4010.2586204496524,
    "avg_tpot_ms": 16.827778360126956,
    "avg_e2e_ms": 21225.075882859528,
    "p50_ttft_ms": 163.86663913726807,
    "p50_tpot_ms": 20.061445028274406,
    "p50_e2e_ms": 22101.080747321248,
    "p99_ttft_ms": 21978.242586255074,
    "p99_tpot_ms": 25.167747357366782,
    "p99_e2e_ms": 40562.84756399691
  },
  "turn2": {
    "count": 72,
    "avg_ttft_ms": 145.53738825230135,
    "avg_tpot_ms": 17.77143173983309,
    "avg_e2e_ms": 9226.73900730701,
    "p50_ttft_ms": 132.28847831487656,
    "p50_tpot_ms": 14.996225258550531,
    "p50_e2e_ms": 7796.405203640461,
    "p99_ttft_ms": 429.8870898410681,
    "p99_tpot_ms": 29.1079504792296,
    "p99_e2e_ms": 15040.331974551082
  },
  "average": {
    "count": 144,
    "avg_ttft_ms": 2077.898004350977,
    "avg_tpot_ms": 17.299605049980023,
    "avg_e2e_ms": 15225.907445083269,
    "p50_ttft_ms": 150.76200477778912,
    "p50_tpot_ms": 18.15563063059851,
    "p50_e2e_ms": 12973.390702158213,
    "p99_ttft_ms": 20623.847084604182,
    "p99_tpot_ms": 28.973428567401232,
    "p99_e2e_ms": 39973.017782047384
  },
  "throughput": {
    "requests_per_sec": 2.5633306217036718,
    "tokens_per_sec": 1968.6379174684198
  },
  "success_rate": 100.0,
  "total_requests": 144,
  "failed_requests": 0,
  "duration_sec": 56.1769124828279,
  "timestamp": "2026-01-18T23:20:19.410592",
  "error": null
}