{
  "config": "1R_2P_1pD",
  "workload": "large_small_bal",
  "qps": 2,
  "turn1": {
    "count": 17,
    "avg_ttft_ms": 132.88851301459704,
    "avg_tpot_ms": 11.043560467598308,
    "avg_e2e_ms": 11430.450871367664,
    "p50_ttft_ms": 127.04488262534142,
    "p50_tpot_ms": 11.909108226599932,
    "p50_e2e_ms": 12270.74072882533,
    "p99_ttft_ms": 204.55515548586845,
    "p99_tpot_ms": 12.680273448150762,
    "p99_e2e_ms": 13111.199023425579
  },
  "turn2": {
    "count": 17,
    "avg_ttft_ms": 110.04018038511276,
    "avg_tpot_ms": 11.598664241122043,
    "avg_e2e_ms": 840.7560275758015,
    "p50_ttft_ms": 109.36307162046432,
    "p50_tpot_ms": 11.454845645598002,
    "p50_e2e_ms": 789.6520532667637,
    "p99_ttft_ms": 236.6880464553833,
    "p99_tpot_ms": 17.290209136785023,
    "p99_e2e_ms": 1197.5924667716026
  },
  "average": {
    "count": 34,
    "avg_ttft_ms": 121.4643466998549,
    "avg_tpot_ms": 11.321112354360176,
    "avg_e2e_ms": 6135.603449471733,
    "p50_ttft_ms": 119.74123865365982,
    "p50_tpot_ms": 11.842692696934572,
    "p50_e2e_ms": 5085.5956971645355,
    "p99_ttft_ms": 236.72149550169712,
    "p99_tpot_ms": 17.225749124255447,
    "p99_e2e_ms": 13108.871990926564
  },
  "throughput": {
    "requests_per_sec": 1.4749201639462721,
    "tokens_per_sec": 802.356569186772
  },
  "success_rate": 100.0,
  "total_requests": 34,
  "failed_requests": 0,
  "duration_sec": 23.05209517851472,
  "timestamp": "2026-01-18T23:39:21.181875",
  "error": null
}