{
  "config": "1R_2P_1pD",
  "workload": "large_long_gen",
  "qps": 6,
  "turn1": {
    "count": 58,
    "avg_ttft_ms": 1328.941755189464,
    "avg_tpot_ms": 14.085378426703473,
    "avg_e2e_ms": 15738.283885707115,
    "p50_ttft_ms": 147.47389778494835,
    "p50_tpot_ms": 11.740521423132655,
    "p50_e2e_ms": 17523.259406909347,
    "p99_ttft_ms": 9650.974349789321,
    "p99_tpot_ms": 18.726139176611444,
    "p99_e2e_ms": 26186.823657527566
  },
  "turn2": {
    "count": 58,
    "avg_ttft_ms": 122.8577849808438,
    "avg_tpot_ms": 13.205265179723932,
    "avg_e2e_ms": 6870.748291819774,
    "p50_ttft_ms": 101.08400508761406,
    "p50_tpot_ms": 11.891827821994013,
    "p50_e2e_ms": 6178.824290633202,
    "p99_ttft_ms": 288.4525627270341,
    "p99_tpot_ms": 20.177249453174507,
    "p99_e2e_ms": 10599.027033299208
  },
  "average": {
    "count": 116,
    "avg_ttft_ms": 725.8997700851539,
    "avg_tpot_ms": 13.645321803213701,
    "avg_e2e_ms": 11304.516088763445,
    "p50_ttft_ms": 138.58419470489025,
    "p50_tpot_ms": 11.774195857047452,
    "p50_e2e_ms": 10489.197246730328,
    "p99_ttft_ms": 9480.875192396337,
    "p99_tpot_ms": 20.1033722182805,
    "p99_e2e_ms": 26122.848088108003
  },
  "throughput": {
    "requests_per_sec": 2.7972673119811025,
    "tokens_per_sec": 2148.301295601487
  },
  "success_rate": 100.0,
  "total_requests": 116,
  "failed_requests": 0,
  "duration_sec": 41.46904355660081,
  "timestamp": "2026-01-18T23:19:23.198712",
  "error": null
}