{
  "config": "1R_2P_1pD",
  "workload": "small_huge_paste",
  "qps": 6,
  "turn1": {
    "count": 60,
    "avg_ttft_ms": 86.09262568255265,
    "avg_tpot_ms": 12.946615587636398,
    "avg_e2e_ms": 1730.3128053123753,
    "p50_ttft_ms": 87.88590133190155,
    "p50_tpot_ms": 11.790353276832835,
    "p50_e2e_ms": 1532.1936793625355,
    "p99_ttft_ms": 295.0417181476947,
    "p99_tpot_ms": 22.621525777430517,
    "p99_e2e_ms": 2911.3726141303778
  },
  "turn2": {
    "count": 60,
    "avg_ttft_ms": 140.64672303696474,
    "avg_tpot_ms": 13.204060731235375,
    "avg_e2e_ms": 549.9726057052612,
    "p50_ttft_ms": 115.4967974871397,
    "p50_tpot_ms": 10.38822627836658,
    "p50_e2e_ms": 441.63578003644943,
    "p99_ttft_ms": 393.21612566709496,
    "p99_tpot_ms": 29.241366490962033,
    "p99_e2e_ms": 1091.4196574687955
  },
  "average": {
    "count": 120,
    "avg_ttft_ms": 113.36967435975869,
    "avg_tpot_ms": 13.075338159435885,
    "avg_e2e_ms": 1140.1427055088182,
    "p50_ttft_ms": 93.01254339516163,
    "p50_tpot_ms": 10.69132124464358,
    "p50_e2e_ms": 1109.060162678361,
    "p99_ttft_ms": 365.7922800257802,
    "p99_tpot_ms": 27.678768952046674,
    "p99_e2e_ms": 2901.023766361177
  },
  "throughput": {
    "requests_per_sec": 10.519504522766946,
    "tokens_per_sec": 841.5603618213556
  },
  "success_rate": 100.0,
  "total_requests": 120,
  "failed_requests": 0,
  "duration_sec": 11.407381378114223,
  "timestamp": "2026-01-18T23:00:58.260976",
  "error": null
}