{
  "config": "1R_2P_1pD",
  "workload": "large_long_gen",
  "qps": 2,
  "turn1": {
    "count": 20,
    "avg_ttft_ms": 130.16835190355778,
    "avg_tpot_ms": 10.570908604027704,
    "avg_e2e_ms": 10944.2078538239,
    "p50_ttft_ms": 128.5387296229601,
    "p50_tpot_ms": 10.304508135378185,
    "p50_e2e_ms": 10694.85162012279,
    "p99_ttft_ms": 173.39153163135052,
    "p99_tpot_ms": 12.93482521332196,
    "p99_e2e_ms": 13348.111976087093
  },
  "turn2": {
    "count": 20,
    "avg_ttft_ms": 92.17824265360832,
    "avg_tpot_ms": 10.609522265420384,
    "avg_e2e_ms": 5513.644120283425,
    "p50_ttft_ms": 66.8664388358593,
    "p50_tpot_ms": 10.103387076502443,
    "p50_e2e_ms": 5216.9479336589575,
    "p99_ttft_ms": 201.01185701787466,
    "p99_tpot_ms": 13.257064473853536,
    "p99_e2e_ms": 6902.900794446468
  },
  "average": {
    "count": 40,
    "avg_ttft_ms": 111.17329727858305,
    "avg_tpot_ms": 10.590215434724046,
    "avg_e2e_ms": 8228.925987053663,
    "p50_ttft_ms": 114.85558189451694,
    "p50_tpot_ms": 10.103387076502443,
    "p50_e2e_ms": 7621.041851118207,
    "p99_ttft_ms": 196.4856848120689,
    "p99_tpot_ms": 13.250413008121711,
    "p99_e2e_ms": 13346.415043771267
  },
  "throughput": {
    "requests_per_sec": 1.4279638757330175,
    "tokens_per_sec": 1096.6762565629574
  },
  "success_rate": 100.0,
  "total_requests": 40,
  "failed_requests": 0,
  "duration_sec": 28.01191310212016,
  "timestamp": "2026-01-18T23:18:06.255322",
  "error": null
}