{
  "config": "1R_2P_1pD",
  "workload": "small_tiny",
  "qps": 4,
  "turn1": {
    "count": 28,
    "avg_ttft_ms": 70.92953978904656,
    "avg_tpot_ms": 8.374343663915003,
    "avg_e2e_ms": 1134.4711851062518,
    "p50_ttft_ms": 83.11011455953121,
    "p50_tpot_ms": 8.26962724856035,
    "p50_e2e_ms": 1136.910606175661,
    "p99_ttft_ms": 130.63192438334227,
    "p99_tpot_ms": 9.03378612383848,
    "p99_e2e_ms": 1181.2314305081964
  },
  "turn2": {
    "count": 28,
    "avg_ttft_ms": 32.92466859732355,
    "avg_tpot_ms": 8.4327440408449,
    "avg_e2e_ms": 294.3397338635155,
    "p50_ttft_ms": 30.15691414475441,
    "p50_tpot_ms": 8.276402770030884,
    "p50_e2e_ms": 288.229089230299,
    "p99_ttft_ms": 85.55086784064773,
    "p99_tpot_ms": 9.11650353622052,
    "p99_e2e_ms": 345.1963550597429
  },
  "average": {
    "count": 56,
    "avg_ttft_ms": 51.92710419318506,
    "avg_tpot_ms": 8.403543852379952,
    "avg_e2e_ms": 714.4054594848837,
    "p50_ttft_ms": 33.31521898508072,
    "p50_tpot_ms": 8.26976630777113,
    "p50_e2e_ms": 704.341234639287,
    "p99_ttft_ms": 125.69950278848415,
    "p99_tpot_ms": 9.115490401464124,
    "p99_e2e_ms": 1181.2277244403958
  },
  "throughput": {
    "requests_per_sec": 5.0941619489327,
    "tokens_per_sec": 407.532955914616
  },
  "success_rate": 100.0,
  "total_requests": 56,
  "failed_requests": 0,
  "duration_sec": 10.992975991219282,
  "timestamp": "2026-01-18T22:39:00.064494",
  "error": null
}