{
  "config": "1R_2P_1pD",
  "workload": "large_small_bal",
  "qps": 12,
  "turn1": {
    "count": 120,
    "avg_ttft_ms": 9830.166427729031,
    "avg_tpot_ms": 16.90719985797924,
    "avg_e2e_ms": 27126.23188244179,
    "p50_ttft_ms": 8340.105425566435,
    "p50_tpot_ms": 20.409934204490536,
    "p50_e2e_ms": 26296.98485508561,
    "p99_ttft_ms": 27689.75937269628,
    "p99_tpot_ms": 25.88508059675801,
    "p99_e2e_ms": 46659.3320903182
  },
  "turn2": {
    "count": 120,
    "avg_ttft_ms": 282.34104784205556,
    "avg_tpot_ms": 18.972030507706148,
    "avg_e2e_ms": 1477.5789698275428,
    "p50_ttft_ms": 131.49166107177734,
    "p50_tpot_ms": 14.441563053027032,
    "p50_e2e_ms": 1077.3023758083582,
    "p99_ttft_ms": 644.3537829071283,
    "p99_tpot_ms": 44.059411540982275,
    "p99_e2e_ms": 3030.138924308121
  },
  "average": {
    "count": 240,
    "avg_ttft_ms": 5056.253737785543,
    "avg_tpot_ms": 17.939615182842694,
    "avg_e2e_ms": 14301.905426134666,
    "p50_ttft_ms": 165.96908494830132,
    "p50_tpot_ms": 17.989539351467425,
    "p50_e2e_ms": 10652.563463896513,
    "p99_ttft_ms": 27500.73528844863,
    "p99_tpot_ms": 42.21822463862949,
    "p99_e2e_ms": 46430.56532360613
  },
  "throughput": {
    "requests_per_sec": 4.226655445144401,
    "tokens_per_sec": 2299.3005621585544
  },
  "success_rate": 100.0,
  "total_requests": 240,
  "failed_requests": 0,
  "duration_sec": 56.78248513862491,
  "timestamp": "2026-01-18T23:42:35.920593",
  "error": null
}