{
  "config": "1R_2P_1pD",
  "workload": "small_long_gen",
  "qps": 10,
  "turn1": {
    "count": 95,
    "avg_ttft_ms": 848.8828740229732,
    "avg_tpot_ms": 10.790088657294378,
    "avg_e2e_ms": 2219.2241334993587,
    "p50_ttft_ms": 120.71697413921356,
    "p50_tpot_ms": 9.54227865211607,
    "p50_e2e_ms": 1637.33571767807,
    "p99_ttft_ms": 2797.6556948572397,
    "p99_tpot_ms": 15.886057920343296,
    "p99_e2e_ms": 4364.688160270453
  },
  "turn2": {
    "count": 95,
    "avg_ttft_ms": 48.73222673409864,
    "avg_tpot_ms": 11.270069437444315,
    "avg_e2e_ms": 5807.737709268144,
    "p50_ttft_ms": 40.859054774045944,
    "p50_tpot_ms": 9.441368172488334,
    "p50_e2e_ms": 4925.7259555161,
    "p99_ttft_ms": 111.35939903557305,
    "p99_tpot_ms": 14.26412599004528,
    "p99_e2e_ms": 7336.055632159114
  },
  "average": {
    "count": 190,
    "avg_ttft_ms": 448.80755037853595,
    "avg_tpot_ms": 11.030079047369346,
    "avg_e2e_ms": 4013.480921383751,
    "p50_ttft_ms": 56.588489562273026,
    "p50_tpot_ms": 9.515720705582401,
    "p50_e2e_ms": 4492.117399349809,
    "p99_ttft_ms": 2782.859779857099,
    "p99_tpot_ms": 15.701630843260624,
    "p99_e2e_ms": 7334.676437675953
  },
  "throughput": {
    "requests_per_sec": 9.292127568706679,
    "tokens_per_sec": 2973.480821986137
  },
  "success_rate": 100.0,
  "total_requests": 190,
  "failed_requests": 0,
  "duration_sec": 20.447416223585606,
  "timestamp": "2026-01-18T22:44:34.263620",
  "error": null
}