{
  "config": "1R_2P_1pD",
  "workload": "large_huge_paste",
  "qps": 1,
  "turn1": {
    "count": 8,
    "avg_ttft_ms": 124.76970627903938,
    "avg_tpot_ms": 10.299316842749876,
    "avg_e2e_ms": 10660.970836412162,
    "p50_ttft_ms": 123.51534143090248,
    "p50_tpot_ms": 11.173942210999403,
    "p50_e2e_ms": 11571.00274413824,
    "p99_ttft_ms": 155.9951613098383,
    "p99_tpot_ms": 11.417574448654845,
    "p99_e2e_ms": 11809.185822568834
  },
  "turn2": {
    "count": 8,
    "avg_ttft_ms": 168.75452315434813,
    "avg_tpot_ms": 9.564479121998433,
    "avg_e2e_ms": 465.25337593629956,
    "p50_ttft_ms": 190.66139124333858,
    "p50_tpot_ms": 9.90474019800463,
    "p50_e2e_ms": 520.3492902219296,
    "p99_ttft_ms": 232.56450936198235,
    "p99_tpot_ms": 12.30818640921385,
    "p99_e2e_ms": 555.4624762013555
  },
  "average": {
    "count": 16,
    "avg_ttft_ms": 146.76211471669376,
    "avg_tpot_ms": 9.931897982374153,
    "avg_e2e_ms": 5563.112106174231,
    "p50_ttft_ms": 132.31145776808262,
    "p50_tpot_ms": 10.594263714706326,
    "p50_e2e_ms": 4244.875341653824,
    "p99_ttft_ms": 232.31432363390923,
    "p99_tpot_ms": 12.261806238890568,
    "p99_e2e_ms": 11807.79100265354
  },
  "throughput": {
    "requests_per_sec": 0.7944435265155575,
    "tokens_per_sec": 419.46618200021436
  },
  "success_rate": 100.0,
  "total_requests": 16,
  "failed_requests": 0,
  "duration_sec": 20.139883410185575,
  "timestamp": "2026-01-19T00:07:06.790516",
  "error": null
}