{
  "config": "1R_2P_1pD",
  "workload": "small_short_gen",
  "qps": 8,
  "turn1": {
    "count": 80,
    "avg_ttft_ms": 73.0894198641181,
    "avg_tpot_ms": 10.747183041691077,
    "avg_e2e_ms": 1437.9816661588848,
    "p50_ttft_ms": 65.09602628648281,
    "p50_tpot_ms": 10.531068669529411,
    "p50_e2e_ms": 1380.8920979499817,
    "p99_ttft_ms": 152.13755588978518,
    "p99_tpot_ms": 14.557033669878178,
    "p99_e2e_ms": 1910.1091030985117
  },
  "turn2": {
    "count": 80,
    "avg_ttft_ms": 48.5130843706429,
    "avg_tpot_ms": 10.917511198523583,
    "avg_e2e_ms": 2832.4784399941564,
    "p50_ttft_ms": 45.16214691102505,
    "p50_tpot_ms": 11.700989941463751,
    "p50_e2e_ms": 3034.4788432121277,
    "p99_ttft_ms": 110.07568649947636,
    "p99_tpot_ms": 13.251589400218982,
    "p99_e2e_ms": 3430.7739762961864
  },
  "average": {
    "count": 160,
    "avg_ttft_ms": 60.8012521173805,
    "avg_tpot_ms": 10.832347120107329,
    "avg_e2e_ms": 2135.2300530765206,
    "p50_ttft_ms": 47.7088987827301,
    "p50_tpot_ms": 10.981370216491175,
    "p50_e2e_ms": 2052.7218859642744,
    "p99_ttft_ms": 140.98717954009769,
    "p99_tpot_ms": 14.552030128346184,
    "p99_e2e_ms": 3427.578391805291
  },
  "throughput": {
    "requests_per_sec": 11.713330809716311,
    "tokens_per_sec": 2248.9595154655317
  },
  "success_rate": 100.0,
  "total_requests": 160,
  "failed_requests": 0,
  "duration_sec": 13.659650068730116,
  "timestamp": "2026-01-18T22:41:26.330486",
  "error": null
}