{
  "config": "1R_2P_1pD",
  "workload": "large_huge_paste",
  "qps": 12,
  "turn1": {
    "count": 114,
    "avg_ttft_ms": 9097.981844097376,
    "avg_tpot_ms": 17.787356537653626,
    "avg_e2e_ms": 27294.447582117038,
    "p50_ttft_ms": 7892.229374498129,
    "p50_tpot_ms": 21.530799276376634,
    "p50_e2e_ms": 26434.20705012977,
    "p99_ttft_ms": 24866.744762398303,
    "p99_tpot_ms": 27.421918778315202,
    "p99_e2e_ms": 44766.20395645499
  },
  "turn2": {
    "count": 114,
    "avg_ttft_ms": 440.4135973503192,
    "avg_tpot_ms": 18.9283306488528,
    "avg_e2e_ms": 1027.191847464756,
    "p50_ttft_ms": 180.13138324022293,
    "p50_tpot_ms": 12.789948092352958,
    "p50_e2e_ms": 592.9777324199677,
    "p99_ttft_ms": 6164.0976404771445,
    "p99_tpot_ms": 62.22236883135582,
    "p99_e2e_ms": 6531.812905818245
  },
  "average": {
    "count": 228,
    "avg_ttft_ms": 4769.197720723848,
    "avg_tpot_ms": 18.35784359325321,
    "avg_e2e_ms": 14160.819714790896,
    "p50_ttft_ms": 257.43681378662586,
    "p50_tpot_ms": 14.089989986631178,
    "p50_e2e_ms": 9179.033033549786,
    "p99_ttft_ms": 24699.03652723878,
    "p99_tpot_ms": 44.88680854559905,
    "p99_e2e_ms": 44085.73148932308
  },
  "throughput": {
    "requests_per_sec": 4.06588525502654,
    "tokens_per_sec": 2146.787414654013
  },
  "success_rate": 100.0,
  "total_requests": 228,
  "failed_requests": 0,
  "duration_sec": 56.07634886354208,
  "timestamp": "2026-01-19T00:10:55.341355",
  "error": null
}