{
  "config": "1R_2P_1pD",
  "workload": "small_huge_paste",
  "qps": 16,
  "turn1": {
    "count": 149,
    "avg_ttft_ms": 518.2956265873157,
    "avg_tpot_ms": 21.664928484056247,
    "avg_e2e_ms": 3269.741544062459,
    "p50_ttft_ms": 193.26845929026604,
    "p50_tpot_ms": 11.797252045137675,
    "p50_e2e_ms": 2470.61313316226,
    "p99_ttft_ms": 1714.3074345588684,
    "p99_tpot_ms": 43.43345581194547,
    "p99_e2e_ms": 6245.008091330528
  },
  "turn2": {
    "count": 149,
    "avg_ttft_ms": 225.2971932492,
    "avg_tpot_ms": 24.836987252971213,
    "avg_e2e_ms": 995.2437980913076,
    "p50_ttft_ms": 144.8996402323246,
    "p50_tpot_ms": 12.850654942374076,
    "p50_e2e_ms": 584.511537104845,
    "p99_ttft_ms": 823.3962386846548,
    "p99_tpot_ms": 77.00527514661515,
    "p99_e2e_ms": 2570.831782966852
  },
  "average": {
    "count": 298,
    "avg_ttft_ms": 371.79640991825784,
    "avg_tpot_ms": 23.25095786851373,
    "avg_e2e_ms": 2132.492671076883,
    "p50_ttft_ms": 154.43613193929195,
    "p50_tpot_ms": 12.47843811825459,
    "p50_e2e_ms": 1590.5713438987732,
    "p99_ttft_ms": 1640.3905845805982,
    "p99_tpot_ms": 67.66318950802065,
    "p99_e2e_ms": 6212.721421457826
  },
  "throughput": {
    "requests_per_sec": 18.598897108725627,
    "tokens_per_sec": 1487.91176869805
  },
  "success_rate": 100.0,
  "total_requests": 298,
  "failed_requests": 0,
  "duration_sec": 16.02245543152094,
  "timestamp": "2026-01-18T23:01:53.539537",
  "error": null
}