{
  "config": "1R_2P_1pD",
  "workload": "large_very_long_gen",
  "qps": 20,
  "turn1": {
    "count": 186,
    "avg_ttft_ms": 46045.45006666693,
    "avg_tpot_ms": 15.71897591217605,
    "avg_e2e_ms": 62125.96242482303,
    "p50_ttft_ms": 47338.224368169904,
    "p50_tpot_ms": 11.139901107284564,
    "p50_e2e_ms": 64876.02753005922,
    "p99_ttft_ms": 108922.51949831843,
    "p99_tpot_ms": 27.454253213838804,
    "p99_e2e_ms": 118847.12566509843
  },
  "turn2": {
    "count": 186,
    "avg_ttft_ms": 267.626398333138,
    "avg_tpot_ms": 16.85853150648317,
    "avg_e2e_ms": 17513.90412946542,
    "p50_ttft_ms": 160.98504699766636,
    "p50_tpot_ms": 11.324107985604893,
    "p50_e2e_ms": 11678.630143404007,
    "p99_ttft_ms": 1136.765162087977,
    "p99_tpot_ms": 28.455981535004963,
    "p99_e2e_ms": 29415.17153251916
  },
  "average": {
    "count": 372,
    "avg_ttft_ms": 23156.538232500036,
    "avg_tpot_ms": 16.28875370932961,
    "avg_e2e_ms": 39819.93327714423,
    "p50_ttft_ms": 523.1270715594292,
    "p50_tpot_ms": 11.274216050247526,
    "p50_e2e_ms": 23139.57806304097,
    "p99_ttft_ms": 108166.82770248502,
    "p99_tpot_ms": 28.325300221882202,
    "p99_e2e_ms": 118202.94698309153
  },
  "throughput": {
    "requests_per_sec": 2.590806517784307,
    "tokens_per_sec": 2652.9858742111305
  },
  "success_rate": 97.63779527559055,
  "total_requests": 381,
  "failed_requests": 9,
  "duration_sec": 143.58463183045387,
  "timestamp": "2026-01-18T23:38:12.251828",
  "error": "Timeout"
}