{
  "config": "1R_2P_1pD",
  "workload": "small_mid_bal",
  "qps": 6,
  "turn1": {
    "count": 53,
    "avg_ttft_ms": 74.77381628639293,
    "avg_tpot_ms": 10.034784259001475,
    "avg_e2e_ms": 1349.19141717958,
    "p50_ttft_ms": 82.24646002054214,
    "p50_tpot_ms": 9.17917272941334,
    "p50_e2e_ms": 1269.7231285274029,
    "p99_ttft_ms": 152.93930813670156,
    "p99_tpot_ms": 12.83151621541639,
    "p99_e2e_ms": 1668.8956905901432
  },
  "turn2": {
    "count": 53,
    "avg_ttft_ms": 61.56934530667539,
    "avg_tpot_ms": 9.912992204268148,
    "avg_e2e_ms": 1320.51935524873,
    "p50_ttft_ms": 46.435028314590454,
    "p50_tpot_ms": 9.27618591804204,
    "p50_e2e_ms": 1321.7616565525532,
    "p99_ttft_ms": 181.6888749599456,
    "p99_tpot_ms": 12.52839445598482,
    "p99_e2e_ms": 1642.9588948190212
  },
  "average": {
    "count": 106,
    "avg_ttft_ms": 68.17158079653416,
    "avg_tpot_ms": 9.97388823163481,
    "avg_e2e_ms": 1334.855386214155,
    "p50_ttft_ms": 53.87507937848568,
    "p50_tpot_ms": 9.27472312560701,
    "p50_e2e_ms": 1280.8179054409266,
    "p99_ttft_ms": 168.314447067678,
    "p99_tpot_ms": 12.786342275482932,
    "p99_e2e_ms": 1667.1137234196067
  },
  "throughput": {
    "requests_per_sec": 8.35165958337029,
    "tokens_per_sec": 1069.0124266713972
  },
  "success_rate": 100.0,
  "total_requests": 106,
  "failed_requests": 0,
  "duration_sec": 12.692088194191456,
  "timestamp": "2026-01-18T22:54:48.475946",
  "error": null
}