{
  "config": "1R_2P_1pD",
  "workload": "small_short_gen",
  "qps": 12,
  "turn1": {
    "count": 93,
    "avg_ttft_ms": 81.934335010667,
    "avg_tpot_ms": 11.49232872887082,
    "avg_e2e_ms": 1541.4600835772612,
    "p50_ttft_ms": 71.56401127576828,
    "p50_tpot_ms": 12.048667780761644,
    "p50_e2e_ms": 1564.6061152219772,
    "p99_ttft_ms": 179.7997988760471,
    "p99_tpot_ms": 14.979189803281168,
    "p99_e2e_ms": 2011.190266609192
  },
  "turn2": {
    "count": 93,
    "avg_ttft_ms": 50.54163067571579,
    "avg_tpot_ms": 11.31126509279157,
    "avg_e2e_ms": 2934.9142293375667,
    "p50_ttft_ms": 44.976234436035156,
    "p50_tpot_ms": 10.92040915699566,
    "p50_e2e_ms": 2824.035905301571,
    "p99_ttft_ms": 116.95599690079688,
    "p99_tpot_ms": 14.385280000228509,
    "p99_e2e_ms": 3719.3903751671314
  },
  "average": {
    "count": 186,
    "avg_ttft_ms": 66.23798284319139,
    "avg_tpot_ms": 11.401796910831196,
    "avg_e2e_ms": 2238.187156457414,
    "p50_ttft_ms": 52.43508331477642,
    "p50_tpot_ms": 11.15745552176354,
    "p50_e2e_ms": 2049.12724904716,
    "p99_ttft_ms": 157.06557556986823,
    "p99_tpot_ms": 14.849415873214015,
    "p99_e2e_ms": 3718.613050878048
  },
  "throughput": {
    "requests_per_sec": 13.034540202403575,
    "tokens_per_sec": 2502.631718861486
  },
  "success_rate": 100.0,
  "total_requests": 186,
  "failed_requests": 0,
  "duration_sec": 14.26977838203311,
  "timestamp": "2026-01-18T22:41:54.374941",
  "error": null
}