{
  "config": "1R_2P_1pD",
  "workload": "small_mid_paste",
  "qps": 8,
  "turn1": {
    "count": 80,
    "avg_ttft_ms": 78.27091631479561,
    "avg_tpot_ms": 10.791619884686208,
    "avg_e2e_ms": 1448.806641669944,
    "p50_ttft_ms": 90.8296201378107,
    "p50_tpot_ms": 9.457702785143702,
    "p50_e2e_ms": 1307.8753910958767,
    "p99_ttft_ms": 126.80814821273071,
    "p99_tpot_ms": 14.50091573255738,
    "p99_e2e_ms": 1885.8389491215346
  },
  "turn2": {
    "count": 80,
    "avg_ttft_ms": 59.62238358333707,
    "avg_tpot_ms": 10.75049578433945,
    "avg_e2e_ms": 736.9036179967225,
    "p50_ttft_ms": 50.557367503643036,
    "p50_tpot_ms": 9.482191816445381,
    "p50_e2e_ms": 703.2439485192299,
    "p99_ttft_ms": 143.74168120324606,
    "p99_tpot_ms": 15.85983887373928,
    "p99_e2e_ms": 1055.7968926429749
  },
  "average": {
    "count": 160,
    "avg_ttft_ms": 68.94664994906634,
    "avg_tpot_ms": 10.771057834512828,
    "avg_e2e_ms": 1092.8551298333332,
    "p50_ttft_ms": 56.455546990036964,
    "p50_tpot_ms": 9.482191816445381,
    "p50_e2e_ms": 1106.8962775170803,
    "p99_ttft_ms": 144.0413913503289,
    "p99_tpot_ms": 15.805722588584537,
    "p99_e2e_ms": 1877.987097389996
  },
  "throughput": {
    "requests_per_sec": 13.48761716792064,
    "tokens_per_sec": 1294.8112481203814
  },
  "success_rate": 100.0,
  "total_requests": 160,
  "failed_requests": 0,
  "duration_sec": 11.862732905894518,
  "timestamp": "2026-01-18T22:57:03.568551",
  "error": null
}