{
  "config": "1R_2P_1pD",
  "workload": "small_mid_paste",
  "qps": 0.5,
  "turn1": {
    "count": 5,
    "avg_ttft_ms": 75.52549690008163,
    "avg_tpot_ms": 8.597600014190975,
    "avg_e2e_ms": 1167.4206987023354,
    "p50_ttft_ms": 87.67419680953026,
    "p50_tpot_ms": 8.320103186791338,
    "p50_e2e_ms": 1155.9423170983791,
    "p99_ttft_ms": 127.12754219770432,
    "p99_tpot_ms": 9.820663880879485,
    "p99_e2e_ms": 1279.2375142872334
  },
  "turn2": {
    "count": 5,
    "avg_ttft_ms": 37.83641457557678,
    "avg_tpot_ms": 9.168895948973914,
    "avg_e2e_ms": 615.4768593609333,
    "p50_ttft_ms": 35.93766689300537,
    "p50_tpot_ms": 9.15040708486996,
    "p50_e2e_ms": 613.6031225323677,
    "p99_ttft_ms": 41.970174908638,
    "p99_tpot_ms": 11.002999761747937,
    "p99_e2e_ms": 733.54786708951
  },
  "average": {
    "count": 10,
    "avg_ttft_ms": 56.68095573782921,
    "avg_tpot_ms": 8.883247981582445,
    "avg_e2e_ms": 891.4487790316343,
    "p50_ttft_ms": 38.14626485109329,
    "p50_tpot_ms": 8.33235969986972,
    "p50_e2e_ms": 902.0281434059143,
    "p99_ttft_ms": 125.81030171364546,
    "p99_tpot_ms": 10.971416639635049,
    "p99_e2e_ms": 1274.3206874653697
  },
  "throughput": {
    "requests_per_sec": 2.211507062295566,
    "tokens_per_sec": 212.30467798037435
  },
  "success_rate": 100.0,
  "total_requests": 10,
  "failed_requests": 0,
  "duration_sec": 4.521803330630064,
  "timestamp": "2026-01-18T22:56:07.602323",
  "error": null
}