{
  "config": "1R_2P_1pD",
  "workload": "small_small_bal",
  "qps": 10,
  "turn1": {
    "count": 99,
    "avg_ttft_ms": 75.82043529008374,
    "avg_tpot_ms": 10.232115588838688,
    "avg_e2e_ms": 1375.2991150725973,
    "p50_ttft_ms": 83.2306407392025,
    "p50_tpot_ms": 9.313870632038341,
    "p50_e2e_ms": 1317.770004272461,
    "p99_ttft_ms": 155.7701816409826,
    "p99_tpot_ms": 12.225137186332011,
    "p99_e2e_ms": 1594.3977775424719
  },
  "turn2": {
    "count": 99,
    "avg_ttft_ms": 48.44961898645969,
    "avg_tpot_ms": 10.115569036024512,
    "avg_e2e_ms": 685.730468256004,
    "p50_ttft_ms": 40.145911276340485,
    "p50_tpot_ms": 9.506236998334764,
    "p50_e2e_ms": 676.0489791631699,
    "p99_ttft_ms": 155.1789592951535,
    "p99_tpot_ms": 13.148607289980328,
    "p99_e2e_ms": 877.3817542940378
  },
  "average": {
    "count": 198,
    "avg_ttft_ms": 62.13502713827172,
    "avg_tpot_ms": 10.1738423124316,
    "avg_e2e_ms": 1030.5147916643004,
    "p50_ttft_ms": 42.24794544279575,
    "p50_tpot_ms": 9.45470233804851,
    "p50_e2e_ms": 997.9933723807335,
    "p99_ttft_ms": 155.8178611472249,
    "p99_tpot_ms": 12.848665396135951,
    "p99_e2e_ms": 1588.102689050138
  },
  "throughput": {
    "requests_per_sec": 16.61144666135965,
    "tokens_per_sec": 1594.6988794905267
  },
  "success_rate": 100.0,
  "total_requests": 198,
  "failed_requests": 0,
  "duration_sec": 11.919491663575172,
  "timestamp": "2026-01-18T22:53:11.571924",
  "error": null
}