{
  "config": "1R_2P_1pD",
  "workload": "large_long_gen",
  "qps": 10,
  "turn1": {
    "count": 100,
    "avg_ttft_ms": 10233.84277742356,
    "avg_tpot_ms": 15.764251696792519,
    "avg_e2e_ms": 26360.672263242304,
    "p50_ttft_ms": 6014.532884582877,
    "p50_tpot_ms": 15.101983990312672,
    "p50_e2e_ms": 21664.361024275422,
    "p99_ttft_ms": 27767.264143601064,
    "p99_tpot_ms": 24.557641732815075,
    "p99_e2e_ms": 48488.08020323515
  },
  "turn2": {
    "count": 100,
    "avg_ttft_ms": 143.72152641415596,
    "avg_tpot_ms": 16.22722568169032,
    "avg_e2e_ms": 8435.83384975791,
    "p50_ttft_ms": 104.82286661863327,
    "p50_tpot_ms": 14.615393610062432,
    "p50_e2e_ms": 7572.593467310071,
    "p99_ttft_ms": 430.44958818703896,
    "p99_tpot_ms": 26.078296904388356,
    "p99_e2e_ms": 13513.061310835183
  },
  "average": {
    "count": 200,
    "avg_ttft_ms": 5188.782151918858,
    "avg_tpot_ms": 15.99573868924142,
    "avg_e2e_ms": 17398.253056500107,
    "p50_ttft_ms": 161.47126257419586,
    "p50_tpot_ms": 14.615393610062432,
    "p50_e2e_ms": 12239.066023379564,
    "p99_ttft_ms": 27437.852547802027,
    "p99_tpot_ms": 25.922203626403483,
    "p99_e2e_ms": 48413.1753366068
  },
  "throughput": {
    "requests_per_sec": 3.059081240648483,
    "tokens_per_sec": 2349.3743928180347
  },
  "success_rate": 100.0,
  "total_requests": 200,
  "failed_requests": 0,
  "duration_sec": 65.37910708039999,
  "timestamp": "2026-01-18T23:21:24.832905",
  "error": null
}