{
  "config": "1R_2P_1pD",
  "workload": "small_small_bal",
  "qps": 12,
  "turn1": {
    "count": 120,
    "avg_ttft_ms": 92.76788377513488,
    "avg_tpot_ms": 10.712809783462777,
    "avg_e2e_ms": 1453.2947262749076,
    "p50_ttft_ms": 92.4036018550396,
    "p50_tpot_ms": 9.774778624923211,
    "p50_e2e_ms": 1358.935222029686,
    "p99_ttft_ms": 222.03018460422754,
    "p99_tpot_ms": 15.092903800367372,
    "p99_e2e_ms": 1967.9622576758265
  },
  "turn2": {
    "count": 120,
    "avg_ttft_ms": 55.875218752771616,
    "avg_tpot_ms": 10.81931602121109,
    "avg_e2e_ms": 737.4921280890703,
    "p50_ttft_ms": 45.66522128880024,
    "p50_tpot_ms": 9.778820480855686,
    "p50_e2e_ms": 688.9965664595366,
    "p99_ttft_ms": 198.82052209228283,
    "p99_tpot_ms": 17.60876207302014,
    "p99_e2e_ms": 1175.7530071958902
  },
  "average": {
    "count": 240,
    "avg_ttft_ms": 74.32155126395325,
    "avg_tpot_ms": 10.766062902336934,
    "avg_e2e_ms": 1095.393427181989,
    "p50_ttft_ms": 52.87053622305393,
    "p50_tpot_ms": 9.778820480855686,
    "p50_e2e_ms": 1193.6983354389668,
    "p99_ttft_ms": 221.45001906901592,
    "p99_tpot_ms": 16.728458347774673,
    "p99_e2e_ms": 1930.2449616417282
  },
  "throughput": {
    "requests_per_sec": 22.18857870258782,
    "tokens_per_sec": 2130.1035554484306
  },
  "success_rate": 100.0,
  "total_requests": 240,
  "failed_requests": 0,
  "duration_sec": 10.81637554243207,
  "timestamp": "2026-01-18T22:53:22.429097",
  "error": null
}