{
  "config": "1R_2P_1pD",
  "workload": "small_small_bal",
  "qps": 20,
  "turn1": {
    "count": 200,
    "avg_ttft_ms": 1069.887194801122,
    "avg_tpot_ms": 14.875049308294386,
    "avg_e2e_ms": 2959.018456954509,
    "p50_ttft_ms": 1021.4207842946053,
    "p50_tpot_ms": 17.132480592122228,
    "p50_e2e_ms": 2702.106771990657,
    "p99_ttft_ms": 3301.5190325677395,
    "p99_tpot_ms": 21.762756570645674,
    "p99_e2e_ms": 4853.897130563855
  },
  "turn2": {
    "count": 200,
    "avg_ttft_ms": 67.38865684717894,
    "avg_tpot_ms": 14.163590606065496,
    "avg_e2e_ms": 959.6948650293052,
    "p50_ttft_ms": 58.368973433971405,
    "p50_tpot_ms": 15.031477111199546,
    "p50_e2e_ms": 1010.5189327150583,
    "p99_ttft_ms": 222.43599079549284,
    "p99_tpot_ms": 23.0689930525564,
    "p99_e2e_ms": 1540.2232334390283
  },
  "average": {
    "count": 400,
    "avg_ttft_ms": 568.6379258241504,
    "avg_tpot_ms": 14.519319957179942,
    "avg_e2e_ms": 1959.3566609919071,
    "p50_ttft_ms": 84.98281426727772,
    "p50_tpot_ms": 15.996575119003417,
    "p50_e2e_ms": 1402.3129530251026,
    "p99_ttft_ms": 3178.454276770353,
    "p99_tpot_ms": 22.939410084888102,
    "p99_e2e_ms": 4764.1355957090855
  },
  "throughput": {
    "requests_per_sec": 27.632047155749298,
    "tokens_per_sec": 2652.6765269519324
  },
  "success_rate": 100.0,
  "total_requests": 400,
  "failed_requests": 0,
  "duration_sec": 14.475945185869932,
  "timestamp": "2026-01-18T22:53:48.807191",
  "error": null
}