{
  "config": "1R_2P_1pD",
  "workload": "large_short_gen",
  "qps": 6,
  "turn1": {
    "count": 60,
    "avg_ttft_ms": 1181.3831655308604,
    "avg_tpot_ms": 16.137620266533006,
    "avg_e2e_ms": 17690.168698194128,
    "p50_ttft_ms": 162.28502616286278,
    "p50_tpot_ms": 19.848891842531316,
    "p50_e2e_ms": 20621.256172657013,
    "p99_ttft_ms": 7243.007677607238,
    "p99_tpot_ms": 21.40866770003927,
    "p99_e2e_ms": 26391.399428024888
  },
  "turn2": {
    "count": 60,
    "avg_ttft_ms": 144.19667925685644,
    "avg_tpot_ms": 14.62132110826525,
    "avg_e2e_ms": 3872.6335618644953,
    "p50_ttft_ms": 98.50669652223587,
    "p50_tpot_ms": 11.261128678041345,
    "p50_e2e_ms": 2980.8862656354904,
    "p99_ttft_ms": 469.8485166206956,
    "p99_tpot_ms": 23.546352282604747,
    "p99_e2e_ms": 6198.0051727592945
  },
  "average": {
    "count": 120,
    "avg_ttft_ms": 662.7899223938584,
    "avg_tpot_ms": 15.379470687399131,
    "avg_e2e_ms": 10781.401130029311,
    "p50_ttft_ms": 146.74766547977924,
    "p50_tpot_ms": 16.06788771847884,
    "p50_e2e_ms": 7987.045278772712,
    "p99_ttft_ms": 7218.378014303744,
    "p99_tpot_ms": 23.400914445811626,
    "p99_e2e_ms": 26383.50718278438
  },
  "throughput": {
    "requests_per_sec": 3.171430282522384,
    "tokens_per_sec": 2029.7153808143257
  },
  "success_rate": 100.0,
  "total_requests": 120,
  "failed_requests": 0,
  "duration_sec": 37.837817423045635,
  "timestamp": "2026-01-18T23:11:14.563979",
  "error": null
}