{
  "config": "1R_2P_1pD",
  "workload": "small_mid_paste",
  "qps": 1,
  "turn1": {
    "count": 7,
    "avg_ttft_ms": 62.120249761002405,
    "avg_tpot_ms": 8.467224601517914,
    "avg_e2e_ms": 1137.4577741537776,
    "p50_ttft_ms": 31.878944486379623,
    "p50_tpot_ms": 8.532726799878548,
    "p50_e2e_ms": 1128.6746747791767,
    "p99_ttft_ms": 109.46047261357307,
    "p99_tpot_ms": 9.160106376282812,
    "p99_e2e_ms": 1190.6338953971863
  },
  "turn2": {
    "count": 7,
    "avg_ttft_ms": 43.904891503708704,
    "avg_tpot_ms": 8.693711473152481,
    "avg_e2e_ms": 591.608714312315,
    "p50_ttft_ms": 37.86807507276535,
    "p50_tpot_ms": 8.774909412577038,
    "p50_e2e_ms": 599.3894077837467,
    "p99_ttft_ms": 84.96647365391252,
    "p99_tpot_ms": 9.554071885252755,
    "p99_e2e_ms": 640.0287304073572
  },
  "average": {
    "count": 14,
    "avg_ttft_ms": 53.012570632355555,
    "avg_tpot_ms": 8.580468037335198,
    "avg_e2e_ms": 864.5332442330463,
    "p50_ttft_ms": 37.047721445560455,
    "p50_tpot_ms": 8.617046648475128,
    "p50_e2e_ms": 869.1190332174301,
    "p99_ttft_ms": 109.00039501488209,
    "p99_tpot_ms": 9.545900220908816,
    "p99_e2e_ms": 1189.6623288094997
  },
  "throughput": {
    "requests_per_sec": 1.4418507088499182,
    "tokens_per_sec": 138.41766804959215
  },
  "success_rate": 100.0,
  "total_requests": 14,
  "failed_requests": 0,
  "duration_sec": 9.709743119776249,
  "timestamp": "2026-01-18T22:56:17.352464",
  "error": null
}