{
  "config": "1R_2P_1pD",
  "workload": "small_mid_bal",
  "qps": 12,
  "turn1": {
    "count": 115,
    "avg_ttft_ms": 84.69812944531441,
    "avg_tpot_ms": 12.321117849116941,
    "avg_e2e_ms": 1649.4800962831664,
    "p50_ttft_ms": 86.68355643749237,
    "p50_tpot_ms": 11.49607490836166,
    "p50_e2e_ms": 1506.8465806543827,
    "p99_ttft_ms": 238.84216040372846,
    "p99_tpot_ms": 18.385801443199473,
    "p99_e2e_ms": 2392.487133219838
  },
  "turn2": {
    "count": 115,
    "avg_ttft_ms": 68.67542632895967,
    "avg_tpot_ms": 12.067626706952309,
    "avg_e2e_ms": 1601.2640181119027,
    "p50_ttft_ms": 59.05614048242569,
    "p50_tpot_ms": 11.80364637393651,
    "p50_e2e_ms": 1540.5199900269508,
    "p99_ttft_ms": 191.87690414488313,
    "p99_tpot_ms": 18.483957522732066,
    "p99_e2e_ms": 2404.5700097829103
  },
  "average": {
    "count": 230,
    "avg_ttft_ms": 76.68677788713704,
    "avg_tpot_ms": 12.194372278034624,
    "avg_e2e_ms": 1625.3720571975346,
    "p50_ttft_ms": 62.48875521123409,
    "p50_tpot_ms": 11.630230194588346,
    "p50_e2e_ms": 1528.0477087944746,
    "p99_ttft_ms": 233.39778795838384,
    "p99_tpot_ms": 18.473887306264068,
    "p99_e2e_ms": 2402.653234601021
  },
  "throughput": {
    "requests_per_sec": 17.180536054126136,
    "tokens_per_sec": 2199.1086149281455
  },
  "success_rate": 100.0,
  "total_requests": 230,
  "failed_requests": 0,
  "duration_sec": 13.3872423581779,
  "timestamp": "2026-01-18T22:55:26.982863",
  "error": null
}