{
  "config": "1R_2P_1pD",
  "workload": "large_short_gen",
  "qps": 2,
  "turn1": {
    "count": 15,
    "avg_ttft_ms": 125.97788522640865,
    "avg_tpot_ms": 9.670935493507615,
    "avg_e2e_ms": 10019.3448950847,
    "p50_ttft_ms": 131.4934603869915,
    "p50_tpot_ms": 8.831333318035158,
    "p50_e2e_ms": 9166.35350510478,
    "p99_ttft_ms": 150.3366170078516,
    "p99_tpot_ms": 11.351786494939676,
    "p99_e2e_ms": 11730.660938844085
  },
  "turn2": {
    "count": 15,
    "avg_ttft_ms": 84.03680970271428,
    "avg_tpot_ms": 9.841978563592326,
    "avg_e2e_ms": 2593.741343418757,
    "p50_ttft_ms": 61.09631806612015,
    "p50_tpot_ms": 9.130918030060974,
    "p50_e2e_ms": 2385.3737488389015,
    "p99_ttft_ms": 224.0918413549661,
    "p99_tpot_ms": 12.06892437239488,
    "p99_e2e_ms": 3122.7212081104517
  },
  "average": {
    "count": 30,
    "avg_ttft_ms": 105.00734746456146,
    "avg_tpot_ms": 9.75645702854997,
    "avg_e2e_ms": 6306.543119251728,
    "p50_ttft_ms": 114.56646583974361,
    "p50_tpot_ms": 8.914958733447733,
    "p50_e2e_ms": 5906.028274446726,
    "p99_ttft_ms": 211.52302835136658,
    "p99_tpot_ms": 12.058145032355599,
    "p99_e2e_ms": 11728.257872350514
  },
  "throughput": {
    "requests_per_sec": 1.3000153395915537,
    "tokens_per_sec": 832.0098173385943
  },
  "success_rate": 100.0,
  "total_requests": 30,
  "failed_requests": 0,
  "duration_sec": 23.07665077969432,
  "timestamp": "2026-01-18T23:10:06.243202",
  "error": null
}