{
  "config": "1R_2P_1pD",
  "workload": "small_mid_paste",
  "qps": 6,
  "turn1": {
    "count": 44,
    "avg_ttft_ms": 67.09006936712699,
    "avg_tpot_ms": 9.774416027111972,
    "avg_e2e_ms": 1308.4409048103473,
    "p50_ttft_ms": 50.2511914819479,
    "p50_tpot_ms": 9.830273658506513,
    "p50_e2e_ms": 1289.3161792308092,
    "p99_ttft_ms": 140.28976827859879,
    "p99_tpot_ms": 11.984428186702916,
    "p99_e2e_ms": 1583.2476145401597
  },
  "turn2": {
    "count": 44,
    "avg_ttft_ms": 54.15093153715134,
    "avg_tpot_ms": 10.260411556998287,
    "avg_e2e_ms": 700.5568596280434,
    "p50_ttft_ms": 47.7040596306324,
    "p50_tpot_ms": 10.251778340528883,
    "p50_e2e_ms": 704.5669201761484,
    "p99_ttft_ms": 162.89848938584328,
    "p99_tpot_ms": 14.26983493601992,
    "p99_e2e_ms": 948.7521916627884
  },
  "average": {
    "count": 88,
    "avg_ttft_ms": 60.62050045213916,
    "avg_tpot_ms": 10.01741379205513,
    "avg_e2e_ms": 1004.4988822191954,
    "p50_ttft_ms": 47.7040596306324,
    "p50_tpot_ms": 9.926963817533546,
    "p50_e2e_ms": 1030.3077176213264,
    "p99_ttft_ms": 153.66618696600185,
    "p99_tpot_ms": 14.191135496255898,
    "p99_e2e_ms": 1551.2158771231768
  },
  "throughput": {
    "requests_per_sec": 7.46830654216156,
    "tokens_per_sec": 716.9574280475098
  },
  "success_rate": 100.0,
  "total_requests": 88,
  "failed_requests": 0,
  "duration_sec": 11.783126402646303,
  "timestamp": "2026-01-18T22:56:51.664096",
  "error": null
}