{
  "config": "1R_2P_1pD",
  "workload": "small_tiny",
  "qps": 8,
  "turn1": {
    "count": 78,
    "avg_ttft_ms": 63.548527323664764,
    "avg_tpot_ms": 9.635963327708854,
    "avg_e2e_ms": 1287.3158699426895,
    "p50_ttft_ms": 46.96073196828365,
    "p50_tpot_ms": 9.868471978569595,
    "p50_e2e_ms": 1285.1383611559868,
    "p99_ttft_ms": 140.66125836223372,
    "p99_tpot_ms": 11.463651589345275,
    "p99_e2e_ms": 1502.1720246225595
  },
  "turn2": {
    "count": 78,
    "avg_ttft_ms": 41.9249372700086,
    "avg_tpot_ms": 9.890991217642405,
    "avg_e2e_ms": 348.5456650169232,
    "p50_ttft_ms": 36.25001758337021,
    "p50_tpot_ms": 9.7671901626933,
    "p50_e2e_ms": 342.3231951892376,
    "p99_ttft_ms": 102.8497461602092,
    "p99_tpot_ms": 12.889704813639964,
    "p99_e2e_ms": 445.20008467137814
  },
  "average": {
    "count": 156,
    "avg_ttft_ms": 52.736732296836685,
    "avg_tpot_ms": 9.763477272675631,
    "avg_e2e_ms": 817.9307674798064,
    "p50_ttft_ms": 39.195358753204346,
    "p50_tpot_ms": 9.809799011676542,
    "p50_e2e_ms": 782.1374237537384,
    "p99_ttft_ms": 132.75258708745235,
    "p99_tpot_ms": 12.790086426802217,
    "p99_e2e_ms": 1498.294579796493
  },
  "throughput": {
    "requests_per_sec": 13.715881070604992,
    "tokens_per_sec": 1097.2704856483992
  },
  "success_rate": 100.0,
  "total_requests": 156,
  "failed_requests": 0,
  "duration_sec": 11.373676922172308,
  "timestamp": "2026-01-18T22:39:22.698442",
  "error": null
}