{
  "config": "1R_2P_1pD",
  "workload": "large_huge_paste",
  "qps": 4,
  "turn1": {
    "count": 40,
    "avg_ttft_ms": 210.72139088064432,
    "avg_tpot_ms": 14.201281196323981,
    "avg_e2e_ms": 14738.632054720074,
    "p50_ttft_ms": 154.86643463373184,
    "p50_tpot_ms": 17.149425347500415,
    "p50_e2e_ms": 17838.83344195783,
    "p99_ttft_ms": 513.9871869981289,
    "p99_tpot_ms": 18.2100725446337,
    "p99_e2e_ms": 18765.500470399857
  },
  "turn2": {
    "count": 40,
    "avg_ttft_ms": 290.4836783185601,
    "avg_tpot_ms": 15.971622156399874,
    "avg_e2e_ms": 785.6039651669562,
    "p50_ttft_ms": 177.1471556276083,
    "p50_tpot_ms": 12.563263216326312,
    "p50_e2e_ms": 737.2314110398293,
    "p99_ttft_ms": 1013.9946765452623,
    "p99_tpot_ms": 36.3415841181432,
    "p99_e2e_ms": 1400.8814292773604
  },
  "average": {
    "count": 80,
    "avg_ttft_ms": 250.60253459960222,
    "avg_tpot_ms": 15.086451676361927,
    "avg_e2e_ms": 7762.118009943515,
    "p50_ttft_ms": 161.86303831636906,
    "p50_tpot_ms": 14.26177345696957,
    "p50_e2e_ms": 5227.300588041544,
    "p99_ttft_ms": 997.3772621899841,
    "p99_tpot_ms": 34.144165443797235,
    "p99_e2e_ms": 18717.870333194733
  },
  "throughput": {
    "requests_per_sec": 2.867002372286902,
    "tokens_per_sec": 1513.7772525674843
  },
  "success_rate": 100.0,
  "total_requests": 80,
  "failed_requests": 0,
  "duration_sec": 27.903709035366774,
  "timestamp": "2026-01-19T00:07:58.468387",
  "error": null
}