{
  "config": "1R_2P_1pD",
  "workload": "large_mid_bal",
  "qps": 2,
  "turn1": {
    "count": 13,
    "avg_ttft_ms": 125.11116237594531,
    "avg_tpot_ms": 10.350185189782987,
    "avg_e2e_ms": 10713.35061152394,
    "p50_ttft_ms": 131.924357265234,
    "p50_tpot_ms": 11.702218152152945,
    "p50_e2e_ms": 12118.80810558796,
    "p99_ttft_ms": 158.22901368141174,
    "p99_tpot_ms": 11.920260788466805,
    "p99_e2e_ms": 12328.411514014006
  },
  "turn2": {
    "count": 13,
    "avg_ttft_ms": 104.8014871776104,
    "avg_tpot_ms": 10.840677672592095,
    "avg_e2e_ms": 1481.5675515968067,
    "p50_ttft_ms": 65.17161056399345,
    "p50_tpot_ms": 11.294091633689685,
    "p50_e2e_ms": 1511.7279328405857,
    "p99_ttft_ms": 241.1386740207672,
    "p99_tpot_ms": 13.436657552878687,
    "p99_e2e_ms": 1778.3929127454758
  },
  "average": {
    "count": 26,
    "avg_ttft_ms": 114.95632477677785,
    "avg_tpot_ms": 10.595431431187539,
    "avg_e2e_ms": 6097.459081560373,
    "p50_ttft_ms": 118.00975166261196,
    "p50_tpot_ms": 11.463875317667412,
    "p50_e2e_ms": 5087.230974808335,
    "p99_ttft_ms": 240.625930018723,
    "p99_tpot_ms": 13.432487046096739,
    "p99_e2e_ms": 12317.107400856912
  },
  "throughput": {
    "requests_per_sec": 1.1140920417926148,
    "tokens_per_sec": 641.7170160725461
  },
  "success_rate": 100.0,
  "total_requests": 26,
  "failed_requests": 0,
  "duration_sec": 23.337389573454857,
  "timestamp": "2026-01-18T23:46:19.234136",
  "error": null
}