{
  "config": "1R_2P_1pD",
  "workload": "large_huge_paste",
  "qps": 8,
  "turn1": {
    "count": 77,
    "avg_ttft_ms": 2646.7090342919546,
    "avg_tpot_ms": 15.24513413290241,
    "avg_e2e_ms": 18242.48125225112,
    "p50_ttft_ms": 227.88549959659576,
    "p50_tpot_ms": 11.9580726812021,
    "p50_e2e_ms": 17956.381760537624,
    "p99_ttft_ms": 9175.229549109936,
    "p99_tpot_ms": 21.653436694152195,
    "p99_e2e_ms": 29202.937641888857
  },
  "turn2": {
    "count": 77,
    "avg_ttft_ms": 237.69194927889032,
    "avg_tpot_ms": 19.233796506758058,
    "avg_e2e_ms": 833.9396409883901,
    "p50_ttft_ms": 162.8032959997654,
    "p50_tpot_ms": 13.85381541425182,
    "p50_e2e_ms": 586.545754224062,
    "p99_ttft_ms": 779.1885085403917,
    "p99_tpot_ms": 58.454473513749335,
    "p99_e2e_ms": 2060.156511068343
  },
  "average": {
    "count": 154,
    "avg_ttft_ms": 1442.2004917854226,
    "avg_tpot_ms": 17.239465319830234,
    "avg_e2e_ms": 9538.210446619756,
    "p50_ttft_ms": 175.2592995762825,
    "p50_tpot_ms": 12.756426007516923,
    "p50_e2e_ms": 6689.576910808682,
    "p99_ttft_ms": 9112.520488984883,
    "p99_tpot_ms": 54.11958734114323,
    "p99_e2e_ms": 28840.89330907911
  },
  "throughput": {
    "requests_per_sec": 3.930692388547205,
    "tokens_per_sec": 2075.4055811529242
  },
  "success_rate": 100.0,
  "total_requests": 154,
  "failed_requests": 0,
  "duration_sec": 39.17884809523821,
  "timestamp": "2026-01-19T00:09:11.564467",
  "error": null
}