{
  "config": "1R_2P_1pD",
  "workload": "large_tiny",
  "qps": 2,
  "turn1": {
    "count": 20,
    "avg_ttft_ms": 116.36106949299574,
    "avg_tpot_ms": 11.185917974552568,
    "avg_e2e_ms": 11559.555157460272,
    "p50_ttft_ms": 116.49453639984131,
    "p50_tpot_ms": 12.559075968181633,
    "p50_e2e_ms": 12992.896746844053,
    "p99_ttft_ms": 182.97061316668984,
    "p99_tpot_ms": 12.980363718101996,
    "p99_e2e_ms": 13375.97829144448
  },
  "turn2": {
    "count": 20,
    "avg_ttft_ms": 77.90918424725533,
    "avg_tpot_ms": 10.39371554769816,
    "avg_e2e_ms": 400.11436622589827,
    "p50_ttft_ms": 62.24326603114605,
    "p50_tpot_ms": 10.90534674304147,
    "p50_e2e_ms": 413.84544409811497,
    "p99_ttft_ms": 140.4904081299901,
    "p99_tpot_ms": 14.634469121454224,
    "p99_e2e_ms": 564.2606109380721
  },
  "average": {
    "count": 40,
    "avg_ttft_ms": 97.13512687012553,
    "avg_tpot_ms": 10.789816761125362,
    "avg_e2e_ms": 5979.834761843085,
    "p50_ttft_ms": 91.17981046438217,
    "p50_tpot_ms": 11.536011051747106,
    "p50_e2e_ms": 4392.575131729245,
    "p99_ttft_ms": 176.7795845121145,
    "p99_tpot_ms": 14.537611213182249,
    "p99_e2e_ms": 13367.17995222658
  },
  "throughput": {
    "requests_per_sec": 2.0121866435757467,
    "tokens_per_sec": 1062.4345478079945
  },
  "success_rate": 100.0,
  "total_requests": 40,
  "failed_requests": 0,
  "duration_sec": 19.878871638327837,
  "timestamp": "2026-01-18T23:03:13.052664",
  "error": null
}