{
  "config": "1R_2P_1pD",
  "workload": "large_small_bal",
  "qps": 16,
  "turn1": {
    "count": 160,
    "avg_ttft_ms": 17664.63376088068,
    "avg_tpot_ms": 15.816052274128472,
    "avg_e2e_ms": 33844.455237314105,
    "p50_ttft_ms": 20878.435449674726,
    "p50_tpot_ms": 15.791849379781869,
    "p50_e2e_ms": 33895.07554098964,
    "p99_ttft_ms": 42027.9889697209,
    "p99_tpot_ms": 23.85107231698748,
    "p99_e2e_ms": 58018.483064211905
  },
  "turn2": {
    "count": 160,
    "avg_ttft_ms": 239.7254528477788,
    "avg_tpot_ms": 19.62948327898861,
    "avg_e2e_ms": 1476.3828994240612,
    "p50_ttft_ms": 141.16821065545082,
    "p50_tpot_ms": 12.033471216758091,
    "p50_e2e_ms": 923.3066514134407,
    "p99_ttft_ms": 1040.7126335427165,
    "p99_tpot_ms": 63.051532213650034,
    "p99_e2e_ms": 4281.990744173527
  },
  "average": {
    "count": 320,
    "avg_ttft_ms": 8952.179606864229,
    "avg_tpot_ms": 17.722767776558538,
    "avg_e2e_ms": 17660.419068369083,
    "p50_ttft_ms": 385.199973359704,
    "p50_tpot_ms": 12.292823148152184,
    "p50_e2e_ms": 7539.1227677464485,
    "p99_ttft_ms": 41874.097655676305,
    "p99_tpot_ms": 61.52571397345691,
    "p99_e2e_ms": 57837.09886882454
  },
  "throughput": {
    "requests_per_sec": 4.666842487502199,
    "tokens_per_sec": 2538.762313201197
  },
  "success_rate": 100.0,
  "total_requests": 320,
  "failed_requests": 0,
  "duration_sec": 68.56884517893195,
  "timestamp": "2026-01-18T23:43:44.532171",
  "error": null
}