{
  "config": "1R_2P_1pD",
  "workload": "large_tiny",
  "qps": 16,
  "turn1": {
    "count": 160,
    "avg_ttft_ms": 15614.497687923722,
    "avg_tpot_ms": 15.265900994772101,
    "avg_e2e_ms": 31231.51440557558,
    "p50_ttft_ms": 18308.962892740965,
    "p50_tpot_ms": 11.268238980370416,
    "p50_e2e_ms": 31469.386283308268,
    "p99_ttft_ms": 37954.96574815363,
    "p99_tpot_ms": 23.85231381385994,
    "p99_e2e_ms": 53473.183636292815
  },
  "turn2": {
    "count": 159,
    "avg_ttft_ms": 142.67673336391178,
    "avg_tpot_ms": 20.25645949304721,
    "avg_e2e_ms": 770.6269776483751,
    "p50_ttft_ms": 93.24544668197632,
    "p50_tpot_ms": 12.44793591960784,
    "p50_e2e_ms": 481.8164333701134,
    "p99_ttft_ms": 453.4415094554424,
    "p99_tpot_ms": 51.537796482443795,
    "p99_e2e_ms": 1973.4714068472385
  },
  "average": {
    "count": 319,
    "avg_ttft_ms": 7902.83771370739,
    "avg_tpot_ms": 17.753358051906087,
    "avg_e2e_ms": 16048.815029273306,
    "p50_ttft_ms": 208.72671902179718,
    "p50_tpot_ms": 12.183048912594396,
    "p50_e2e_ms": 11119.782287627459,
    "p99_ttft_ms": 37901.88495069742,
    "p99_tpot_ms": 49.09104066510354,
    "p99_e2e_ms": 53443.53243507445
  },
  "throughput": {
    "requests_per_sec": 5.027748896772152,
    "tokens_per_sec": 2662.4688577866027
  },
  "success_rate": 99.6875,
  "total_requests": 320,
  "failed_requests": 1,
  "duration_sec": 63.447878275066614,
  "timestamp": "2026-01-18T23:07:29.093638",
  "error": "Server disconnected"
}