{
  "config": "1R_2P_1pD",
  "workload": "small_huge_paste",
  "qps": 10,
  "turn1": {
    "count": 100,
    "avg_ttft_ms": 110.38513526320457,
    "avg_tpot_ms": 16.617581380575192,
    "avg_e2e_ms": 2220.817970596254,
    "p50_ttft_ms": 99.18663278222084,
    "p50_tpot_ms": 11.827718319855336,
    "p50_e2e_ms": 1626.0005831718445,
    "p99_ttft_ms": 265.4395623505119,
    "p99_tpot_ms": 29.890549091079574,
    "p99_e2e_ms": 4034.363515600562
  },
  "turn2": {
    "count": 100,
    "avg_ttft_ms": 163.20340532809496,
    "avg_tpot_ms": 17.04444543128052,
    "avg_e2e_ms": 691.5812136977911,
    "p50_ttft_ms": 137.12064176797867,
    "p50_tpot_ms": 12.819044472229095,
    "p50_e2e_ms": 555.2914030849934,
    "p99_ttft_ms": 520.4972277581694,
    "p99_tpot_ms": 38.42584851167858,
    "p99_e2e_ms": 1431.5354092046618
  },
  "average": {
    "count": 200,
    "avg_ttft_ms": 136.79427029564977,
    "avg_tpot_ms": 16.831013405927855,
    "avg_e2e_ms": 1456.1995921470225,
    "p50_ttft_ms": 110.24278774857521,
    "p50_tpot_ms": 12.612837456887767,
    "p50_e2e_ms": 1269.8118351399899,
    "p99_ttft_ms": 482.66702648252215,
    "p99_tpot_ms": 37.18428307002589,
    "p99_e2e_ms": 3847.100705802439
  },
  "throughput": {
    "requests_per_sec": 15.638055749624435,
    "tokens_per_sec": 1251.044459969955
  },
  "success_rate": 100.0,
  "total_requests": 200,
  "failed_requests": 0,
  "duration_sec": 12.789313659071922,
  "timestamp": "2026-01-18T23:01:22.663268",
  "error": null
}