{
  "config": "1R_2P_1pD",
  "workload": "small_big_paste",
  "qps": 8,
  "turn1": {
    "count": 69,
    "avg_ttft_ms": 84.47558319439058,
    "avg_tpot_ms": 11.409619331026573,
    "avg_e2e_ms": 1533.4972382347653,
    "p50_ttft_ms": 93.05275976657867,
    "p50_tpot_ms": 9.775856465805234,
    "p50_e2e_ms": 1354.232456535101,
    "p99_ttft_ms": 160.67812278866757,
    "p99_tpot_ms": 18.670851007455912,
    "p99_e2e_ms": 2424.0801389515395
  },
  "turn2": {
    "count": 69,
    "avg_ttft_ms": 81.7059244474639,
    "avg_tpot_ms": 12.401290159918453,
    "avg_e2e_ms": 862.9872045223264,
    "p50_ttft_ms": 70.39503008127213,
    "p50_tpot_ms": 11.281166403066544,
    "p50_e2e_ms": 793.5612574219704,
    "p99_ttft_ms": 165.14384537935254,
    "p99_tpot_ms": 20.01254422797097,
    "p99_e2e_ms": 1341.5019784867761
  },
  "average": {
    "count": 138,
    "avg_ttft_ms": 83.09075382092725,
    "avg_tpot_ms": 11.905454745472513,
    "avg_e2e_ms": 1198.2422213785458,
    "p50_ttft_ms": 73.18423129618168,
    "p50_tpot_ms": 10.790852908500879,
    "p50_e2e_ms": 1192.534664645791,
    "p99_ttft_ms": 165.87952695786953,
    "p99_tpot_ms": 19.611868671486224,
    "p99_e2e_ms": 2358.3212574198838
  },
  "throughput": {
    "requests_per_sec": 11.276547869052406,
    "tokens_per_sec": 1082.548595429031
  },
  "success_rate": 100.0,
  "total_requests": 138,
  "failed_requests": 0,
  "duration_sec": 12.237787805497646,
  "timestamp": "2026-01-18T22:59:07.263638",
  "error": null
}