{
  "config": "1R_2P_1pD",
  "workload": "large_huge_paste",
  "qps": 20,
  "turn1": {
    "count": 200,
    "avg_ttft_ms": 26427.329491320997,
    "avg_tpot_ms": 17.624718263246418,
    "avg_e2e_ms": 44457.41627462208,
    "p50_ttft_ms": 26180.881824344397,
    "p50_tpot_ms": 19.193881132138323,
    "p50_e2e_ms": 47301.224233582616,
    "p99_ttft_ms": 61366.540860012174,
    "p99_tpot_ms": 27.995563737450865,
    "p99_e2e_ms": 81003.52424446493
  },
  "turn2": {
    "count": 200,
    "avg_ttft_ms": 1508.811119850725,
    "avg_tpot_ms": 35.01698264131142,
    "avg_e2e_ms": 2594.337581731379,
    "p50_ttft_ms": 205.2481658756733,
    "p50_tpot_ms": 16.860056848775955,
    "p50_e2e_ms": 761.1628267914057,
    "p99_ttft_ms": 45075.085561499,
    "p99_tpot_ms": 144.3576357862159,
    "p99_e2e_ms": 46097.39233788103
  },
  "average": {
    "count": 400,
    "avg_ttft_ms": 13968.070305585861,
    "avg_tpot_ms": 26.32085045227892,
    "avg_e2e_ms": 23525.87692817673,
    "p50_ttft_ms": 695.8200465887785,
    "p50_tpot_ms": 16.961367380234503,
    "p50_e2e_ms": 10810.65148115158,
    "p99_ttft_ms": 60433.96472714841,
    "p99_tpot_ms": 144.0952235388179,
    "p99_e2e_ms": 79940.66919934005
  },
  "throughput": {
    "requests_per_sec": 4.383352939938309,
    "tokens_per_sec": 2314.410352287427
  },
  "success_rate": 100.0,
  "total_requests": 400,
  "failed_requests": 0,
  "duration_sec": 91.25434467196465,
  "timestamp": "2026-01-19T00:13:41.852339",
  "error": null
}