{
  "config": "1R_2P_1pD",
  "workload": "small_very_long_gen",
  "qps": 4,
  "turn1": {
    "count": 32,
    "avg_ttft_ms": 61.505486723035574,
    "avg_tpot_ms": 9.513202099510888,
    "avg_e2e_ms": 1269.6821533609182,
    "p50_ttft_ms": 49.686577171087265,
    "p50_tpot_ms": 8.832022225058925,
    "p50_e2e_ms": 1168.0299621075392,
    "p99_ttft_ms": 117.87963271141055,
    "p99_tpot_ms": 12.516367942916128,
    "p99_e2e_ms": 1629.9744638428092
  },
  "turn2": {
    "count": 32,
    "avg_ttft_ms": 37.261993740685284,
    "avg_tpot_ms": 10.104437315889351,
    "avg_e2e_ms": 10374.101367895491,
    "p50_ttft_ms": 32.63203240931034,
    "p50_tpot_ms": 11.427810377389454,
    "p50_e2e_ms": 11718.349061906338,
    "p99_ttft_ms": 78.64074166864157,
    "p99_tpot_ms": 12.018187810263559,
    "p99_e2e_ms": 12333.43188457191
  },
  "average": {
    "count": 64,
    "avg_ttft_ms": 49.38374023186043,
    "avg_tpot_ms": 9.80881970770012,
    "avg_e2e_ms": 5821.891760628205,
    "p50_ttft_ms": 40.13211280107498,
    "p50_tpot_ms": 9.399042017464563,
    "p50_e2e_ms": 4843.879675492644,
    "p99_ttft_ms": 110.48962950706476,
    "p99_tpot_ms": 12.37467869118912,
    "p99_e2e_ms": 12321.888679787517
  },
  "throughput": {
    "requests_per_sec": 2.7226306070862885,
    "tokens_per_sec": 1568.235229681702
  },
  "success_rate": 100.0,
  "total_requests": 64,
  "failed_requests": 0,
  "duration_sec": 23.506677635014057,
  "timestamp": "2026-01-18T22:47:28.775914",
  "error": null
}