{
  "config": "1R_2P_1pD",
  "workload": "large_very_long_gen",
  "qps": 6,
  "turn1": {
    "count": 60,
    "avg_ttft_ms": 2980.8152992899218,
    "avg_tpot_ms": 13.38387802947263,
    "avg_e2e_ms": 16672.52252344042,
    "p50_ttft_ms": 143.28215271234512,
    "p50_tpot_ms": 12.148798864884693,
    "p50_e2e_ms": 15118.429884314537,
    "p99_ttft_ms": 19459.465281367302,
    "p99_tpot_ms": 19.147261664315053,
    "p99_e2e_ms": 35553.415797166526
  },
  "turn2": {
    "count": 59,
    "avg_ttft_ms": 112.35238883202359,
    "avg_tpot_ms": 14.11428292200562,
    "avg_e2e_ms": 14551.263818043773,
    "p50_ttft_ms": 98.86674210429192,
    "p50_tpot_ms": 12.772659628214141,
    "p50_e2e_ms": 13139.505308121443,
    "p99_ttft_ms": 273.8654989749194,
    "p99_tpot_ms": 19.65839617289348,
    "p99_e2e_ms": 20244.09940868616
  },
  "average": {
    "count": 119,
    "avg_ttft_ms": 1558.636209230964,
    "avg_tpot_ms": 13.746011547619236,
    "avg_e2e_ms": 15620.806022445444,
    "p50_ttft_ms": 134.3020498752594,
    "p50_tpot_ms": 12.665196044237616,
    "p50_e2e_ms": 13152.16888859868,
    "p99_ttft_ms": 19040.656697452054,
    "p99_tpot_ms": 19.646265308207894,
    "p99_e2e_ms": 35389.61455397308
  },
  "throughput": {
    "requests_per_sec": 2.1434785806794574,
    "tokens_per_sec": 2194.9220666157644
  },
  "success_rate": 99.16666666666667,
  "total_requests": 120,
  "failed_requests": 1,
  "duration_sec": 55.51723309606314,
  "timestamp": "2026-01-18T23:29:22.358646",
  "error": "Server disconnected"
}