{
  "config": "1R_2P_1pD",
  "workload": "small_tiny",
  "qps": 16,
  "turn1": {
    "count": 146,
    "avg_ttft_ms": 72.79933067931704,
    "avg_tpot_ms": 10.924778992806214,
    "avg_e2e_ms": 1460.2462627657064,
    "p50_ttft_ms": 57.56646767258644,
    "p50_tpot_ms": 11.547476889228257,
    "p50_e2e_ms": 1506.0141887515783,
    "p99_ttft_ms": 171.2594229727987,
    "p99_tpot_ms": 13.427290933456007,
    "p99_e2e_ms": 1758.9287431910634
  },
  "turn2": {
    "count": 146,
    "avg_ttft_ms": 48.98248602674432,
    "avg_tpot_ms": 11.034105457875826,
    "avg_e2e_ms": 391.03975522089496,
    "p50_ttft_ms": 42.47970134019852,
    "p50_tpot_ms": 10.68140602400226,
    "p50_e2e_ms": 382.1021653711796,
    "p99_ttft_ms": 161.34415119886458,
    "p99_tpot_ms": 15.507421179884865,
    "p99_e2e_ms": 522.86363709718
  },
  "average": {
    "count": 292,
    "avg_ttft_ms": 60.89090835303068,
    "avg_tpot_ms": 10.979442225341021,
    "avg_e2e_ms": 925.6430089933007,
    "p50_ttft_ms": 48.241423442959785,
    "p50_tpot_ms": 10.996222496032715,
    "p50_e2e_ms": 847.5766349583864,
    "p99_ttft_ms": 184.43777736276385,
    "p99_tpot_ms": 15.392715989822339,
    "p99_e2e_ms": 1757.494339980185
  },
  "throughput": {
    "requests_per_sec": 24.847808847778683,
    "tokens_per_sec": 1987.8247078222946
  },
  "success_rate": 100.0,
  "total_requests": 292,
  "failed_requests": 0,
  "duration_sec": 11.751539211720228,
  "timestamp": "2026-01-18T22:39:55.944949",
  "error": null
}