{
  "config": "1R_2P_1pD",
  "workload": "large_long_gen",
  "qps": 20,
  "turn1": {
    "count": 199,
    "avg_ttft_ms": 36200.218812829284,
    "avg_tpot_ms": 16.84206003699236,
    "avg_e2e_ms": 53429.64623067247,
    "p50_ttft_ms": 34834.781505167484,
    "p50_tpot_ms": 20.00050120718435,
    "p50_e2e_ms": 55839.03605118394,
    "p99_ttft_ms": 82733.06864552201,
    "p99_tpot_ms": 26.52467360740067,
    "p99_e2e_ms": 101581.80347658694
  },
  "turn2": {
    "count": 199,
    "avg_ttft_ms": 555.5199693944586,
    "avg_tpot_ms": 16.412599646227985,
    "avg_e2e_ms": 8942.358388616962,
    "p50_ttft_ms": 127.78991833329201,
    "p50_tpot_ms": 11.649791785532248,
    "p50_e2e_ms": 6024.379372596741,
    "p99_ttft_ms": 1118.2062232494388,
    "p99_tpot_ms": 27.68305985749118,
    "p99_e2e_ms": 14482.838131785393
  },
  "average": {
    "count": 398,
    "avg_ttft_ms": 18377.86939111187,
    "avg_tpot_ms": 16.627329841610177,
    "avg_e2e_ms": 31186.002309644715,
    "p50_ttft_ms": 324.79560375213623,
    "p50_tpot_ms": 12.234461816381334,
    "p50_e2e_ms": 14014.001403003931,
    "p99_ttft_ms": 82507.84506306052,
    "p99_tpot_ms": 27.22468209542231,
    "p99_e2e_ms": 99689.5798720419
  },
  "throughput": {
    "requests_per_sec": 3.371039268709458,
    "tokens_per_sec": 2588.9581583688637
  },
  "success_rate": 100.0,
  "total_requests": 398,
  "failed_requests": 0,
  "duration_sec": 118.06448049843311,
  "timestamp": "2026-01-18T23:26:07.547333",
  "error": null
}