{
  "config": "1R_2P_1pD",
  "workload": "small_long_gen",
  "qps": 0.5,
  "turn1": {
    "count": 5,
    "avg_ttft_ms": 63.2576085627079,
    "avg_tpot_ms": 8.788982573456654,
    "avg_e2e_ms": 1179.4583953917027,
    "p50_ttft_ms": 39.90459069609642,
    "p50_tpot_ms": 8.454749404680072,
    "p50_e2e_ms": 1102.9508113861084,
    "p99_ttft_ms": 110.69036081433296,
    "p99_tpot_ms": 10.079039594554525,
    "p99_e2e_ms": 1318.3741742372513
  },
  "turn2": {
    "count": 5,
    "avg_ttft_ms": 33.139654248952866,
    "avg_tpot_ms": 9.20626798867013,
    "avg_e2e_ms": 4737.542596459389,
    "p50_ttft_ms": 33.70249643921852,
    "p50_tpot_ms": 9.573931096817882,
    "p50_e2e_ms": 4925.9812869131565,
    "p99_ttft_ms": 38.472053557634354,
    "p99_tpot_ms": 9.697267838595199,
    "p99_e2e_ms": 4993.56417298317
  },
  "average": {
    "count": 10,
    "avg_ttft_ms": 48.19863140583038,
    "avg_tpot_ms": 8.99762528106339,
    "avg_e2e_ms": 2958.5004959255457,
    "p50_ttft_ms": 36.76094673573971,
    "p50_tpot_ms": 9.448813245341968,
    "p50_e2e_ms": 2663.7866627424955,
    "p99_ttft_ms": 110.01287709921598,
    "p99_tpot_ms": 10.069464310769021,
    "p99_e2e_ms": 4991.751795224845
  },
  "throughput": {
    "requests_per_sec": 0.8688539745238957,
    "tokens_per_sec": 278.03327184764663
  },
  "success_rate": 100.0,
  "total_requests": 10,
  "failed_requests": 0,
  "duration_sec": 11.50941388681531,
  "timestamp": "2026-01-18T22:42:52.266061",
  "error": null
}