{
  "config": "1R_2P_1pD",
  "workload": "small_big_paste",
  "qps": 1,
  "turn1": {
    "count": 8,
    "avg_ttft_ms": 67.03642662614584,
    "avg_tpot_ms": 8.19496912735067,
    "avg_e2e_ms": 1107.797505799681,
    "p50_ttft_ms": 69.264842197299,
    "p50_tpot_ms": 8.129100366605549,
    "p50_e2e_ms": 1096.980169415474,
    "p99_ttft_ms": 104.62492071092129,
    "p99_tpot_ms": 9.13830704781718,
    "p99_e2e_ms": 1199.1519054025412
  },
  "turn2": {
    "count": 8,
    "avg_ttft_ms": 64.9577328003943,
    "avg_tpot_ms": 8.677044188574193,
    "avg_e2e_ms": 611.6115166805685,
    "p50_ttft_ms": 57.16259591281414,
    "p50_tpot_ms": 8.02176229892269,
    "p50_e2e_ms": 591.0512562841177,
    "p99_ttft_ms": 124.58000108599661,
    "p99_tpot_ms": 11.589433190131944,
    "p99_e2e_ms": 789.4028998911381
  },
  "average": {
    "count": 16,
    "avg_ttft_ms": 65.99707971327007,
    "avg_tpot_ms": 8.436006657962432,
    "avg_e2e_ms": 859.7045112401247,
    "p50_ttft_ms": 57.16259591281414,
    "p50_tpot_ms": 8.075189839225832,
    "p50_e2e_ms": 919.9721459299326,
    "p99_ttft_ms": 125.41620843112467,
    "p99_tpot_ms": 11.39042398167981,
    "p99_e2e_ms": 1193.7882091850042
  },
  "throughput": {
    "requests_per_sec": 1.4056033983069043,
    "tokens_per_sec": 134.93792623746282
  },
  "success_rate": 100.0,
  "total_requests": 16,
  "failed_requests": 0,
  "duration_sec": 11.383011750876904,
  "timestamp": "2026-01-18T22:58:21.275450",
  "error": null
}