{
  "config": "1R_2P_1pD",
  "workload": "small_very_long_gen",
  "qps": 2,
  "turn1": {
    "count": 20,
    "avg_ttft_ms": 55.65804336220026,
    "avg_tpot_ms": 9.19486568199368,
    "avg_e2e_ms": 1223.4059849753976,
    "p50_ttft_ms": 43.37952844798565,
    "p50_tpot_ms": 8.28199560834667,
    "p50_e2e_ms": 1132.0932004600763,
    "p99_ttft_ms": 88.09943851083516,
    "p99_tpot_ms": 11.375993742189538,
    "p99_e2e_ms": 1492.9553415626287
  },
  "turn2": {
    "count": 20,
    "avg_ttft_ms": 33.26972872018814,
    "avg_tpot_ms": 9.953475679441166,
    "avg_e2e_ms": 10215.6753487885,
    "p50_ttft_ms": 33.76389294862747,
    "p50_tpot_ms": 10.807935796670783,
    "p50_e2e_ms": 11092.117849737406,
    "p99_ttft_ms": 48.0270706117153,
    "p99_tpot_ms": 11.209143751600388,
    "p99_e2e_ms": 11501.756080798805
  },
  "average": {
    "count": 40,
    "avg_ttft_ms": 44.4638860411942,
    "avg_tpot_ms": 9.574170680717422,
    "avg_e2e_ms": 5719.540666881949,
    "p50_ttft_ms": 35.42389161884785,
    "p50_tpot_ms": 9.838906124116868,
    "p50_e2e_ms": 4789.754269644618,
    "p99_ttft_ms": 86.6362227126956,
    "p99_tpot_ms": 11.341693269631524,
    "p99_e2e_ms": 11489.268360100687
  },
  "throughput": {
    "requests_per_sec": 1.853812234923118,
    "tokens_per_sec": 1067.7958473157162
  },
  "success_rate": 100.0,
  "total_requests": 40,
  "failed_requests": 0,
  "duration_sec": 21.577158272266388,
  "timestamp": "2026-01-18T22:47:05.233859",
  "error": null
}