{
  "config": "1R_2P_1pD",
  "workload": "small_small_bal",
  "qps": 16,
  "turn1": {
    "count": 156,
    "avg_ttft_ms": 101.79856242850805,
    "avg_tpot_ms": 11.945068472370208,
    "avg_e2e_ms": 1618.8222584195244,
    "p50_ttft_ms": 101.11146233975887,
    "p50_tpot_ms": 10.055774338836745,
    "p50_e2e_ms": 1475.2224553376436,
    "p99_ttft_ms": 269.4600267335771,
    "p99_tpot_ms": 17.041359466361246,
    "p99_e2e_ms": 2219.1967952996492
  },
  "turn2": {
    "count": 156,
    "avg_ttft_ms": 59.43633446422143,
    "avg_tpot_ms": 11.983863618202117,
    "avg_e2e_ms": 814.4197424109548,
    "p50_ttft_ms": 51.166534423828125,
    "p50_tpot_ms": 10.259443095752172,
    "p50_e2e_ms": 744.1465463489294,
    "p99_ttft_ms": 150.39884503930782,
    "p99_tpot_ms": 18.044134983349412,
    "p99_e2e_ms": 1204.8720810562372
  },
  "average": {
    "count": 312,
    "avg_ttft_ms": 80.61744844636473,
    "avg_tpot_ms": 11.964466045286162,
    "avg_e2e_ms": 1216.6210004152397,
    "p50_ttft_ms": 60.14958582818508,
    "p50_tpot_ms": 10.2228211859862,
    "p50_e2e_ms": 1213.9777820557356,
    "p99_ttft_ms": 261.13861490041006,
    "p99_tpot_ms": 17.795963470070134,
    "p99_e2e_ms": 2208.6456866189837
  },
  "throughput": {
    "requests_per_sec": 26.410056768881216,
    "tokens_per_sec": 2535.3654498125966
  },
  "success_rate": 100.0,
  "total_requests": 312,
  "failed_requests": 0,
  "duration_sec": 11.813681535422802,
  "timestamp": "2026-01-18T22:53:34.285931",
  "error": null
}