{
  "config": "1R_2P_1pD",
  "workload": "small_short_gen",
  "qps": 4,
  "turn1": {
    "count": 35,
    "avg_ttft_ms": 61.22578627296856,
    "avg_tpot_ms": 9.650694888977688,
    "avg_e2e_ms": 1286.8640371731349,
    "p50_ttft_ms": 48.23756590485573,
    "p50_tpot_ms": 9.784563349222573,
    "p50_e2e_ms": 1277.7497917413712,
    "p99_ttft_ms": 111.57981298863886,
    "p99_tpot_ms": 11.44605534048531,
    "p99_e2e_ms": 1489.973229020834
  },
  "turn2": {
    "count": 35,
    "avg_ttft_ms": 43.20364349654743,
    "avg_tpot_ms": 9.564891091080941,
    "avg_e2e_ms": 2482.250871722187,
    "p50_ttft_ms": 35.83482652902603,
    "p50_tpot_ms": 10.05453042247716,
    "p50_e2e_ms": 2605.2731722593307,
    "p99_ttft_ms": 87.9614371061325,
    "p99_tpot_ms": 11.335453597938313,
    "p99_e2e_ms": 2924.1659799963236
  },
  "average": {
    "count": 70,
    "avg_ttft_ms": 52.214714884757996,
    "avg_tpot_ms": 9.607792990029315,
    "avg_e2e_ms": 1884.557454447661,
    "p50_ttft_ms": 39.19188678264618,
    "p50_tpot_ms": 9.826591414377445,
    "p50_e2e_ms": 1782.2050023823977,
    "p99_ttft_ms": 110.03018144518138,
    "p99_tpot_ms": 11.41306444533228,
    "p99_e2e_ms": 2922.3723873868585
  },
  "throughput": {
    "requests_per_sec": 5.299774477900467,
    "tokens_per_sec": 1017.5566997568897
  },
  "success_rate": 100.0,
  "total_requests": 70,
  "failed_requests": 0,
  "duration_sec": 13.208109192550182,
  "timestamp": "2026-01-18T22:40:58.602066",
  "error": null
}