{
  "config": "1R_2P_1pD",
  "workload": "large_big_paste",
  "qps": 1,
  "turn1": {
    "count": 5,
    "avg_ttft_ms": 106.05617314577103,
    "avg_tpot_ms": 9.176507544861277,
    "avg_e2e_ms": 9493.623391538858,
    "p50_ttft_ms": 90.89237079024315,
    "p50_tpot_ms": 9.815621239844189,
    "p50_e2e_ms": 10099.368833005428,
    "p99_ttft_ms": 150.78670009970665,
    "p99_tpot_ms": 10.1145961057697,
    "p99_e2e_ms": 10437.9130256176
  },
  "turn2": {
    "count": 5,
    "avg_ttft_ms": 90.91796427965164,
    "avg_tpot_ms": 9.068037072817486,
    "avg_e2e_ms": 662.2042998671532,
    "p50_ttft_ms": 80.05882799625397,
    "p50_tpot_ms": 9.098226115817116,
    "p50_e2e_ms": 649.8934403061867,
    "p99_ttft_ms": 173.61113250255585,
    "p99_tpot_ms": 10.665706138289163,
    "p99_e2e_ms": 757.9531762003899
  },
  "average": {
    "count": 10,
    "avg_ttft_ms": 98.48706871271133,
    "avg_tpot_ms": 9.122272308839381,
    "avg_e2e_ms": 5077.913845703006,
    "p50_ttft_ms": 86.88152953982353,
    "p50_tpot_ms": 9.26660814337314,
    "p50_e2e_ms": 4511.615438386798,
    "p99_ttft_ms": 175.03160800784826,
    "p99_tpot_ms": 10.66308124494032,
    "p99_e2e_ms": 10433.514290004969
  },
  "throughput": {
    "requests_per_sec": 0.5437834988214448,
    "tokens_per_sec": 295.818223358866
  },
  "success_rate": 100.0,
  "total_requests": 10,
  "failed_requests": 0,
  "duration_sec": 18.38967166468501,
  "timestamp": "2026-01-19T00:00:08.649755",
  "error": null
}