{
  "config": "1R_2P_1pD",
  "workload": "small_big_paste",
  "qps": 2,
  "turn1": {
    "count": 14,
    "avg_ttft_ms": 87.81039821250098,
    "avg_tpot_ms": 8.464084879502538,
    "avg_e2e_ms": 1162.7491779093232,
    "p50_ttft_ms": 97.76591509580612,
    "p50_tpot_ms": 8.23291445400302,
    "p50_e2e_ms": 1146.5178560465574,
    "p99_ttft_ms": 138.00048667937517,
    "p99_tpot_ms": 9.969437108558465,
    "p99_e2e_ms": 1300.6035628169775
  },
  "turn2": {
    "count": 14,
    "avg_ttft_ms": 85.29974653252533,
    "avg_tpot_ms": 8.657501854188316,
    "avg_e2e_ms": 630.7223633463893,
    "p50_ttft_ms": 68.81727837026119,
    "p50_tpot_ms": 8.363218859784187,
    "p50_e2e_ms": 634.7804218530655,
    "p99_ttft_ms": 147.53089237958193,
    "p99_tpot_ms": 10.346397166805607,
    "p99_e2e_ms": 711.3411466404796
  },
  "average": {
    "count": 28,
    "avg_ttft_ms": 86.55507237251315,
    "avg_tpot_ms": 8.560793366845427,
    "avg_e2e_ms": 896.7357706278563,
    "p50_ttft_ms": 90.51921218633652,
    "p50_tpot_ms": 8.27908451397588,
    "p50_e2e_ms": 892.9160926491022,
    "p99_ttft_ms": 146.74500834196806,
    "p99_tpot_ms": 10.328234360967596,
    "p99_e2e_ms": 1293.9448145776987
  },
  "throughput": {
    "requests_per_sec": 2.6106866080847135,
    "tokens_per_sec": 250.6259143761325
  },
  "success_rate": 100.0,
  "total_requests": 28,
  "failed_requests": 0,
  "duration_sec": 10.725147902965546,
  "timestamp": "2026-01-18T22:58:32.040703",
  "error": null
}