{
  "config": "1R_1P_1D_1pD",
  "ppd_enabled": true,
  "qps": 4.0,
  "num_conversations": 500,
  "duration_sec": 182.33743190020323,
  "timestamp": "2026-01-22T02:57:20.870816",
  "turn1": {
    "count": 500,
    "avg_ttft_ms": 17362.732751198113,
    "avg_tpot_ms": 11.276533906160445,
    "avg_e2e_ms": 20693.275755740702,
    "p50_ttft_ms": 18568.99713538587,
    "p50_tpot_ms": 9.867928564270692,
    "p50_e2e_ms": 20931.408455595374,
    "p90_ttft_ms": 34379.0100503713,
    "p90_tpot_ms": 15.663549706459525,
    "p90_e2e_ms": 37890.17509482801,
    "p99_ttft_ms": 38903.31944782287,
    "p99_tpot_ms": 17.708942466186627,
    "p99_e2e_ms": 44108.437067605555
  },
  "turn2plus": {
    "count": 1703,
    "avg_ttft_ms": 74.39877838771342,
    "avg_tpot_ms": 11.27155230422679,
    "avg_e2e_ms": 3583.990228666989,
    "p50_ttft_ms": 55.15329912304878,
    "p50_tpot_ms": 9.857101479039983,
    "p50_e2e_ms": 3221.0183665156364,
    "p90_ttft_ms": 130.2508972585201,
    "p90_tpot_ms": 15.751124780021005,
    "p90_e2e_ms": 6904.451853781938,
    "p99_ttft_ms": 198.2112703472376,
    "p99_tpot_ms": 17.616267737643497,
    "p99_e2e_ms": 11751.283325180413
  },
  "all_turns": {
    "count": 2203,
    "avg_ttft_ms": 3998.2149319987893,
    "avg_tpot_ms": 11.272683557196677,
    "avg_e2e_ms": 7467.168968356892,
    "p50_ttft_ms": 65.97503647208214,
    "p50_tpot_ms": 9.85809467623339,
    "p50_e2e_ms": 3832.4711956083775,
    "p90_ttft_ms": 20050.903512537476,
    "p90_tpot_ms": 15.736785092775184,
    "p90_e2e_ms": 25223.682674765576,
    "p99_ttft_ms": 36980.83215393126,
    "p99_tpot_ms": 17.6451310882333,
    "p99_e2e_ms": 40688.52174863219
  },
  "throughput": {
    "conversations_per_sec": 2.7421687077048422,
    "requests_per_sec": 12.087479663562945,
    "tokens_per_sec": 3734.011129281684
  },
  "success_rate": {
    "turns": 99.9546279491833,
    "conversations": 99.8
  },
  "counts": {
    "total_conversations": 500,
    "successful_conversations": 499,
    "total_turns": 2204,
    "turn1_count": 500,
    "turn2plus_count": 1704,
    "successful_turns": 2203
  },
  "slo_attainment": {
    "ttft_100ms": 0.725778038755138,
    "ttft_200ms": 0.9911920140927775,
    "ttft_500ms": 1.0,
    "tpot_15ms": 0.8501474926253687,
    "tpot_30ms": 0.9994100294985251,
    "e2e_5000ms": 0.7704051673517323,
    "e2e_10000ms": 0.9765120375807399
  }
}