{
  "config": "1P_2D_1pD",
  "ppd_enabled": true,
  "qps": 12.0,
  "num_conversations": 500,
  "duration_sec": 158.99398396536708,
  "timestamp": "2026-01-22T00:12:45.258756",
  "turn1": {
    "count": 500,
    "avg_ttft_ms": 42296.27788361907,
    "avg_tpot_ms": 9.930880730391882,
    "avg_e2e_ms": 45254.489840090275,
    "p50_ttft_ms": 43826.64899714291,
    "p50_tpot_ms": 9.935704477210761,
    "p50_e2e_ms": 46161.471700295806,
    "p90_ttft_ms": 81184.82423350215,
    "p90_tpot_ms": 10.489680662215195,
    "p90_e2e_ms": 83319.69161257148,
    "p99_ttft_ms": 90679.4238743931,
    "p99_tpot_ms": 11.070217126536935,
    "p99_e2e_ms": 94023.42536397277
  },
  "turn2plus": {
    "count": 1704,
    "avg_ttft_ms": 105.60644402041892,
    "avg_tpot_ms": 9.99557285362425,
    "avg_e2e_ms": 3206.0409903705577,
    "p50_ttft_ms": 104.83927838504314,
    "p50_tpot_ms": 9.986076444036577,
    "p50_e2e_ms": 3003.854777663946,
    "p90_ttft_ms": 180.75653165578842,
    "p90_tpot_ms": 10.540673151138247,
    "p90_e2e_ms": 5898.513865470886,
    "p99_ttft_ms": 294.0283782407643,
    "p99_tpot_ms": 11.19255593168634,
    "p99_e2e_ms": 8791.845728866756
  },
  "all_turns": {
    "count": 2204,
    "avg_ttft_ms": 9676.992886760585,
    "avg_tpot_ms": 9.980888862115718,
    "avg_e2e_ms": 12745.162780234377,
    "p50_ttft_ms": 116.65353924036026,
    "p50_tpot_ms": 9.975603710894704,
    "p50_e2e_ms": 3589.3956925719976,
    "p90_ttft_ms": 47617.660565301776,
    "p90_tpot_ms": 10.528857490087374,
    "p90_e2e_ms": 50924.90269094706,
    "p99_ttft_ms": 88373.69378894563,
    "p99_tpot_ms": 11.160554770935095,
    "p99_e2e_ms": 90515.35705965005
  },
  "throughput": {
    "conversations_per_sec": 3.1447730758725605,
    "requests_per_sec": 13.862159718446247,
    "tokens_per_sec": 4282.596001546315
  },
  "success_rate": {
    "turns": 100.0,
    "conversations": 100.0
  },
  "counts": {
    "total_conversations": 500,
    "successful_conversations": 500,
    "total_turns": 2204,
    "turn1_count": 500,
    "turn2plus_count": 1704,
    "successful_turns": 2204
  },
  "slo_attainment": {
    "ttft_100ms": 0.45715962441314556,
    "ttft_200ms": 0.9330985915492958,
    "ttft_500ms": 1.0,
    "tpot_15ms": 0.9994103773584906,
    "tpot_30ms": 1.0,
    "e2e_5000ms": 0.8215962441314554,
    "e2e_10000ms": 0.9958920187793427
  }
}