{
  "config": "1P_2D_1pD",
  "ppd_enabled": true,
  "qps": 2.0,
  "num_conversations": 500,
  "duration_sec": 284.19520166516304,
  "timestamp": "2026-01-22T00:04:39.290480",
  "turn1": {
    "count": 500,
    "avg_ttft_ms": 123.94757951796055,
    "avg_tpot_ms": 9.00692055134942,
    "avg_e2e_ms": 2777.6132836788893,
    "p50_ttft_ms": 94.04857642948627,
    "p50_tpot_ms": 8.983373440743716,
    "p50_e2e_ms": 2594.7698056697845,
    "p90_ttft_ms": 153.40219736099243,
    "p90_tpot_ms": 9.595779307739166,
    "p90_e2e_ms": 5300.285582989454,
    "p99_ttft_ms": 760.598624013358,
    "p99_tpot_ms": 10.16738670491255,
    "p99_e2e_ms": 7793.625549972055
  },
  "turn2plus": {
    "count": 1704,
    "avg_ttft_ms": 88.98537853260486,
    "avg_tpot_ms": 9.06755530753336,
    "avg_e2e_ms": 2904.277051958592,
    "p50_ttft_ms": 94.41405162215233,
    "p50_tpot_ms": 9.054921746178708,
    "p50_e2e_ms": 2725.9490452706814,
    "p90_ttft_ms": 145.3266438096762,
    "p90_tpot_ms": 9.603337234713965,
    "p90_e2e_ms": 5396.545507386327,
    "p99_ttft_ms": 224.6017533913255,
    "p99_tpot_ms": 10.212648071800217,
    "p99_e2e_ms": 8168.981272354724
  },
  "all_turns": {
    "count": 2204,
    "avg_ttft_ms": 96.9169123314605,
    "avg_tpot_ms": 9.053792268071371,
    "avg_e2e_ms": 2875.542077303487,
    "p50_ttft_ms": 94.34501267969608,
    "p50_tpot_ms": 9.041371751709278,
    "p50_e2e_ms": 2691.6286796331406,
    "p90_ttft_ms": 147.55044728517532,
    "p90_tpot_ms": 9.60328086387312,
    "p90_e2e_ms": 5386.948302015662,
    "p99_ttft_ms": 227.65348955988884,
    "p99_tpot_ms": 10.21290567297447,
    "p99_e2e_ms": 8118.289689645169
  },
  "throughput": {
    "conversations_per_sec": 1.759354123751522,
    "requests_per_sec": 7.755232977496709,
    "tokens_per_sec": 2395.913076682555
  },
  "success_rate": {
    "turns": 100.0,
    "conversations": 100.0
  },
  "counts": {
    "total_conversations": 500,
    "successful_conversations": 500,
    "total_turns": 2204,
    "turn1_count": 500,
    "turn2plus_count": 1704,
    "successful_turns": 2204
  },
  "slo_attainment": {
    "ttft_100ms": 0.5669014084507042,
    "ttft_200ms": 0.9823943661971831,
    "ttft_500ms": 1.0,
    "tpot_15ms": 1.0,
    "tpot_30ms": 1.0,
    "e2e_5000ms": 0.8714788732394366,
    "e2e_10000ms": 0.9994131455399061
  }
}