{
  "config": "3P_1pD",
  "workload": "large_mid_paste",
  "qps": 4,
  "turn1": {
    "count": 32,
    "avg_ttft_ms": 153.37900980375707,
    "avg_tpot_ms": 11.217488012825552,
    "avg_e2e_ms": 11628.869246924296,
    "p50_ttft_ms": 149.64001066982746,
    "p50_tpot_ms": 11.327213259051506,
    "p50_e2e_ms": 11756.123064085841,
    "p99_ttft_ms": 197.16035757213834,
    "p99_tpot_ms": 11.589248444145785,
    "p99_e2e_ms": 12018.330863788724
  },
  "turn2": {
    "count": 32,
    "avg_ttft_ms": 88.16475898493081,
    "avg_tpot_ms": 10.836133269578339,
    "avg_e2e_ms": 770.841154968366,
    "p50_ttft_ms": 76.02329552173615,
    "p50_tpot_ms": 10.661134259804847,
    "p50_e2e_ms": 799.9711986631155,
    "p99_ttft_ms": 186.6583934798837,
    "p99_tpot_ms": 12.676055814538683,
    "p99_e2e_ms": 957.7454843744637
  },
  "average": {
    "count": 64,
    "avg_ttft_ms": 120.77188439434394,
    "avg_tpot_ms": 11.026810641201944,
    "avg_e2e_ms": 6199.855200946331,
    "p50_ttft_ms": 140.48065803945065,
    "p50_tpot_ms": 11.230833934053763,
    "p50_e2e_ms": 5761.792290955782,
    "p99_ttft_ms": 200.0090270489454,
    "p99_tpot_ms": 12.60582572410977,
    "p99_e2e_ms": 12016.454912498593
  },
  "throughput": {
    "requests_per_sec": 2.9001401778067066,
    "tokens_per_sec": 1577.6762567268484
  },
  "success_rate": 100.0,
  "total_requests": 64,
  "failed_requests": 0,
  "duration_sec": 22.0678988173604,
  "timestamp": "2026-01-18T15:20:58.447028",
  "error": null
}