{
  "config": "3P_1pD",
  "workload": "large_small_bal",
  "qps": 1,
  "turn1": {
    "count": 10,
    "avg_ttft_ms": 130.92671297490597,
    "avg_tpot_ms": 8.51264818519616,
    "avg_e2e_ms": 8839.365806430578,
    "p50_ttft_ms": 136.40307448804379,
    "p50_tpot_ms": 8.604560761128937,
    "p50_e2e_ms": 8945.910099893808,
    "p99_ttft_ms": 156.62351317703724,
    "p99_tpot_ms": 8.66687335722141,
    "p99_e2e_ms": 9002.099119797349
  },
  "turn2": {
    "count": 10,
    "avg_ttft_ms": 64.57468941807747,
    "avg_tpot_ms": 8.367849265535673,
    "avg_e2e_ms": 591.7491931468248,
    "p50_ttft_ms": 59.116944670677185,
    "p50_tpot_ms": 8.396613929006788,
    "p50_e2e_ms": 594.2025631666183,
    "p99_ttft_ms": 142.61077374219894,
    "p99_tpot_ms": 8.858126469902576,
    "p99_e2e_ms": 651.570237018168
  },
  "average": {
    "count": 20,
    "avg_ttft_ms": 97.75070119649172,
    "avg_tpot_ms": 8.440248725365915,
    "avg_e2e_ms": 4715.5574997887015,
    "p50_ttft_ms": 98.52665849030018,
    "p50_tpot_ms": 8.551942231907407,
    "p50_e2e_ms": 4402.492541819811,
    "p99_ttft_ms": 156.25109665095806,
    "p99_tpot_ms": 8.853763001897033,
    "p99_e2e_ms": 9000.861616358161
  },
  "throughput": {
    "requests_per_sec": 1.2420135250224236,
    "tokens_per_sec": 675.6553576121985
  },
  "success_rate": 100.0,
  "total_requests": 20,
  "failed_requests": 0,
  "duration_sec": 16.102884225547314,
  "timestamp": "2026-01-18T15:08:28.734995",
  "error": null
}