{
  "config": "3P_1pD",
  "workload": "large_mid_paste",
  "qps": 2,
  "turn1": {
    "count": 20,
    "avg_ttft_ms": 139.30729888379574,
    "avg_tpot_ms": 9.182682732085564,
    "avg_e2e_ms": 9533.191733807325,
    "p50_ttft_ms": 139.29028622806072,
    "p50_tpot_ms": 9.295677844496883,
    "p50_e2e_ms": 9638.307094573975,
    "p99_ttft_ms": 164.17327720671892,
    "p99_tpot_ms": 9.389578462127716,
    "p99_e2e_ms": 9733.275357373059
  },
  "turn2": {
    "count": 20,
    "avg_ttft_ms": 87.24904041737318,
    "avg_tpot_ms": 9.402980815087044,
    "avg_e2e_ms": 679.6368317678571,
    "p50_ttft_ms": 68.63426603376865,
    "p50_tpot_ms": 9.264717972467816,
    "p50_e2e_ms": 680.3216598927975,
    "p99_ttft_ms": 160.5445684120059,
    "p99_tpot_ms": 10.869746290975145,
    "p99_e2e_ms": 767.1438362821937
  },
  "average": {
    "count": 40,
    "avg_ttft_ms": 113.27816965058446,
    "avg_tpot_ms": 9.292831773586304,
    "avg_e2e_ms": 5106.414282787591,
    "p50_ttft_ms": 126.7391312867403,
    "p50_tpot_ms": 9.295677844496883,
    "p50_e2e_ms": 4953.874597325921,
    "p99_ttft_ms": 163.48572794348001,
    "p99_tpot_ms": 10.842730438425427,
    "p99_e2e_ms": 9729.667150713503
  },
  "throughput": {
    "requests_per_sec": 2.158894332873801,
    "tokens_per_sec": 1174.4385170833477
  },
  "success_rate": 100.0,
  "total_requests": 40,
  "failed_requests": 0,
  "duration_sec": 18.528002686798573,
  "timestamp": "2026-01-18T15:20:36.339199",
  "error": null
}