{
  "config": "3P_1pD",
  "workload": "small_long_gen",
  "qps": 12,
  "turn1": {
    "count": 117,
    "avg_ttft_ms": 2560.2862612686604,
    "avg_tpot_ms": 11.390142430336303,
    "avg_e2e_ms": 4006.834349921371,
    "p50_ttft_ms": 3389.381155371666,
    "p50_tpot_ms": 11.579356794282207,
    "p50_e2e_ms": 4922.24058508873,
    "p99_ttft_ms": 7383.15501794219,
    "p99_tpot_ms": 12.478950129249903,
    "p99_e2e_ms": 8845.004757493734
  },
  "turn2": {
    "count": 117,
    "avg_ttft_ms": 72.58798704188094,
    "avg_tpot_ms": 11.401626322050388,
    "avg_e2e_ms": 5898.81903760963,
    "p50_ttft_ms": 59.19818952679634,
    "p50_tpot_ms": 11.682663061847425,
    "p50_e2e_ms": 6040.305558592081,
    "p99_ttft_ms": 173.5581496357918,
    "p99_tpot_ms": 11.987290912819935,
    "p99_e2e_ms": 6242.592128366232
  },
  "average": {
    "count": 234,
    "avg_ttft_ms": 1316.4371241552708,
    "avg_tpot_ms": 11.395884376193345,
    "avg_e2e_ms": 4952.826693765501,
    "p50_ttft_ms": 106.89677298069,
    "p50_tpot_ms": 11.667940929648694,
    "p50_e2e_ms": 5622.040355578065,
    "p99_ttft_ms": 7272.284782454371,
    "p99_tpot_ms": 12.468885960952035,
    "p99_e2e_ms": 8695.612577237189
  },
  "throughput": {
    "requests_per_sec": 10.000403621882962,
    "tokens_per_sec": 3200.1291590025476
  },
  "success_rate": 100.0,
  "total_requests": 234,
  "failed_requests": 0,
  "duration_sec": 23.399055562913418,
  "timestamp": "2026-01-18T14:21:21.889158",
  "error": null
}