{
  "config": "3P_1pD",
  "workload": "large_small_bal",
  "qps": 12,
  "turn1": {
    "count": 103,
    "avg_ttft_ms": 6190.405430832823,
    "avg_tpot_ms": 14.550047918411293,
    "avg_e2e_ms": 21075.104451367577,
    "p50_ttft_ms": 10013.190183788538,
    "p50_tpot_ms": 14.843669378600163,
    "p50_e2e_ms": 25567.213155329227,
    "p99_ttft_ms": 22269.89550076425,
    "p99_tpot_ms": 15.28432174359074,
    "p99_e2e_ms": 32851.19955264032
  },
  "turn2": {
    "count": 103,
    "avg_ttft_ms": 97.14363851738207,
    "avg_tpot_ms": 15.130122527904957,
    "avg_e2e_ms": 1050.3413577753943,
    "p50_ttft_ms": 82.74852856993675,
    "p50_tpot_ms": 15.904476777428673,
    "p50_e2e_ms": 1103.2374612987041,
    "p99_ttft_ms": 197.0013316720724,
    "p99_tpot_ms": 18.041505302701676,
    "p99_e2e_ms": 1273.9302828907967
  },
  "average": {
    "count": 206,
    "avg_ttft_ms": 3143.7745346751026,
    "avg_tpot_ms": 14.840085223158127,
    "avg_e2e_ms": 11062.722904571487,
    "p50_ttft_ms": 149.44556914269924,
    "p50_tpot_ms": 15.024815089745722,
    "p50_e2e_ms": 7440.760597586632,
    "p99_ttft_ms": 21607.028204575076,
    "p99_tpot_ms": 17.947422420339926,
    "p99_e2e_ms": 32393.82007867092
  },
  "throughput": {
    "requests_per_sec": 4.765037965620423,
    "tokens_per_sec": 2592.18065329751
  },
  "success_rate": 100.0,
  "total_requests": 206,
  "failed_requests": 0,
  "duration_sec": 43.23155481368303,
  "timestamp": "2026-01-18T15:11:27.921800",
  "error": null
}