{
  "config": "3P_1pD",
  "workload": "large_huge_paste",
  "qps": 1,
  "turn1": {
    "count": 10,
    "avg_ttft_ms": 139.34408575296402,
    "avg_tpot_ms": 8.54987422421298,
    "avg_e2e_ms": 8885.86541712284,
    "p50_ttft_ms": 131.0103666037321,
    "p50_tpot_ms": 8.551180102331664,
    "p50_e2e_ms": 8921.809183433652,
    "p99_ttft_ms": 200.48251278698444,
    "p99_tpot_ms": 8.732959677666456,
    "p99_e2e_ms": 9061.845893003047
  },
  "turn2": {
    "count": 10,
    "avg_ttft_ms": 85.64608953893185,
    "avg_tpot_ms": 8.754499076354888,
    "avg_e2e_ms": 357.0355609059334,
    "p50_ttft_ms": 89.00392055511475,
    "p50_tpot_ms": 8.31693855504836,
    "p50_e2e_ms": 349.39816407859325,
    "p99_ttft_ms": 98.9127479493618,
    "p99_tpot_ms": 11.830210185820057,
    "p99_e2e_ms": 462.7583818137646
  },
  "average": {
    "count": 20,
    "avg_ttft_ms": 112.49508764594793,
    "avg_tpot_ms": 8.652186650283932,
    "avg_e2e_ms": 4621.450489014387,
    "p50_ttft_ms": 110.19624769687653,
    "p50_tpot_ms": 8.525701937059036,
    "p50_e2e_ms": 4527.455985546112,
    "p99_ttft_ms": 194.0116410702466,
    "p99_tpot_ms": 11.663239982820324,
    "p99_e2e_ms": 9055.939169935882
  },
  "throughput": {
    "requests_per_sec": 1.1367370355122073,
    "tokens_per_sec": 600.1971547504454
  },
  "success_rate": 100.0,
  "total_requests": 20,
  "failed_requests": 0,
  "duration_sec": 17.59421869367361,
  "timestamp": "2026-01-18T15:32:08.263419",
  "error": null
}