{
  "config": "3P_1pD",
  "workload": "large_short_gen",
  "qps": 2,
  "turn1": {
    "count": 17,
    "avg_ttft_ms": 145.2043698552777,
    "avg_tpot_ms": 9.617466120313154,
    "avg_e2e_ms": 9983.872210935635,
    "p50_ttft_ms": 141.58334955573082,
    "p50_tpot_ms": 9.736969316868022,
    "p50_e2e_ms": 10112.763188779354,
    "p99_ttft_ms": 181.39481455087662,
    "p99_tpot_ms": 9.986104997692452,
    "p99_e2e_ms": 10357.622930854559
  },
  "turn2": {
    "count": 17,
    "avg_ttft_ms": 97.68325068494853,
    "avg_tpot_ms": 9.62081494147115,
    "avg_e2e_ms": 2550.9910607600914,
    "p50_ttft_ms": 73.55203852057457,
    "p50_tpot_ms": 9.60735196576399,
    "p50_e2e_ms": 2590.1525914669037,
    "p99_ttft_ms": 167.1296975016594,
    "p99_tpot_ms": 10.545517832040787,
    "p99_e2e_ms": 2804.0555214881897
  },
  "average": {
    "count": 34,
    "avg_ttft_ms": 121.4438102701131,
    "avg_tpot_ms": 9.619140530892151,
    "avg_e2e_ms": 6267.431635847863,
    "p50_ttft_ms": 139.27726447582245,
    "p50_tpot_ms": 9.672160641316005,
    "p50_e2e_ms": 6093.354729935527,
    "p99_ttft_ms": 180.15578716993332,
    "p99_tpot_ms": 10.528669049342472,
    "p99_e2e_ms": 10357.45554793626
  },
  "throughput": {
    "requests_per_sec": 1.5305261473389544,
    "tokens_per_sec": 979.5367342969308
  },
  "success_rate": 100.0,
  "total_requests": 34,
  "failed_requests": 0,
  "duration_sec": 22.214582912623882,
  "timestamp": "2026-01-18T14:44:15.889858",
  "error": null
}