{
  "config": "3P_1pD",
  "workload": "large_very_long_gen",
  "qps": 1,
  "turn1": {
    "count": 6,
    "avg_ttft_ms": 148.3126562088728,
    "avg_tpot_ms": 8.50482924840434,
    "avg_e2e_ms": 8848.752977326512,
    "p50_ttft_ms": 148.00254814326763,
    "p50_tpot_ms": 8.588411551212868,
    "p50_e2e_ms": 8940.066954120994,
    "p99_ttft_ms": 163.09134252369404,
    "p99_tpot_ms": 8.728960374022451,
    "p99_e2e_ms": 9074.787603877485
  },
  "turn2": {
    "count": 6,
    "avg_ttft_ms": 61.17406797905763,
    "avg_tpot_ms": 8.67181243153417,
    "avg_e2e_ms": 8932.438185438514,
    "p50_ttft_ms": 64.61646221578121,
    "p50_tpot_ms": 8.708542780923354,
    "p50_e2e_ms": 8960.699003189802,
    "p99_ttft_ms": 76.33304968476295,
    "p99_tpot_ms": 8.757375841477808,
    "p99_e2e_ms": 9034.64942611754
  },
  "average": {
    "count": 12,
    "avg_ttft_ms": 104.74336209396522,
    "avg_tpot_ms": 8.588320839969256,
    "avg_e2e_ms": 8890.595581382513,
    "p50_ttft_ms": 105.2197627723217,
    "p50_tpot_ms": 8.67734080907012,
    "p50_e2e_ms": 8960.699003189802,
    "p99_ttft_ms": 162.7161367982626,
    "p99_tpot_ms": 8.756919959678386,
    "p99_e2e_ms": 9072.379960864782
  },
  "throughput": {
    "requests_per_sec": 0.4361596082799263,
    "tokens_per_sec": 446.6274388786445
  },
  "success_rate": 100.0,
  "total_requests": 12,
  "failed_requests": 0,
  "duration_sec": 27.512864034622908,
  "timestamp": "2026-01-18T14:58:34.139124",
  "error": null
}