{
  "config": "3P_1pD",
  "workload": "large_tiny",
  "qps": 16,
  "turn1": {
    "count": 160,
    "avg_ttft_ms": 15296.468098880723,
    "avg_tpot_ms": 14.668877389239203,
    "avg_e2e_ms": 30302.729668072425,
    "p50_ttft_ms": 13733.66117104888,
    "p50_tpot_ms": 15.010466797319209,
    "p50_e2e_ms": 29195.87592408061,
    "p99_ttft_ms": 39875.52922409028,
    "p99_tpot_ms": 15.322069812271078,
    "p99_e2e_ms": 50907.39967126399
  },
  "turn2": {
    "count": 160,
    "avg_ttft_ms": 122.843823954463,
    "avg_tpot_ms": 16.92042520284773,
    "avg_e2e_ms": 647.3770052427426,
    "p50_ttft_ms": 103.52978110313416,
    "p50_tpot_ms": 17.24484340558129,
    "p50_e2e_ms": 640.967782586813,
    "p99_ttft_ms": 364.96199589222584,
    "p99_tpot_ms": 21.326925354378837,
    "p99_e2e_ms": 945.1149427518241
  },
  "average": {
    "count": 320,
    "avg_ttft_ms": 7709.655961417593,
    "avg_tpot_ms": 15.794651296043465,
    "avg_e2e_ms": 15475.053336657584,
    "p50_ttft_ms": 182.12167546153069,
    "p50_tpot_ms": 15.211080593345567,
    "p50_e2e_ms": 7626.156555488706,
    "p99_ttft_ms": 39833.173158839345,
    "p99_tpot_ms": 21.042935886690692,
    "p99_e2e_ms": 50837.70803414285
  },
  "throughput": {
    "requests_per_sec": 5.3294576312368305,
    "tokens_per_sec": 2813.9536292930466
  },
  "success_rate": 100.0,
  "total_requests": 320,
  "failed_requests": 0,
  "duration_sec": 60.04363335669041,
  "timestamp": "2026-01-18T14:42:03.239116",
  "error": null
}