{
  "config": "3P_1pD",
  "workload": "large_mid_paste",
  "qps": 10,
  "turn1": {
    "count": 100,
    "avg_ttft_ms": 6144.389519803226,
    "avg_tpot_ms": 14.757121488932642,
    "avg_e2e_ms": 21240.924802981317,
    "p50_ttft_ms": 5579.969281330705,
    "p50_tpot_ms": 14.908454356349107,
    "p50_e2e_ms": 21127.791352570057,
    "p99_ttft_ms": 13113.897871114314,
    "p99_tpot_ms": 15.338842003102817,
    "p99_e2e_ms": 28337.52670545131
  },
  "turn2": {
    "count": 100,
    "avg_ttft_ms": 119.55743130296469,
    "avg_tpot_ms": 16.130058142164398,
    "avg_e2e_ms": 1135.7510942593217,
    "p50_ttft_ms": 99.3937011808157,
    "p50_tpot_ms": 16.286266849391044,
    "p50_e2e_ms": 1125.7787980139256,
    "p99_ttft_ms": 259.43059977144026,
    "p99_tpot_ms": 19.998301750137692,
    "p99_e2e_ms": 1432.599530890584
  },
  "average": {
    "count": 200,
    "avg_ttft_ms": 3131.9734755530953,
    "avg_tpot_ms": 15.443589815548519,
    "avg_e2e_ms": 11188.33794862032,
    "p50_ttft_ms": 165.58637097477913,
    "p50_tpot_ms": 15.13234304513633,
    "p50_e2e_ms": 7545.959049835801,
    "p99_ttft_ms": 13038.02712161094,
    "p99_tpot_ms": 19.561908852368116,
    "p99_e2e_ms": 28335.129656121135
  },
  "throughput": {
    "requests_per_sec": 5.373186480233151,
    "tokens_per_sec": 2923.0134452468337
  },
  "success_rate": 100.0,
  "total_requests": 200,
  "failed_requests": 0,
  "duration_sec": 37.22186094522476,
  "timestamp": "2026-01-18T15:22:35.414447",
  "error": null
}