{
  "config": "3P_1pD",
  "workload": "large_mid_bal",
  "qps": 0.5,
  "turn1": {
    "count": 2,
    "avg_ttft_ms": 138.19481804966927,
    "avg_tpot_ms": 7.962951747990074,
    "avg_e2e_ms": 8284.294456243515,
    "p50_ttft_ms": 138.19481804966927,
    "p50_tpot_ms": 7.962951747990074,
    "p50_e2e_ms": 8284.294456243515,
    "p99_ttft_ms": 148.66718463599682,
    "p99_tpot_ms": 7.98036914475386,
    "p99_e2e_ms": 8291.64008654654
  },
  "turn2": {
    "count": 2,
    "avg_ttft_ms": 96.23970650136471,
    "avg_tpot_ms": 7.733235018342498,
    "avg_e2e_ms": 1078.360553830862,
    "p50_ttft_ms": 96.23970650136471,
    "p50_tpot_ms": 7.733235018342498,
    "p50_e2e_ms": 1078.360553830862,
    "p99_ttft_ms": 141.5497114881873,
    "p99_tpot_ms": 8.124653920824603,
    "p99_e2e_ms": 1082.7607494592667
  },
  "average": {
    "count": 4,
    "avg_ttft_ms": 117.21726227551699,
    "avg_tpot_ms": 7.848093383166286,
    "avg_e2e_ms": 4681.3275050371885,
    "p50_ttft_ms": 134.991567581892,
    "p50_tpot_ms": 7.962951747990074,
    "p50_e2e_ms": 4679.824732244015,
    "p99_ttft_ms": 148.6887113749981,
    "p99_tpot_ms": 8.128084537895756,
    "p99_e2e_ms": 8291.340264901519
  },
  "throughput": {
    "requests_per_sec": 0.22769179399841846,
    "tokens_per_sec": 131.15047334308903
  },
  "success_rate": 100.0,
  "total_requests": 4,
  "failed_requests": 0,
  "duration_sec": 17.567607201635838,
  "timestamp": "2026-01-18T15:13:58.663528",
  "error": null
}