{
  "config": "3P_1pD",
  "workload": "small_mid_paste",
  "qps": 16,
  "turn1": {
    "count": 160,
    "avg_ttft_ms": 310.9422750072554,
    "avg_tpot_ms": 13.33208092814678,
    "avg_e2e_ms": 2004.1165528818965,
    "p50_ttft_ms": 217.70636923611164,
    "p50_tpot_ms": 13.786059987591946,
    "p50_e2e_ms": 1951.2696210294962,
    "p99_ttft_ms": 869.8066255450248,
    "p99_tpot_ms": 14.6517952285179,
    "p99_e2e_ms": 2471.7462035268545
  },
  "turn2": {
    "count": 160,
    "avg_ttft_ms": 102.94884010218084,
    "avg_tpot_ms": 13.23797910415109,
    "avg_e2e_ms": 936.9415236636996,
    "p50_ttft_ms": 75.62930695712566,
    "p50_tpot_ms": 13.817137107253075,
    "p50_e2e_ms": 955.9650402516127,
    "p99_ttft_ms": 308.8780062645673,
    "p99_tpot_ms": 14.999925960742292,
    "p99_e2e_ms": 1202.6170332729816
  },
  "average": {
    "count": 320,
    "avg_ttft_ms": 206.9455575547181,
    "avg_tpot_ms": 13.285030016148937,
    "avg_e2e_ms": 1470.529038272798,
    "p50_ttft_ms": 145.9779180586338,
    "p50_tpot_ms": 13.794167832596095,
    "p50_e2e_ms": 1330.1106840372086,
    "p99_ttft_ms": 833.1657623127103,
    "p99_tpot_ms": 14.948990596310487,
    "p99_e2e_ms": 2433.5341420397162
  },
  "throughput": {
    "requests_per_sec": 27.09330875502167,
    "tokens_per_sec": 2600.9576404820805
  },
  "success_rate": 100.0,
  "total_requests": 320,
  "failed_requests": 0,
  "duration_sec": 11.811034336686134,
  "timestamp": "2026-01-18T14:33:19.242071",
  "error": null
}