{
  "config": "3P_1pD",
  "workload": "small_huge_paste",
  "qps": 1,
  "turn1": {
    "count": 8,
    "avg_ttft_ms": 104.37748115509748,
    "avg_tpot_ms": 8.044748167382686,
    "avg_e2e_ms": 1126.0604984126985,
    "p50_ttft_ms": 101.32554359734058,
    "p50_tpot_ms": 7.96033161890319,
    "p50_e2e_ms": 1128.297233954072,
    "p99_ttft_ms": 127.20186579972506,
    "p99_tpot_ms": 8.501979856509863,
    "p99_e2e_ms": 1179.4316842779517
  },
  "turn2": {
    "count": 8,
    "avg_ttft_ms": 92.73649286478758,
    "avg_tpot_ms": 8.112765743487303,
    "avg_e2e_ms": 344.232230912894,
    "p50_ttft_ms": 70.02728804945946,
    "p50_tpot_ms": 8.14970666843076,
    "p50_e2e_ms": 318.0492948740721,
    "p99_ttft_ms": 147.62675751000643,
    "p99_tpot_ms": 8.376111816014014,
    "p99_e2e_ms": 406.19708545506
  },
  "average": {
    "count": 16,
    "avg_ttft_ms": 98.55698700994253,
    "avg_tpot_ms": 8.078756955434995,
    "avg_e2e_ms": 735.1463646627963,
    "p50_ttft_ms": 100.17288476228714,
    "p50_tpot_ms": 8.084790610819715,
    "p50_e2e_ms": 748.4298590570688,
    "p99_ttft_ms": 147.14979249984026,
    "p99_tpot_ms": 8.4948443350398,
    "p99_e2e_ms": 1178.0349558219314
  },
  "throughput": {
    "requests_per_sec": 1.9712934889381237,
    "tokens_per_sec": 157.7034791150499
  },
  "success_rate": 100.0,
  "total_requests": 16,
  "failed_requests": 0,
  "duration_sec": 8.116498172283173,
  "timestamp": "2026-01-18T14:35:54.789497",
  "error": null
}