{
  "config": "3P_1pD",
  "workload": "small_tiny",
  "qps": 8,
  "turn1": {
    "count": 80,
    "avg_ttft_ms": 122.7021717466414,
    "avg_tpot_ms": 9.331304524240533,
    "avg_e2e_ms": 1307.7778463251889,
    "p50_ttft_ms": 113.86210471391678,
    "p50_tpot_ms": 9.316724468403914,
    "p50_e2e_ms": 1305.585153400898,
    "p99_ttft_ms": 230.40146641433222,
    "p99_tpot_ms": 9.885005847088934,
    "p99_e2e_ms": 1422.0697187632322
  },
  "turn2": {
    "count": 80,
    "avg_ttft_ms": 59.58140064030886,
    "avg_tpot_ms": 9.309026071681611,
    "avg_e2e_ms": 348.1612088624388,
    "p50_ttft_ms": 42.1007014811039,
    "p50_tpot_ms": 9.248169920136851,
    "p50_e2e_ms": 332.1719095110893,
    "p99_ttft_ms": 160.10091941803663,
    "p99_tpot_ms": 10.413369350135325,
    "p99_e2e_ms": 469.6275778487324
  },
  "average": {
    "count": 160,
    "avg_ttft_ms": 91.14178619347513,
    "avg_tpot_ms": 9.320165297961072,
    "avg_e2e_ms": 827.9695275938138,
    "p50_ttft_ms": 100.8636113256216,
    "p50_tpot_ms": 9.294061283544291,
    "p50_e2e_ms": 837.2533060610294,
    "p99_ttft_ms": 214.97021857649082,
    "p99_tpot_ms": 10.359346187643466,
    "p99_e2e_ms": 1418.9623364433646
  },
  "throughput": {
    "requests_per_sec": 14.521258244968651,
    "tokens_per_sec": 1161.7006595974922
  },
  "success_rate": 100.0,
  "total_requests": 160,
  "failed_requests": 0,
  "duration_sec": 11.018328942358494,
  "timestamp": "2026-01-18T14:15:56.756034",
  "error": null
}