{
  "config": "3P_1pD",
  "workload": "small_short_gen",
  "qps": 8,
  "turn1": {
    "count": 80,
    "avg_ttft_ms": 139.51978362165391,
    "avg_tpot_ms": 10.461756489129636,
    "avg_e2e_ms": 1468.1628577411175,
    "p50_ttft_ms": 130.58915548026562,
    "p50_tpot_ms": 10.36866837892476,
    "p50_e2e_ms": 1497.532220557332,
    "p99_ttft_ms": 298.10463506728405,
    "p99_tpot_ms": 11.530465231695043,
    "p99_e2e_ms": 1670.4973747208712
  },
  "turn2": {
    "count": 80,
    "avg_ttft_ms": 65.83058652468026,
    "avg_tpot_ms": 10.447639127572376,
    "avg_e2e_ms": 2729.9785640556365,
    "p50_ttft_ms": 50.97291059792042,
    "p50_tpot_ms": 10.484184405090762,
    "p50_e2e_ms": 2737.8678880631924,
    "p99_ttft_ms": 194.94097009301098,
    "p99_tpot_ms": 11.28267605076818,
    "p99_e2e_ms": 3032.1239119395614
  },
  "average": {
    "count": 160,
    "avg_ttft_ms": 102.67518507316709,
    "avg_tpot_ms": 10.454697808351005,
    "avg_e2e_ms": 2099.070710898377,
    "p50_ttft_ms": 102.45104134082794,
    "p50_tpot_ms": 10.435531092487,
    "p50_e2e_ms": 2006.1159431934357,
    "p99_ttft_ms": 299.3639061227441,
    "p99_tpot_ms": 11.503595026048618,
    "p99_e2e_ms": 3018.994966633618
  },
  "throughput": {
    "requests_per_sec": 11.765212458569414,
    "tokens_per_sec": 2258.9207920453273
  },
  "success_rate": 100.0,
  "total_requests": 160,
  "failed_requests": 0,
  "duration_sec": 13.599414423108101,
  "timestamp": "2026-01-18T14:17:56.623133",
  "error": null
}