{
  "config": "3P_1pD",
  "workload": "small_long_gen",
  "qps": 6,
  "turn1": {
    "count": 60,
    "avg_ttft_ms": 125.69875648866098,
    "avg_tpot_ms": 10.431958083796685,
    "avg_e2e_ms": 1450.5574331308405,
    "p50_ttft_ms": 123.72301891446114,
    "p50_tpot_ms": 10.66339043827038,
    "p50_e2e_ms": 1490.1318792253733,
    "p99_ttft_ms": 167.88684897124764,
    "p99_tpot_ms": 11.374322232592293,
    "p99_e2e_ms": 1578.4655370563269
  },
  "turn2": {
    "count": 60,
    "avg_ttft_ms": 60.69921497255564,
    "avg_tpot_ms": 10.490034431564172,
    "avg_e2e_ms": 5421.106809501846,
    "p50_ttft_ms": 50.235504284501076,
    "p50_tpot_ms": 10.566055147731841,
    "p50_e2e_ms": 5441.896080970764,
    "p99_ttft_ms": 155.53742103278623,
    "p99_tpot_ms": 11.133218626555514,
    "p99_e2e_ms": 5786.854182295501
  },
  "average": {
    "count": 120,
    "avg_ttft_ms": 93.1989857306083,
    "avg_tpot_ms": 10.46099625768043,
    "avg_e2e_ms": 3435.8321213163435,
    "p50_ttft_ms": 110.89325696229935,
    "p50_tpot_ms": 10.633484291748738,
    "p50_e2e_ms": 3199.629897251725,
    "p99_ttft_ms": 171.81292645633224,
    "p99_tpot_ms": 11.36695640704294,
    "p99_e2e_ms": 5781.158950999379
  },
  "throughput": {
    "requests_per_sec": 7.411525330681896,
    "tokens_per_sec": 2371.688105818207
  },
  "success_rate": 100.0,
  "total_requests": 120,
  "failed_requests": 0,
  "duration_sec": 16.1909991055727,
  "timestamp": "2026-01-18T14:20:22.159061",
  "error": null
}