{
  "config": "3P_1pD",
  "workload": "large_tiny",
  "qps": 12,
  "turn1": {
    "count": 110,
    "avg_ttft_ms": 7489.847055754878,
    "avg_tpot_ms": 14.465681303417982,
    "avg_e2e_ms": 22288.23902915147,
    "p50_ttft_ms": 11285.21091490984,
    "p50_tpot_ms": 14.917305697079744,
    "p50_e2e_ms": 26771.030819043517,
    "p99_ttft_ms": 22976.602080874145,
    "p99_tpot_ms": 15.230089250555077,
    "p99_e2e_ms": 33974.16483774781
  },
  "turn2": {
    "count": 110,
    "avg_ttft_ms": 110.07331318475984,
    "avg_tpot_ms": 15.503010385372072,
    "avg_e2e_ms": 590.6666351312941,
    "p50_ttft_ms": 92.07138046622276,
    "p50_tpot_ms": 16.396034749284865,
    "p50_e2e_ms": 602.8712633997202,
    "p99_ttft_ms": 277.65901163220394,
    "p99_tpot_ms": 18.55523220233379,
    "p99_e2e_ms": 841.0755464434623
  },
  "average": {
    "count": 220,
    "avg_ttft_ms": 3799.960184469819,
    "avg_tpot_ms": 14.984345844395026,
    "avg_e2e_ms": 11439.452832141384,
    "p50_ttft_ms": 158.93800742924213,
    "p50_tpot_ms": 15.097516220161292,
    "p50_e2e_ms": 7276.638150215149,
    "p99_ttft_ms": 22910.806369036436,
    "p99_tpot_ms": 18.502348487175283,
    "p99_e2e_ms": 33961.5066671744
  },
  "throughput": {
    "requests_per_sec": 5.0036141461193715,
    "tokens_per_sec": 2641.908269151028
  },
  "success_rate": 100.0,
  "total_requests": 220,
  "failed_requests": 0,
  "duration_sec": 43.968218486756086,
  "timestamp": "2026-01-18T14:41:03.153750",
  "error": null
}