{
  "config": "3P_1pD",
  "workload": "small_short_gen",
  "qps": 4,
  "turn1": {
    "count": 40,
    "avg_ttft_ms": 114.84145876020193,
    "avg_tpot_ms": 9.73255272265377,
    "avg_e2e_ms": 1350.8756545372307,
    "p50_ttft_ms": 113.59677463769913,
    "p50_tpot_ms": 10.001153883150243,
    "p50_e2e_ms": 1380.3636003285646,
    "p99_ttft_ms": 150.29355265200138,
    "p99_tpot_ms": 10.409962301120515,
    "p99_e2e_ms": 1448.7101572752
  },
  "turn2": {
    "count": 40,
    "avg_ttft_ms": 56.523634400218725,
    "avg_tpot_ms": 9.671227372087099,
    "avg_e2e_ms": 2522.686614282429,
    "p50_ttft_ms": 39.105772972106934,
    "p50_tpot_ms": 9.730786464962303,
    "p50_e2e_ms": 2556.95372633636,
    "p99_ttft_ms": 125.3682004287839,
    "p99_tpot_ms": 10.292662398341824,
    "p99_e2e_ms": 2702.182564660907
  },
  "average": {
    "count": 80,
    "avg_ttft_ms": 85.68254658021033,
    "avg_tpot_ms": 9.701890047370435,
    "avg_e2e_ms": 1936.78113440983,
    "p50_ttft_ms": 104.80373352766037,
    "p50_tpot_ms": 9.930376476776882,
    "p50_e2e_ms": 1857.16656409204,
    "p99_ttft_ms": 150.13501323759556,
    "p99_tpot_ms": 10.399440544268748,
    "p99_e2e_ms": 2685.387683436274
  },
  "throughput": {
    "requests_per_sec": 7.6436634839265505,
    "tokens_per_sec": 1467.5833889138978
  },
  "success_rate": 100.0,
  "total_requests": 80,
  "failed_requests": 0,
  "duration_sec": 10.466185510158539,
  "timestamp": "2026-01-18T14:17:29.925008",
  "error": null
}