{
  "config": "3P_1pD",
  "workload": "large_mid_bal",
  "qps": 16,
  "turn1": {
    "count": 148,
    "avg_ttft_ms": 14016.623094677925,
    "avg_tpot_ms": 14.528351357659778,
    "avg_e2e_ms": 28879.12653356388,
    "p50_ttft_ms": 14386.787809431553,
    "p50_tpot_ms": 14.588544198028735,
    "p50_e2e_ms": 29521.457701921463,
    "p99_ttft_ms": 29029.288151599467,
    "p99_tpot_ms": 15.342534688262239,
    "p99_e2e_ms": 43702.08823930472
  },
  "turn2": {
    "count": 148,
    "avg_ttft_ms": 116.57802949382646,
    "avg_tpot_ms": 15.8193430205905,
    "avg_e2e_ms": 2125.63459310882,
    "p50_ttft_ms": 98.04509952664375,
    "p50_tpot_ms": 16.39457871242771,
    "p50_e2e_ms": 2175.5362302064896,
    "p99_ttft_ms": 263.9203580096364,
    "p99_tpot_ms": 18.36936116159901,
    "p99_e2e_ms": 2478.7128050997853
  },
  "average": {
    "count": 296,
    "avg_ttft_ms": 7066.600562085876,
    "avg_tpot_ms": 15.173847189125139,
    "avg_e2e_ms": 15502.380563336348,
    "p50_ttft_ms": 160.8860306441784,
    "p50_tpot_ms": 14.933758032010214,
    "p50_e2e_ms": 7876.8271915614605,
    "p99_ttft_ms": 29022.209980152547,
    "p99_tpot_ms": 18.33832455490987,
    "p99_e2e_ms": 43693.5072934255
  },
  "throughput": {
    "requests_per_sec": 5.3727107287455675,
    "tokens_per_sec": 3094.681379757447
  },
  "success_rate": 100.0,
  "total_requests": 296,
  "failed_requests": 0,
  "duration_sec": 55.09323225170374,
  "timestamp": "2026-01-18T15:18:25.594884",
  "error": null
}