{
  "config": "3P_1pD",
  "workload": "small_big_paste",
  "qps": 20,
  "turn1": {
    "count": 200,
    "avg_ttft_ms": 1940.2073328197002,
    "avg_tpot_ms": 15.403242247751143,
    "avg_e2e_ms": 3896.4190982840955,
    "p50_ttft_ms": 1755.1130056381226,
    "p50_tpot_ms": 15.683784728913796,
    "p50_e2e_ms": 3868.689589202404,
    "p99_ttft_ms": 4625.1936584711075,
    "p99_tpot_ms": 17.10227544148137,
    "p99_e2e_ms": 6450.485123954712
  },
  "turn2": {
    "count": 200,
    "avg_ttft_ms": 195.34264588728547,
    "avg_tpot_ms": 15.228635137161566,
    "avg_e2e_ms": 1154.746659528464,
    "p50_ttft_ms": 120.75060233473778,
    "p50_tpot_ms": 15.593767047874511,
    "p50_e2e_ms": 1115.58410897851,
    "p99_ttft_ms": 1815.8735070004982,
    "p99_tpot_ms": 18.17934274023014,
    "p99_e2e_ms": 2825.4448056593455
  },
  "average": {
    "count": 400,
    "avg_ttft_ms": 1067.7749893534929,
    "avg_tpot_ms": 15.315938692456355,
    "avg_e2e_ms": 2525.58287890628,
    "p50_ttft_ms": 198.73695448040962,
    "p50_tpot_ms": 15.653918786985907,
    "p50_e2e_ms": 1695.8824023604393,
    "p99_ttft_ms": 4562.722578980029,
    "p99_tpot_ms": 17.897039015614794,
    "p99_e2e_ms": 6413.874437399209
  },
  "throughput": {
    "requests_per_sec": 26.378287838660757,
    "tokens_per_sec": 2532.315632511433
  },
  "success_rate": 100.0,
  "total_requests": 400,
  "failed_requests": 0,
  "duration_sec": 15.163986474275589,
  "timestamp": "2026-01-18T14:35:35.874666",
  "error": null
}