{
  "config": "3P_1pD",
  "workload": "large_mid_bal",
  "qps": 1,
  "turn1": {
    "count": 7,
    "avg_ttft_ms": 124.22112854463714,
    "avg_tpot_ms": 8.159624668343609,
    "avg_e2e_ms": 8471.517164260149,
    "p50_ttft_ms": 114.97369781136513,
    "p50_tpot_ms": 8.232111437200684,
    "p50_e2e_ms": 8529.518585652113,
    "p99_ttft_ms": 175.66888742148876,
    "p99_tpot_ms": 8.316843862830137,
    "p99_e2e_ms": 8653.839577436447
  },
  "turn2": {
    "count": 7,
    "avg_ttft_ms": 72.9847044817039,
    "avg_tpot_ms": 8.454228940978227,
    "avg_e2e_ms": 1146.6717799859387,
    "p50_ttft_ms": 60.75267866253853,
    "p50_tpot_ms": 8.42963408414773,
    "p50_e2e_ms": 1141.7520120739937,
    "p99_ttft_ms": 158.36842842400068,
    "p99_tpot_ms": 8.808097820582352,
    "p99_e2e_ms": 1230.1300884783268
  },
  "average": {
    "count": 14,
    "avg_ttft_ms": 98.60291651317051,
    "avg_tpot_ms": 8.30692680466092,
    "avg_e2e_ms": 4809.0944721230435,
    "p50_ttft_ms": 98.29819947481155,
    "p50_tpot_ms": 8.315415466650373,
    "p50_e2e_ms": 4689.297264441848,
    "p99_ttft_ms": 175.6201869249344,
    "p99_tpot_ms": 8.795333417264494,
    "p99_e2e_ms": 8650.339922904968
  },
  "throughput": {
    "requests_per_sec": 0.7320457747960223,
    "tokens_per_sec": 421.65836628250884
  },
  "success_rate": 100.0,
  "total_requests": 14,
  "failed_requests": 0,
  "duration_sec": 19.12448713183403,
  "timestamp": "2026-01-18T15:14:17.822299",
  "error": null
}