{
  "config": "3P_1pD",
  "workload": "small_very_long_gen",
  "qps": 16,
  "turn1": {
    "count": 156,
    "avg_ttft_ms": 12132.598775749406,
    "avg_tpot_ms": 12.14419486418189,
    "avg_e2e_ms": 13674.911523500505,
    "p50_ttft_ms": 11309.839455410838,
    "p50_tpot_ms": 12.065672645653326,
    "p50_e2e_ms": 12899.498641490936,
    "p99_ttft_ms": 33373.92734289169,
    "p99_tpot_ms": 13.350262690892839,
    "p99_e2e_ms": 34767.98485331237
  },
  "turn2": {
    "count": 156,
    "avg_ttft_ms": 83.51293079650554,
    "avg_tpot_ms": 12.120418156604488,
    "avg_e2e_ms": 12482.700705002897,
    "p50_ttft_ms": 67.86392629146576,
    "p50_tpot_ms": 12.336338643541783,
    "p50_e2e_ms": 12691.290089860559,
    "p99_ttft_ms": 250.6426978856324,
    "p99_tpot_ms": 12.556682782154803,
    "p99_e2e_ms": 12956.723798438907
  },
  "average": {
    "count": 312,
    "avg_ttft_ms": 6108.055853272956,
    "avg_tpot_ms": 12.132306510393189,
    "avg_e2e_ms": 13078.806114251702,
    "p50_ttft_ms": 128.96670401096344,
    "p50_tpot_ms": 12.32131030537982,
    "p50_e2e_ms": 12715.936563909054,
    "p99_ttft_ms": 33288.63722585142,
    "p99_tpot_ms": 13.344491093940151,
    "p99_e2e_ms": 34720.919124260545
  },
  "throughput": {
    "requests_per_sec": 5.820395352962883,
    "tokens_per_sec": 3352.547723306621
  },
  "success_rate": 100.0,
  "total_requests": 312,
  "failed_requests": 0,
  "duration_sec": 53.60460605844855,
  "timestamp": "2026-01-18T14:26:43.103923",
  "error": null
}