{
  "config": "3P_1pD",
  "workload": "small_mid_bal",
  "qps": 2,
  "turn1": {
    "count": 20,
    "avg_ttft_ms": 117.9438216611743,
    "avg_tpot_ms": 8.597484104863302,
    "avg_e2e_ms": 1209.8243029788136,
    "p50_ttft_ms": 115.43699726462364,
    "p50_tpot_ms": 8.571803643126188,
    "p50_e2e_ms": 1208.5817474871874,
    "p99_ttft_ms": 157.51410625874996,
    "p99_tpot_ms": 9.206626664583139,
    "p99_e2e_ms": 1286.857911348343
  },
  "turn2": {
    "count": 20,
    "avg_ttft_ms": 64.50594905763865,
    "avg_tpot_ms": 8.603522194710774,
    "avg_e2e_ms": 1157.1532677859068,
    "p50_ttft_ms": 40.35708121955395,
    "p50_tpot_ms": 8.536925202044916,
    "p50_e2e_ms": 1148.5499441623688,
    "p99_ttft_ms": 126.13079790025948,
    "p99_tpot_ms": 9.250145280865704,
    "p99_e2e_ms": 1291.7422503605485
  },
  "average": {
    "count": 40,
    "avg_ttft_ms": 91.22488535940647,
    "avg_tpot_ms": 8.600503149787036,
    "avg_e2e_ms": 1183.4887853823602,
    "p50_ttft_ms": 107.89519175887108,
    "p50_tpot_ms": 8.5543968282112,
    "p50_e2e_ms": 1188.0742199718952,
    "p99_ttft_ms": 156.92433767020702,
    "p99_tpot_ms": 9.248775576688642,
    "p99_e2e_ms": 1292.6698070764542
  },
  "throughput": {
    "requests_per_sec": 3.9616102254745593,
    "tokens_per_sec": 507.0861088607436
  },
  "success_rate": 100.0,
  "total_requests": 40,
  "failed_requests": 0,
  "duration_sec": 10.09690447151661,
  "timestamp": "2026-01-18T14:30:08.218283",
  "error": null
}