{
  "config": "3P_1pD",
  "workload": "small_very_long_gen",
  "qps": 0.5,
  "turn1": {
    "count": 5,
    "avg_ttft_ms": 108.65875482559204,
    "avg_tpot_ms": 8.148039496085776,
    "avg_e2e_ms": 1143.4597708284855,
    "p50_ttft_ms": 107.51546174287796,
    "p50_tpot_ms": 8.170637646763344,
    "p50_e2e_ms": 1147.5486978888512,
    "p99_ttft_ms": 114.41714808344841,
    "p99_tpot_ms": 8.206951211052617,
    "p99_e2e_ms": 1149.2283783853054
  },
  "turn2": {
    "count": 5,
    "avg_ttft_ms": 63.401197642087936,
    "avg_tpot_ms": 8.304800230824004,
    "avg_e2e_ms": 8559.211833775043,
    "p50_ttft_ms": 49.29586127400398,
    "p50_tpot_ms": 8.319937996384219,
    "p50_e2e_ms": 8564.524963498116,
    "p99_ttft_ms": 111.2719714641571,
    "p99_tpot_ms": 8.341023870256755,
    "p99_e2e_ms": 8623.438705652952
  },
  "average": {
    "count": 10,
    "avg_ttft_ms": 86.02997623383999,
    "avg_tpot_ms": 8.226419863454888,
    "avg_e2e_ms": 4851.3358023017645,
    "p50_ttft_ms": 105.64715228974819,
    "p50_tpot_ms": 8.211353830370673,
    "p50_e2e_ms": 4793.873496353626,
    "p99_ttft_ms": 114.40489236265421,
    "p99_tpot_ms": 8.340799959917222,
    "p99_e2e_ms": 8623.155715093017
  },
  "throughput": {
    "requests_per_sec": 0.7207614039490657,
    "tokens_per_sec": 415.1585686746618
  },
  "success_rate": 100.0,
  "total_requests": 10,
  "failed_requests": 0,
  "duration_sec": 13.874216828495264,
  "timestamp": "2026-01-18T14:22:43.194525",
  "error": null
}