{
  "config": "3P_1pD",
  "workload": "small_mid_bal",
  "qps": 8,
  "turn1": {
    "count": 80,
    "avg_ttft_ms": 133.27074805274606,
    "avg_tpot_ms": 10.41922903304377,
    "avg_e2e_ms": 1456.5128352493048,
    "p50_ttft_ms": 127.26240791380405,
    "p50_tpot_ms": 10.657664036422265,
    "p50_e2e_ms": 1481.7942157387733,
    "p99_ttft_ms": 210.54080255329563,
    "p99_tpot_ms": 11.014799824439166,
    "p99_e2e_ms": 1569.5542494952672
  },
  "turn2": {
    "count": 80,
    "avg_ttft_ms": 76.26744429580867,
    "avg_tpot_ms": 10.362846449046858,
    "avg_e2e_ms": 1392.3489433247596,
    "p50_ttft_ms": 56.6924512386322,
    "p50_tpot_ms": 10.646639934440298,
    "p50_e2e_ms": 1407.0317838340998,
    "p99_ttft_ms": 261.34313412010664,
    "p99_tpot_ms": 11.084490448060466,
    "p99_e2e_ms": 1644.0745662152767
  },
  "average": {
    "count": 160,
    "avg_ttft_ms": 104.76909617427737,
    "avg_tpot_ms": 10.391037741045313,
    "avg_e2e_ms": 1424.4308892870322,
    "p50_ttft_ms": 113.64394798874855,
    "p50_tpot_ms": 10.65090743047515,
    "p50_e2e_ms": 1441.397849470377,
    "p99_ttft_ms": 263.2915731891989,
    "p99_tpot_ms": 11.049425559719715,
    "p99_e2e_ms": 1643.0537854880095
  },
  "throughput": {
    "requests_per_sec": 15.707472380513575,
    "tokens_per_sec": 2010.5564647057377
  },
  "success_rate": 100.0,
  "total_requests": 160,
  "failed_requests": 0,
  "duration_sec": 10.186234686523676,
  "timestamp": "2026-01-18T14:30:41.880986",
  "error": null
}