{
  "config": "3P_1pD",
  "workload": "large_mid_bal",
  "qps": 12,
  "turn1": {
    "count": 120,
    "avg_ttft_ms": 10203.384412483623,
    "avg_tpot_ms": 13.802688301845281,
    "avg_e2e_ms": 24323.534545271348,
    "p50_ttft_ms": 13546.227093786001,
    "p50_tpot_ms": 13.991244763631158,
    "p50_e2e_ms": 27870.90506963432,
    "p99_ttft_ms": 26502.37517759204,
    "p99_tpot_ms": 15.359022960700422,
    "p99_e2e_ms": 38172.76457030326
  },
  "turn2": {
    "count": 120,
    "avg_ttft_ms": 130.83578208461404,
    "avg_tpot_ms": 15.622338960607218,
    "avg_e2e_ms": 2114.872830081731,
    "p50_ttft_ms": 97.67939522862434,
    "p50_tpot_ms": 16.067264689587233,
    "p50_e2e_ms": 2172.3620630800724,
    "p99_ttft_ms": 277.17996403574944,
    "p99_tpot_ms": 18.750551130593294,
    "p99_e2e_ms": 2532.7409909665585
  },
  "average": {
    "count": 240,
    "avg_ttft_ms": 5167.110097284119,
    "avg_tpot_ms": 14.71251363122625,
    "avg_e2e_ms": 13219.20368767654,
    "p50_ttft_ms": 174.2194164544344,
    "p50_tpot_ms": 14.270668085601573,
    "p50_e2e_ms": 9227.974003180861,
    "p99_ttft_ms": 26454.924417734146,
    "p99_tpot_ms": 18.72174461232865,
    "p99_e2e_ms": 38162.055372707546
  },
  "throughput": {
    "requests_per_sec": 4.9810729230478294,
    "tokens_per_sec": 2869.09800367555
  },
  "success_rate": 100.0,
  "total_requests": 240,
  "failed_requests": 0,
  "duration_sec": 48.18239036202431,
  "timestamp": "2026-01-18T15:17:30.465532",
  "error": null
}