{
  "config": "3P_1pD",
  "workload": "small_short_gen",
  "qps": 16,
  "turn1": {
    "count": 160,
    "avg_ttft_ms": 2418.838431709446,
    "avg_tpot_ms": 11.970371307849181,
    "avg_e2e_ms": 3939.075587806292,
    "p50_ttft_ms": 1992.0776970684528,
    "p50_tpot_ms": 12.122261565266632,
    "p50_e2e_ms": 3522.669453173876,
    "p99_ttft_ms": 6545.106654986739,
    "p99_tpot_ms": 12.607775877017204,
    "p99_e2e_ms": 7873.334498107433
  },
  "turn2": {
    "count": 160,
    "avg_ttft_ms": 80.37918324116617,
    "avg_tpot_ms": 11.727139180909623,
    "avg_e2e_ms": 3070.79967437312,
    "p50_ttft_ms": 63.22422996163368,
    "p50_tpot_ms": 11.945497960436578,
    "p50_e2e_ms": 3117.0833371579647,
    "p99_ttft_ms": 195.20825039595363,
    "p99_tpot_ms": 12.218430659204136,
    "p99_e2e_ms": 3254.8370452597737
  },
  "average": {
    "count": 320,
    "avg_ttft_ms": 1249.608807475306,
    "avg_tpot_ms": 11.8487552443794,
    "avg_e2e_ms": 3504.937631089706,
    "p50_ttft_ms": 136.3692469894886,
    "p50_tpot_ms": 11.995384827548381,
    "p50_e2e_ms": 3145.423972979188,
    "p99_ttft_ms": 6470.765394344926,
    "p99_tpot_ms": 12.603159096590646,
    "p99_e2e_ms": 7828.677710779011
  },
  "throughput": {
    "requests_per_sec": 16.926051488211524,
    "tokens_per_sec": 3249.8018857366123
  },
  "success_rate": 100.0,
  "total_requests": 320,
  "failed_requests": 0,
  "duration_sec": 18.90576784685254,
  "timestamp": "2026-01-18T14:18:43.872503",
  "error": null
}