{
  "config": "3P_1pD",
  "workload": "large_very_long_gen",
  "qps": 6,
  "turn1": {
    "count": 45,
    "avg_ttft_ms": 155.8320832749208,
    "avg_tpot_ms": 13.376784149609547,
    "avg_e2e_ms": 13840.282268325487,
    "p50_ttft_ms": 152.83572673797607,
    "p50_tpot_ms": 13.215057442614759,
    "p50_e2e_ms": 13701.479855924845,
    "p99_ttft_ms": 219.91599425673485,
    "p99_tpot_ms": 15.262908137613728,
    "p99_e2e_ms": 15769.535434246063
  },
  "turn2": {
    "count": 45,
    "avg_ttft_ms": 98.36223820845287,
    "avg_tpot_ms": 14.530461863536228,
    "avg_e2e_ms": 14963.02472460601,
    "p50_ttft_ms": 82.44002982974052,
    "p50_tpot_ms": 15.033733645929269,
    "p50_e2e_ms": 15458.069775253534,
    "p99_ttft_ms": 191.970634162426,
    "p99_tpot_ms": 15.552743471583547,
    "p99_e2e_ms": 16081.000876128674
  },
  "average": {
    "count": 90,
    "avg_ttft_ms": 127.09716074168682,
    "avg_tpot_ms": 13.953623006572887,
    "avg_e2e_ms": 14401.65349646575,
    "p50_ttft_ms": 133.5249561816454,
    "p50_tpot_ms": 14.248382844547955,
    "p50_e2e_ms": 14673.770315945148,
    "p99_ttft_ms": 218.89626029878855,
    "p99_tpot_ms": 15.54706564247754,
    "p99_e2e_ms": 16068.06747045368
  },
  "throughput": {
    "requests_per_sec": 2.341221460297567,
    "tokens_per_sec": 2397.410775344709
  },
  "success_rate": 100.0,
  "total_requests": 90,
  "failed_requests": 0,
  "duration_sec": 38.441472336649895,
  "timestamp": "2026-01-18T15:00:15.818307",
  "error": null
}