{
  "config": "3P_1pD",
  "workload": "small_tiny",
  "qps": 0.5,
  "turn1": {
    "count": 5,
    "avg_ttft_ms": 132.58558213710785,
    "avg_tpot_ms": 8.032262788748179,
    "avg_e2e_ms": 1152.6829563081264,
    "p50_ttft_ms": 144.61297169327736,
    "p50_tpot_ms": 8.082565448180898,
    "p50_e2e_ms": 1171.0987836122513,
    "p99_ttft_ms": 159.1091413795948,
    "p99_tpot_ms": 8.240350358129486,
    "p99_e2e_ms": 1205.6068973243237
  },
  "turn2": {
    "count": 5,
    "avg_ttft_ms": 45.71880400180817,
    "avg_tpot_ms": 7.96617591573346,
    "avg_e2e_ms": 292.67025738954544,
    "p50_ttft_ms": 31.94340318441391,
    "p50_tpot_ms": 7.953549945546735,
    "p50_e2e_ms": 279.000885784626,
    "p99_ttft_ms": 102.99296960234642,
    "p99_tpot_ms": 8.153056209125825,
    "p99_e2e_ms": 352.8355474770069
  },
  "average": {
    "count": 10,
    "avg_ttft_ms": 89.15219306945801,
    "avg_tpot_ms": 7.99921935224082,
    "avg_e2e_ms": 722.676606848836,
    "p50_ttft_ms": 100.0616978853941,
    "p50_tpot_ms": 8.00494140674991,
    "p50_e2e_ms": 725.1401357352734,
    "p99_ttft_ms": 159.10768814384937,
    "p99_tpot_ms": 8.236284991719183,
    "p99_e2e_ms": 1205.0102652609348
  },
  "throughput": {
    "requests_per_sec": 2.270343368377192,
    "tokens_per_sec": 181.62746947017536
  },
  "success_rate": 100.0,
  "total_requests": 10,
  "failed_requests": 0,
  "duration_sec": 4.404620084911585,
  "timestamp": "2026-01-18T14:15:04.652506",
  "error": null
}