{
  "config": "3P_1pD",
  "workload": "small_long_gen",
  "qps": 10,
  "turn1": {
    "count": 93,
    "avg_ttft_ms": 1504.5300957256106,
    "avg_tpot_ms": 11.323742513296397,
    "avg_e2e_ms": 2942.645394914253,
    "p50_ttft_ms": 220.59523686766624,
    "p50_tpot_ms": 11.716953471420318,
    "p50_e2e_ms": 1710.6726504862309,
    "p99_ttft_ms": 3687.560057938099,
    "p99_tpot_ms": 12.535196017092607,
    "p99_e2e_ms": 5277.749538719654
  },
  "turn2": {
    "count": 93,
    "avg_ttft_ms": 83.77127810030855,
    "avg_tpot_ms": 11.345289815880822,
    "avg_e2e_ms": 5881.214374015408,
    "p50_ttft_ms": 63.67681175470352,
    "p50_tpot_ms": 11.608225732691833,
    "p50_e2e_ms": 6005.485147237778,
    "p99_ttft_ms": 272.5223685801029,
    "p99_tpot_ms": 12.036035530662817,
    "p99_e2e_ms": 6369.031899869442
  },
  "average": {
    "count": 186,
    "avg_ttft_ms": 794.1506869129596,
    "avg_tpot_ms": 11.334516164588608,
    "avg_e2e_ms": 4411.92988446483,
    "p50_ttft_ms": 123.33567813038826,
    "p50_tpot_ms": 11.684780736833309,
    "p50_e2e_ms": 5286.5345776081085,
    "p99_ttft_ms": 3634.8063820973043,
    "p99_tpot_ms": 12.529874708884815,
    "p99_e2e_ms": 6313.129135780036
  },
  "throughput": {
    "requests_per_sec": 9.792318002198755,
    "tokens_per_sec": 3133.5417607036015
  },
  "success_rate": 100.0,
  "total_requests": 186,
  "failed_requests": 0,
  "duration_sec": 18.994481179863214,
  "timestamp": "2026-01-18T14:20:58.448793",
  "error": null
}