{
  "config": "3P_1pD",
  "workload": "large_short_gen",
  "qps": 0.5,
  "turn1": {
    "count": 4,
    "avg_ttft_ms": 141.12406875938177,
    "avg_tpot_ms": 8.080609045369243,
    "avg_e2e_ms": 8407.587122172117,
    "p50_ttft_ms": 139.11047950387,
    "p50_tpot_ms": 8.080300804908557,
    "p50_e2e_ms": 8412.068637087941,
    "p99_ttft_ms": 153.4515704214573,
    "p99_tpot_ms": 8.17930763192249,
    "p99_e2e_ms": 8500.49017932266
  },
  "turn2": {
    "count": 4,
    "avg_ttft_ms": 103.73689141124487,
    "avg_tpot_ms": 7.991134499510129,
    "avg_e2e_ms": 2141.476188786328,
    "p50_ttft_ms": 107.84586891531944,
    "p50_tpot_ms": 7.988371597785576,
    "p50_e2e_ms": 2135.410599410534,
    "p99_ttft_ms": 159.97679520398378,
    "p99_tpot_ms": 8.18313098275194,
    "p99_e2e_ms": 2246.6751958057284
  },
  "average": {
    "count": 8,
    "avg_ttft_ms": 122.43048008531332,
    "avg_tpot_ms": 8.035871772439686,
    "avg_e2e_ms": 5274.5316554792225,
    "p50_ttft_ms": 139.11047950387,
    "p50_tpot_ms": 8.020710225861972,
    "p50_e2e_ms": 5276.73008851707,
    "p99_ttft_ms": 159.87662944942713,
    "p99_tpot_ms": 8.187214617220555,
    "p99_e2e_ms": 8500.238635353744
  },
  "throughput": {
    "requests_per_sec": 0.44204254051371833,
    "tokens_per_sec": 282.9072259287797
  },
  "success_rate": 100.0,
  "total_requests": 8,
  "failed_requests": 0,
  "duration_sec": 18.097805678844452,
  "timestamp": "2026-01-18T14:43:33.435623",
  "error": null
}