{
  "config": "3P_1pD",
  "workload": "large_short_gen",
  "qps": 4,
  "turn1": {
    "count": 40,
    "avg_ttft_ms": 167.65843546018004,
    "avg_tpot_ms": 12.616078559316529,
    "avg_e2e_ms": 13073.906801640987,
    "p50_ttft_ms": 162.5095196068287,
    "p50_tpot_ms": 12.897453885361596,
    "p50_e2e_ms": 13357.572466135025,
    "p99_ttft_ms": 252.5904297083616,
    "p99_tpot_ms": 13.210354586872013,
    "p99_e2e_ms": 13692.240076996386
  },
  "turn2": {
    "count": 40,
    "avg_ttft_ms": 97.69763499498367,
    "avg_tpot_ms": 12.484445524055,
    "avg_e2e_ms": 3281.2312436290085,
    "p50_ttft_ms": 78.65231297910213,
    "p50_tpot_ms": 12.760210994119738,
    "p50_e2e_ms": 3330.0794418901205,
    "p99_ttft_ms": 191.51724100112915,
    "p99_tpot_ms": 14.00257262777464,
    "p99_e2e_ms": 3737.6396668702364
  },
  "average": {
    "count": 80,
    "avg_ttft_ms": 132.67803522758186,
    "avg_tpot_ms": 12.550262041685764,
    "avg_e2e_ms": 8177.569022634998,
    "p50_ttft_ms": 145.78497037291527,
    "p50_tpot_ms": 12.855352158662223,
    "p50_e2e_ms": 7629.657426849008,
    "p99_ttft_ms": 234.43375520408125,
    "p99_tpot_ms": 13.987812431565686,
    "p99_e2e_ms": 13686.418948806822
  },
  "throughput": {
    "requests_per_sec": 3.4546244760424263,
    "tokens_per_sec": 2210.959664667153
  },
  "success_rate": 100.0,
  "total_requests": 80,
  "failed_requests": 0,
  "duration_sec": 23.157365020364523,
  "timestamp": "2026-01-18T14:44:39.088605",
  "error": null
}