{
  "config": "3P_1pD",
  "workload": "small_very_long_gen",
  "qps": 20,
  "turn1": {
    "count": 200,
    "avg_ttft_ms": 18248.09716243297,
    "avg_tpot_ms": 12.201947838244005,
    "avg_e2e_ms": 19797.744537889957,
    "p50_ttft_ms": 18171.923307701945,
    "p50_tpot_ms": 12.151269022170014,
    "p50_e2e_ms": 19767.7604816854,
    "p99_ttft_ms": 36940.28197713196,
    "p99_tpot_ms": 13.580794133773939,
    "p99_e2e_ms": 38481.16059623659
  },
  "turn2": {
    "count": 200,
    "avg_ttft_ms": 78.76538213342428,
    "avg_tpot_ms": 12.068860522404911,
    "avg_e2e_ms": 12425.209696553648,
    "p50_ttft_ms": 64.52357582747936,
    "p50_tpot_ms": 12.23100673221598,
    "p50_e2e_ms": 12611.055355519056,
    "p99_ttft_ms": 222.45488084852695,
    "p99_tpot_ms": 12.550887051798615,
    "p99_e2e_ms": 12964.834789149463
  },
  "average": {
    "count": 400,
    "avg_ttft_ms": 9163.431272283196,
    "avg_tpot_ms": 12.135404180324459,
    "avg_e2e_ms": 16111.477117221802,
    "p50_ttft_ms": 126.29286758601665,
    "p50_tpot_ms": 12.186321221430397,
    "p50_e2e_ms": 12782.406933605671,
    "p99_ttft_ms": 36924.81783028692,
    "p99_tpot_ms": 13.553032749222488,
    "p99_e2e_ms": 38452.51556824893
  },
  "throughput": {
    "requests_per_sec": 6.810082007272994,
    "tokens_per_sec": 3922.6072361892448
  },
  "success_rate": 100.0,
  "total_requests": 400,
  "failed_requests": 0,
  "duration_sec": 58.73644393309951,
  "timestamp": "2026-01-18T14:27:41.877129",
  "error": null
}