{
  "config": "3P_1pD",
  "workload": "large_very_long_gen",
  "qps": 0.5,
  "turn1": {
    "count": 2,
    "avg_ttft_ms": 131.99599459767342,
    "avg_tpot_ms": 8.11365945219178,
    "avg_e2e_ms": 8432.269614189863,
    "p50_ttft_ms": 131.99599459767342,
    "p50_tpot_ms": 8.11365945219178,
    "p50_e2e_ms": 8432.269614189863,
    "p99_ttft_ms": 140.7592135667801,
    "p99_tpot_ms": 8.208076700946918,
    "p99_e2e_ms": 8520.095240697265
  },
  "turn2": {
    "count": 2,
    "avg_ttft_ms": 43.56917180120945,
    "avg_tpot_ms": 8.181513499246432,
    "avg_e2e_ms": 8413.257481530309,
    "p50_ttft_ms": 43.56917180120945,
    "p50_tpot_ms": 8.181513499246432,
    "p50_e2e_ms": 8413.257481530309,
    "p99_ttft_ms": 45.30906084924936,
    "p99_tpot_ms": 8.283756259876146,
    "p99_e2e_ms": 8519.591714702547
  },
  "average": {
    "count": 4,
    "avg_ttft_ms": 87.78258319944143,
    "avg_tpot_ms": 8.147586475719105,
    "avg_e2e_ms": 8422.763547860086,
    "p50_ttft_ms": 84.19925160706043,
    "p50_tpot_ms": 8.143593867619831,
    "p50_e2e_ms": 8432.206714525819,
    "p99_ttft_ms": 140.40153115987778,
    "p99_tpot_ms": 8.283567668930177,
    "p99_e2e_ms": 8521.883826442063
  },
  "throughput": {
    "requests_per_sec": 0.18356653322605015,
    "tokens_per_sec": 187.97213002347536
  },
  "success_rate": 100.0,
  "total_requests": 4,
  "failed_requests": 0,
  "duration_sec": 21.790464360266924,
  "timestamp": "2026-01-18T14:58:06.585340",
  "error": null
}