{
  "config": "3P_1pD",
  "workload": "large_very_long_gen",
  "qps": 20,
  "turn1": {
    "count": 185,
    "avg_ttft_ms": 40494.019673523064,
    "avg_tpot_ms": 14.119079058064685,
    "avg_e2e_ms": 54937.83754992324,
    "p50_ttft_ms": 30324.240297079086,
    "p50_tpot_ms": 13.95414554798941,
    "p50_e2e_ms": 44568.099308758974,
    "p99_ttft_ms": 88147.96296849847,
    "p99_tpot_ms": 15.21161584400245,
    "p99_e2e_ms": 101605.5448205769
  },
  "turn2": {
    "count": 185,
    "avg_ttft_ms": 109.09650609702678,
    "avg_tpot_ms": 16.21951301427663,
    "avg_e2e_ms": 16701.65831970202,
    "p50_ttft_ms": 92.89375692605972,
    "p50_tpot_ms": 16.698620474204525,
    "p50_e2e_ms": 17200.661223381758,
    "p99_ttft_ms": 236.39517515897748,
    "p99_tpot_ms": 17.298544439198565,
    "p99_e2e_ms": 17856.248296052217
  },
  "average": {
    "count": 370,
    "avg_ttft_ms": 20301.558089810045,
    "avg_tpot_ms": 15.16929603617066,
    "avg_e2e_ms": 35819.74793481263,
    "p50_ttft_ms": 165.492357686162,
    "p50_tpot_ms": 14.870764540175188,
    "p50_e2e_ms": 17605.961374938488,
    "p99_ttft_ms": 88133.60596042126,
    "p99_tpot_ms": 17.29099919959422,
    "p99_e2e_ms": 101588.93354777247
  },
  "throughput": {
    "requests_per_sec": 2.940646103596196,
    "tokens_per_sec": 3011.221610082505
  },
  "success_rate": 100.0,
  "total_requests": 370,
  "failed_requests": 0,
  "duration_sec": 125.82268894836307,
  "timestamp": "2026-01-18T15:07:51.744902",
  "error": null
}