{
  "config": "3P_1pD",
  "workload": "large_mid_bal",
  "qps": 8,
  "turn1": {
    "count": 77,
    "avg_ttft_ms": 3419.924028314553,
    "avg_tpot_ms": 13.084724231124495,
    "avg_e2e_ms": 16805.596916754912,
    "p50_ttft_ms": 173.8012544810772,
    "p50_tpot_ms": 13.288046145048776,
    "p50_e2e_ms": 14899.415235966444,
    "p99_ttft_ms": 10635.920256078243,
    "p99_tpot_ms": 14.559293655443751,
    "p99_e2e_ms": 21893.4046125412
  },
  "turn2": {
    "count": 76,
    "avg_ttft_ms": 89.95272753466116,
    "avg_tpot_ms": 13.211597926633711,
    "avg_e2e_ms": 1767.8256642171427,
    "p50_ttft_ms": 75.45132376253605,
    "p50_tpot_ms": 14.260727178862714,
    "p50_e2e_ms": 1911.3419614732265,
    "p99_ttft_ms": 168.98832749575377,
    "p99_tpot_ms": 15.982730519466513,
    "p99_e2e_ms": 2147.63146918267
  },
  "average": {
    "count": 153,
    "avg_ttft_ms": 1765.8206370774826,
    "avg_tpot_ms": 13.147746458959139,
    "avg_e2e_ms": 9335.854333794974,
    "p50_ttft_ms": 139.29684460163116,
    "p50_tpot_ms": 13.531379365268457,
    "p50_e2e_ms": 12489.294223487377,
    "p99_ttft_ms": 10599.177738130093,
    "p99_tpot_ms": 15.97414227686529,
    "p99_e2e_ms": 21852.013574689627
  },
  "throughput": {
    "requests_per_sec": 4.650803851529928,
    "tokens_per_sec": 2692.4810585170912
  },
  "success_rate": 99.35064935064936,
  "total_requests": 154,
  "failed_requests": 1,
  "duration_sec": 32.897538766264915,
  "timestamp": "2026-01-18T15:16:04.770474",
  "error": "Server disconnected"
}