{
  "config": "3P_1pD",
  "workload": "large_huge_paste",
  "qps": 20,
  "turn1": {
    "count": 200,
    "avg_ttft_ms": 22256.976084727794,
    "avg_tpot_ms": 15.789004123368223,
    "avg_e2e_ms": 38409.127302933484,
    "p50_ttft_ms": 21847.442528232932,
    "p50_tpot_ms": 15.967633205585233,
    "p50_e2e_ms": 38416.75616055727,
    "p99_ttft_ms": 45578.7750627473,
    "p99_tpot_ms": 16.314275720441678,
    "p99_e2e_ms": 62129.31399554014
  },
  "turn2": {
    "count": 200,
    "avg_ttft_ms": 1091.5126362629235,
    "avg_tpot_ms": 22.411295417095385,
    "avg_e2e_ms": 1786.2627941928804,
    "p50_ttft_ms": 184.4533160328865,
    "p50_tpot_ms": 22.333289406472637,
    "p50_e2e_ms": 898.8733757287264,
    "p99_ttft_ms": 32597.47018683686,
    "p99_tpot_ms": 31.52607060368022,
    "p99_e2e_ms": 33317.552877403636
  },
  "average": {
    "count": 400,
    "avg_ttft_ms": 11674.244360495359,
    "avg_tpot_ms": 19.100149770231802,
    "avg_e2e_ms": 20097.695048563182,
    "p50_ttft_ms": 240.68111926317215,
    "p50_tpot_ms": 16.197931824410418,
    "p50_e2e_ms": 14624.911606311798,
    "p99_ttft_ms": 45578.7750627473,
    "p99_tpot_ms": 31.054324501704784,
    "p99_e2e_ms": 62059.70302965492
  },
  "throughput": {
    "requests_per_sec": 5.542398569691084,
    "tokens_per_sec": 2926.3864447968926
  },
  "success_rate": 100.0,
  "total_requests": 400,
  "failed_requests": 0,
  "duration_sec": 72.17091931775212,
  "timestamp": "2026-01-18T15:37:24.539094",
  "error": null
}