{
  "config": "3P_1pD",
  "workload": "small_huge_paste",
  "qps": 20,
  "turn1": {
    "count": 200,
    "avg_ttft_ms": 1583.4868828207254,
    "avg_tpot_ms": 17.31649061488941,
    "avg_e2e_ms": 3782.6811909116805,
    "p50_ttft_ms": 1453.5365998744965,
    "p50_tpot_ms": 17.903828377446793,
    "p50_e2e_ms": 3767.326820641756,
    "p99_ttft_ms": 3990.40473729372,
    "p99_tpot_ms": 20.038466456192218,
    "p99_e2e_ms": 5978.290911205113
  },
  "turn2": {
    "count": 200,
    "avg_ttft_ms": 320.89017160236835,
    "avg_tpot_ms": 17.08952319477835,
    "avg_e2e_ms": 850.6653906404972,
    "p50_ttft_ms": 179.21427637338638,
    "p50_tpot_ms": 17.147709825827228,
    "p50_e2e_ms": 738.3668702095747,
    "p99_ttft_ms": 3286.2377484142776,
    "p99_tpot_ms": 23.39941364743055,
    "p99_e2e_ms": 3750.1619737222773
  },
  "average": {
    "count": 400,
    "avg_ttft_ms": 952.1885272115469,
    "avg_tpot_ms": 17.20300690483388,
    "avg_e2e_ms": 2316.673290776089,
    "p50_ttft_ms": 246.7279713600874,
    "p50_tpot_ms": 17.752479409842977,
    "p50_e2e_ms": 1752.520214766264,
    "p99_ttft_ms": 3912.8448948636646,
    "p99_tpot_ms": 22.281050655630317,
    "p99_e2e_ms": 5976.829194761813
  },
  "throughput": {
    "requests_per_sec": 26.438667670294258,
    "tokens_per_sec": 2115.0934136235405
  },
  "success_rate": 100.0,
  "total_requests": 400,
  "failed_requests": 0,
  "duration_sec": 15.129355419427156,
  "timestamp": "2026-01-18T14:37:30.259357",
  "error": null
}