{
  "config": "3P_1pD",
  "workload": "large_big_paste",
  "qps": 16,
  "turn1": {
    "count": 157,
    "avg_ttft_ms": 15373.322646661549,
    "avg_tpot_ms": 15.046553257986506,
    "avg_e2e_ms": 30765.946629581747,
    "p50_ttft_ms": 14499.109830707312,
    "p50_tpot_ms": 15.33155895237932,
    "p50_e2e_ms": 30153.572998940945,
    "p99_ttft_ms": 41495.59272021055,
    "p99_tpot_ms": 15.870051274289134,
    "p99_e2e_ms": 52181.29367738962
  },
  "turn2": {
    "count": 157,
    "avg_ttft_ms": 252.03974620931467,
    "avg_tpot_ms": 18.234187909794123,
    "avg_e2e_ms": 1400.7935845263444,
    "p50_ttft_ms": 137.65797019004822,
    "p50_tpot_ms": 19.131684409720556,
    "p50_e2e_ms": 1361.49350553751,
    "p99_ttft_ms": 395.3617085516451,
    "p99_tpot_ms": 22.46038504772716,
    "p99_e2e_ms": 1605.3725945949554
  },
  "average": {
    "count": 314,
    "avg_ttft_ms": 7812.681196435432,
    "avg_tpot_ms": 16.640370583890316,
    "avg_e2e_ms": 16083.370107054046,
    "p50_ttft_ms": 212.712025269866,
    "p50_tpot_ms": 15.541234098280164,
    "p50_e2e_ms": 14477.995201945305,
    "p99_ttft_ms": 41359.46180615574,
    "p99_tpot_ms": 21.990090537047575,
    "p99_e2e_ms": 52132.169400565326
  },
  "throughput": {
    "requests_per_sec": 4.986140904988937,
    "tokens_per_sec": 2712.4606523139814
  },
  "success_rate": 100.0,
  "total_requests": 314,
  "failed_requests": 0,
  "duration_sec": 62.97455406561494,
  "timestamp": "2026-01-18T15:30:19.122197",
  "error": null
}