{
  "config": "3P_1pD",
  "workload": "small_mid_bal",
  "qps": 16,
  "turn1": {
    "count": 160,
    "avg_ttft_ms": 733.5948237683624,
    "avg_tpot_ms": 12.547450492847858,
    "avg_e2e_ms": 2327.1210363600403,
    "p50_ttft_ms": 783.2761481404305,
    "p50_tpot_ms": 12.839485737165127,
    "p50_e2e_ms": 2436.8676990270615,
    "p99_ttft_ms": 1611.0469804704187,
    "p99_tpot_ms": 13.317051029170123,
    "p99_e2e_ms": 3180.7818419858813
  },
  "turn2": {
    "count": 160,
    "avg_ttft_ms": 97.83054480794817,
    "avg_tpot_ms": 12.4222163208137,
    "avg_e2e_ms": 1675.452017551288,
    "p50_ttft_ms": 75.25910437107086,
    "p50_tpot_ms": 12.846915843331908,
    "p50_e2e_ms": 1728.0538138002157,
    "p99_ttft_ms": 300.6466349586844,
    "p99_tpot_ms": 13.370174475776867,
    "p99_e2e_ms": 1919.7871350869536
  },
  "average": {
    "count": 320,
    "avg_ttft_ms": 415.7126842881553,
    "avg_tpot_ms": 12.484833406830779,
    "avg_e2e_ms": 2001.2865269556642,
    "p50_ttft_ms": 149.4355909526348,
    "p50_tpot_ms": 12.846915843331908,
    "p50_e2e_ms": 1766.5404044091702,
    "p99_ttft_ms": 1557.824955433607,
    "p99_tpot_ms": 13.363129160711614,
    "p99_e2e_ms": 3141.074729375541
  },
  "throughput": {
    "requests_per_sec": 23.17308158003645,
    "tokens_per_sec": 2966.1544422446655
  },
  "success_rate": 100.0,
  "total_requests": 320,
  "failed_requests": 0,
  "duration_sec": 13.809125855565071,
  "timestamp": "2026-01-18T14:31:20.829835",
  "error": null
}