{
  "config": "3P_1pD",
  "workload": "small_mid_bal",
  "qps": 0.5,
  "turn1": {
    "count": 5,
    "avg_ttft_ms": 106.91574886441231,
    "avg_tpot_ms": 7.932383314831052,
    "avg_e2e_ms": 1114.3284298479557,
    "p50_ttft_ms": 112.13334649801254,
    "p50_tpot_ms": 7.9865310135788805,
    "p50_e2e_ms": 1123.9089220762253,
    "p99_ttft_ms": 121.48400098085403,
    "p99_tpot_ms": 8.086028434629515,
    "p99_e2e_ms": 1126.9269081950188
  },
  "turn2": {
    "count": 5,
    "avg_ttft_ms": 78.85770350694656,
    "avg_tpot_ms": 7.979395950403739,
    "avg_e2e_ms": 1092.2409892082214,
    "p50_ttft_ms": 100.42525455355644,
    "p50_tpot_ms": 7.987361371986509,
    "p50_e2e_ms": 1097.3769091069698,
    "p99_ttft_ms": 118.80945831537247,
    "p99_tpot_ms": 8.11666562566607,
    "p99_e2e_ms": 1148.3268938958645
  },
  "average": {
    "count": 10,
    "avg_ttft_ms": 92.88672618567944,
    "avg_tpot_ms": 7.955889632617394,
    "avg_e2e_ms": 1103.2847095280886,
    "p50_ttft_ms": 104.49045337736607,
    "p50_tpot_ms": 7.986946192782694,
    "p50_e2e_ms": 1109.0766433626413,
    "p99_ttft_ms": 121.5884479880333,
    "p99_tpot_ms": 8.116530198163874,
    "p99_e2e_ms": 1147.6732497289777
  },
  "throughput": {
    "requests_per_sec": 0.9236773445834413,
    "tokens_per_sec": 118.23070010668049
  },
  "success_rate": 100.0,
  "total_requests": 10,
  "failed_requests": 0,
  "duration_sec": 10.826291300356388,
  "timestamp": "2026-01-18T14:29:50.730951",
  "error": null
}