{
  "config": "3P_1pD",
  "workload": "large_mid_paste",
  "qps": 20,
  "turn1": {
    "count": 200,
    "avg_ttft_ms": 21770.33724533394,
    "avg_tpot_ms": 14.90339669398053,
    "avg_e2e_ms": 37016.51206327602,
    "p50_ttft_ms": 21556.788217276335,
    "p50_tpot_ms": 14.866901370437265,
    "p50_e2e_ms": 36684.82721410692,
    "p99_ttft_ms": 43529.268946796656,
    "p99_tpot_ms": 15.438753761358392,
    "p99_e2e_ms": 59095.52334714681
  },
  "turn2": {
    "count": 200,
    "avg_ttft_ms": 303.76719357445836,
    "avg_tpot_ms": 18.68267121236949,
    "avg_e2e_ms": 1480.775479953736,
    "p50_ttft_ms": 118.77391301095486,
    "p50_tpot_ms": 18.833017508898465,
    "p50_e2e_ms": 1311.9804877787828,
    "p99_ttft_ms": 318.9540261402723,
    "p99_tpot_ms": 24.099437732781684,
    "p99_e2e_ms": 1706.8326257169247
  },
  "average": {
    "count": 400,
    "avg_ttft_ms": 11037.052219454199,
    "avg_tpot_ms": 16.79303395317501,
    "avg_e2e_ms": 19248.64377161488,
    "p50_ttft_ms": 220.6236608326435,
    "p50_tpot_ms": 15.266163750733154,
    "p50_e2e_ms": 14336.414065212011,
    "p99_ttft_ms": 43514.25839334726,
    "p99_tpot_ms": 23.61452211877183,
    "p99_e2e_ms": 59054.380567744374
  },
  "throughput": {
    "requests_per_sec": 5.738628623157961,
    "tokens_per_sec": 3121.813970997931
  },
  "success_rate": 100.0,
  "total_requests": 400,
  "failed_requests": 0,
  "duration_sec": 69.70306431502104,
  "timestamp": "2026-01-18T15:25:25.168910",
  "error": null
}