{
  "config": "3P_1pD",
  "workload": "small_small_bal",
  "qps": 8,
  "turn1": {
    "count": 80,
    "avg_ttft_ms": 118.31026007421315,
    "avg_tpot_ms": 9.949838444150572,
    "avg_e2e_ms": 1381.939742481336,
    "p50_ttft_ms": 112.06500232219696,
    "p50_tpot_ms": 10.117266957802098,
    "p50_e2e_ms": 1397.6703360676765,
    "p99_ttft_ms": 196.61578629165854,
    "p99_tpot_ms": 10.583976154897627,
    "p99_e2e_ms": 1479.7991803660987
  },
  "turn2": {
    "count": 80,
    "avg_ttft_ms": 62.61159866116941,
    "avg_tpot_ms": 9.906565987076315,
    "avg_e2e_ms": 686.7252558469772,
    "p50_ttft_ms": 48.152849078178406,
    "p50_tpot_ms": 10.120171462259595,
    "p50_e2e_ms": 689.0164148062468,
    "p99_ttft_ms": 151.31994858384107,
    "p99_tpot_ms": 10.617139565329703,
    "p99_e2e_ms": 798.6120751872658
  },
  "average": {
    "count": 160,
    "avg_ttft_ms": 90.46092936769128,
    "avg_tpot_ms": 9.928202215613442,
    "avg_e2e_ms": 1034.3324991641566,
    "p50_ttft_ms": 101.58688202500343,
    "p50_tpot_ms": 10.11963847965475,
    "p50_e2e_ms": 1023.1050159782171,
    "p99_ttft_ms": 184.07353449612856,
    "p99_tpot_ms": 10.587523634450173,
    "p99_e2e_ms": 1472.177261300385
  },
  "throughput": {
    "requests_per_sec": 17.123128908715586,
    "tokens_per_sec": 1643.820375236696
  },
  "success_rate": 100.0,
  "total_requests": 160,
  "failed_requests": 0,
  "duration_sec": 9.34408663585782,
  "timestamp": "2026-01-18T14:28:46.656257",
  "error": null
}