{
  "config": "3P_1pD",
  "workload": "small_short_gen",
  "qps": 6,
  "turn1": {
    "count": 45,
    "avg_ttft_ms": 110.86915251281526,
    "avg_tpot_ms": 9.253247624567905,
    "avg_e2e_ms": 1286.0316008329391,
    "p50_ttft_ms": 106.95555806159973,
    "p50_tpot_ms": 9.241218671319992,
    "p50_e2e_ms": 1282.8699871897697,
    "p99_ttft_ms": 155.92446565628052,
    "p99_tpot_ms": 9.57006907603872,
    "p99_e2e_ms": 1338.0366018414497
  },
  "turn2": {
    "count": 45,
    "avg_ttft_ms": 55.4612490038077,
    "avg_tpot_ms": 9.23400808977925,
    "avg_e2e_ms": 2410.1333118975163,
    "p50_ttft_ms": 37.31773793697357,
    "p50_tpot_ms": 9.296367229784236,
    "p50_e2e_ms": 2429.125640541315,
    "p99_ttft_ms": 116.51556178927422,
    "p99_tpot_ms": 9.57747763687489,
    "p99_e2e_ms": 2525.5328634381294
  },
  "average": {
    "count": 90,
    "avg_ttft_ms": 83.16520075831149,
    "avg_tpot_ms": 9.243627857173578,
    "avg_e2e_ms": 1848.0824563652277,
    "p50_ttft_ms": 97.55738452076912,
    "p50_tpot_ms": 9.28203705333027,
    "p50_e2e_ms": 1754.6969428658485,
    "p99_ttft_ms": 155.29103014618158,
    "p99_tpot_ms": 9.573245314844684,
    "p99_e2e_ms": 2518.911807015538
  },
  "throughput": {
    "requests_per_sec": 6.913925097469926,
    "tokens_per_sec": 1327.4736187142257
  },
  "success_rate": 100.0,
  "total_requests": 90,
  "failed_requests": 0,
  "duration_sec": 13.017207842320204,
  "timestamp": "2026-01-18T14:17:42.982471",
  "error": null
}