{
  "config": "3P_1pD",
  "workload": "small_big_paste",
  "qps": 12,
  "turn1": {
    "count": 118,
    "avg_ttft_ms": 148.86883504183615,
    "avg_tpot_ms": 13.177342936853996,
    "avg_e2e_ms": 1822.3913880222935,
    "p50_ttft_ms": 141.03933982551098,
    "p50_tpot_ms": 13.12711557710734,
    "p50_e2e_ms": 1809.0347554534674,
    "p99_ttft_ms": 267.81677909195423,
    "p99_tpot_ms": 15.077243734180458,
    "p99_e2e_ms": 2077.284834124148
  },
  "turn2": {
    "count": 118,
    "avg_ttft_ms": 93.57111260168634,
    "avg_tpot_ms": 13.050701358937626,
    "avg_e2e_ms": 915.7652982147569,
    "p50_ttft_ms": 82.58090354502201,
    "p50_tpot_ms": 13.191179741942694,
    "p50_e2e_ms": 921.6164741665125,
    "p99_ttft_ms": 189.71731644123793,
    "p99_tpot_ms": 15.353675107989046,
    "p99_e2e_ms": 1097.6613910496235
  },
  "average": {
    "count": 236,
    "avg_ttft_ms": 121.21997382176124,
    "avg_tpot_ms": 13.114022147895811,
    "avg_e2e_ms": 1369.0783431185253,
    "p50_ttft_ms": 117.4306757748127,
    "p50_tpot_ms": 13.145043390003714,
    "p50_e2e_ms": 1173.1254514306784,
    "p99_ttft_ms": 259.9266823381186,
    "p99_tpot_ms": 15.287357660394813,
    "p99_e2e_ms": 2061.4443246275187
  },
  "throughput": {
    "requests_per_sec": 19.34716283537229,
    "tokens_per_sec": 1857.32763219574
  },
  "success_rate": 100.0,
  "total_requests": 236,
  "failed_requests": 0,
  "duration_sec": 12.198170967400074,
  "timestamp": "2026-01-18T14:35:07.962873",
  "error": null
}