{
  "config": "3P_1pD",
  "workload": "small_mid_paste",
  "qps": 1,
  "turn1": {
    "count": 8,
    "avg_ttft_ms": 101.53541807085276,
    "avg_tpot_ms": 8.056490117405344,
    "avg_e2e_ms": 1124.7096629813313,
    "p50_ttft_ms": 101.03321820497513,
    "p50_tpot_ms": 8.040175193876731,
    "p50_e2e_ms": 1120.8949536085129,
    "p99_ttft_ms": 109.66068726032972,
    "p99_tpot_ms": 8.241187197368914,
    "p99_e2e_ms": 1148.4043502807617
  },
  "turn2": {
    "count": 8,
    "avg_ttft_ms": 63.44587774947286,
    "avg_tpot_ms": 8.08847944680897,
    "avg_e2e_ms": 573.020082898438,
    "p50_ttft_ms": 36.368511617183685,
    "p50_tpot_ms": 8.135006393468569,
    "p50_e2e_ms": 554.4037744402885,
    "p99_ttft_ms": 119.75453082472086,
    "p99_tpot_ms": 8.298237271725185,
    "p99_e2e_ms": 642.2684395313263
  },
  "average": {
    "count": 16,
    "avg_ttft_ms": 82.4906479101628,
    "avg_tpot_ms": 8.072484782107157,
    "avg_e2e_ms": 848.8648729398847,
    "p50_ttft_ms": 99.79270398616791,
    "p50_tpot_ms": 8.057252928212336,
    "p50_e2e_ms": 873.0567451566458,
    "p99_ttft_ms": 119.10489108413458,
    "p99_tpot_ms": 8.295446847166334,
    "p99_e2e_ms": 1147.5974202156067
  },
  "throughput": {
    "requests_per_sec": 1.3958486694030066,
    "tokens_per_sec": 134.00147226268862
  },
  "success_rate": 100.0,
  "total_requests": 16,
  "failed_requests": 0,
  "duration_sec": 11.462560627609491,
  "timestamp": "2026-01-18T14:32:01.317755",
  "error": null
}