{
  "config": "3P_1pD",
  "workload": "large_tiny",
  "qps": 20,
  "turn1": {
    "count": 200,
    "avg_ttft_ms": 20907.498408593237,
    "avg_tpot_ms": 14.890321488560469,
    "avg_e2e_ms": 36140.2972913906,
    "p50_ttft_ms": 20598.585659638047,
    "p50_tpot_ms": 15.00908488212909,
    "p50_e2e_ms": 36065.30360504985,
    "p99_ttft_ms": 42788.1824837625,
    "p99_tpot_ms": 15.22579947655851,
    "p99_e2e_ms": 57827.17398226261
  },
  "turn2": {
    "count": 200,
    "avg_ttft_ms": 125.04986954852939,
    "avg_tpot_ms": 17.47673382802356,
    "avg_e2e_ms": 666.8286182172596,
    "p50_ttft_ms": 106.07025027275085,
    "p50_tpot_ms": 18.079861998558044,
    "p50_e2e_ms": 675.7809240370989,
    "p99_ttft_ms": 313.1312255933881,
    "p99_tpot_ms": 21.59454745991576,
    "p99_e2e_ms": 848.9882317557928
  },
  "average": {
    "count": 400,
    "avg_ttft_ms": 10516.274139070883,
    "avg_tpot_ms": 16.183527658292014,
    "avg_e2e_ms": 18403.56295480393,
    "p50_ttft_ms": 184.02464874088764,
    "p50_tpot_ms": 15.124514975738897,
    "p50_e2e_ms": 7518.176227807999,
    "p99_ttft_ms": 42700.10500870645,
    "p99_tpot_ms": 20.7447858959917,
    "p99_e2e_ms": 57776.9660583511
  },
  "throughput": {
    "requests_per_sec": 5.9697095856756786,
    "tokens_per_sec": 3152.006661236758
  },
  "success_rate": 100.0,
  "total_requests": 400,
  "failed_requests": 0,
  "duration_sec": 67.0049345381558,
  "timestamp": "2026-01-18T14:43:10.283923",
  "error": null
}