{
  "config": "3P_1pD",
  "workload": "small_small_bal",
  "qps": 20,
  "turn1": {
    "count": 190,
    "avg_ttft_ms": 390.34187234938145,
    "avg_tpot_ms": 12.348865186876642,
    "avg_e2e_ms": 1958.6477510827153,
    "p50_ttft_ms": 198.38027469813824,
    "p50_tpot_ms": 12.81220693229221,
    "p50_e2e_ms": 1837.4984171241522,
    "p99_ttft_ms": 1158.864461518824,
    "p99_tpot_ms": 13.297337980896938,
    "p99_e2e_ms": 2662.722988538444
  },
  "turn2": {
    "count": 190,
    "avg_ttft_ms": 97.48928617489965,
    "avg_tpot_ms": 12.282167354547289,
    "avg_e2e_ms": 871.2658295113789,
    "p50_ttft_ms": 65.8506378531456,
    "p50_tpot_ms": 12.833334475992217,
    "p50_e2e_ms": 883.9587103575468,
    "p99_ttft_ms": 340.0642846897236,
    "p99_tpot_ms": 13.427136778121902,
    "p99_e2e_ms": 1184.3429376557463
  },
  "average": {
    "count": 380,
    "avg_ttft_ms": 243.91557926214054,
    "avg_tpot_ms": 12.315516270711967,
    "avg_e2e_ms": 1414.956790297047,
    "p50_ttft_ms": 141.57582260668278,
    "p50_tpot_ms": 12.823119966520203,
    "p50_e2e_ms": 1297.9025971144438,
    "p99_ttft_ms": 1144.0745572373269,
    "p99_tpot_ms": 13.410913535053767,
    "p99_e2e_ms": 2642.5912646576758
  },
  "throughput": {
    "requests_per_sec": 29.45204669817362,
    "tokens_per_sec": 2827.3964830246678
  },
  "success_rate": 100.0,
  "total_requests": 380,
  "failed_requests": 0,
  "duration_sec": 12.902329128235579,
  "timestamp": "2026-01-18T14:29:34.852618",
  "error": null
}