{
  "config": "3P_1pD",
  "workload": "large_long_gen",
  "qps": 6,
  "turn1": {
    "count": 54,
    "avg_ttft_ms": 927.0933391181408,
    "avg_tpot_ms": 13.225382219346308,
    "avg_e2e_ms": 14456.659349509411,
    "p50_ttft_ms": 161.78606636822224,
    "p50_tpot_ms": 13.660322177430519,
    "p50_e2e_ms": 14348.49919565022,
    "p99_ttft_ms": 10806.57425545156,
    "p99_tpot_ms": 14.317086251199479,
    "p99_e2e_ms": 21720.675963573158
  },
  "turn2": {
    "count": 54,
    "avg_ttft_ms": 90.58193069089342,
    "avg_tpot_ms": 12.863775249739362,
    "avg_e2e_ms": 6663.971083307708,
    "p50_ttft_ms": 72.97083549201488,
    "p50_tpot_ms": 13.310065456536652,
    "p50_e2e_ms": 6931.330753490329,
    "p99_ttft_ms": 177.5777055695653,
    "p99_tpot_ms": 14.696079966067218,
    "p99_e2e_ms": 7658.525523506105
  },
  "average": {
    "count": 108,
    "avg_ttft_ms": 508.8376349045171,
    "avg_tpot_ms": 13.044578734542835,
    "avg_e2e_ms": 10560.31521640856,
    "p50_ttft_ms": 140.84973745048046,
    "p50_tpot_ms": 13.566591951888189,
    "p50_e2e_ms": 9853.246634826064,
    "p99_ttft_ms": 10759.736068248745,
    "p99_tpot_ms": 14.683128957091713,
    "p99_e2e_ms": 21699.1058178246
  },
  "throughput": {
    "requests_per_sec": 3.013015682394698,
    "tokens_per_sec": 2313.996044079128
  },
  "success_rate": 100.0,
  "total_requests": 108,
  "failed_requests": 0,
  "duration_sec": 35.84448651596904,
  "timestamp": "2026-01-18T14:52:09.807972",
  "error": null
}