{
  "config": "3P_1pD",
  "workload": "small_tiny",
  "qps": 20,
  "turn1": {
    "count": 200,
    "avg_ttft_ms": 240.39481222629547,
    "avg_tpot_ms": 12.095214909045245,
    "avg_e2e_ms": 1776.4871056750417,
    "p50_ttft_ms": 180.40764704346657,
    "p50_tpot_ms": 12.341101851871633,
    "p50_e2e_ms": 1757.668288424611,
    "p99_ttft_ms": 642.3906364664433,
    "p99_tpot_ms": 13.064730504718352,
    "p99_e2e_ms": 2271.5748025476933
  },
  "turn2": {
    "count": 200,
    "avg_ttft_ms": 92.06946579739451,
    "avg_tpot_ms": 12.102025694424105,
    "avg_e2e_ms": 467.2322623245418,
    "p50_ttft_ms": 62.1048454195261,
    "p50_tpot_ms": 12.402763470045983,
    "p50_e2e_ms": 454.78926971554756,
    "p99_ttft_ms": 431.8658510223018,
    "p99_tpot_ms": 13.986316376155422,
    "p99_e2e_ms": 841.2114801630365
  },
  "average": {
    "count": 400,
    "avg_ttft_ms": 166.232139011845,
    "avg_tpot_ms": 12.098620301734675,
    "avg_e2e_ms": 1121.8596839997917,
    "p50_ttft_ms": 133.51217471063137,
    "p50_tpot_ms": 12.394695678772678,
    "p50_e2e_ms": 1209.4408925622702,
    "p99_ttft_ms": 596.4860819280143,
    "p99_tpot_ms": 13.9337138014455,
    "p99_e2e_ms": 2233.067622929811
  },
  "throughput": {
    "requests_per_sec": 34.35889940613786,
    "tokens_per_sec": 2748.711952491029
  },
  "success_rate": 100.0,
  "total_requests": 400,
  "failed_requests": 0,
  "duration_sec": 11.641816440969706,
  "timestamp": "2026-01-18T14:16:41.168413",
  "error": null
}