{
  "config": "3P_1pD",
  "workload": "large_huge_paste",
  "qps": 12,
  "turn1": {
    "count": 114,
    "avg_ttft_ms": 8362.370359596976,
    "avg_tpot_ms": 15.163234183356671,
    "avg_e2e_ms": 23874.358929170852,
    "p50_ttft_ms": 11317.523235455155,
    "p50_tpot_ms": 15.887445447017836,
    "p50_e2e_ms": 27673.21627959609,
    "p99_ttft_ms": 24347.04440884292,
    "p99_tpot_ms": 16.35578037753978,
    "p99_e2e_ms": 36838.95588930696
  },
  "turn2": {
    "count": 114,
    "avg_ttft_ms": 170.19505491643622,
    "avg_tpot_ms": 17.72018515172319,
    "avg_e2e_ms": 719.5207946198551,
    "p50_ttft_ms": 162.18515299260616,
    "p50_tpot_ms": 17.853522192566626,
    "p50_e2e_ms": 720.9748588502407,
    "p99_ttft_ms": 320.8139642328024,
    "p99_tpot_ms": 24.448295823268353,
    "p99_e2e_ms": 971.5104470402003
  },
  "average": {
    "count": 228,
    "avg_ttft_ms": 4266.282707256706,
    "avg_tpot_ms": 16.441709667539932,
    "avg_e2e_ms": 12296.939861895353,
    "p50_ttft_ms": 190.0069024413824,
    "p50_tpot_ms": 15.987519668242216,
    "p50_e2e_ms": 7438.991783186793,
    "p99_ttft_ms": 24247.898803204298,
    "p99_tpot_ms": 24.411910345717782,
    "p99_e2e_ms": 36823.544930294156
  },
  "throughput": {
    "requests_per_sec": 4.853847729406239,
    "tokens_per_sec": 2562.831601126494
  },
  "success_rate": 100.0,
  "total_requests": 228,
  "failed_requests": 0,
  "duration_sec": 46.9730433896184,
  "timestamp": "2026-01-18T15:35:17.879654",
  "error": null
}