{
  "config": "3P_1pD",
  "workload": "large_long_gen",
  "qps": 4,
  "turn1": {
    "count": 37,
    "avg_ttft_ms": 154.27638580267495,
    "avg_tpot_ms": 12.025616382275297,
    "avg_e2e_ms": 12456.481944870304,
    "p50_ttft_ms": 151.35492756962776,
    "p50_tpot_ms": 12.33655440813169,
    "p50_e2e_ms": 12768.54046434164,
    "p99_ttft_ms": 209.36854064464572,
    "p99_tpot_ms": 13.228361371646063,
    "p99_e2e_ms": 13720.100689530373
  },
  "turn2": {
    "count": 37,
    "avg_ttft_ms": 83.14734536248284,
    "avg_tpot_ms": 12.120226854338755,
    "avg_e2e_ms": 6276.583267929586,
    "p50_ttft_ms": 72.31074571609497,
    "p50_tpot_ms": 12.469310561329884,
    "p50_e2e_ms": 6444.128442555666,
    "p99_ttft_ms": 174.5351441204548,
    "p99_tpot_ms": 13.756885422710804,
    "p99_e2e_ms": 7115.35692974925
  },
  "average": {
    "count": 74,
    "avg_ttft_ms": 118.7118655825789,
    "avg_tpot_ms": 12.072921618307026,
    "avg_e2e_ms": 9366.532606399946,
    "p50_ttft_ms": 129.38184663653374,
    "p50_tpot_ms": 12.402932484730787,
    "p50_e2e_ms": 8610.696794465184,
    "p99_ttft_ms": 199.35661830008019,
    "p99_tpot_ms": 13.73498154858787,
    "p99_e2e_ms": 13703.795184493065
  },
  "throughput": {
    "requests_per_sec": 2.596569558127823,
    "tokens_per_sec": 1994.1654206421683
  },
  "success_rate": 100.0,
  "total_requests": 74,
  "failed_requests": 0,
  "duration_sec": 28.4991402477026,
  "timestamp": "2026-01-18T14:51:33.923215",
  "error": null
}