{
  "config": "3P_1pD",
  "workload": "small_mid_paste",
  "qps": 12,
  "turn1": {
    "count": 104,
    "avg_ttft_ms": 142.22655760554167,
    "avg_tpot_ms": 10.694816894152357,
    "avg_e2e_ms": 1500.468303162891,
    "p50_ttft_ms": 126.6950685530901,
    "p50_tpot_ms": 10.794005320062787,
    "p50_e2e_ms": 1512.0175071060658,
    "p99_ttft_ms": 300.8075908944011,
    "p99_tpot_ms": 11.459009444678392,
    "p99_e2e_ms": 1660.387391000986
  },
  "turn2": {
    "count": 104,
    "avg_ttft_ms": 79.4358948030724,
    "avg_tpot_ms": 10.828871003628434,
    "avg_e2e_ms": 761.6547680316636,
    "p50_ttft_ms": 58.24221856892109,
    "p50_tpot_ms": 10.969518255146724,
    "p50_e2e_ms": 768.3856505900621,
    "p99_ttft_ms": 191.1492232233286,
    "p99_tpot_ms": 12.04807020842083,
    "p99_e2e_ms": 925.4163207858801
  },
  "average": {
    "count": 208,
    "avg_ttft_ms": 110.83122620430703,
    "avg_tpot_ms": 10.761843948890395,
    "avg_e2e_ms": 1131.0615355972773,
    "p50_ttft_ms": 115.65021611750126,
    "p50_tpot_ms": 10.860770104790298,
    "p50_e2e_ms": 1091.87700599432,
    "p99_ttft_ms": 287.1522083878518,
    "p99_tpot_ms": 12.038469396176792,
    "p99_e2e_ms": 1605.742844156921
  },
  "throughput": {
    "requests_per_sec": 17.539639352111983,
    "tokens_per_sec": 1683.8053778027504
  },
  "success_rate": 100.0,
  "total_requests": 208,
  "failed_requests": 0,
  "duration_sec": 11.858852729201317,
  "timestamp": "2026-01-18T14:33:07.389623",
  "error": null
}