{
  "config": "3P_1pD",
  "workload": "large_tiny",
  "qps": 6,
  "turn1": {
    "count": 49,
    "avg_ttft_ms": 168.39336482237798,
    "avg_tpot_ms": 12.748677469392383,
    "avg_e2e_ms": 13210.290416010788,
    "p50_ttft_ms": 163.33483532071114,
    "p50_tpot_ms": 12.979399034150768,
    "p50_e2e_ms": 13445.988394320011,
    "p99_ttft_ms": 280.83527490496635,
    "p99_tpot_ms": 13.246857426616337,
    "p99_e2e_ms": 13728.503276258707
  },
  "turn2": {
    "count": 49,
    "avg_ttft_ms": 83.47739841865034,
    "avg_tpot_ms": 12.25471941213454,
    "avg_e2e_ms": 463.3737001948211,
    "p50_ttft_ms": 73.40436056256294,
    "p50_tpot_ms": 12.498435354040515,
    "p50_e2e_ms": 468.4259779751301,
    "p99_ttft_ms": 166.26396387815475,
    "p99_tpot_ms": 14.485518456466735,
    "p99_e2e_ms": 579.823544025421
  },
  "average": {
    "count": 98,
    "avg_ttft_ms": 125.93538162051415,
    "avg_tpot_ms": 12.501698440763462,
    "avg_e2e_ms": 6836.832058102805,
    "p50_ttft_ms": 138.10700364410877,
    "p50_tpot_ms": 12.83951282850808,
    "p50_e2e_ms": 5945.1400097459555,
    "p99_ttft_ms": 280.1083964109421,
    "p99_tpot_ms": 14.384387839705713,
    "p99_e2e_ms": 13725.877526178956
  },
  "throughput": {
    "requests_per_sec": 4.161374845122614,
    "tokens_per_sec": 2197.2059182247403
  },
  "success_rate": 100.0,
  "total_requests": 98,
  "failed_requests": 0,
  "duration_sec": 23.549909260123968,
  "timestamp": "2026-01-18T14:39:10.777273",
  "error": null
}