{
  "config": "3P_1pD",
  "workload": "small_huge_paste",
  "qps": 12,
  "turn1": {
    "count": 120,
    "avg_ttft_ms": 169.3652526475489,
    "avg_tpot_ms": 15.664558576815947,
    "avg_e2e_ms": 2158.764191903174,
    "p50_ttft_ms": 157.8219160437584,
    "p50_tpot_ms": 16.429468285380388,
    "p50_e2e_ms": 2266.291895881295,
    "p99_ttft_ms": 317.6274036616087,
    "p99_tpot_ms": 18.537864001893155,
    "p99_e2e_ms": 2578.5184732824564
  },
  "turn2": {
    "count": 120,
    "avg_ttft_ms": 132.64796795944372,
    "avg_tpot_ms": 15.272156075043705,
    "avg_e2e_ms": 606.0848062857985,
    "p50_ttft_ms": 114.08238857984543,
    "p50_tpot_ms": 15.545203560783017,
    "p50_e2e_ms": 602.8501782566309,
    "p99_ttft_ms": 305.0252104178072,
    "p99_tpot_ms": 20.426422085973527,
    "p99_e2e_ms": 845.1747408509254
  },
  "average": {
    "count": 240,
    "avg_ttft_ms": 151.00661030349633,
    "avg_tpot_ms": 15.468357325929825,
    "avg_e2e_ms": 1382.4244990944862,
    "p50_ttft_ms": 135.2629642933607,
    "p50_tpot_ms": 16.054578125476837,
    "p50_e2e_ms": 1067.2069322317839,
    "p99_ttft_ms": 317.4515148252249,
    "p99_tpot_ms": 19.948141032889968,
    "p99_e2e_ms": 2558.346657305956
  },
  "throughput": {
    "requests_per_sec": 21.33548915181914,
    "tokens_per_sec": 1706.839132145531
  },
  "success_rate": 100.0,
  "total_requests": 240,
  "failed_requests": 0,
  "duration_sec": 11.248863257467747,
  "timestamp": "2026-01-18T14:37:02.357752",
  "error": null
}