{
  "config": "3P_1pD",
  "workload": "small_short_gen",
  "qps": 1,
  "turn1": {
    "count": 6,
    "avg_ttft_ms": 101.37963791688283,
    "avg_tpot_ms": 8.009360795180628,
    "avg_e2e_ms": 1118.5684589048226,
    "p50_ttft_ms": 101.58972069621086,
    "p50_tpot_ms": 8.02375273559037,
    "p50_e2e_ms": 1120.4687003046274,
    "p99_ttft_ms": 110.21317169070244,
    "p99_tpot_ms": 8.1617056326134,
    "p99_e2e_ms": 1137.823373824358
  },
  "turn2": {
    "count": 6,
    "avg_ttft_ms": 37.247944002350174,
    "avg_tpot_ms": 7.990770538647969,
    "avg_e2e_ms": 2074.8944313575826,
    "p50_ttft_ms": 31.850170344114304,
    "p50_tpot_ms": 7.970685972010388,
    "p50_e2e_ms": 2063.221013173461,
    "p99_ttft_ms": 69.67140529304743,
    "p99_tpot_ms": 8.079939458300085,
    "p99_e2e_ms": 2129.9589483067393
  },
  "average": {
    "count": 12,
    "avg_ttft_ms": 69.3137909596165,
    "avg_tpot_ms": 8.000065666914299,
    "avg_e2e_ms": 1596.7314451312025,
    "p50_ttft_ms": 79.92042787373066,
    "p50_tpot_ms": 7.983085105156244,
    "p50_e2e_ms": 1590.481460094452,
    "p99_ttft_ms": 110.04925295710564,
    "p99_tpot_ms": 8.15794406326737,
    "p99_e2e_ms": 2127.2389360144734
  },
  "throughput": {
    "requests_per_sec": 1.0155005958605652,
    "tokens_per_sec": 194.97611440522851
  },
  "success_rate": 100.0,
  "total_requests": 12,
  "failed_requests": 0,
  "duration_sec": 11.816832061856985,
  "timestamp": "2026-01-18T14:17:06.399974",
  "error": null
}