{
  "config": "3P_1pD",
  "workload": "large_big_paste",
  "qps": 6,
  "turn1": {
    "count": 57,
    "avg_ttft_ms": 834.6245699937929,
    "avg_tpot_ms": 13.84482383391984,
    "avg_e2e_ms": 14997.879352093789,
    "p50_ttft_ms": 162.40772232413292,
    "p50_tpot_ms": 14.236397884662317,
    "p50_e2e_ms": 15085.783910006285,
    "p99_ttft_ms": 6816.787256300449,
    "p99_tpot_ms": 14.807372976491413,
    "p99_e2e_ms": 19126.602396517992
  },
  "turn2": {
    "count": 56,
    "avg_ttft_ms": 113.75186472598996,
    "avg_tpot_ms": 13.642319682943306,
    "avg_e2e_ms": 973.2180047514183,
    "p50_ttft_ms": 97.61374816298485,
    "p50_tpot_ms": 14.044169454820572,
    "p50_e2e_ms": 1003.9488431066275,
    "p99_ttft_ms": 221.0374603047967,
    "p99_tpot_ms": 16.72361828091126,
    "p99_e2e_ms": 1218.0384060367942
  },
  "average": {
    "count": 113,
    "avg_ttft_ms": 477.3779195955897,
    "avg_tpot_ms": 13.74446779449784,
    "avg_e2e_ms": 8047.60470208341,
    "p50_ttft_ms": 144.2936398088932,
    "p50_tpot_ms": 14.080075304937036,
    "p50_e2e_ms": 11953.679982572794,
    "p99_ttft_ms": 6659.518642425534,
    "p99_tpot_ms": 16.43972734846766,
    "p99_e2e_ms": 19050.5458201468
  },
  "throughput": {
    "requests_per_sec": 3.881734399429969,
    "tokens_per_sec": 2128.152296579517
  },
  "success_rate": 99.12280701754386,
  "total_requests": 114,
  "failed_requests": 1,
  "duration_sec": 29.11069856211543,
  "timestamp": "2026-01-18T15:27:18.668119",
  "error": "ServerDown: [Errno 104] Connection reset by peer"
}