{
  "config": "3P_1pD",
  "workload": "small_very_long_gen",
  "qps": 8,
  "turn1": {
    "count": 79,
    "avg_ttft_ms": 2823.62020873948,
    "avg_tpot_ms": 11.435945318460607,
    "avg_e2e_ms": 4275.985264183977,
    "p50_ttft_ms": 140.50337299704552,
    "p50_tpot_ms": 11.562217144280906,
    "p50_e2e_ms": 1587.2073993086815,
    "p99_ttft_ms": 8081.928225159645,
    "p99_tpot_ms": 13.320842951418847,
    "p99_e2e_ms": 9742.493227645755
  },
  "turn2": {
    "count": 79,
    "avg_ttft_ms": 75.57783384300485,
    "avg_tpot_ms": 11.597758645462896,
    "avg_e2e_ms": 11940.08492815155,
    "p50_ttft_ms": 59.63941290974617,
    "p50_tpot_ms": 11.985476834304405,
    "p50_e2e_ms": 12311.647098511457,
    "p99_ttft_ms": 156.28396168351173,
    "p99_tpot_ms": 12.385186749717125,
    "p99_e2e_ms": 12778.135866299272
  },
  "average": {
    "count": 158,
    "avg_ttft_ms": 1449.5990212912425,
    "avg_tpot_ms": 11.516851981961754,
    "avg_e2e_ms": 8108.035096167763,
    "p50_ttft_ms": 118.10056678950787,
    "p50_tpot_ms": 11.72956759119197,
    "p50_e2e_ms": 10207.895006984472,
    "p99_ttft_ms": 8065.05327925086,
    "p99_tpot_ms": 13.301646204327973,
    "p99_e2e_ms": 12770.192367732525
  },
  "throughput": {
    "requests_per_sec": 5.401835092145938,
    "tokens_per_sec": 3111.4570130760603
  },
  "success_rate": 100.0,
  "total_requests": 158,
  "failed_requests": 0,
  "duration_sec": 29.249319408088923,
  "timestamp": "2026-01-18T14:24:37.518798",
  "error": null
}