{
  "config": "3P_1pD",
  "workload": "large_huge_paste",
  "qps": 10,
  "turn1": {
    "count": 100,
    "avg_ttft_ms": 6249.511610604823,
    "avg_tpot_ms": 15.549565089770017,
    "avg_e2e_ms": 22156.71669743955,
    "p50_ttft_ms": 5842.185156419873,
    "p50_tpot_ms": 15.780159624572024,
    "p50_e2e_ms": 22377.59940698743,
    "p99_ttft_ms": 13318.342918083072,
    "p99_tpot_ms": 16.38439703747295,
    "p99_e2e_ms": 29466.703296899796
  },
  "turn2": {
    "count": 100,
    "avg_ttft_ms": 318.9910525456071,
    "avg_tpot_ms": 19.08821908817176,
    "avg_e2e_ms": 910.7258442789316,
    "p50_ttft_ms": 153.5435263067484,
    "p50_tpot_ms": 19.795820838020695,
    "p50_e2e_ms": 758.0784540623426,
    "p99_ttft_ms": 499.8487132788497,
    "p99_tpot_ms": 26.191568744759408,
    "p99_e2e_ms": 1251.1408318952508
  },
  "average": {
    "count": 200,
    "avg_ttft_ms": 3284.251331575215,
    "avg_tpot_ms": 17.318892088970887,
    "avg_e2e_ms": 11533.721270859241,
    "p50_ttft_ms": 185.0418485701084,
    "p50_tpot_ms": 16.08924348479026,
    "p50_e2e_ms": 14030.862959101796,
    "p99_ttft_ms": 13318.342918083072,
    "p99_tpot_ms": 25.320360212316427,
    "p99_e2e_ms": 29429.024313166738
  },
  "throughput": {
    "requests_per_sec": 5.328086342615648,
    "tokens_per_sec": 2813.229588901062
  },
  "success_rate": 100.0,
  "total_requests": 200,
  "failed_requests": 0,
  "duration_sec": 37.53692923486233,
  "timestamp": "2026-01-18T15:34:30.863995",
  "error": null
}