{
  "config": "3P_1pD",
  "workload": "small_short_gen",
  "qps": 12,
  "turn1": {
    "count": 113,
    "avg_ttft_ms": 398.13720425013946,
    "avg_tpot_ms": 11.611567983190554,
    "avg_e2e_ms": 1872.8063381153397,
    "p50_ttft_ms": 275.0590778887272,
    "p50_tpot_ms": 11.998813951344001,
    "p50_e2e_ms": 1808.60910192132,
    "p99_ttft_ms": 1122.2712832689283,
    "p99_tpot_ms": 12.548827030292646,
    "p99_e2e_ms": 2674.064017087221
  },
  "turn2": {
    "count": 113,
    "avg_ttft_ms": 79.87949149930371,
    "avg_tpot_ms": 11.557894522906302,
    "avg_e2e_ms": 3027.1425948404103,
    "p50_ttft_ms": 56.4579963684082,
    "p50_tpot_ms": 11.903324474891027,
    "p50_e2e_ms": 3135.419573634863,
    "p99_ttft_ms": 216.59816220402718,
    "p99_tpot_ms": 12.437212468946681,
    "p99_e2e_ms": 3342.94061511755
  },
  "average": {
    "count": 226,
    "avg_ttft_ms": 239.0083478747216,
    "avg_tpot_ms": 11.58473125304843,
    "avg_e2e_ms": 2449.974466477875,
    "p50_ttft_ms": 122.7499172091484,
    "p50_tpot_ms": 11.936330337405794,
    "p50_e2e_ms": 2490.655740723014,
    "p99_ttft_ms": 1096.0883731022477,
    "p99_tpot_ms": 12.501999083173088,
    "p99_e2e_ms": 3328.530566766858
  },
  "throughput": {
    "requests_per_sec": 15.494133456753783,
    "tokens_per_sec": 2974.873623696726
  },
  "success_rate": 100.0,
  "total_requests": 226,
  "failed_requests": 0,
  "duration_sec": 14.586165830492973,
  "timestamp": "2026-01-18T14:18:24.923801",
  "error": null
}