{
  "config": "3P_1pD",
  "workload": "small_big_paste",
  "qps": 16,
  "turn1": {
    "count": 156,
    "avg_ttft_ms": 218.23225058137606,
    "avg_tpot_ms": 15.169312831863548,
    "avg_e2e_ms": 2144.7349802280464,
    "p50_ttft_ms": 201.30374282598495,
    "p50_tpot_ms": 15.734394044270665,
    "p50_e2e_ms": 2195.422947406769,
    "p99_ttft_ms": 474.8296445235609,
    "p99_tpot_ms": 16.844176622767613,
    "p99_e2e_ms": 2429.9424780532713
  },
  "turn2": {
    "count": 156,
    "avg_ttft_ms": 119.9376749782226,
    "avg_tpot_ms": 15.053888496677105,
    "avg_e2e_ms": 1068.3326502688801,
    "p50_ttft_ms": 101.22214257717133,
    "p50_tpot_ms": 15.644720267681848,
    "p50_e2e_ms": 1096.05504386127,
    "p99_ttft_ms": 321.4297542348493,
    "p99_tpot_ms": 17.415261969325087,
    "p99_e2e_ms": 1388.9203976839774
  },
  "average": {
    "count": 312,
    "avg_ttft_ms": 169.08496277979933,
    "avg_tpot_ms": 15.111600664270327,
    "avg_e2e_ms": 1606.5338152484635,
    "p50_ttft_ms": 148.46509881317616,
    "p50_tpot_ms": 15.698354019867363,
    "p50_e2e_ms": 1387.61942461133,
    "p99_ttft_ms": 462.54150524735405,
    "p99_tpot_ms": 17.31761953187367,
    "p99_e2e_ms": 2416.7926620319486
  },
  "throughput": {
    "requests_per_sec": 24.639276631824078,
    "tokens_per_sec": 2365.3705566551116
  },
  "success_rate": 100.0,
  "total_requests": 312,
  "failed_requests": 0,
  "duration_sec": 12.662709407508373,
  "timestamp": "2026-01-18T14:35:20.667275",
  "error": null
}