{
  "config": "3P_1pD",
  "workload": "large_long_gen",
  "qps": 20,
  "turn1": {
    "count": 200,
    "avg_ttft_ms": 31596.819289140403,
    "avg_tpot_ms": 14.734210155318005,
    "avg_e2e_ms": 46669.91627803072,
    "p50_ttft_ms": 30952.607184648514,
    "p50_tpot_ms": 14.75776481066165,
    "p50_e2e_ms": 46107.37947188318,
    "p99_ttft_ms": 64349.64361190796,
    "p99_tpot_ms": 15.182456523653407,
    "p99_e2e_ms": 79784.19090215117
  },
  "turn2": {
    "count": 200,
    "avg_ttft_ms": 110.06241453811526,
    "avg_tpot_ms": 16.099767303987317,
    "avg_e2e_ms": 8337.043506875634,
    "p50_ttft_ms": 96.22552618384361,
    "p50_tpot_ms": 16.199629910567268,
    "p50_e2e_ms": 8399.699706584215,
    "p99_ttft_ms": 217.36372087150812,
    "p99_tpot_ms": 16.971703515098284,
    "p99_e2e_ms": 8827.779035307467
  },
  "average": {
    "count": 400,
    "avg_ttft_ms": 15853.44085183926,
    "avg_tpot_ms": 15.416988729652662,
    "avg_e2e_ms": 27503.47989245318,
    "p50_ttft_ms": 172.60932363569736,
    "p50_tpot_ms": 15.072195101547567,
    "p50_e2e_ms": 11554.93195541203,
    "p99_ttft_ms": 64327.96920351684,
    "p99_tpot_ms": 16.95706669824406,
    "p99_e2e_ms": 79771.65450874716
  },
  "throughput": {
    "requests_per_sec": 4.120652983041464,
    "tokens_per_sec": 3164.6614909758446
  },
  "success_rate": 100.0,
  "total_requests": 400,
  "failed_requests": 0,
  "duration_sec": 97.07199360057712,
  "timestamp": "2026-01-18T14:57:39.744024",
  "error": null
}