{
  "config": "3P_1pD",
  "workload": "large_mid_bal",
  "qps": 6,
  "turn1": {
    "count": 60,
    "avg_ttft_ms": 1298.9502757787704,
    "avg_tpot_ms": 13.598036169326043,
    "avg_e2e_ms": 15209.741276999315,
    "p50_ttft_ms": 154.4003151357174,
    "p50_tpot_ms": 13.99509935209187,
    "p50_e2e_ms": 15026.347540318966,
    "p99_ttft_ms": 7817.401906773446,
    "p99_tpot_ms": 14.75470613622683,
    "p99_e2e_ms": 19901.966130025685
  },
  "turn2": {
    "count": 60,
    "avg_ttft_ms": 102.83263983825843,
    "avg_tpot_ms": 13.290032201747255,
    "avg_e2e_ms": 1790.66672946016,
    "p50_ttft_ms": 78.9853222668171,
    "p50_tpot_ms": 14.070714611237443,
    "p50_e2e_ms": 1875.8794367313385,
    "p99_ttft_ms": 202.09192398935554,
    "p99_tpot_ms": 15.742084834519332,
    "p99_e2e_ms": 2182.485192194581
  },
  "average": {
    "count": 120,
    "avg_ttft_ms": 700.8914578085145,
    "avg_tpot_ms": 13.44403418553665,
    "avg_e2e_ms": 8500.204003229737,
    "p50_ttft_ms": 140.9380380064249,
    "p50_tpot_ms": 13.99509935209187,
    "p50_e2e_ms": 7080.671546980739,
    "p99_ttft_ms": 7598.636422231793,
    "p99_tpot_ms": 15.697680244764943,
    "p99_e2e_ms": 19771.3481849432
  },
  "throughput": {
    "requests_per_sec": 3.9766224707020834,
    "tokens_per_sec": 2290.5345431244
  },
  "success_rate": 100.0,
  "total_requests": 120,
  "failed_requests": 0,
  "duration_sec": 30.176362197846174,
  "timestamp": "2026-01-18T15:15:31.836206",
  "error": null
}