{
  "config": "3P_1pD",
  "workload": "small_big_paste",
  "qps": 10,
  "turn1": {
    "count": 90,
    "avg_ttft_ms": 132.02310411466493,
    "avg_tpot_ms": 11.50654890620959,
    "avg_e2e_ms": 1593.3548152032827,
    "p50_ttft_ms": 125.44524855911732,
    "p50_tpot_ms": 11.2771122738367,
    "p50_e2e_ms": 1557.498136535287,
    "p99_ttft_ms": 201.07027187943456,
    "p99_tpot_ms": 13.490706162424539,
    "p99_e2e_ms": 1862.1075880900025
  },
  "turn2": {
    "count": 90,
    "avg_ttft_ms": 97.0625566939513,
    "avg_tpot_ms": 11.445915873114814,
    "avg_e2e_ms": 818.1552567001846,
    "p50_ttft_ms": 75.01391135156155,
    "p50_tpot_ms": 11.35915100929283,
    "p50_e2e_ms": 813.8080816715956,
    "p99_ttft_ms": 203.9725735411048,
    "p99_tpot_ms": 14.541593991101733,
    "p99_e2e_ms": 1011.9018833339214
  },
  "average": {
    "count": 180,
    "avg_ttft_ms": 114.5428304043081,
    "avg_tpot_ms": 11.476232389662204,
    "avg_e2e_ms": 1205.7550359517336,
    "p50_ttft_ms": 116.83377251029015,
    "p50_tpot_ms": 11.324127164790742,
    "p50_e2e_ms": 1152.1543245762587,
    "p99_ttft_ms": 204.23989627510312,
    "p99_tpot_ms": 14.338992879031197,
    "p99_e2e_ms": 1848.4925167635085
  },
  "throughput": {
    "requests_per_sec": 15.503905295787375,
    "tokens_per_sec": 1488.3749083955881
  },
  "success_rate": 100.0,
  "total_requests": 180,
  "failed_requests": 0,
  "duration_sec": 11.609978038817644,
  "timestamp": "2026-01-18T14:34:55.721269",
  "error": null
}