{
  "config": "3P_1pD",
  "workload": "small_huge_paste",
  "qps": 16,
  "turn1": {
    "count": 158,
    "avg_ttft_ms": 216.28816505964798,
    "avg_tpot_ms": 16.605764174280466,
    "avg_e2e_ms": 2325.220215193267,
    "p50_ttft_ms": 193.52306798100471,
    "p50_tpot_ms": 16.82531437653256,
    "p50_e2e_ms": 2355.124967172742,
    "p99_ttft_ms": 445.4865099117161,
    "p99_tpot_ms": 19.861070551271514,
    "p99_e2e_ms": 2907.9195605218415
  },
  "turn2": {
    "count": 158,
    "avg_ttft_ms": 169.08403900982458,
    "avg_tpot_ms": 17.06294316939915,
    "avg_e2e_ms": 698.0352772611983,
    "p50_ttft_ms": 148.7908437848091,
    "p50_tpot_ms": 17.010666790508452,
    "p50_e2e_ms": 700.4589326679707,
    "p99_ttft_ms": 488.31330340355663,
    "p99_tpot_ms": 23.969939878631024,
    "p99_e2e_ms": 1029.977338910103
  },
  "average": {
    "count": 316,
    "avg_ttft_ms": 192.68610203473628,
    "avg_tpot_ms": 16.834353671839807,
    "avg_e2e_ms": 1511.6277462272328,
    "p50_ttft_ms": 172.4963430315256,
    "p50_tpot_ms": 16.839905972442317,
    "p50_e2e_ms": 1207.5334582477808,
    "p99_ttft_ms": 467.8752046078447,
    "p99_tpot_ms": 22.799681042951924,
    "p99_e2e_ms": 2883.392291888595
  },
  "throughput": {
    "requests_per_sec": 24.904727213978397,
    "tokens_per_sec": 1992.3781771182719
  },
  "success_rate": 100.0,
  "total_requests": 316,
  "failed_requests": 0,
  "duration_sec": 12.688354194164276,
  "timestamp": "2026-01-18T14:37:15.087886",
  "error": null
}