{
  "config": "3P_1pD",
  "workload": "large_mid_bal",
  "qps": 2,
  "turn1": {
    "count": 19,
    "avg_ttft_ms": 138.06892068762528,
    "avg_tpot_ms": 9.62198120326014,
    "avg_e2e_ms": 9981.355691622746,
    "p50_ttft_ms": 136.06344163417816,
    "p50_tpot_ms": 9.780958604398943,
    "p50_e2e_ms": 10121.72444909811,
    "p99_ttft_ms": 180.99051743745804,
    "p99_tpot_ms": 9.987706330878877,
    "p99_e2e_ms": 10350.447292402387
  },
  "turn2": {
    "count": 19,
    "avg_ttft_ms": 91.09961437551598,
    "avg_tpot_ms": 9.622986850294394,
    "avg_e2e_ms": 1313.2189443629038,
    "p50_ttft_ms": 69.31649148464203,
    "p50_tpot_ms": 9.82808981706777,
    "p50_e2e_ms": 1352.1270379424095,
    "p99_ttft_ms": 170.24521850049496,
    "p99_tpot_ms": 10.537885778884249,
    "p99_e2e_ms": 1496.7832601815462
  },
  "average": {
    "count": 38,
    "avg_ttft_ms": 114.58426753157063,
    "avg_tpot_ms": 9.622484026777265,
    "avg_e2e_ms": 5647.287317992826,
    "p50_ttft_ms": 128.2058022916317,
    "p50_tpot_ms": 9.796204007178808,
    "p50_e2e_ms": 5388.116782531142,
    "p99_ttft_ms": 180.2768394723535,
    "p99_tpot_ms": 10.535552658023327,
    "p99_e2e_ms": 10349.501022733748
  },
  "throughput": {
    "requests_per_sec": 1.8158253510812825,
    "tokens_per_sec": 1045.9154022228188
  },
  "success_rate": 100.0,
  "total_requests": 38,
  "failed_requests": 0,
  "duration_sec": 20.927122741937637,
  "timestamp": "2026-01-18T15:14:38.789938",
  "error": null
}