{
  "config": "1R_1P_1D_1pD",
  "ppd_enabled": false,
  "qps": 2.0,
  "num_conversations": 500,
  "duration_sec": 289.19620752334595,
  "timestamp": "2026-01-21T19:06:58.787091",
  "turn1": {
    "count": 500,
    "avg_ttft_ms": 90.78374671190977,
    "avg_tpot_ms": 9.865237764896374,
    "avg_e2e_ms": 2783.4052677229047,
    "p50_ttft_ms": 87.58082799613476,
    "p50_tpot_ms": 9.28010529487385,
    "p50_e2e_ms": 1720.6780649721622,
    "p90_ttft_ms": 123.27535785734655,
    "p90_tpot_ms": 12.340910159047121,
    "p90_e2e_ms": 7122.145457938314,
    "p99_ttft_ms": 232.6117843016982,
    "p99_tpot_ms": 13.977004528384319,
    "p99_e2e_ms": 12496.755803748965
  },
  "turn2plus": {
    "count": 1556,
    "avg_ttft_ms": 68.43908635569032,
    "avg_tpot_ms": 9.869462526515727,
    "avg_e2e_ms": 2773.619470868863,
    "p50_ttft_ms": 46.476805582642555,
    "p50_tpot_ms": 9.264777047871464,
    "p50_e2e_ms": 1831.1861772090197,
    "p90_ttft_ms": 130.55412285029888,
    "p90_tpot_ms": 12.415031662776851,
    "p90_e2e_ms": 6615.636931732297,
    "p99_ttft_ms": 188.20336647331715,
    "p99_tpot_ms": 13.330371087483059,
    "p99_e2e_ms": 11193.792178481834
  },
  "all_turns": {
    "count": 2056,
    "avg_ttft_ms": 73.87309908823397,
    "avg_tpot_ms": 9.868439841418997,
    "avg_e2e_ms": 2775.999285278893,
    "p50_ttft_ms": 50.50971731543541,
    "p50_tpot_ms": 9.267132729291916,
    "p50_e2e_ms": 1789.7254023700953,
    "p90_ttft_ms": 129.3215397745371,
    "p90_tpot_ms": 12.400394501315377,
    "p90_e2e_ms": 6774.126913398504,
    "p99_ttft_ms": 188.5203089565039,
    "p99_tpot_ms": 13.357225610451264,
    "p99_e2e_ms": 11964.067206159238
  },
  "throughput": {
    "conversations_per_sec": 1.7289300032042658,
    "requests_per_sec": 7.109360173175941,
    "tokens_per_sec": 1951.4329210366354
  },
  "success_rate": {
    "turns": 100.0,
    "conversations": 100.0
  },
  "counts": {
    "total_conversations": 500,
    "successful_conversations": 500,
    "total_turns": 2056,
    "turn1_count": 500,
    "turn2plus_count": 1556,
    "successful_turns": 2056
  },
  "slo_attainment": {
    "ttft_100ms": 0.7622107969151671,
    "ttft_200ms": 0.9942159383033419,
    "ttft_500ms": 1.0,
    "tpot_15ms": 0.9993560849967804,
    "tpot_30ms": 1.0,
    "e2e_5000ms": 0.8239074550128535,
    "e2e_10000ms": 0.9768637532133676
  }
}