{
  "config": "1R_1P_1D_1pD",
  "ppd_enabled": false,
  "qps": 12.0,
  "num_conversations": 500,
  "duration_sec": 180.1411704942584,
  "timestamp": "2026-01-21T19:16:13.465251",
  "turn1": {
    "count": 500,
    "avg_ttft_ms": 33754.338344193995,
    "avg_tpot_ms": 11.601975019331837,
    "avg_e2e_ms": 37109.03558435291,
    "p50_ttft_ms": 29259.643211960793,
    "p50_tpot_ms": 10.167797171522007,
    "p50_e2e_ms": 34571.3978074491,
    "p90_ttft_ms": 71820.40292322636,
    "p90_tpot_ms": 17.13801588569252,
    "p90_e2e_ms": 74729.5566711575,
    "p99_ttft_ms": 79923.52045875043,
    "p99_tpot_ms": 18.5722711163675,
    "p99_e2e_ms": 87003.51377241313
  },
  "turn2plus": {
    "count": 1556,
    "avg_ttft_ms": 375.18835944245666,
    "avg_tpot_ms": 11.664929712164472,
    "avg_e2e_ms": 3545.7467662462614,
    "p50_ttft_ms": 56.46926537156105,
    "p50_tpot_ms": 10.156229165699196,
    "p50_e2e_ms": 2144.639402627945,
    "p90_ttft_ms": 144.17549408972263,
    "p90_tpot_ms": 17.160806955671994,
    "p90_e2e_ms": 8016.190975904465,
    "p99_ttft_ms": 218.4009319171316,
    "p99_tpot_ms": 18.663709585803407,
    "p99_e2e_ms": 15484.726084209986
  },
  "all_turns": {
    "count": 2056,
    "avg_ttft_ms": 8492.68592382756,
    "avg_tpot_ms": 11.649690313606646,
    "avg_e2e_ms": 11708.02517531889,
    "p50_ttft_ms": 77.78117246925831,
    "p50_tpot_ms": 10.164996927104346,
    "p50_e2e_ms": 3241.815196350217,
    "p90_ttft_ms": 42646.2925914675,
    "p90_tpot_ms": 17.158099248172334,
    "p90_e2e_ms": 46036.15496121347,
    "p99_ttft_ms": 77874.53087251633,
    "p99_tpot_ms": 18.634982269680872,
    "p99_e2e_ms": 81297.01063018295
  },
  "throughput": {
    "conversations_per_sec": 2.7756009280284784,
    "requests_per_sec": 11.413271016053104,
    "tokens_per_sec": 3132.8041138601757
  },
  "success_rate": {
    "turns": 100.0,
    "conversations": 100.0
  },
  "counts": {
    "total_conversations": 500,
    "successful_conversations": 500,
    "total_turns": 2056,
    "turn1_count": 500,
    "turn2plus_count": 1556,
    "successful_turns": 2056
  },
  "slo_attainment": {
    "ttft_100ms": 0.7024421593830334,
    "ttft_200ms": 0.9839331619537275,
    "ttft_500ms": 0.9942159383033419,
    "tpot_15ms": 0.7952350289761752,
    "tpot_30ms": 0.9993560849967804,
    "e2e_5000ms": 0.7789203084832905,
    "e2e_10000ms": 0.9505141388174807
  }
}