{
  "config": "1R_1P_2D",
  "workload": "large_big_paste",
  "qps": 6,
  "turn1": {
    "count": 58,
    "avg_ttft_ms": 697.3761809540206,
    "avg_tpot_ms": 12.380475124616908,
    "avg_e2e_ms": 13362.602233437116,
    "p50_ttft_ms": 138.35426792502403,
    "p50_tpot_ms": 9.550705659526418,
    "p50_e2e_ms": 11668.44216734171,
    "p99_ttft_ms": 5043.914444744587,
    "p99_tpot_ms": 17.42324589197237,
    "p99_e2e_ms": 19427.18174573034
  },
  "turn2": {
    "count": 58,
    "avg_ttft_ms": 162.3781221308585,
    "avg_tpot_ms": 12.279468769494082,
    "avg_e2e_ms": 935.9846546089855,
    "p50_ttft_ms": 145.0345702469349,
    "p50_tpot_ms": 9.770652574915733,
    "p50_e2e_ms": 768.1624796241522,
    "p99_ttft_ms": 442.0090211927891,
    "p99_tpot_ms": 24.208272025580442,
    "p99_e2e_ms": 1648.2095517590642
  },
  "average": {
    "count": 116,
    "avg_ttft_ms": 429.87715154243955,
    "avg_tpot_ms": 12.329971947055492,
    "avg_e2e_ms": 7149.29344402305,
    "p50_ttft_ms": 139.88549634814262,
    "p50_tpot_ms": 9.568651420731582,
    "p50_e2e_ms": 5374.762341380119,
    "p99_ttft_ms": 4992.198430187999,
    "p99_tpot_ms": 23.758622480645062,
    "p99_e2e_ms": 18882.017621025436
  },
  "throughput": {
    "requests_per_sec": 3.887824058648908,
    "tokens_per_sec": 2114.9762879050063
  },
  "success_rate": 100.0,
  "total_requests": 116,
  "failed_requests": 0,
  "duration_sec": 29.836741130799055,
  "timestamp": "2026-01-18T19:23:56.234275",
  "error": null
}