{
  "config": "1R_1P_2D",
  "workload": "small_tiny",
  "qps": 20,
  "turn1": {
    "count": 182,
    "avg_ttft_ms": 288.2370556612591,
    "avg_tpot_ms": 9.788194058503755,
    "avg_e2e_ms": 1531.3377010912359,
    "p50_ttft_ms": 255.17634488642216,
    "p50_tpot_ms": 9.360896907453462,
    "p50_e2e_ms": 1485.7480097562075,
    "p99_ttft_ms": 1009.1445150226355,
    "p99_tpot_ms": 12.334988886915793,
    "p99_e2e_ms": 2244.6115171536803
  },
  "turn2": {
    "count": 182,
    "avg_ttft_ms": 269.3689000475538,
    "avg_tpot_ms": 9.796247195923891,
    "avg_e2e_ms": 573.0525631211943,
    "p50_ttft_ms": 216.52147732675076,
    "p50_tpot_ms": 9.57489175902259,
    "p50_e2e_ms": 517.8581848740578,
    "p99_ttft_ms": 840.4743888229132,
    "p99_tpot_ms": 13.155335389798687,
    "p99_e2e_ms": 1153.6730726063251
  },
  "average": {
    "count": 364,
    "avg_ttft_ms": 278.80297785440644,
    "avg_tpot_ms": 9.792220627213823,
    "avg_e2e_ms": 1052.1951321062152,
    "p50_ttft_ms": 230.91747052967548,
    "p50_tpot_ms": 9.426368280283867,
    "p50_e2e_ms": 1157.9174250364304,
    "p99_ttft_ms": 959.3965654075149,
    "p99_tpot_ms": 12.787944152951242,
    "p99_e2e_ms": 2120.968197695911
  },
  "throughput": {
    "requests_per_sec": 31.412502099199266,
    "tokens_per_sec": 2513.000167935941
  },
  "success_rate": 100.0,
  "total_requests": 364,
  "failed_requests": 0,
  "duration_sec": 11.58774295821786,
  "timestamp": "2026-01-18T18:13:12.741160",
  "error": null
}