{
  "config": "1R_1P_2D",
  "workload": "small_short_gen",
  "qps": 4,
  "turn1": {
    "count": 40,
    "avg_ttft_ms": 77.04570535570383,
    "avg_tpot_ms": 8.829945482049636,
    "avg_e2e_ms": 1198.4487815760076,
    "p50_ttft_ms": 83.78674276173115,
    "p50_tpot_ms": 8.377952002516881,
    "p50_e2e_ms": 1155.24722635746,
    "p99_ttft_ms": 142.50113476067781,
    "p99_tpot_ms": 10.588882153076451,
    "p99_e2e_ms": 1378.228492923081
  },
  "turn2": {
    "count": 40,
    "avg_ttft_ms": 68.11014777049422,
    "avg_tpot_ms": 9.039821824533682,
    "avg_e2e_ms": 2373.264713026583,
    "p50_ttft_ms": 80.45977167785168,
    "p50_tpot_ms": 8.38847575964881,
    "p50_e2e_ms": 2222.4396225064993,
    "p99_ttft_ms": 124.3892130255699,
    "p99_tpot_ms": 10.57586871292077,
    "p99_e2e_ms": 2737.8880459815264
  },
  "average": {
    "count": 80,
    "avg_ttft_ms": 72.57792656309903,
    "avg_tpot_ms": 8.93488365329166,
    "avg_e2e_ms": 1785.8567473012954,
    "p50_ttft_ms": 82.91337080299854,
    "p50_tpot_ms": 8.38544090667109,
    "p50_e2e_ms": 1758.4742661565542,
    "p99_ttft_ms": 137.94664103537792,
    "p99_tpot_ms": 10.583775654200494,
    "p99_e2e_ms": 2734.1867316514254
  },
  "throughput": {
    "requests_per_sec": 6.283000300154448,
    "tokens_per_sec": 1206.336057629654
  },
  "success_rate": 100.0,
  "total_requests": 80,
  "failed_requests": 0,
  "duration_sec": 12.73277036100626,
  "timestamp": "2026-01-18T18:14:07.465920",
  "error": null
}