{
  "config": "1R_1P_2D",
  "workload": "small_small_bal",
  "qps": 10,
  "turn1": {
    "count": 99,
    "avg_ttft_ms": 86.40527917128621,
    "avg_tpot_ms": 9.593786283465889,
    "avg_e2e_ms": 1304.8161371714539,
    "p50_ttft_ms": 92.45063737034798,
    "p50_tpot_ms": 8.748703878226243,
    "p50_e2e_ms": 1221.6934524476528,
    "p99_ttft_ms": 183.54698926210403,
    "p99_tpot_ms": 13.290365825839869,
    "p99_e2e_ms": 1722.115856781602
  },
  "turn2": {
    "count": 99,
    "avg_ttft_ms": 85.67775989120656,
    "avg_tpot_ms": 9.685451177683362,
    "avg_e2e_ms": 695.8611840852583,
    "p50_ttft_ms": 86.2313061952591,
    "p50_tpot_ms": 8.832142466590518,
    "p50_e2e_ms": 681.9859705865383,
    "p99_ttft_ms": 191.68877489864812,
    "p99_tpot_ms": 13.835246327614026,
    "p99_e2e_ms": 914.0160211175679
  },
  "average": {
    "count": 198,
    "avg_ttft_ms": 86.0415195312464,
    "avg_tpot_ms": 9.639618730574623,
    "avg_e2e_ms": 1000.3386606283561,
    "p50_ttft_ms": 91.44797921180725,
    "p50_tpot_ms": 8.788047979275387,
    "p50_e2e_ms": 1033.7592717260122,
    "p99_ttft_ms": 186.9936327263713,
    "p99_tpot_ms": 13.564340628920093,
    "p99_e2e_ms": 1719.2937156930566
  },
  "throughput": {
    "requests_per_sec": 16.416315866996868,
    "tokens_per_sec": 1575.9663232316993
  },
  "success_rate": 100.0,
  "total_requests": 198,
  "failed_requests": 0,
  "duration_sec": 12.061171434819698,
  "timestamp": "2026-01-18T18:25:34.321534",
  "error": null
}