{
  "config": "1R_1P_2D",
  "workload": "small_long_gen",
  "qps": 6,
  "turn1": {
    "count": 60,
    "avg_ttft_ms": 93.31892201056083,
    "avg_tpot_ms": 9.585221879810014,
    "avg_e2e_ms": 1310.642100746433,
    "p50_ttft_ms": 94.96299177408218,
    "p50_tpot_ms": 9.213208946890719,
    "p50_e2e_ms": 1281.2591399997473,
    "p99_ttft_ms": 188.5667547956109,
    "p99_tpot_ms": 12.427807770904124,
    "p99_e2e_ms": 1629.4580369070172
  },
  "turn2": {
    "count": 60,
    "avg_ttft_ms": 88.2499611005187,
    "avg_tpot_ms": 9.852953041209283,
    "avg_e2e_ms": 5123.1089651584625,
    "p50_ttft_ms": 97.59589843451977,
    "p50_tpot_ms": 9.657479928343497,
    "p50_e2e_ms": 5028.4643936902285,
    "p99_ttft_ms": 186.1891102790832,
    "p99_tpot_ms": 11.491856864651705,
    "p99_e2e_ms": 5927.980954609811
  },
  "average": {
    "count": 120,
    "avg_ttft_ms": 90.78444155553977,
    "avg_tpot_ms": 9.71908746050965,
    "avg_e2e_ms": 3216.875532952448,
    "p50_ttft_ms": 95.75088135898113,
    "p50_tpot_ms": 9.363327070101477,
    "p50_e2e_ms": 3007.129181176424,
    "p99_ttft_ms": 189.67784646898508,
    "p99_tpot_ms": 12.333945409636797,
    "p99_e2e_ms": 5921.571493893862
  },
  "throughput": {
    "requests_per_sec": 8.080446600474328,
    "tokens_per_sec": 2585.742912151785
  },
  "success_rate": 100.0,
  "total_requests": 120,
  "failed_requests": 0,
  "duration_sec": 14.85066431760788,
  "timestamp": "2026-01-18T18:16:57.708668",
  "error": null
}