{
  "config": "1R_1P_2D",
  "workload": "large_tiny",
  "qps": 1,
  "turn1": {
    "count": 10,
    "avg_ttft_ms": 121.40999063849449,
    "avg_tpot_ms": 8.481710359366758,
    "avg_e2e_ms": 8798.199688270688,
    "p50_ttft_ms": 127.2168718278408,
    "p50_tpot_ms": 8.503811058833218,
    "p50_e2e_ms": 8853.675352409482,
    "p99_ttft_ms": 155.87802149355412,
    "p99_tpot_ms": 8.97900348487342,
    "p99_e2e_ms": 9260.354282855988
  },
  "turn2": {
    "count": 10,
    "avg_ttft_ms": 126.47978477180004,
    "avg_tpot_ms": 8.682497891206895,
    "avg_e2e_ms": 395.6372193992138,
    "p50_ttft_ms": 143.4036809951067,
    "p50_tpot_ms": 8.492302209619552,
    "p50_e2e_ms": 401.41104720532894,
    "p99_ttft_ms": 154.2596747353673,
    "p99_tpot_ms": 9.847634635385006,
    "p99_e2e_ms": 424.04151033610106
  },
  "average": {
    "count": 20,
    "avg_ttft_ms": 123.94488770514727,
    "avg_tpot_ms": 8.582104125286827,
    "avg_e2e_ms": 4596.918453834951,
    "p50_ttft_ms": 136.08291000127792,
    "p50_tpot_ms": 8.4967434457262,
    "p50_e2e_ms": 4457.586469128728,
    "p99_ttft_ms": 155.85581976920366,
    "p99_tpot_ms": 9.816202546559996,
    "p99_e2e_ms": 9221.863501667976
  },
  "throughput": {
    "requests_per_sec": 1.31952975374229,
    "tokens_per_sec": 696.7117099759292
  },
  "success_rate": 100.0,
  "total_requests": 20,
  "failed_requests": 0,
  "duration_sec": 15.156914759427309,
  "timestamp": "2026-01-18T18:34:50.054432",
  "error": null
}