{
  "config": "1R_1P_2D",
  "workload": "small_mid_paste",
  "qps": 4,
  "turn1": {
    "count": 39,
    "avg_ttft_ms": 82.72708589449907,
    "avg_tpot_ms": 8.527900586639923,
    "avg_e2e_ms": 1165.7704603977693,
    "p50_ttft_ms": 88.33299204707146,
    "p50_tpot_ms": 8.318741754518719,
    "p50_e2e_ms": 1154.6918861567974,
    "p99_ttft_ms": 129.28951710462567,
    "p99_tpot_ms": 10.361909729054593,
    "p99_e2e_ms": 1353.225169852376
  },
  "turn2": {
    "count": 39,
    "avg_ttft_ms": 87.38271089700552,
    "avg_tpot_ms": 8.695776044024557,
    "avg_e2e_ms": 635.2166016705526,
    "p50_ttft_ms": 94.09155324101448,
    "p50_tpot_ms": 8.397997549128911,
    "p50_e2e_ms": 628.4015960991383,
    "p99_ttft_ms": 136.353904902935,
    "p99_tpot_ms": 10.823795395711112,
    "p99_e2e_ms": 725.5665730684996
  },
  "average": {
    "count": 78,
    "avg_ttft_ms": 85.05489839575229,
    "avg_tpot_ms": 8.611838315332239,
    "avg_e2e_ms": 900.4935310341609,
    "p50_ttft_ms": 93.55069696903229,
    "p50_tpot_ms": 8.335774965326333,
    "p50_e2e_ms": 896.20316401124,
    "p99_ttft_ms": 134.00049924850467,
    "p99_tpot_ms": 10.727547912134066,
    "p99_e2e_ms": 1350.9422611817718
  },
  "throughput": {
    "requests_per_sec": 6.627591839023976,
    "tokens_per_sec": 636.2488165463017
  },
  "success_rate": 100.0,
  "total_requests": 78,
  "failed_requests": 0,
  "duration_sec": 11.768980633467436,
  "timestamp": "2026-01-18T18:29:03.461641",
  "error": null
}