{
  "config": "1R_1P_2D",
  "workload": "small_short_gen",
  "qps": 12,
  "turn1": {
    "count": 120,
    "avg_ttft_ms": 410.8411399958034,
    "avg_tpot_ms": 10.317046067181222,
    "avg_e2e_ms": 1721.1059905278187,
    "p50_ttft_ms": 236.41233518719673,
    "p50_tpot_ms": 9.553432479266107,
    "p50_e2e_ms": 1554.9161788076162,
    "p99_ttft_ms": 1155.5738001316786,
    "p99_tpot_ms": 14.763585711851364,
    "p99_e2e_ms": 2745.4357420653105
  },
  "turn2": {
    "count": 120,
    "avg_ttft_ms": 124.2070191539824,
    "avg_tpot_ms": 10.283898749796588,
    "avg_e2e_ms": 2746.6012003521123,
    "p50_ttft_ms": 105.09812459349632,
    "p50_tpot_ms": 9.625797667631915,
    "p50_e2e_ms": 2606.9744899868965,
    "p99_ttft_ms": 327.2432439029217,
    "p99_tpot_ms": 14.05185435347113,
    "p99_e2e_ms": 3629.686248227954
  },
  "average": {
    "count": 240,
    "avg_ttft_ms": 267.52407957489294,
    "avg_tpot_ms": 10.300472408488906,
    "avg_e2e_ms": 2233.8535954399654,
    "p50_ttft_ms": 133.87218676507473,
    "p50_tpot_ms": 9.61183706188903,
    "p50_e2e_ms": 2412.5501569360495,
    "p99_ttft_ms": 1116.7534714564679,
    "p99_tpot_ms": 14.4775428505629,
    "p99_e2e_ms": 3625.258418135345
  },
  "throughput": {
    "requests_per_sec": 16.953100457104146,
    "tokens_per_sec": 3254.9952877639957
  },
  "success_rate": 100.0,
  "total_requests": 240,
  "failed_requests": 0,
  "duration_sec": 14.156702522188425,
  "timestamp": "2026-01-18T18:15:01.900567",
  "error": null
}