{
  "config": "1R_1P_2D",
  "workload": "large_mid_bal",
  "qps": 12,
  "turn1": {
    "count": 120,
    "avg_ttft_ms": 7658.036562800407,
    "avg_tpot_ms": 12.167698081732087,
    "avg_e2e_ms": 20105.591700412333,
    "p50_ttft_ms": 8769.137734547257,
    "p50_tpot_ms": 10.445537894075684,
    "p50_e2e_ms": 19124.854078516364,
    "p99_ttft_ms": 17787.496911138296,
    "p99_tpot_ms": 18.51374163870442,
    "p99_e2e_ms": 31617.389593720436
  },
  "turn2": {
    "count": 120,
    "avg_ttft_ms": 171.5318768285215,
    "avg_tpot_ms": 12.60137053407005,
    "avg_e2e_ms": 1771.905934655418,
    "p50_ttft_ms": 158.26978348195553,
    "p50_tpot_ms": 10.741787544620319,
    "p50_e2e_ms": 1527.5239069014788,
    "p99_ttft_ms": 366.7297060415149,
    "p99_tpot_ms": 24.907987856078808,
    "p99_e2e_ms": 3336.42946690321
  },
  "average": {
    "count": 240,
    "avg_ttft_ms": 3914.7842198144644,
    "avg_tpot_ms": 12.384534307901069,
    "avg_e2e_ms": 10938.748817533875,
    "p50_ttft_ms": 185.45648455619812,
    "p50_tpot_ms": 10.481282604834323,
    "p50_e2e_ms": 6709.796095266938,
    "p99_ttft_ms": 17476.22629635036,
    "p99_tpot_ms": 23.892649159598065,
    "p99_e2e_ms": 31315.46633385122
  },
  "throughput": {
    "requests_per_sec": 5.6454278369800255,
    "tokens_per_sec": 3251.7664341004947
  },
  "success_rate": 100.0,
  "total_requests": 240,
  "failed_requests": 0,
  "duration_sec": 42.51227841898799,
  "timestamp": "2026-01-18T19:14:04.469599",
  "error": null
}