{
  "config": "1R_1P_2D",
  "workload": "small_small_bal",
  "qps": 6,
  "turn1": {
    "count": 56,
    "avg_ttft_ms": 76.11202987443123,
    "avg_tpot_ms": 8.924676534898905,
    "avg_e2e_ms": 1209.5459498065923,
    "p50_ttft_ms": 82.47425593435764,
    "p50_tpot_ms": 8.381201702309404,
    "p50_e2e_ms": 1159.1221448034048,
    "p99_ttft_ms": 156.8361580371858,
    "p99_tpot_ms": 10.807323354611716,
    "p99_e2e_ms": 1418.7408823519945
  },
  "turn2": {
    "count": 56,
    "avg_ttft_ms": 75.10824774258903,
    "avg_tpot_ms": 8.905865039777797,
    "avg_e2e_ms": 636.1777452485902,
    "p50_ttft_ms": 86.94169484078884,
    "p50_tpot_ms": 8.387332161267597,
    "p50_e2e_ms": 624.2828760296106,
    "p99_ttft_ms": 134.22352783381947,
    "p99_tpot_ms": 10.884194714682444,
    "p99_e2e_ms": 729.2280778288842
  },
  "average": {
    "count": 112,
    "avg_ttft_ms": 75.61013880851013,
    "avg_tpot_ms": 8.915270787338352,
    "avg_e2e_ms": 922.8618475275913,
    "p50_ttft_ms": 84.84973013401031,
    "p50_tpot_ms": 8.381201702309404,
    "p50_e2e_ms": 911.9620267301798,
    "p99_ttft_ms": 149.37509268522263,
    "p99_tpot_ms": 10.831102671057689,
    "p99_e2e_ms": 1414.8996412009
  },
  "throughput": {
    "requests_per_sec": 9.489915045254856,
    "tokens_per_sec": 911.0318443444662
  },
  "success_rate": 100.0,
  "total_requests": 112,
  "failed_requests": 0,
  "duration_sec": 11.802002385258675,
  "timestamp": "2026-01-18T18:25:10.522174",
  "error": null
}