{
  "config": "1R_1P_2D",
  "workload": "large_long_gen",
  "qps": 2,
  "turn1": {
    "count": 18,
    "avg_ttft_ms": 119.8793262657192,
    "avg_tpot_ms": 9.996569237893421,
    "avg_e2e_ms": 10346.369656630688,
    "p50_ttft_ms": 117.29650944471359,
    "p50_tpot_ms": 9.695172923474136,
    "p50_e2e_ms": 10016.158627346158,
    "p99_ttft_ms": 175.80019943416116,
    "p99_tpot_ms": 12.731146365331298,
    "p99_e2e_ms": 13135.150712579489
  },
  "turn2": {
    "count": 18,
    "avg_ttft_ms": 106.44137569599681,
    "avg_tpot_ms": 9.904616561972025,
    "avg_e2e_ms": 5167.7004388637015,
    "p50_ttft_ms": 106.03039152920246,
    "p50_tpot_ms": 8.65196866765181,
    "p50_e2e_ms": 4527.298055589199,
    "p99_ttft_ms": 224.05971329659204,
    "p99_tpot_ms": 12.828784386705745,
    "p99_e2e_ms": 6657.9457987472415
  },
  "average": {
    "count": 36,
    "avg_ttft_ms": 113.16035098085801,
    "avg_tpot_ms": 9.950592899932722,
    "avg_e2e_ms": 7757.035047747195,
    "p50_ttft_ms": 109.40338112413883,
    "p50_tpot_ms": 8.65196866765181,
    "p50_e2e_ms": 7181.816088035703,
    "p99_ttft_ms": 220.227844454348,
    "p99_tpot_ms": 12.823237767424835,
    "p99_e2e_ms": 13128.830387443304
  },
  "throughput": {
    "requests_per_sec": 1.2969054875679504,
    "tokens_per_sec": 996.023414452186
  },
  "success_rate": 100.0,
  "total_requests": 36,
  "failed_requests": 0,
  "duration_sec": 27.758383587002754,
  "timestamp": "2026-01-18T18:47:45.203287",
  "error": null
}