{
  "config": "1R_1P_2D",
  "workload": "large_mid_bal",
  "qps": 8,
  "turn1": {
    "count": 80,
    "avg_ttft_ms": 3241.2140753585845,
    "avg_tpot_ms": 12.547602089493376,
    "avg_e2e_ms": 16077.411012910306,
    "p50_ttft_ms": 207.82309211790562,
    "p50_tpot_ms": 10.556422731131752,
    "p50_e2e_ms": 17239.975402131677,
    "p99_ttft_ms": 8815.245127938686,
    "p99_tpot_ms": 17.50229023932274,
    "p99_e2e_ms": 25924.898700751364
  },
  "turn2": {
    "count": 80,
    "avg_ttft_ms": 169.44596408866346,
    "avg_tpot_ms": 13.295316218772507,
    "avg_e2e_ms": 1857.9511238727719,
    "p50_ttft_ms": 156.09305910766125,
    "p50_tpot_ms": 10.805584798295666,
    "p50_e2e_ms": 1518.6909306794405,
    "p99_ttft_ms": 281.2643062323332,
    "p99_tpot_ms": 31.5519162390645,
    "p99_e2e_ms": 4276.548952348529
  },
  "average": {
    "count": 160,
    "avg_ttft_ms": 1705.330019723624,
    "avg_tpot_ms": 12.921459154132942,
    "avg_e2e_ms": 8967.68106839154,
    "p50_ttft_ms": 169.5162784308195,
    "p50_tpot_ms": 10.583387198015858,
    "p50_e2e_ms": 7236.0285725444555,
    "p99_ttft_ms": 8698.976493179798,
    "p99_tpot_ms": 29.64717973404981,
    "p99_e2e_ms": 25878.39334178716
  },
  "throughput": {
    "requests_per_sec": 4.7543521573629075,
    "tokens_per_sec": 2738.5068426410344
  },
  "success_rate": 100.0,
  "total_requests": 160,
  "failed_requests": 0,
  "duration_sec": 33.65337583422661,
  "timestamp": "2026-01-18T19:12:39.075863",
  "error": null
}