{
  "config": "1R_1P_2D",
  "workload": "small_long_gen",
  "qps": 10,
  "turn1": {
    "count": 100,
    "avg_ttft_ms": 1122.869472578168,
    "avg_tpot_ms": 9.965003892544686,
    "avg_e2e_ms": 2388.424966931343,
    "p50_ttft_ms": 435.55235490202904,
    "p50_tpot_ms": 9.605824786025707,
    "p50_e2e_ms": 1746.0195813328028,
    "p99_ttft_ms": 2965.8949492871766,
    "p99_tpot_ms": 12.93235788928477,
    "p99_e2e_ms": 4270.496283806861
  },
  "turn2": {
    "count": 100,
    "avg_ttft_ms": 108.16029969602823,
    "avg_tpot_ms": 10.148073050126053,
    "avg_e2e_ms": 5293.825628310442,
    "p50_ttft_ms": 98.33267144858837,
    "p50_tpot_ms": 9.521344815127538,
    "p50_e2e_ms": 4999.927612021565,
    "p99_ttft_ms": 305.42847864329826,
    "p99_tpot_ms": 12.894762589098656,
    "p99_e2e_ms": 6632.2867991402745
  },
  "average": {
    "count": 200,
    "avg_ttft_ms": 615.5148861370981,
    "avg_tpot_ms": 10.05653847133537,
    "avg_e2e_ms": 3841.1252976208925,
    "p50_ttft_ms": 112.37037740647793,
    "p50_tpot_ms": 9.55810836087419,
    "p50_e2e_ms": 4418.5996651649475,
    "p99_ttft_ms": 2824.4898879155503,
    "p99_tpot_ms": 12.901470396033815,
    "p99_e2e_ms": 6616.494600698352
  },
  "throughput": {
    "requests_per_sec": 10.261407082731859,
    "tokens_per_sec": 3283.650266474195
  },
  "success_rate": 100.0,
  "total_requests": 200,
  "failed_requests": 0,
  "duration_sec": 19.490504410117865,
  "timestamp": "2026-01-18T18:17:34.321806",
  "error": null
}