{
  "config": "1R_1P_2D",
  "workload": "large_tiny",
  "qps": 10,
  "turn1": {
    "count": 100,
    "avg_ttft_ms": 4426.6713654994965,
    "avg_tpot_ms": 12.488723252212605,
    "avg_e2e_ms": 17202.63525251299,
    "p50_ttft_ms": 2950.6277330219746,
    "p50_tpot_ms": 9.712122291515882,
    "p50_e2e_ms": 17513.40519078076,
    "p99_ttft_ms": 12647.152252681555,
    "p99_tpot_ms": 18.851598369709617,
    "p99_e2e_ms": 28664.819854088128
  },
  "turn2": {
    "count": 100,
    "avg_ttft_ms": 142.3608423024416,
    "avg_tpot_ms": 12.537456320658805,
    "avg_e2e_ms": 531.0219882428646,
    "p50_ttft_ms": 132.00486823916435,
    "p50_tpot_ms": 9.746783322864964,
    "p50_e2e_ms": 441.2983488291502,
    "p99_ttft_ms": 260.1159210875631,
    "p99_tpot_ms": 32.98354226855501,
    "p99_e2e_ms": 1087.1413326635966
  },
  "average": {
    "count": 200,
    "avg_ttft_ms": 2284.516103900969,
    "avg_tpot_ms": 12.513089786435705,
    "avg_e2e_ms": 8866.828620377928,
    "p50_ttft_ms": 147.70286343991756,
    "p50_tpot_ms": 9.725069913026292,
    "p50_e2e_ms": 5407.603872939944,
    "p99_ttft_ms": 12563.10654323548,
    "p99_tpot_ms": 27.21049909990636,
    "p99_e2e_ms": 28393.99449303746
  },
  "throughput": {
    "requests_per_sec": 5.344636919674273,
    "tokens_per_sec": 2821.9682935880164
  },
  "success_rate": 100.0,
  "total_requests": 200,
  "failed_requests": 0,
  "duration_sec": 37.42068975046277,
  "timestamp": "2026-01-18T18:37:08.768842",
  "error": null
}