{
  "config": "1R_1P_2D",
  "workload": "large_very_long_gen",
  "qps": 12,
  "turn1": {
    "count": 120,
    "avg_ttft_ms": 15069.957689692577,
    "avg_tpot_ms": 12.073537790598563,
    "avg_e2e_ms": 27421.186849474907,
    "p50_ttft_ms": 18047.859977930784,
    "p50_tpot_ms": 10.525428729162773,
    "p50_e2e_ms": 29323.18845577538,
    "p99_ttft_ms": 39153.85756339878,
    "p99_tpot_ms": 18.015816019390975,
    "p99_e2e_ms": 57104.05226510018
  },
  "turn2": {
    "count": 120,
    "avg_ttft_ms": 154.6980706664423,
    "avg_tpot_ms": 12.491595833818739,
    "avg_e2e_ms": 12933.600608663013,
    "p50_ttft_ms": 149.99771863222122,
    "p50_tpot_ms": 11.357118487576585,
    "p50_e2e_ms": 11753.256337717175,
    "p99_ttft_ms": 291.6577520594002,
    "p99_tpot_ms": 18.015195310574647,
    "p99_e2e_ms": 18553.77126161009
  },
  "average": {
    "count": 240,
    "avg_ttft_ms": 7612.3278801795095,
    "avg_tpot_ms": 12.28256681220865,
    "avg_e2e_ms": 20177.39372906896,
    "p50_ttft_ms": 161.32355853915215,
    "p50_tpot_ms": 11.130676341706472,
    "p50_e2e_ms": 11984.377518296242,
    "p99_ttft_ms": 38774.669642150395,
    "p99_tpot_ms": 18.018877343042504,
    "p99_e2e_ms": 56102.77480609714
  },
  "throughput": {
    "requests_per_sec": 2.9443851533561394,
    "tokens_per_sec": 3015.0503970366867
  },
  "success_rate": 100.0,
  "total_requests": 240,
  "failed_requests": 0,
  "duration_sec": 81.51107531785965,
  "timestamp": "2026-01-18T19:00:35.140119",
  "error": null
}