{
  "config": "1R_1P_2D",
  "workload": "large_short_gen",
  "qps": 20,
  "turn1": {
    "count": 196,
    "avg_ttft_ms": 22455.915506853133,
    "avg_tpot_ms": 13.785558939381415,
    "avg_e2e_ms": 36558.54230184032,
    "p50_ttft_ms": 22066.453771665692,
    "p50_tpot_ms": 10.361815541472836,
    "p50_e2e_ms": 35170.70997133851,
    "p99_ttft_ms": 53533.327213674784,
    "p99_tpot_ms": 22.754247005180414,
    "p99_e2e_ms": 68305.85136543962
  },
  "turn2": {
    "count": 195,
    "avg_ttft_ms": 181.37660530897287,
    "avg_tpot_ms": 13.88403237705077,
    "avg_e2e_ms": 3721.8048614569198,
    "p50_ttft_ms": 153.10614928603172,
    "p50_tpot_ms": 10.291808697522855,
    "p50_e2e_ms": 2819.540034979582,
    "p99_ttft_ms": 499.1304592043162,
    "p99_tpot_ms": 25.614795061595302,
    "p99_e2e_ms": 6939.38527315855
  },
  "average": {
    "count": 391,
    "avg_ttft_ms": 11347.130121172542,
    "avg_tpot_ms": 13.834669733103985,
    "avg_e2e_ms": 20182.164294487986,
    "p50_ttft_ms": 247.72879481315613,
    "p50_tpot_ms": 10.31032600826998,
    "p50_e2e_ms": 10624.104976654053,
    "p99_ttft_ms": 50800.437732040926,
    "p99_tpot_ms": 25.46151259366204,
    "p99_e2e_ms": 68022.17646315694
  },
  "throughput": {
    "requests_per_sec": 4.693231877431535,
    "tokens_per_sec": 3008.277611379542
  },
  "success_rate": 99.74489795918367,
  "total_requests": 392,
  "failed_requests": 1,
  "duration_sec": 83.31146003678441,
  "timestamp": "2026-01-18T18:46:29.565623",
  "error": "ServerDown: [Errno 104] Connection reset by peer"
}