{
  "config": "1R_1P_2D",
  "workload": "large_huge_paste",
  "qps": 0.5,
  "turn1": {
    "count": 2,
    "avg_ttft_ms": 86.91682666540146,
    "avg_tpot_ms": 8.288390677739098,
    "avg_e2e_ms": 8565.9404899925,
    "p50_ttft_ms": 86.91682666540146,
    "p50_tpot_ms": 8.288390677739098,
    "p50_e2e_ms": 8565.9404899925,
    "p99_ttft_ms": 115.08058093488216,
    "p99_tpot_ms": 9.037819833823372,
    "p99_e2e_ms": 9304.44276239723
  },
  "turn2": {
    "count": 2,
    "avg_ttft_ms": 172.532070428133,
    "avg_tpot_ms": 8.701062490863183,
    "avg_e2e_ms": 442.26500764489174,
    "p50_ttft_ms": 172.532070428133,
    "p50_tpot_ms": 8.701062490863183,
    "p50_e2e_ms": 442.26500764489174,
    "p99_ttft_ms": 204.40310142934322,
    "p99_tpot_ms": 9.246635607654047,
    "p99_e2e_ms": 491.04880526661873
  },
  "average": {
    "count": 4,
    "avg_ttft_ms": 129.72444854676723,
    "avg_tpot_ms": 8.49472658430114,
    "avg_e2e_ms": 4504.1027488186955,
    "p50_ttft_ms": 127.83298082649708,
    "p50_tpot_ms": 8.598734767614104,
    "p50_e2e_ms": 4152.205567806959,
    "p99_ttft_ms": 203.10224302113053,
    "p99_tpot_ms": 9.251630089499733,
    "p99_e2e_ms": 9274.299812503159
  },
  "throughput": {
    "requests_per_sec": 0.2562069986012781,
    "tokens_per_sec": 135.27729526147485
  },
  "success_rate": 100.0,
  "total_requests": 4,
  "failed_requests": 0,
  "duration_sec": 15.612376015633345,
  "timestamp": "2026-01-18T19:28:14.444288",
  "error": null
}