{
  "config": "1R_1P_2D",
  "workload": "small_very_long_gen",
  "qps": 10,
  "turn1": {
    "count": 100,
    "avg_ttft_ms": 4134.674892500043,
    "avg_tpot_ms": 10.470530751828603,
    "avg_e2e_ms": 5464.4322979822755,
    "p50_ttft_ms": 2784.398363903165,
    "p50_tpot_ms": 9.764517327462595,
    "p50_e2e_ms": 4367.032214999199,
    "p99_ttft_ms": 10632.128394208848,
    "p99_tpot_ms": 14.342140172879528,
    "p99_e2e_ms": 12127.051369808614
  },
  "turn2": {
    "count": 100,
    "avg_ttft_ms": 96.44673142582178,
    "avg_tpot_ms": 10.58884280033679,
    "avg_e2e_ms": 10928.832916170359,
    "p50_ttft_ms": 97.61061519384384,
    "p50_tpot_ms": 9.857235097654986,
    "p50_e2e_ms": 10197.318745777011,
    "p99_ttft_ms": 258.09146627783787,
    "p99_tpot_ms": 13.114996461137649,
    "p99_e2e_ms": 13465.192184224725
  },
  "average": {
    "count": 200,
    "avg_ttft_ms": 2115.5608119629323,
    "avg_tpot_ms": 10.529686776082697,
    "avg_e2e_ms": 8196.632607076317,
    "p50_ttft_ms": 105.15105724334717,
    "p50_tpot_ms": 9.822818412013671,
    "p50_e2e_ms": 9571.060890331864,
    "p99_ttft_ms": 10594.400595612824,
    "p99_tpot_ms": 14.323904415753884,
    "p99_e2e_ms": 13457.334867231548
  },
  "throughput": {
    "requests_per_sec": 6.002588712751001,
    "tokens_per_sec": 3457.4910985445763
  },
  "success_rate": 100.0,
  "total_requests": 200,
  "failed_requests": 0,
  "duration_sec": 33.318957798182964,
  "timestamp": "2026-01-18T18:21:46.238161",
  "error": null
}