{
  "config": "1R_1P_2D",
  "workload": "large_mid_paste",
  "qps": 6,
  "turn1": {
    "count": 55,
    "avg_ttft_ms": 327.55508090962064,
    "avg_tpot_ms": 12.073188755913838,
    "avg_e2e_ms": 12678.427178209478,
    "p50_ttft_ms": 141.189556568861,
    "p50_tpot_ms": 10.334152040069053,
    "p50_e2e_ms": 10733.189459890127,
    "p99_ttft_ms": 3083.8799002766614,
    "p99_tpot_ms": 16.426154841775418,
    "p99_e2e_ms": 17654.0923243016
  },
  "turn2": {
    "count": 54,
    "avg_ttft_ms": 142.25853068961038,
    "avg_tpot_ms": 11.594210147445938,
    "avg_e2e_ms": 872.6937699787043,
    "p50_ttft_ms": 140.8290732651949,
    "p50_tpot_ms": 10.14038636570885,
    "p50_e2e_ms": 776.9164834171534,
    "p99_ttft_ms": 297.0783935859799,
    "p99_tpot_ms": 20.11011391405075,
    "p99_e2e_ms": 1529.4276448339222
  },
  "average": {
    "count": 109,
    "avg_ttft_ms": 235.75678997493665,
    "avg_tpot_ms": 11.835896601260014,
    "avg_e2e_ms": 6829.7152144988195,
    "p50_ttft_ms": 141.189556568861,
    "p50_tpot_ms": 10.32182146391794,
    "p50_e2e_ms": 9137.83385977149,
    "p99_ttft_ms": 2716.880311071874,
    "p99_tpot_ms": 18.70108993517028,
    "p99_e2e_ms": 17180.81952869892
  },
  "throughput": {
    "requests_per_sec": 3.777577463614048,
    "tokens_per_sec": 2071.6373437155353
  },
  "success_rate": 99.0909090909091,
  "total_requests": 110,
  "failed_requests": 1,
  "duration_sec": 28.854471165686846,
  "timestamp": "2026-01-18T19:18:00.816083",
  "error": "Server disconnected"
}