{
  "config": "1R_1P_2D",
  "workload": "large_long_gen",
  "qps": 8,
  "turn1": {
    "count": 80,
    "avg_ttft_ms": 4652.73766038008,
    "avg_tpot_ms": 12.787434592604537,
    "avg_e2e_ms": 17734.28324861452,
    "p50_ttft_ms": 188.51975165307522,
    "p50_tpot_ms": 9.904903977861736,
    "p50_e2e_ms": 20356.660606339574,
    "p99_ttft_ms": 16751.889208592438,
    "p99_tpot_ms": 20.118358170145708,
    "p99_e2e_ms": 31466.34906921535
  },
  "turn2": {
    "count": 80,
    "avg_ttft_ms": 151.2895377818495,
    "avg_tpot_ms": 12.76232289494819,
    "avg_e2e_ms": 6672.836537100375,
    "p50_ttft_ms": 141.77956990897655,
    "p50_tpot_ms": 9.897261241964866,
    "p50_e2e_ms": 5196.819599717855,
    "p99_ttft_ms": 324.25373040139567,
    "p99_tpot_ms": 21.752274030283704,
    "p99_e2e_ms": 11183.27102601528
  },
  "average": {
    "count": 160,
    "avg_ttft_ms": 2402.013599080965,
    "avg_tpot_ms": 12.774878743776364,
    "avg_e2e_ms": 12203.559892857447,
    "p50_ttft_ms": 154.82536889612675,
    "p50_tpot_ms": 9.90237449839831,
    "p50_e2e_ms": 10287.069758400321,
    "p99_ttft_ms": 14923.58295012265,
    "p99_tpot_ms": 21.55735692734704,
    "p99_e2e_ms": 31181.45286105573
  },
  "throughput": {
    "requests_per_sec": 3.5421355719450487,
    "tokens_per_sec": 2720.3601192537976
  },
  "success_rate": 100.0,
  "total_requests": 160,
  "failed_requests": 0,
  "duration_sec": 45.17049016058445,
  "timestamp": "2026-01-18T18:49:39.921524",
  "error": null
}