{
  "config": "1R_1P_2D",
  "workload": "large_tiny",
  "qps": 0.5,
  "turn1": {
    "count": 4,
    "avg_ttft_ms": 135.35832706838846,
    "avg_tpot_ms": 8.083414188053602,
    "avg_e2e_ms": 8404.691041447222,
    "p50_ttft_ms": 137.23349384963512,
    "p50_tpot_ms": 8.142263410960709,
    "p50_e2e_ms": 8463.018629699945,
    "p99_ttft_ms": 140.61457853764296,
    "p99_tpot_ms": 8.219359307854873,
    "p99_e2e_ms": 8547.30964448303
  },
  "turn2": {
    "count": 4,
    "avg_ttft_ms": 149.2399601265788,
    "avg_tpot_ms": 8.04082003812636,
    "avg_e2e_ms": 398.505381308496,
    "p50_ttft_ms": 148.6425418406725,
    "p50_tpot_ms": 7.986133137056905,
    "p50_e2e_ms": 397.40750566124916,
    "p99_ttft_ms": 159.26163509488106,
    "p99_tpot_ms": 8.350224351931002,
    "p99_e2e_ms": 411.2435397133231
  },
  "average": {
    "count": 8,
    "avg_ttft_ms": 142.29914359748363,
    "avg_tpot_ms": 8.062117113089982,
    "avg_e2e_ms": 4401.598211377859,
    "p50_ttft_ms": 140.43485186994076,
    "p50_tpot_ms": 8.105347248000019,
    "p50_e2e_ms": 4277.78497338295,
    "p99_ttft_ms": 158.97822812199593,
    "p99_tpot_ms": 8.348306426605463,
    "p99_e2e_ms": 8545.534250549972
  },
  "throughput": {
    "requests_per_sec": 0.4462717394054507,
    "tokens_per_sec": 235.63147840607795
  },
  "success_rate": 100.0,
  "total_requests": 8,
  "failed_requests": 0,
  "duration_sec": 17.926297575235367,
  "timestamp": "2026-01-18T18:34:34.859409",
  "error": null
}