{
  "config": "1R_1P_2D",
  "workload": "small_long_gen",
  "qps": 2,
  "turn1": {
    "count": 17,
    "avg_ttft_ms": 73.89436552629752,
    "avg_tpot_ms": 8.675873679880635,
    "avg_e2e_ms": 1175.730322871138,
    "p50_ttft_ms": 83.09265226125717,
    "p50_tpot_ms": 8.175617215905602,
    "p50_e2e_ms": 1126.9191578030586,
    "p99_ttft_ms": 117.65715628862381,
    "p99_tpot_ms": 10.377771586883725,
    "p99_e2e_ms": 1357.0144282281399
  },
  "turn2": {
    "count": 17,
    "avg_ttft_ms": 64.47857837466633,
    "avg_tpot_ms": 9.161352379674453,
    "avg_e2e_ms": 4745.929644388311,
    "p50_ttft_ms": 74.41170886158943,
    "p50_tpot_ms": 8.407637593564221,
    "p50_e2e_ms": 4388.746231794357,
    "p99_ttft_ms": 102.11724311113358,
    "p99_tpot_ms": 10.366277407468415,
    "p99_e2e_ms": 5338.822252750397
  },
  "average": {
    "count": 34,
    "avg_ttft_ms": 69.18647195048192,
    "avg_tpot_ms": 8.918613029777543,
    "avg_e2e_ms": 2960.8299836297247,
    "p50_ttft_ms": 79.63685691356659,
    "p50_tpot_ms": 8.382651590379485,
    "p50_e2e_ms": 2777.6241283863783,
    "p99_ttft_ms": 115.94735253602268,
    "p99_tpot_ms": 10.385312816546287,
    "p99_e2e_ms": 5336.645515486598
  },
  "throughput": {
    "requests_per_sec": 2.2043946855799605,
    "tokens_per_sec": 705.4062993855873
  },
  "success_rate": 100.0,
  "total_requests": 34,
  "failed_requests": 0,
  "duration_sec": 15.423735242336988,
  "timestamp": "2026-01-18T18:16:27.854313",
  "error": null
}