{
  "config": "1R_1P_2D",
  "workload": "large_big_paste",
  "qps": 20,
  "turn1": {
    "count": 196,
    "avg_ttft_ms": 17414.061999651698,
    "avg_tpot_ms": 13.015749691177257,
    "avg_e2e_ms": 30729.173933726033,
    "p50_ttft_ms": 15139.020644128323,
    "p50_tpot_ms": 10.414091480544467,
    "p50_e2e_ms": 30642.880961298943,
    "p99_ttft_ms": 41506.430344842374,
    "p99_tpot_ms": 22.30311819167402,
    "p99_e2e_ms": 56809.33961328119
  },
  "turn2": {
    "count": 196,
    "avg_ttft_ms": 531.4989113153852,
    "avg_tpot_ms": 14.454382170350142,
    "avg_e2e_ms": 1442.124988047444,
    "p50_ttft_ms": 209.82692576944828,
    "p50_tpot_ms": 10.501501372172719,
    "p50_e2e_ms": 990.8591024577618,
    "p99_ttft_ms": 4402.44829505697,
    "p99_tpot_ms": 44.562431930431316,
    "p99_e2e_ms": 5043.860940821622
  },
  "average": {
    "count": 392,
    "avg_ttft_ms": 8972.780455483542,
    "avg_tpot_ms": 13.735065930763698,
    "avg_e2e_ms": 16085.649460886738,
    "p50_ttft_ms": 377.0870417356491,
    "p50_tpot_ms": 10.459165931457566,
    "p50_e2e_ms": 10867.453316226602,
    "p99_ttft_ms": 40456.39782812445,
    "p99_tpot_ms": 39.547852701729184,
    "p99_e2e_ms": 56536.36863771826
  },
  "throughput": {
    "requests_per_sec": 5.7457917527660705,
    "tokens_per_sec": 3125.7107135047427
  },
  "success_rate": 100.0,
  "total_requests": 392,
  "failed_requests": 0,
  "duration_sec": 68.22384396567941,
  "timestamp": "2026-01-18T19:27:53.780218",
  "error": null
}