{
  "config": "1R_1P_2D",
  "workload": "small_tiny",
  "qps": 4,
  "turn1": {
    "count": 40,
    "avg_ttft_ms": 68.19667583331466,
    "avg_tpot_ms": 8.408730246830643,
    "avg_e2e_ms": 1136.1054171808064,
    "p50_ttft_ms": 78.01985926926136,
    "p50_tpot_ms": 8.220289973175433,
    "p50_e2e_ms": 1136.2841371446848,
    "p99_ttft_ms": 151.44679896533486,
    "p99_tpot_ms": 9.119743434345628,
    "p99_e2e_ms": 1198.288241289556
  },
  "turn2": {
    "count": 40,
    "avg_ttft_ms": 70.10374832898378,
    "avg_tpot_ms": 8.416543492386419,
    "avg_e2e_ms": 331.01659659296274,
    "p50_ttft_ms": 81.48888312280178,
    "p50_tpot_ms": 8.271815735966928,
    "p50_e2e_ms": 334.06022749841213,
    "p99_ttft_ms": 144.95157565921542,
    "p99_tpot_ms": 9.48866119788539,
    "p99_e2e_ms": 397.375046312809
  },
  "average": {
    "count": 80,
    "avg_ttft_ms": 69.15021208114922,
    "avg_tpot_ms": 8.41263686960853,
    "avg_e2e_ms": 733.5610068868846,
    "p50_ttft_ms": 80.42414672672749,
    "p50_tpot_ms": 8.263276829834908,
    "p50_e2e_ms": 740.2419373393059,
    "p99_ttft_ms": 162.6174112409353,
    "p99_tpot_ms": 9.359923048365498,
    "p99_e2e_ms": 1195.7287776097655
  },
  "throughput": {
    "requests_per_sec": 7.50093776582251,
    "tokens_per_sec": 600.0750212658007
  },
  "success_rate": 100.0,
  "total_requests": 80,
  "failed_requests": 0,
  "duration_sec": 10.665333122015,
  "timestamp": "2026-01-18T18:12:08.174997",
  "error": null
}