{
  "config": "1R_1P_2D",
  "workload": "large_long_gen",
  "qps": 4,
  "turn1": {
    "count": 40,
    "avg_ttft_ms": 130.7556918822229,
    "avg_tpot_ms": 10.681947530178991,
    "avg_e2e_ms": 11058.388015255332,
    "p50_ttft_ms": 120.13178691267967,
    "p50_tpot_ms": 10.135920454300976,
    "p50_e2e_ms": 10501.078387722373,
    "p99_ttft_ms": 318.60244765877724,
    "p99_tpot_ms": 14.391522877398998,
    "p99_e2e_ms": 14834.175211265683
  },
  "turn2": {
    "count": 40,
    "avg_ttft_ms": 150.60817319899797,
    "avg_tpot_ms": 10.646670483920264,
    "avg_e2e_ms": 5591.056790482253,
    "p50_ttft_ms": 143.5989923775196,
    "p50_tpot_ms": 10.144858003216713,
    "p50_e2e_ms": 5356.958692893386,
    "p99_ttft_ms": 322.59228378534317,
    "p99_tpot_ms": 15.24175919388255,
    "p99_e2e_ms": 7925.852718614042
  },
  "average": {
    "count": 80,
    "avg_ttft_ms": 140.68193254061043,
    "avg_tpot_ms": 10.664309007049628,
    "avg_e2e_ms": 8324.722402868792,
    "p50_ttft_ms": 129.700830206275,
    "p50_tpot_ms": 10.135920454300976,
    "p50_e2e_ms": 8113.99220302701,
    "p99_ttft_ms": 324.12675309926266,
    "p99_tpot_ms": 15.090720586609931,
    "p99_e2e_ms": 14833.822646811604
  },
  "throughput": {
    "requests_per_sec": 2.642456174892705,
    "tokens_per_sec": 2029.4063423175971
  },
  "success_rate": 100.0,
  "total_requests": 80,
  "failed_requests": 0,
  "duration_sec": 30.274863500148058,
  "timestamp": "2026-01-18T18:48:15.512881",
  "error": null
}