{
  "config": "1R_1P_2D",
  "workload": "small_mid_bal",
  "qps": 2,
  "turn1": {
    "count": 20,
    "avg_ttft_ms": 70.54347395896912,
    "avg_tpot_ms": 8.520784208507049,
    "avg_e2e_ms": 1152.6830684393644,
    "p50_ttft_ms": 85.28532274067402,
    "p50_tpot_ms": 8.110642007838084,
    "p50_e2e_ms": 1119.277223944664,
    "p99_ttft_ms": 113.18265717476605,
    "p99_tpot_ms": 10.004720686399562,
    "p99_e2e_ms": 1309.7055136784911
  },
  "turn2": {
    "count": 20,
    "avg_ttft_ms": 68.5244683176279,
    "avg_tpot_ms": 8.789729278563982,
    "avg_e2e_ms": 1184.8200866952538,
    "p50_ttft_ms": 78.63104715943336,
    "p50_tpot_ms": 8.206637165560497,
    "p50_e2e_ms": 1143.656114116311,
    "p99_ttft_ms": 107.68794611096382,
    "p99_tpot_ms": 10.785166634994699,
    "p99_e2e_ms": 1400.2401307597756
  },
  "average": {
    "count": 40,
    "avg_ttft_ms": 69.53397113829851,
    "avg_tpot_ms": 8.655256743535517,
    "avg_e2e_ms": 1168.7515775673091,
    "p50_ttft_ms": 84.22449417412281,
    "p50_tpot_ms": 8.130744994273336,
    "p50_e2e_ms": 1124.102920293808,
    "p99_ttft_ms": 112.51288384199142,
    "p99_tpot_ms": 10.784407549897047,
    "p99_e2e_ms": 1400.2211906388402
  },
  "throughput": {
    "requests_per_sec": 3.599073369464399,
    "tokens_per_sec": 460.68139129144305
  },
  "success_rate": 100.0,
  "total_requests": 40,
  "failed_requests": 0,
  "duration_sec": 11.113971818238497,
  "timestamp": "2026-01-18T18:26:50.328214",
  "error": null
}