{
  "config": "1R_1P_2D",
  "workload": "small_short_gen",
  "qps": 6,
  "turn1": {
    "count": 60,
    "avg_ttft_ms": 88.58887186894815,
    "avg_tpot_ms": 8.97183405954068,
    "avg_e2e_ms": 1228.0117974306147,
    "p50_ttft_ms": 88.80572766065598,
    "p50_tpot_ms": 8.800655016748923,
    "p50_e2e_ms": 1215.8331908285618,
    "p99_ttft_ms": 182.10142552852622,
    "p99_tpot_ms": 12.248669235021106,
    "p99_e2e_ms": 1597.425708919763
  },
  "turn2": {
    "count": 60,
    "avg_ttft_ms": 85.4666148001949,
    "avg_tpot_ms": 9.179953180156112,
    "avg_e2e_ms": 2426.3546757400036,
    "p50_ttft_ms": 89.12518247961998,
    "p50_tpot_ms": 8.806162437095363,
    "p50_e2e_ms": 2345.978993922472,
    "p99_ttft_ms": 166.73089213669297,
    "p99_tpot_ms": 11.531540062935912,
    "p99_e2e_ms": 2978.702675998211
  },
  "average": {
    "count": 120,
    "avg_ttft_ms": 87.02774333457153,
    "avg_tpot_ms": 9.075893619848397,
    "avg_e2e_ms": 1827.183236585309,
    "p50_ttft_ms": 89.12518247961998,
    "p50_tpot_ms": 8.8009249114716,
    "p50_e2e_ms": 1922.0780692994595,
    "p99_ttft_ms": 171.37781351804733,
    "p99_tpot_ms": 11.755305416244765,
    "p99_e2e_ms": 2951.027638837695
  },
  "throughput": {
    "requests_per_sec": 9.479183912634939,
    "tokens_per_sec": 1820.0033112259082
  },
  "success_rate": 100.0,
  "total_requests": 120,
  "failed_requests": 0,
  "duration_sec": 12.659317627549171,
  "timestamp": "2026-01-18T18:14:20.161456",
  "error": null
}