{
  "config": "1R_1P_2D",
  "workload": "large_mid_paste",
  "qps": 2,
  "turn1": {
    "count": 20,
    "avg_ttft_ms": 112.77853436768055,
    "avg_tpot_ms": 9.056218597174915,
    "avg_e2e_ms": 9377.290159277618,
    "p50_ttft_ms": 117.23615974187851,
    "p50_tpot_ms": 8.617168032033469,
    "p50_e2e_ms": 8926.923068240285,
    "p99_ttft_ms": 143.21229923516512,
    "p99_tpot_ms": 11.162825885537433,
    "p99_e2e_ms": 11541.907985769212
  },
  "turn2": {
    "count": 20,
    "avg_ttft_ms": 118.20764932781458,
    "avg_tpot_ms": 8.999808756486763,
    "avg_e2e_ms": 685.1956009864807,
    "p50_ttft_ms": 114.06273767352104,
    "p50_tpot_ms": 8.616734887399371,
    "p50_e2e_ms": 659.0563952922821,
    "p99_ttft_ms": 204.9902801215648,
    "p99_tpot_ms": 11.971021814951818,
    "p99_e2e_ms": 855.8324954658746
  },
  "average": {
    "count": 40,
    "avg_ttft_ms": 115.49309184774756,
    "avg_tpot_ms": 9.02801367683084,
    "avg_e2e_ms": 5031.242880132049,
    "p50_ttft_ms": 114.53457921743393,
    "p50_tpot_ms": 8.617168032033469,
    "p50_e2e_ms": 4551.076466217637,
    "p99_ttft_ms": 195.78354403376576,
    "p99_tpot_ms": 11.78115581007812,
    "p99_e2e_ms": 11526.744812242687
  },
  "throughput": {
    "requests_per_sec": 1.8901175180515672,
    "tokens_per_sec": 1028.2239298200525
  },
  "success_rate": 100.0,
  "total_requests": 40,
  "failed_requests": 0,
  "duration_sec": 21.162705291062593,
  "timestamp": "2026-01-18T19:17:08.290776",
  "error": null
}