{
  "config": "1R_1P_2D",
  "workload": "large_big_paste",
  "qps": 10,
  "turn1": {
    "count": 81,
    "avg_ttft_ms": 2832.048897895916,
    "avg_tpot_ms": 12.861334411402536,
    "avg_e2e_ms": 15989.194000760714,
    "p50_ttft_ms": 170.39494961500168,
    "p50_tpot_ms": 10.15647020434937,
    "p50_e2e_ms": 17029.324788600206,
    "p99_ttft_ms": 8258.106009662155,
    "p99_tpot_ms": 18.83778156000731,
    "p99_e2e_ms": 25382.14613199234
  },
  "turn2": {
    "count": 80,
    "avg_ttft_ms": 185.2183694485575,
    "avg_tpot_ms": 12.95437526312612,
    "avg_e2e_ms": 1001.3440110255033,
    "p50_ttft_ms": 163.620475679636,
    "p50_tpot_ms": 10.457420692084327,
    "p50_e2e_ms": 827.0672429352999,
    "p99_ttft_ms": 429.9989667534827,
    "p99_tpot_ms": 28.33107994898916,
    "p99_e2e_ms": 1929.336830191313
  },
  "average": {
    "count": 161,
    "avg_ttft_ms": 1516.853604257477,
    "avg_tpot_ms": 12.907565890519848,
    "avg_e2e_ms": 8541.815123873654,
    "p50_ttft_ms": 165.63152894377708,
    "p50_tpot_ms": 10.222766489263565,
    "p50_e2e_ms": 9477.635655552149,
    "p99_ttft_ms": 7934.8973006010065,
    "p99_tpot_ms": 26.314725064569064,
    "p99_e2e_ms": 25345.084124803543
  },
  "throughput": {
    "requests_per_sec": 4.669062486642333,
    "tokens_per_sec": 2553.890179029009
  },
  "success_rate": 99.38271604938271,
  "total_requests": 162,
  "failed_requests": 1,
  "duration_sec": 34.482297133654356,
  "timestamp": "2026-01-18T19:25:04.607160",
  "error": "Server disconnected"
}