{
  "config": "1R_1P_2D",
  "workload": "small_mid_paste",
  "qps": 10,
  "turn1": {
    "count": 100,
    "avg_ttft_ms": 128.2860852777958,
    "avg_tpot_ms": 9.529590492290776,
    "avg_e2e_ms": 1338.5440777987242,
    "p50_ttft_ms": 101.7950065433979,
    "p50_tpot_ms": 8.984035335657165,
    "p50_e2e_ms": 1305.0998356193304,
    "p99_ttft_ms": 383.23901362717186,
    "p99_tpot_ms": 12.904720348342668,
    "p99_e2e_ms": 1684.639516659081
  },
  "turn2": {
    "count": 100,
    "avg_ttft_ms": 136.28350507467985,
    "avg_tpot_ms": 9.60586847944392,
    "avg_e2e_ms": 741.4532192796469,
    "p50_ttft_ms": 110.35241931676865,
    "p50_tpot_ms": 8.9926915391097,
    "p50_e2e_ms": 720.9623511880636,
    "p99_ttft_ms": 401.7895753309132,
    "p99_tpot_ms": 14.393218025446885,
    "p99_e2e_ms": 974.8438942432405
  },
  "average": {
    "count": 200,
    "avg_ttft_ms": 132.28479517623782,
    "avg_tpot_ms": 9.567729485867348,
    "avg_e2e_ms": 1039.9986485391855,
    "p50_ttft_ms": 105.95161281526089,
    "p50_tpot_ms": 8.9912333519548,
    "p50_e2e_ms": 1067.6997806876898,
    "p99_ttft_ms": 401.78957533091284,
    "p99_tpot_ms": 14.11899169286092,
    "p99_e2e_ms": 1680.8850211650133
  },
  "throughput": {
    "requests_per_sec": 17.69877674802583,
    "tokens_per_sec": 1699.0825678104798
  },
  "success_rate": 100.0,
  "total_requests": 200,
  "failed_requests": 0,
  "duration_sec": 11.300215989351273,
  "timestamp": "2026-01-18T18:29:36.010891",
  "error": null
}