{
  "config": "1R_1P_2D",
  "workload": "large_mid_bal",
  "qps": 4,
  "turn1": {
    "count": 40,
    "avg_ttft_ms": 143.87175869196653,
    "avg_tpot_ms": 12.694217716384667,
    "avg_e2e_ms": 13130.056482553482,
    "p50_ttft_ms": 140.20012877881527,
    "p50_tpot_ms": 9.67682587603728,
    "p50_e2e_ms": 10075.502907857299,
    "p99_ttft_ms": 227.84442596137524,
    "p99_tpot_ms": 17.082806253589084,
    "p99_e2e_ms": 17617.66621120274
  },
  "turn2": {
    "count": 40,
    "avg_ttft_ms": 150.7473485544324,
    "avg_tpot_ms": 11.764276428074817,
    "avg_e2e_ms": 1644.8104549199343,
    "p50_ttft_ms": 143.33432540297508,
    "p50_tpot_ms": 10.089665533989434,
    "p50_e2e_ms": 1448.2933077961206,
    "p99_ttft_ms": 332.3027583584189,
    "p99_tpot_ms": 20.07953463958239,
    "p99_e2e_ms": 2718.177364207804
  },
  "average": {
    "count": 80,
    "avg_ttft_ms": 147.30955362319946,
    "avg_tpot_ms": 12.229247072229743,
    "avg_e2e_ms": 7387.433468736708,
    "p50_ttft_ms": 142.9353952407837,
    "p50_tpot_ms": 9.79898551134771,
    "p50_e2e_ms": 5679.7113213688135,
    "p99_ttft_ms": 304.49610825627997,
    "p99_tpot_ms": 19.537994844296307,
    "p99_e2e_ms": 17605.36225385964
  },
  "throughput": {
    "requests_per_sec": 2.8630844895936205,
    "tokens_per_sec": 1649.1366660059252
  },
  "success_rate": 100.0,
  "total_requests": 80,
  "failed_requests": 0,
  "duration_sec": 27.941892839968204,
  "timestamp": "2026-01-18T19:11:34.991349",
  "error": null
}