{
  "config": "1R_1P_2D",
  "workload": "small_mid_paste",
  "qps": 20,
  "turn1": {
    "count": 186,
    "avg_ttft_ms": 297.0664115242099,
    "avg_tpot_ms": 11.266909330741397,
    "avg_e2e_ms": 1727.963896528367,
    "p50_ttft_ms": 182.01197497546673,
    "p50_tpot_ms": 9.591021142371996,
    "p50_e2e_ms": 1564.2660912126303,
    "p99_ttft_ms": 1332.1030659601095,
    "p99_tpot_ms": 20.497718946201594,
    "p99_e2e_ms": 2656.323225609958
  },
  "turn2": {
    "count": 186,
    "avg_ttft_ms": 244.15748189854367,
    "avg_tpot_ms": 11.186874652019762,
    "avg_e2e_ms": 948.9305849757886,
    "p50_ttft_ms": 195.88147476315498,
    "p50_tpot_ms": 9.68908542205417,
    "p50_e2e_ms": 898.6934162676334,
    "p99_ttft_ms": 769.9958048760923,
    "p99_tpot_ms": 21.835150185322007,
    "p99_e2e_ms": 1556.808266043665
  },
  "average": {
    "count": 372,
    "avg_ttft_ms": 270.6119467113768,
    "avg_tpot_ms": 11.226891991380576,
    "avg_e2e_ms": 1338.447240752078,
    "p50_ttft_ms": 184.67609398066998,
    "p50_tpot_ms": 9.643936560252595,
    "p50_e2e_ms": 1276.744693517685,
    "p99_ttft_ms": 1297.5820945203313,
    "p99_tpot_ms": 20.84877216124343,
    "p99_e2e_ms": 2650.460619702935
  },
  "throughput": {
    "requests_per_sec": 28.421852729237127,
    "tokens_per_sec": 2728.497862006764
  },
  "success_rate": 100.0,
  "total_requests": 372,
  "failed_requests": 0,
  "duration_sec": 13.088520426303148,
  "timestamp": "2026-01-18T18:30:13.305640",
  "error": null
}