{
  "config": "1R_1P_2D",
  "workload": "small_mid_bal",
  "qps": 0.5,
  "turn1": {
    "count": 5,
    "avg_ttft_ms": 87.35358417034149,
    "avg_tpot_ms": 7.885278368324745,
    "avg_e2e_ms": 1088.7839369475842,
    "p50_ttft_ms": 96.43934667110443,
    "p50_tpot_ms": 7.850308763229941,
    "p50_e2e_ms": 1107.8629978001118,
    "p99_ttft_ms": 111.49735555052757,
    "p99_tpot_ms": 8.035521694994348,
    "p99_e2e_ms": 1112.5433534383774
  },
  "turn2": {
    "count": 5,
    "avg_ttft_ms": 94.07976269721985,
    "avg_tpot_ms": 7.9055965416074745,
    "avg_e2e_ms": 1098.090523481369,
    "p50_ttft_ms": 98.06054830551147,
    "p50_tpot_ms": 7.870761721622287,
    "p50_e2e_ms": 1092.7922613918781,
    "p99_ttft_ms": 100.98733350634575,
    "p99_tpot_ms": 8.116035218548587,
    "p99_e2e_ms": 1119.3115085363388
  },
  "average": {
    "count": 10,
    "avg_ttft_ms": 90.71667343378067,
    "avg_tpot_ms": 7.8954374549661095,
    "avg_e2e_ms": 1093.4372302144766,
    "p50_ttft_ms": 97.24994748830795,
    "p50_tpot_ms": 7.8605352424261135,
    "p50_e2e_ms": 1100.327629595995,
    "p99_ttft_ms": 111.42921756953001,
    "p99_tpot_ms": 8.115778953482316,
    "p99_e2e_ms": 1119.1207686066628
  },
  "throughput": {
    "requests_per_sec": 0.9498514817102757,
    "tokens_per_sec": 121.58098965891529
  },
  "success_rate": 100.0,
  "total_requests": 10,
  "failed_requests": 0,
  "duration_sec": 10.527961678802967,
  "timestamp": "2026-01-18T18:26:26.996781",
  "error": null
}