{
  "config": "1R_1P_2D",
  "workload": "small_very_long_gen",
  "qps": 20,
  "turn1": {
    "count": 200,
    "avg_ttft_ms": 15395.278961900622,
    "avg_tpot_ms": 10.979127835365027,
    "avg_e2e_ms": 16789.62819699198,
    "p50_ttft_ms": 14980.619076639414,
    "p50_tpot_ms": 9.622027745514405,
    "p50_e2e_ms": 16233.003193512559,
    "p99_ttft_ms": 35450.28765562922,
    "p99_tpot_ms": 16.223997840672496,
    "p99_e2e_ms": 36645.09636297821
  },
  "turn2": {
    "count": 200,
    "avg_ttft_ms": 104.84991448000073,
    "avg_tpot_ms": 10.760242725583202,
    "avg_e2e_ms": 11112.578222751617,
    "p50_ttft_ms": 96.58226929605007,
    "p50_tpot_ms": 9.64590875597585,
    "p50_e2e_ms": 9985.204296186566,
    "p99_ttft_ms": 355.34850053489197,
    "p99_tpot_ms": 14.104123755575742,
    "p99_e2e_ms": 14480.25661200285
  },
  "average": {
    "count": 400,
    "avg_ttft_ms": 7750.064438190311,
    "avg_tpot_ms": 10.869685280474114,
    "avg_e2e_ms": 13951.103209871799,
    "p50_ttft_ms": 135.72687841951847,
    "p50_tpot_ms": 9.63136271727458,
    "p50_e2e_ms": 11043.297600001097,
    "p99_ttft_ms": 34885.580756664276,
    "p99_tpot_ms": 15.952533095136403,
    "p99_e2e_ms": 36100.34408126026
  },
  "throughput": {
    "requests_per_sec": 6.7765586961210005,
    "tokens_per_sec": 3903.2978089656963
  },
  "success_rate": 100.0,
  "total_requests": 400,
  "failed_requests": 0,
  "duration_sec": 59.027010306715965,
  "timestamp": "2026-01-18T18:24:12.245935",
  "error": null
}