{
  "config": "1R_1P_2D",
  "workload": "small_mid_bal",
  "qps": 10,
  "turn1": {
    "count": 100,
    "avg_ttft_ms": 99.56708546727896,
    "avg_tpot_ms": 9.68972157686949,
    "avg_e2e_ms": 1330.161725729704,
    "p50_ttft_ms": 96.15527652204037,
    "p50_tpot_ms": 9.041432599265745,
    "p50_e2e_ms": 1272.2453642636538,
    "p99_ttft_ms": 261.9431607425213,
    "p99_tpot_ms": 12.371069720293594,
    "p99_e2e_ms": 1640.709388665855
  },
  "turn2": {
    "count": 100,
    "avg_ttft_ms": 99.98110938817263,
    "avg_tpot_ms": 9.746696851912915,
    "avg_e2e_ms": 1337.8116095811129,
    "p50_ttft_ms": 96.62681259214878,
    "p50_tpot_ms": 9.125299927756544,
    "p50_e2e_ms": 1292.10439696908,
    "p99_ttft_ms": 223.0869868025184,
    "p99_tpot_ms": 12.630639198844827,
    "p99_e2e_ms": 1655.7847065106034
  },
  "average": {
    "count": 200,
    "avg_ttft_ms": 99.77409742772579,
    "avg_tpot_ms": 9.718209214391202,
    "avg_e2e_ms": 1333.9866676554084,
    "p50_ttft_ms": 96.15527652204037,
    "p50_tpot_ms": 9.069455230212586,
    "p50_e2e_ms": 1284.7274765372276,
    "p99_ttft_ms": 247.56366871297345,
    "p99_tpot_ms": 12.619250082359539,
    "p99_e2e_ms": 1652.9628472030163
  },
  "throughput": {
    "requests_per_sec": 16.126257531833627,
    "tokens_per_sec": 2064.160964074704
  },
  "success_rate": 100.0,
  "total_requests": 200,
  "failed_requests": 0,
  "duration_sec": 12.402133576571941,
  "timestamp": "2026-01-18T18:27:38.172221",
  "error": null
}