{
  "config": "1R_1P_2D",
  "workload": "large_long_gen",
  "qps": 12,
  "turn1": {
    "count": 120,
    "avg_ttft_ms": 11061.68734508877,
    "avg_tpot_ms": 12.777691656003203,
    "avg_e2e_ms": 24133.265909180045,
    "p50_ttft_ms": 13293.590554967523,
    "p50_tpot_ms": 10.228054357632514,
    "p50_e2e_ms": 23513.56753706932,
    "p99_ttft_ms": 27464.879993647337,
    "p99_tpot_ms": 20.85077518551726,
    "p99_e2e_ms": 45953.908568806946
  },
  "turn2": {
    "count": 120,
    "avg_ttft_ms": 168.96748586247364,
    "avg_tpot_ms": 13.048238561422469,
    "avg_e2e_ms": 6836.617390749355,
    "p50_ttft_ms": 146.93131484091282,
    "p50_tpot_ms": 10.699495600277665,
    "p50_e2e_ms": 5610.625173896551,
    "p99_ttft_ms": 597.2466607764371,
    "p99_tpot_ms": 22.289384463747304,
    "p99_e2e_ms": 11686.998385973275
  },
  "average": {
    "count": 240,
    "avg_ttft_ms": 5615.327415475622,
    "avg_tpot_ms": 12.912965108712834,
    "avg_e2e_ms": 15484.9416499647,
    "p50_ttft_ms": 168.34066435694695,
    "p50_tpot_ms": 10.597563551013483,
    "p50_e2e_ms": 10599.06411357224,
    "p99_ttft_ms": 27069.775449037552,
    "p99_tpot_ms": 21.857100860479992,
    "p99_e2e_ms": 44948.28930843621
  },
  "throughput": {
    "requests_per_sec": 3.8956983600460227,
    "tokens_per_sec": 2991.8963405153454
  },
  "success_rate": 100.0,
  "total_requests": 240,
  "failed_requests": 0,
  "duration_sec": 61.60641246289015,
  "timestamp": "2026-01-18T18:51:24.833095",
  "error": null
}