{
  "config": "1R_1P_2D",
  "workload": "small_big_paste",
  "qps": 2,
  "turn1": {
    "count": 16,
    "avg_ttft_ms": 96.41312225721776,
    "avg_tpot_ms": 8.037687829277647,
    "avg_e2e_ms": 1117.199476575479,
    "p50_ttft_ms": 93.92444975674152,
    "p50_tpot_ms": 8.030527087999142,
    "p50_e2e_ms": 1112.5408820807934,
    "p99_ttft_ms": 120.92351075261831,
    "p99_tpot_ms": 8.307870367439245,
    "p99_e2e_ms": 1175.2207338809967
  },
  "turn2": {
    "count": 16,
    "avg_ttft_ms": 114.20412571169436,
    "avg_tpot_ms": 8.23215397429608,
    "avg_e2e_ms": 632.8298260923475,
    "p50_ttft_ms": 122.96359613537788,
    "p50_tpot_ms": 8.164792306839473,
    "p50_e2e_ms": 628.9039775729179,
    "p99_ttft_ms": 168.26206799596548,
    "p99_tpot_ms": 9.053724182267038,
    "p99_e2e_ms": 694.6000201627612
  },
  "average": {
    "count": 32,
    "avg_ttft_ms": 105.30862398445606,
    "avg_tpot_ms": 8.134920901786863,
    "avg_e2e_ms": 875.0146513339132,
    "p50_ttft_ms": 103.0398178845644,
    "p50_tpot_ms": 8.042679483613629,
    "p50_e2e_ms": 889.1115859150887,
    "p99_ttft_ms": 167.84826453775167,
    "p99_tpot_ms": 9.021688199469022,
    "p99_e2e_ms": 1171.533032655716
  },
  "throughput": {
    "requests_per_sec": 2.8639891991990134,
    "tokens_per_sec": 274.9429631231053
  },
  "success_rate": 100.0,
  "total_requests": 32,
  "failed_requests": 0,
  "duration_sec": 11.173226494342089,
  "timestamp": "2026-01-18T18:30:47.057165",
  "error": null
}