{
  "config": "1R_1P_2D",
  "workload": "large_big_paste",
  "qps": 2,
  "turn1": {
    "count": 18,
    "avg_ttft_ms": 133.19901211394205,
    "avg_tpot_ms": 9.18857954410941,
    "avg_e2e_ms": 9533.115885737869,
    "p50_ttft_ms": 138.28838616609573,
    "p50_tpot_ms": 8.991116013301433,
    "p50_e2e_ms": 9349.6979419142,
    "p99_ttft_ms": 156.9678319990635,
    "p99_tpot_ms": 11.148860872279805,
    "p99_e2e_ms": 11511.163314394653
  },
  "turn2": {
    "count": 18,
    "avg_ttft_ms": 178.70727388395204,
    "avg_tpot_ms": 9.581225094709026,
    "avg_e2e_ms": 782.3244548506207,
    "p50_ttft_ms": 168.2687420397997,
    "p50_tpot_ms": 8.999301061507255,
    "p50_e2e_ms": 723.3692277222872,
    "p99_ttft_ms": 265.8266491815448,
    "p99_tpot_ms": 16.05590927872865,
    "p99_e2e_ms": 1226.0465107858176
  },
  "average": {
    "count": 36,
    "avg_ttft_ms": 155.95314299894704,
    "avg_tpot_ms": 9.38490231940922,
    "avg_e2e_ms": 5157.720170294245,
    "p50_ttft_ms": 148.28049950301647,
    "p50_tpot_ms": 8.999301061507255,
    "p50_e2e_ms": 5019.102469086647,
    "p99_ttft_ms": 265.4965275898576,
    "p99_tpot_ms": 15.027904383365117,
    "p99_e2e_ms": 11438.392413593829
  },
  "throughput": {
    "requests_per_sec": 1.7022375157969438,
    "tokens_per_sec": 926.0172085935375
  },
  "success_rate": 100.0,
  "total_requests": 36,
  "failed_requests": 0,
  "duration_sec": 21.148635055869818,
  "timestamp": "2026-01-18T19:23:02.228784",
  "error": null
}