{
  "config": "1R_1P_2D",
  "workload": "large_long_gen",
  "qps": 20,
  "turn1": {
    "count": 192,
    "avg_ttft_ms": 26601.748373534065,
    "avg_tpot_ms": 14.340087779741928,
    "avg_e2e_ms": 41271.65817221006,
    "p50_ttft_ms": 26762.022459879518,
    "p50_tpot_ms": 9.946197373310026,
    "p50_e2e_ms": 37594.844264909625,
    "p99_ttft_ms": 65308.491203039885,
    "p99_tpot_ms": 24.12427191612541,
    "p99_e2e_ms": 81032.97761630267
  },
  "turn2": {
    "count": 192,
    "avg_ttft_ms": 171.67680588318035,
    "avg_tpot_ms": 14.049162004127508,
    "avg_e2e_ms": 7350.798589992337,
    "p50_ttft_ms": 154.42002192139626,
    "p50_tpot_ms": 10.136735780481724,
    "p50_e2e_ms": 5345.408597961068,
    "p99_ttft_ms": 447.74555221200006,
    "p99_tpot_ms": 25.332619052766706,
    "p99_e2e_ms": 13089.805842339993
  },
  "average": {
    "count": 384,
    "avg_ttft_ms": 13386.712589708623,
    "avg_tpot_ms": 14.194624891934717,
    "avg_e2e_ms": 24311.2283811012,
    "p50_ttft_ms": 205.27800358831882,
    "p50_tpot_ms": 10.043560535116463,
    "p50_e2e_ms": 11552.617479115725,
    "p99_ttft_ms": 63707.5389756635,
    "p99_tpot_ms": 24.241119612296014,
    "p99_e2e_ms": 80642.0719544962
  },
  "throughput": {
    "requests_per_sec": 3.8695075135013473,
    "tokens_per_sec": 2971.781770369035
  },
  "success_rate": 100.0,
  "total_requests": 384,
  "failed_requests": 0,
  "duration_sec": 99.23743490874767,
  "timestamp": "2026-01-18T18:54:12.617490",
  "error": null
}