{
  "config": "1R_1P_2D",
  "workload": "small_huge_paste",
  "qps": 12,
  "turn1": {
    "count": 120,
    "avg_ttft_ms": 138.67429619034132,
    "avg_tpot_ms": 14.024241873138923,
    "avg_e2e_ms": 1919.7530140789847,
    "p50_ttft_ms": 107.3132324963808,
    "p50_tpot_ms": 9.251116620978031,
    "p50_e2e_ms": 1317.9386612027884,
    "p99_ttft_ms": 500.74099328368914,
    "p99_tpot_ms": 28.48232915052983,
    "p99_e2e_ms": 3731.2468864768744
  },
  "turn2": {
    "count": 120,
    "avg_ttft_ms": 195.46051245803633,
    "avg_tpot_ms": 16.03031815079752,
    "avg_e2e_ms": 692.4003751327595,
    "p50_ttft_ms": 149.9454900622368,
    "p50_tpot_ms": 9.37788807336361,
    "p50_e2e_ms": 536.1444298177958,
    "p99_ttft_ms": 519.7269488871099,
    "p99_tpot_ms": 50.98639963254813,
    "p99_e2e_ms": 1796.409114524722
  },
  "average": {
    "count": 240,
    "avg_ttft_ms": 167.06740432418883,
    "avg_tpot_ms": 15.027280011968221,
    "avg_e2e_ms": 1306.076694605872,
    "p50_ttft_ms": 138.7484222650528,
    "p50_tpot_ms": 9.315600823104791,
    "p50_e2e_ms": 1199.2387752979994,
    "p99_ttft_ms": 519.4700101763008,
    "p99_tpot_ms": 49.5419206374114,
    "p99_e2e_ms": 3691.3956185802813
  },
  "throughput": {
    "requests_per_sec": 18.42499197490754,
    "tokens_per_sec": 1473.9993579926033
  },
  "success_rate": 100.0,
  "total_requests": 240,
  "failed_requests": 0,
  "duration_sec": 13.025785863399506,
  "timestamp": "2026-01-18T18:33:44.133716",
  "error": null
}