{
  "config": "1R_1P_2D",
  "workload": "large_mid_bal",
  "qps": 1,
  "turn1": {
    "count": 10,
    "avg_ttft_ms": 129.85757663846016,
    "avg_tpot_ms": 8.290885709306245,
    "avg_e2e_ms": 8611.433657258749,
    "p50_ttft_ms": 137.85415142774582,
    "p50_tpot_ms": 8.34325092315732,
    "p50_e2e_ms": 8659.03995744884,
    "p99_ttft_ms": 170.62883287668228,
    "p99_tpot_ms": 9.447610172809975,
    "p99_e2e_ms": 9732.549298927188
  },
  "turn2": {
    "count": 10,
    "avg_ttft_ms": 136.34880036115646,
    "avg_tpot_ms": 8.21569343720834,
    "avg_e2e_ms": 1179.7418668866158,
    "p50_ttft_ms": 136.21996715664864,
    "p50_tpot_ms": 8.191490839198819,
    "p50_e2e_ms": 1179.8210442066193,
    "p99_ttft_ms": 191.22445043176413,
    "p99_tpot_ms": 9.770416329050159,
    "p99_e2e_ms": 1310.3795946761966
  },
  "average": {
    "count": 20,
    "avg_ttft_ms": 133.1031884998083,
    "avg_tpot_ms": 8.253289573257295,
    "avg_e2e_ms": 4895.587762072682,
    "p50_ttft_ms": 137.07183487713337,
    "p50_tpot_ms": 8.301827557912961,
    "p50_e2e_ms": 4562.935031950474,
    "p99_ttft_ms": 191.01378869265315,
    "p99_tpot_ms": 9.826875396919936,
    "p99_e2e_ms": 9622.053832188247
  },
  "throughput": {
    "requests_per_sec": 1.008454877567202,
    "tokens_per_sec": 580.8700094787084
  },
  "success_rate": 100.0,
  "total_requests": 20,
  "failed_requests": 0,
  "duration_sec": 19.832320161163807,
  "timestamp": "2026-01-18T19:10:45.485553",
  "error": null
}