{
  "config": "1R_1P_2D",
  "workload": "large_small_bal",
  "qps": 4,
  "turn1": {
    "count": 32,
    "avg_ttft_ms": 130.484661902301,
    "avg_tpot_ms": 10.788860462491245,
    "avg_e2e_ms": 11167.488915030845,
    "p50_ttft_ms": 121.9325065612793,
    "p50_tpot_ms": 8.967795193501232,
    "p50_e2e_ms": 9317.365363240242,
    "p99_ttft_ms": 202.52459149807694,
    "p99_tpot_ms": 13.58052871793596,
    "p99_e2e_ms": 14005.129466466606
  },
  "turn2": {
    "count": 32,
    "avg_ttft_ms": 130.81389223225415,
    "avg_tpot_ms": 10.895986784441721,
    "avg_e2e_ms": 817.2610596520826,
    "p50_ttft_ms": 138.00067082047462,
    "p50_tpot_ms": 9.290425343409417,
    "p50_e2e_ms": 727.1028161048889,
    "p99_ttft_ms": 264.28341329097753,
    "p99_tpot_ms": 18.155675697184748,
    "p99_e2e_ms": 1230.4833939298987
  },
  "average": {
    "count": 64,
    "avg_ttft_ms": 130.64927706727758,
    "avg_tpot_ms": 10.842423623466484,
    "avg_e2e_ms": 5992.374987341464,
    "p50_ttft_ms": 126.35654956102371,
    "p50_tpot_ms": 9.13377818725412,
    "p50_e2e_ms": 5053.7065379321575,
    "p99_ttft_ms": 244.65760171413405,
    "p99_tpot_ms": 17.87071277816144,
    "p99_e2e_ms": 13985.099751167
  },
  "throughput": {
    "requests_per_sec": 2.681299728406429,
    "tokens_per_sec": 1458.6270522530974
  },
  "success_rate": 100.0,
  "total_requests": 64,
  "failed_requests": 0,
  "duration_sec": 23.86902117729187,
  "timestamp": "2026-01-18T19:05:45.762997",
  "error": null
}