{
  "config": "1R_1P_2D",
  "workload": "small_very_long_gen",
  "qps": 12,
  "turn1": {
    "count": 120,
    "avg_ttft_ms": 6389.280428582181,
    "avg_tpot_ms": 10.638742842357066,
    "avg_e2e_ms": 7740.400769561529,
    "p50_ttft_ms": 7579.358369112015,
    "p50_tpot_ms": 9.620243932787828,
    "p50_e2e_ms": 8866.841666400433,
    "p99_ttft_ms": 16456.44247174263,
    "p99_tpot_ms": 16.982205660617726,
    "p99_e2e_ms": 17646.325053945184
  },
  "turn2": {
    "count": 120,
    "avg_ttft_ms": 95.22255926082532,
    "avg_tpot_ms": 10.746278139951032,
    "avg_e2e_ms": 11088.665096430728,
    "p50_ttft_ms": 95.8498828113079,
    "p50_tpot_ms": 9.652348890725818,
    "p50_e2e_ms": 9972.325846552849,
    "p99_ttft_ms": 252.64541491866123,
    "p99_tpot_ms": 14.086156583892752,
    "p99_e2e_ms": 14463.693939857185
  },
  "average": {
    "count": 240,
    "avg_ttft_ms": 3242.2514939215034,
    "avg_tpot_ms": 10.69251049115405,
    "avg_e2e_ms": 9414.53293299613,
    "p50_ttft_ms": 107.80790261924267,
    "p50_tpot_ms": 9.637757682438824,
    "p50_e2e_ms": 9847.172431647778,
    "p99_ttft_ms": 16300.75142223388,
    "p99_tpot_ms": 16.538717434631554,
    "p99_e2e_ms": 17493.10663111508
  },
  "throughput": {
    "requests_per_sec": 6.2025855660126075,
    "tokens_per_sec": 3572.689286023262
  },
  "success_rate": 100.0,
  "total_requests": 240,
  "failed_requests": 0,
  "duration_sec": 38.693541176617146,
  "timestamp": "2026-01-18T18:22:24.982805",
  "error": null
}