{
  "config": "1R_1P_2D",
  "workload": "large_short_gen",
  "qps": 6,
  "turn1": {
    "count": 60,
    "avg_ttft_ms": 1060.9932514528434,
    "avg_tpot_ms": 13.339142511793286,
    "avg_e2e_ms": 14706.936041017374,
    "p50_ttft_ms": 133.1865843385458,
    "p50_tpot_ms": 9.61427957198254,
    "p50_e2e_ms": 14088.01132440567,
    "p99_ttft_ms": 5928.8398672640305,
    "p99_tpot_ms": 19.094789119424593,
    "p99_e2e_ms": 23881.14347074181
  },
  "turn2": {
    "count": 60,
    "avg_ttft_ms": 142.95207634568214,
    "avg_tpot_ms": 12.12604688200491,
    "avg_e2e_ms": 3235.094031256934,
    "p50_ttft_ms": 126.80728174746037,
    "p50_tpot_ms": 9.66755795274295,
    "p50_e2e_ms": 2578.123025596142,
    "p99_ttft_ms": 355.3886801004409,
    "p99_tpot_ms": 21.65027371224235,
    "p99_e2e_ms": 5713.775523044169
  },
  "average": {
    "count": 120,
    "avg_ttft_ms": 601.9726638992628,
    "avg_tpot_ms": 12.732594696899097,
    "avg_e2e_ms": 8971.015036137154,
    "p50_ttft_ms": 130.44697418808937,
    "p50_tpot_ms": 9.61739740872488,
    "p50_e2e_ms": 7473.72311912477,
    "p99_ttft_ms": 5751.722317114472,
    "p99_tpot_ms": 21.471564035935728,
    "p99_e2e_ms": 23776.36422801763
  },
  "throughput": {
    "requests_per_sec": 3.4324208082301286,
    "tokens_per_sec": 2196.7493172672825
  },
  "success_rate": 100.0,
  "total_requests": 120,
  "failed_requests": 0,
  "duration_sec": 34.96074831858277,
  "timestamp": "2026-01-18T18:41:54.652806",
  "error": null
}