{
  "config": "1R_1P_2D",
  "workload": "small_huge_paste",
  "qps": 2,
  "turn1": {
    "count": 20,
    "avg_ttft_ms": 68.92834734171629,
    "avg_tpot_ms": 8.776141986192211,
    "avg_e2e_ms": 1183.4983795881271,
    "p50_ttft_ms": 62.251558527350426,
    "p50_tpot_ms": 8.507263355367765,
    "p50_e2e_ms": 1129.2949225753546,
    "p99_ttft_ms": 142.46372506022453,
    "p99_tpot_ms": 10.437194400826307,
    "p99_e2e_ms": 1360.3382516652346
  },
  "turn2": {
    "count": 20,
    "avg_ttft_ms": 116.27930644899607,
    "avg_tpot_ms": 9.248037996792025,
    "avg_e2e_ms": 402.9684843495488,
    "p50_ttft_ms": 115.35782366991043,
    "p50_tpot_ms": 8.581532225493461,
    "p50_e2e_ms": 401.31669491529465,
    "p99_ttft_ms": 164.49376393109557,
    "p99_tpot_ms": 11.692275007165247,
    "p99_e2e_ms": 463.83389025926584
  },
  "average": {
    "count": 40,
    "avg_ttft_ms": 92.60382689535618,
    "avg_tpot_ms": 9.012089991492118,
    "avg_e2e_ms": 793.233431968838,
    "p50_ttft_ms": 95.90662643313408,
    "p50_tpot_ms": 8.581532225493461,
    "p50_e2e_ms": 751.8550474196672,
    "p99_ttft_ms": 160.67749235779047,
    "p99_tpot_ms": 11.570547493475098,
    "p99_e2e_ms": 1354.9126718193293
  },
  "throughput": {
    "requests_per_sec": 3.7435589468576667,
    "tokens_per_sec": 299.4847157486133
  },
  "success_rate": 100.0,
  "total_requests": 40,
  "failed_requests": 0,
  "duration_sec": 10.68501940742135,
  "timestamp": "2026-01-18T18:32:49.977726",
  "error": null
}