{
  "config": "1R_1P_2D",
  "workload": "small_short_gen",
  "qps": 10,
  "turn1": {
    "count": 74,
    "avg_ttft_ms": 98.9805636172359,
    "avg_tpot_ms": 9.428591651564128,
    "avg_e2e_ms": 1296.4117033658802,
    "p50_ttft_ms": 95.39088048040867,
    "p50_tpot_ms": 8.987042627583339,
    "p50_e2e_ms": 1268.985465168953,
    "p99_ttft_ms": 275.6678479909896,
    "p99_tpot_ms": 11.848400395040906,
    "p99_e2e_ms": 1550.3286462649703
  },
  "turn2": {
    "count": 74,
    "avg_ttft_ms": 103.4019078958679,
    "avg_tpot_ms": 9.437626257349274,
    "avg_e2e_ms": 2509.9966035199327,
    "p50_ttft_ms": 94.68184411525726,
    "p50_tpot_ms": 9.044385810985286,
    "p50_e2e_ms": 2426.9550517201424,
    "p99_ttft_ms": 266.38380125164986,
    "p99_tpot_ms": 11.394090901987227,
    "p99_e2e_ms": 2943.2959359511733
  },
  "average": {
    "count": 148,
    "avg_ttft_ms": 101.19123575655189,
    "avg_tpot_ms": 9.433108954456701,
    "avg_e2e_ms": 1903.2041534429063,
    "p50_ttft_ms": 95.07190622389317,
    "p50_tpot_ms": 9.032654540142527,
    "p50_e2e_ms": 1865.5558619648218,
    "p99_ttft_ms": 271.3414794206619,
    "p99_tpot_ms": 11.736477658621908,
    "p99_e2e_ms": 2925.9717110171914
  },
  "throughput": {
    "requests_per_sec": 10.80133719635566,
    "tokens_per_sec": 2073.856741700287
  },
  "success_rate": 100.0,
  "total_requests": 148,
  "failed_requests": 0,
  "duration_sec": 13.702007196843624,
  "timestamp": "2026-01-18T18:14:47.701821",
  "error": null
}