{
  "config": "1R_1P_2D",
  "workload": "small_short_gen",
  "qps": 16,
  "turn1": {
    "count": 160,
    "avg_ttft_ms": 1220.795611687936,
    "avg_tpot_ms": 10.538604077113074,
    "avg_e2e_ms": 2559.1983294812962,
    "p50_ttft_ms": 945.218188688159,
    "p50_tpot_ms": 9.598441069989693,
    "p50_e2e_ms": 2217.3115015029907,
    "p99_ttft_ms": 3552.647475786507,
    "p99_tpot_ms": 14.126510906993873,
    "p99_e2e_ms": 4928.652599193156
  },
  "turn2": {
    "count": 160,
    "avg_ttft_ms": 103.12801657710224,
    "avg_tpot_ms": 10.496763869133943,
    "avg_e2e_ms": 2779.8028032062575,
    "p50_ttft_ms": 97.7340117096901,
    "p50_tpot_ms": 9.612107364570393,
    "p50_e2e_ms": 2612.8935255110264,
    "p99_ttft_ms": 256.66285041719675,
    "p99_tpot_ms": 13.551320966406196,
    "p99_e2e_ms": 3505.301091223955
  },
  "average": {
    "count": 320,
    "avg_ttft_ms": 661.9618141325191,
    "avg_tpot_ms": 10.517683973123509,
    "avg_e2e_ms": 2669.500566343777,
    "p50_ttft_ms": 126.98525376617908,
    "p50_tpot_ms": 9.603120401266992,
    "p50_e2e_ms": 2583.1400472670794,
    "p99_ttft_ms": 3520.3348122537136,
    "p99_tpot_ms": 14.071593753348186,
    "p99_e2e_ms": 4858.6092819646
  },
  "throughput": {
    "requests_per_sec": 18.518261540771032,
    "tokens_per_sec": 3555.506215828038
  },
  "success_rate": 100.0,
  "total_requests": 320,
  "failed_requests": 0,
  "duration_sec": 17.280239794403315,
  "timestamp": "2026-01-18T18:15:19.224521",
  "error": null
}