{
  "config": "1R_1P_2D",
  "workload": "small_long_gen",
  "qps": 1,
  "turn1": {
    "count": 9,
    "avg_ttft_ms": 81.0612974067529,
    "avg_tpot_ms": 8.124478888141411,
    "avg_e2e_ms": 1112.870116200712,
    "p50_ttft_ms": 87.26642280817032,
    "p50_tpot_ms": 8.077232181791246,
    "p50_e2e_ms": 1120.578546077013,
    "p99_ttft_ms": 107.8111144900322,
    "p99_tpot_ms": 8.838787732396538,
    "p99_e2e_ms": 1165.6159181892872
  },
  "turn2": {
    "count": 9,
    "avg_ttft_ms": 72.20743513769574,
    "avg_tpot_ms": 8.412789110321924,
    "avg_e2e_ms": 4371.142670512199,
    "p50_ttft_ms": 81.97110518813133,
    "p50_tpot_ms": 8.13824706027419,
    "p50_e2e_ms": 4248.807534575462,
    "p99_ttft_ms": 106.79470270872116,
    "p99_tpot_ms": 9.328491522433007,
    "p99_e2e_ms": 4804.931089133024
  },
  "average": {
    "count": 18,
    "avg_ttft_ms": 76.63436627222433,
    "avg_tpot_ms": 8.268633999231668,
    "avg_e2e_ms": 2742.0063933564556,
    "p50_ttft_ms": 85.37180535495281,
    "p50_tpot_ms": 8.119594455202732,
    "p50_e2e_ms": 2644.4113105535507,
    "p99_ttft_ms": 107.99081854522228,
    "p99_tpot_ms": 9.325918667237119,
    "p99_e2e_ms": 4803.512665592134
  },
  "throughput": {
    "requests_per_sec": 1.1918468654696888,
    "tokens_per_sec": 381.3909969503004
  },
  "success_rate": 100.0,
  "total_requests": 18,
  "failed_requests": 0,
  "duration_sec": 15.102611351758242,
  "timestamp": "2026-01-18T18:16:12.391165",
  "error": null
}