{
  "config": "1R_1P_2D",
  "workload": "small_huge_paste",
  "qps": 0.5,
  "turn1": {
    "count": 3,
    "avg_ttft_ms": 76.01104800899823,
    "avg_tpot_ms": 7.812312738163264,
    "avg_e2e_ms": 1068.1747657557328,
    "p50_ttft_ms": 87.86952868103981,
    "p50_tpot_ms": 7.8252741670983985,
    "p50_e2e_ms": 1072.0538720488548,
    "p99_ttft_ms": 108.7689446657896,
    "p99_tpot_ms": 7.861442891514208,
    "p99_e2e_ms": 1102.3862543702126
  },
  "turn2": {
    "count": 3,
    "avg_ttft_ms": 116.71980594595273,
    "avg_tpot_ms": 7.991946833108062,
    "avg_e2e_ms": 364.4701577723026,
    "p50_ttft_ms": 133.895181119442,
    "p50_tpot_ms": 7.989991095758254,
    "p50_e2e_ms": 381.58490508794785,
    "p99_ttft_ms": 136.77938848733902,
    "p99_tpot_ms": 8.086416675679144,
    "p99_e2e_ms": 381.6581653803587
  },
  "average": {
    "count": 6,
    "avg_ttft_ms": 96.36542697747548,
    "avg_tpot_ms": 7.902129785635662,
    "avg_e2e_ms": 716.3224617640177,
    "p50_ttft_ms": 98.53249602019787,
    "p50_tpot_ms": 7.879822943827995,
    "p50_e2e_ms": 705.5624015629292,
    "p99_ttft_ms": 136.69109642505646,
    "p99_tpot_ms": 8.08346487221218,
    "p99_e2e_ms": 1101.4577120542526
  },
  "throughput": {
    "requests_per_sec": 0.53207135735498,
    "tokens_per_sec": 42.56570858839841
  },
  "success_rate": 100.0,
  "total_requests": 6,
  "failed_requests": 0,
  "duration_sec": 11.276682943105698,
  "timestamp": "2026-01-18T18:32:27.814182",
  "error": null
}