{
  "config": "1R_1P_2D",
  "workload": "large_small_bal",
  "qps": 10,
  "turn1": {
    "count": 100,
    "avg_ttft_ms": 5273.525024726987,
    "avg_tpot_ms": 13.182780225183139,
    "avg_e2e_ms": 18759.50919508934,
    "p50_ttft_ms": 3171.8772165477276,
    "p50_tpot_ms": 10.02899865061773,
    "p50_e2e_ms": 18661.430632695556,
    "p99_ttft_ms": 15126.307113580406,
    "p99_tpot_ms": 20.576383228853476,
    "p99_e2e_ms": 32108.237744756043
  },
  "turn2": {
    "count": 100,
    "avg_ttft_ms": 150.5031306669116,
    "avg_tpot_ms": 13.426546399437248,
    "avg_e2e_ms": 996.3755538314581,
    "p50_ttft_ms": 147.87955209612846,
    "p50_tpot_ms": 10.395991896826123,
    "p50_e2e_ms": 829.3048590421677,
    "p99_ttft_ms": 244.8804787546398,
    "p99_tpot_ms": 35.33861944422364,
    "p99_e2e_ms": 2406.9901236146698
  },
  "average": {
    "count": 200,
    "avg_ttft_ms": 2712.0140776969492,
    "avg_tpot_ms": 13.304663312310195,
    "avg_e2e_ms": 9877.9423744604,
    "p50_ttft_ms": 160.41764803230762,
    "p50_tpot_ms": 10.109057559538602,
    "p50_e2e_ms": 6217.386905103922,
    "p99_ttft_ms": 15078.843430429697,
    "p99_tpot_ms": 35.004592025800356,
    "p99_e2e_ms": 32059.297134056687
  },
  "throughput": {
    "requests_per_sec": 4.799814103793594,
    "tokens_per_sec": 2611.098872463715
  },
  "success_rate": 100.0,
  "total_requests": 200,
  "failed_requests": 0,
  "duration_sec": 41.66828041151166,
  "timestamp": "2026-01-18T19:07:21.606343",
  "error": null
}