{
  "config": "1R_1P_2D",
  "workload": "large_short_gen",
  "qps": 8,
  "turn1": {
    "count": 80,
    "avg_ttft_ms": 3706.606490770355,
    "avg_tpot_ms": 12.6920315776592,
    "avg_e2e_ms": 16690.554794715717,
    "p50_ttft_ms": 264.3602844327688,
    "p50_tpot_ms": 10.418967623354636,
    "p50_e2e_ms": 18562.391417101026,
    "p99_ttft_ms": 11045.171336233614,
    "p99_tpot_ms": 18.39891019702424,
    "p99_e2e_ms": 26626.122273877263
  },
  "turn2": {
    "count": 80,
    "avg_ttft_ms": 173.1745475437492,
    "avg_tpot_ms": 11.983308857124225,
    "avg_e2e_ms": 3228.918306110427,
    "p50_ttft_ms": 145.68367041647434,
    "p50_tpot_ms": 10.229384899139404,
    "p50_e2e_ms": 2769.0012138336897,
    "p99_ttft_ms": 582.6863064989362,
    "p99_tpot_ms": 20.24842606251146,
    "p99_e2e_ms": 5383.450867459178
  },
  "average": {
    "count": 160,
    "avg_ttft_ms": 1939.890519157052,
    "avg_tpot_ms": 12.337670217391713,
    "avg_e2e_ms": 9959.736550413072,
    "p50_ttft_ms": 164.35090266168118,
    "p50_tpot_ms": 10.35586980768981,
    "p50_e2e_ms": 7500.024845823646,
    "p99_ttft_ms": 10923.333626426756,
    "p99_tpot_ms": 20.01371233808059,
    "p99_e2e_ms": 26272.562003359195
  },
  "throughput": {
    "requests_per_sec": 4.297001696843565,
    "tokens_per_sec": 2750.0810859798817
  },
  "success_rate": 100.0,
  "total_requests": 160,
  "failed_requests": 0,
  "duration_sec": 37.23526572436094,
  "timestamp": "2026-01-18T18:42:31.928284",
  "error": null
}