{
  "config": "1R_1P_2D",
  "workload": "small_small_bal",
  "qps": 1,
  "turn1": {
    "count": 8,
    "avg_ttft_ms": 66.65468588471413,
    "avg_tpot_ms": 8.166850089850858,
    "avg_e2e_ms": 1103.844647295773,
    "p50_ttft_ms": 65.71757979691029,
    "p50_tpot_ms": 8.010847538005649,
    "p50_e2e_ms": 1095.4275373369455,
    "p99_ttft_ms": 101.80569969117641,
    "p99_tpot_ms": 8.68077628666491,
    "p99_e2e_ms": 1136.8156530335546
  },
  "turn2": {
    "count": 8,
    "avg_ttft_ms": 59.789164923131466,
    "avg_tpot_ms": 8.203268162019196,
    "avg_e2e_ms": 576.5950591303408,
    "p50_ttft_ms": 58.35876427590847,
    "p50_tpot_ms": 8.066356270795776,
    "p50_e2e_ms": 584.0508509427309,
    "p99_ttft_ms": 92.81653802841902,
    "p99_tpot_ms": 8.892938207302775,
    "p99_e2e_ms": 605.1925361528993
  },
  "average": {
    "count": 16,
    "avg_ttft_ms": 63.221925403922796,
    "avg_tpot_ms": 8.185059125935027,
    "avg_e2e_ms": 840.2198532130569,
    "p50_ttft_ms": 62.3529851436615,
    "p50_tpot_ms": 8.010847538005649,
    "p50_e2e_ms": 838.2911756634712,
    "p99_ttft_ms": 101.5256192535162,
    "p99_tpot_ms": 8.878019079566002,
    "p99_e2e_ms": 1136.3125013187528
  },
  "throughput": {
    "requests_per_sec": 1.5392863482637869,
    "tokens_per_sec": 147.77148943332355
  },
  "success_rate": 100.0,
  "total_requests": 16,
  "failed_requests": 0,
  "duration_sec": 10.39442727342248,
  "timestamp": "2026-01-18T18:24:35.875286",
  "error": null
}