{
  "config": "1R_1P_2D",
  "workload": "large_small_bal",
  "qps": 12,
  "turn1": {
    "count": 120,
    "avg_ttft_ms": 7310.793640092015,
    "avg_tpot_ms": 12.605694557836598,
    "avg_e2e_ms": 20206.41917275886,
    "p50_ttft_ms": 7876.8020663410425,
    "p50_tpot_ms": 10.329530777396927,
    "p50_e2e_ms": 18729.359675198793,
    "p99_ttft_ms": 17002.0550044626,
    "p99_tpot_ms": 19.158987558664407,
    "p99_e2e_ms": 32364.298746436834
  },
  "turn2": {
    "count": 120,
    "avg_ttft_ms": 161.40602373828492,
    "avg_tpot_ms": 13.389528161358266,
    "avg_e2e_ms": 1004.9462979038557,
    "p50_ttft_ms": 146.1738683283329,
    "p50_tpot_ms": 10.357997897598478,
    "p50_e2e_ms": 810.9472654759884,
    "p99_ttft_ms": 370.18268328160053,
    "p99_tpot_ms": 32.059503702062464,
    "p99_e2e_ms": 2186.18633762002
  },
  "average": {
    "count": 240,
    "avg_ttft_ms": 3736.09983191515,
    "avg_tpot_ms": 12.997611359597432,
    "avg_e2e_ms": 10605.682735331357,
    "p50_ttft_ms": 172.4729835987091,
    "p50_tpot_ms": 10.339999382082784,
    "p50_e2e_ms": 6004.953263327479,
    "p99_ttft_ms": 16905.627737753093,
    "p99_tpot_ms": 31.760542725050257,
    "p99_e2e_ms": 32225.961965434253
  },
  "throughput": {
    "requests_per_sec": 5.697849109208331,
    "tokens_per_sec": 3099.629915409332
  },
  "success_rate": 100.0,
  "total_requests": 240,
  "failed_requests": 0,
  "duration_sec": 42.12115754559636,
  "timestamp": "2026-01-18T19:08:03.769171",
  "error": null
}