{
  "config": "1R_1P_2D",
  "workload": "large_small_bal",
  "qps": 2,
  "turn1": {
    "count": 20,
    "avg_ttft_ms": 130.084478110075,
    "avg_tpot_ms": 9.316681853094057,
    "avg_e2e_ms": 9661.050013825297,
    "p50_ttft_ms": 123.8074079155922,
    "p50_tpot_ms": 8.45343562412938,
    "p50_e2e_ms": 8774.392237886786,
    "p99_ttft_ms": 275.6000373885034,
    "p99_tpot_ms": 11.395371086706106,
    "p99_e2e_ms": 11739.88239504397
  },
  "turn2": {
    "count": 20,
    "avg_ttft_ms": 122.57975228130817,
    "avg_tpot_ms": 9.232006913849288,
    "avg_e2e_ms": 704.1961878538132,
    "p50_ttft_ms": 130.07229380309582,
    "p50_tpot_ms": 8.492336061502261,
    "p50_e2e_ms": 667.2977153211832,
    "p99_ttft_ms": 210.43304909020654,
    "p99_tpot_ms": 13.220082143587724,
    "p99_e2e_ms": 1027.3069308698175
  },
  "average": {
    "count": 40,
    "avg_ttft_ms": 126.33211519569159,
    "avg_tpot_ms": 9.274344383471673,
    "avg_e2e_ms": 5182.623100839555,
    "p50_ttft_ms": 126.17295049130917,
    "p50_tpot_ms": 8.464200635197574,
    "p50_e2e_ms": 4636.776261031628,
    "p99_ttft_ms": 271.80844429880375,
    "p99_tpot_ms": 13.00788718379206,
    "p99_e2e_ms": 11731.668346002698
  },
  "throughput": {
    "requests_per_sec": 1.8188065046884867,
    "tokens_per_sec": 989.4307385505368
  },
  "success_rate": 100.0,
  "total_requests": 40,
  "failed_requests": 0,
  "duration_sec": 21.9924438893795,
  "timestamp": "2026-01-18T19:05:21.853034",
  "error": null
}