{
  "config": "1R_1P_2D",
  "workload": "large_mid_bal",
  "qps": 0.5,
  "turn1": {
    "count": 5,
    "avg_ttft_ms": 117.63940528035164,
    "avg_tpot_ms": 8.390375805740131,
    "avg_e2e_ms": 8700.993854552507,
    "p50_ttft_ms": 124.33989346027374,
    "p50_tpot_ms": 8.08645227700035,
    "p50_e2e_ms": 8399.19713512063,
    "p99_ttft_ms": 150.33687114715576,
    "p99_tpot_ms": 9.557539760949908,
    "p99_e2e_ms": 9843.387251645327
  },
  "turn2": {
    "count": 5,
    "avg_ttft_ms": 126.62228345870972,
    "avg_tpot_ms": 8.380156514916832,
    "avg_e2e_ms": 1190.9021608531475,
    "p50_ttft_ms": 147.6525105535984,
    "p50_tpot_ms": 8.15824143529877,
    "p50_e2e_ms": 1183.7491728365421,
    "p99_ttft_ms": 149.9528656899929,
    "p99_tpot_ms": 9.387585562983835,
    "p99_e2e_ms": 1238.1290824711323
  },
  "average": {
    "count": 10,
    "avg_ttft_ms": 122.13084436953068,
    "avg_tpot_ms": 8.385266160328484,
    "avg_e2e_ms": 4945.948007702827,
    "p50_ttft_ms": 141.40822924673557,
    "p50_tpot_ms": 8.123194872647106,
    "p50_e2e_ms": 4790.0556065142155,
    "p99_ttft_ms": 150.78948937356472,
    "p99_tpot_ms": 9.600857248265035,
    "p99_e2e_ms": 9771.770568862557
  },
  "throughput": {
    "requests_per_sec": 0.7975475538313862,
    "tokens_per_sec": 459.38739100687843
  },
  "success_rate": 100.0,
  "total_requests": 10,
  "failed_requests": 0,
  "duration_sec": 12.53843730315566,
  "timestamp": "2026-01-18T19:10:25.614367",
  "error": null
}