{
  "config": "1R_1P_2D",
  "workload": "small_short_gen",
  "qps": 20,
  "turn1": {
    "count": 176,
    "avg_ttft_ms": 2003.6395310254936,
    "avg_tpot_ms": 10.489930126598702,
    "avg_e2e_ms": 3335.860657103529,
    "p50_ttft_ms": 1437.9480630159378,
    "p50_tpot_ms": 9.565515751679113,
    "p50_e2e_ms": 3029.4247195124626,
    "p99_ttft_ms": 4819.277698174119,
    "p99_tpot_ms": 13.878437243108674,
    "p99_e2e_ms": 6301.212471909821
  },
  "turn2": {
    "count": 176,
    "avg_ttft_ms": 112.58790140378882,
    "avg_tpot_ms": 10.517070693696008,
    "avg_e2e_ms": 2794.4409282962706,
    "p50_ttft_ms": 100.43133422732353,
    "p50_tpot_ms": 9.49080580589818,
    "p50_e2e_ms": 2596.5361930429935,
    "p99_ttft_ms": 319.83250845223665,
    "p99_tpot_ms": 13.770063163018694,
    "p99_e2e_ms": 3565.6438367441297
  },
  "average": {
    "count": 352,
    "avg_ttft_ms": 1058.1137162146413,
    "avg_tpot_ms": 10.503500410147355,
    "avg_e2e_ms": 3065.1507926998997,
    "p50_ttft_ms": 156.74774907529354,
    "p50_tpot_ms": 9.523020860026865,
    "p50_e2e_ms": 2652.3672360926867,
    "p99_ttft_ms": 4782.83168964088,
    "p99_tpot_ms": 13.85054085169017,
    "p99_e2e_ms": 6159.46361720562
  },
  "throughput": {
    "requests_per_sec": 18.800272786414858,
    "tokens_per_sec": 3609.652374991653
  },
  "success_rate": 100.0,
  "total_requests": 352,
  "failed_requests": 0,
  "duration_sec": 18.723132584244013,
  "timestamp": "2026-01-18T18:15:37.991266",
  "error": null
}