{
  "config": "1R_1P_2D",
  "workload": "small_big_paste",
  "qps": 12,
  "turn1": {
    "count": 116,
    "avg_ttft_ms": 144.47953635505561,
    "avg_tpot_ms": 9.80037573584389,
    "avg_e2e_ms": 1389.1272548072297,
    "p50_ttft_ms": 136.36752776801586,
    "p50_tpot_ms": 9.223225035184011,
    "p50_e2e_ms": 1361.2018153071404,
    "p99_ttft_ms": 334.89965964108694,
    "p99_tpot_ms": 14.537230858535276,
    "p99_e2e_ms": 1914.878081716597
  },
  "turn2": {
    "count": 116,
    "avg_ttft_ms": 157.97169134020805,
    "avg_tpot_ms": 9.93820632332309,
    "avg_e2e_ms": 784.0786897095627,
    "p50_ttft_ms": 143.48715357482433,
    "p50_tpot_ms": 9.266350359197647,
    "p50_e2e_ms": 764.0106789767742,
    "p99_ttft_ms": 326.64537355303764,
    "p99_tpot_ms": 17.044488893496613,
    "p99_e2e_ms": 1188.5106315836308
  },
  "average": {
    "count": 232,
    "avg_ttft_ms": 151.22561384763182,
    "avg_tpot_ms": 9.86929102958349,
    "avg_e2e_ms": 1086.6029722583962,
    "p50_ttft_ms": 140.29222168028355,
    "p50_tpot_ms": 9.234610900986851,
    "p50_e2e_ms": 1178.2652456313372,
    "p99_ttft_ms": 330.35660669207573,
    "p99_tpot_ms": 16.738531644500434,
    "p99_e2e_ms": 1860.2019984647627
  },
  "throughput": {
    "requests_per_sec": 19.019550866445943,
    "tokens_per_sec": 1825.8768831788107
  },
  "success_rate": 100.0,
  "total_requests": 232,
  "failed_requests": 0,
  "duration_sec": 12.197974685579538,
  "timestamp": "2026-01-18T18:31:44.632446",
  "error": null
}