{
  "config": "1R_1P_2D",
  "workload": "large_mid_bal",
  "qps": 10,
  "turn1": {
    "count": 100,
    "avg_ttft_ms": 5905.391009375453,
    "avg_tpot_ms": 12.938191879791948,
    "avg_e2e_ms": 19141.161302402616,
    "p50_ttft_ms": 4350.558744743466,
    "p50_tpot_ms": 9.988246370882582,
    "p50_e2e_ms": 18870.75885385275,
    "p99_ttft_ms": 16608.797872029245,
    "p99_tpot_ms": 21.015645499948416,
    "p99_e2e_ms": 32298.43309853226
  },
  "turn2": {
    "count": 100,
    "avg_ttft_ms": 240.50728872418404,
    "avg_tpot_ms": 13.912345842700304,
    "avg_e2e_ms": 2007.3752107471228,
    "p50_ttft_ms": 155.1925614476204,
    "p50_tpot_ms": 10.39109989179401,
    "p50_e2e_ms": 1472.2325429320335,
    "p99_ttft_ms": 719.9695357680508,
    "p99_tpot_ms": 31.036881928544815,
    "p99_e2e_ms": 4142.142030596745
  },
  "average": {
    "count": 200,
    "avg_ttft_ms": 3072.9491490498185,
    "avg_tpot_ms": 13.425268861246128,
    "avg_e2e_ms": 10574.26825657487,
    "p50_ttft_ms": 170.2095177024603,
    "p50_tpot_ms": 10.071310814712888,
    "p50_e2e_ms": 8119.577061384916,
    "p99_ttft_ms": 16377.752250917254,
    "p99_tpot_ms": 28.89576957656406,
    "p99_e2e_ms": 32288.157826811075
  },
  "throughput": {
    "requests_per_sec": 4.673151800975442,
    "tokens_per_sec": 2691.7354373618546
  },
  "success_rate": 100.0,
  "total_requests": 200,
  "failed_requests": 0,
  "duration_sec": 42.797668151557446,
  "timestamp": "2026-01-18T19:13:21.915062",
  "error": null
}