{
  "config": "1R_1P_2D",
  "workload": "small_mid_paste",
  "qps": 0.5,
  "turn1": {
    "count": 2,
    "avg_ttft_ms": 114.02103118598461,
    "avg_tpot_ms": 7.774303997243483,
    "avg_e2e_ms": 1101.357638835907,
    "p50_ttft_ms": 114.02103118598461,
    "p50_tpot_ms": 7.774303997243483,
    "p50_e2e_ms": 1101.357638835907,
    "p99_ttft_ms": 128.7817059829831,
    "p99_tpot_ms": 7.806298911982164,
    "p99_e2e_ms": 1112.054959461093
  },
  "turn2": {
    "count": 2,
    "avg_ttft_ms": 101.2717355042696,
    "avg_tpot_ms": 7.825962548691129,
    "avg_e2e_ms": 594.3073760718107,
    "p50_ttft_ms": 101.2717355042696,
    "p50_tpot_ms": 7.825962548691129,
    "p50_e2e_ms": 594.3073760718107,
    "p99_ttft_ms": 107.35773015767336,
    "p99_tpot_ms": 7.8772022941755875,
    "p99_e2e_ms": 603.6214746907353
  },
  "average": {
    "count": 4,
    "avg_ttft_ms": 107.6463833451271,
    "avg_tpot_ms": 7.800133272967306,
    "avg_e2e_ms": 847.8325074538589,
    "p50_ttft_ms": 103.22052612900734,
    "p50_tpot_ms": 7.790314481770482,
    "p50_e2e_ms": 847.1267819404602,
    "p99_ttft_ms": 128.4349139407277,
    "p99_tpot_ms": 7.8761091192518675,
    "p99_e2e_ms": 1111.6183341294527
  },
  "throughput": {
    "requests_per_sec": 0.7338517608743226,
    "tokens_per_sec": 70.44976904393498
  },
  "success_rate": 100.0,
  "total_requests": 4,
  "failed_requests": 0,
  "duration_sec": 5.450692106038332,
  "timestamp": "2026-01-18T18:28:29.723274",
  "error": null
}