{
  "config": "1R_1P_2D",
  "workload": "large_mid_paste",
  "qps": 1,
  "turn1": {
    "count": 10,
    "avg_ttft_ms": 108.34681913256645,
    "avg_tpot_ms": 9.27160473964664,
    "avg_e2e_ms": 9593.19846779108,
    "p50_ttft_ms": 105.35135678946972,
    "p50_tpot_ms": 9.14410098782674,
    "p50_e2e_ms": 9462.702000513673,
    "p99_ttft_ms": 154.4789656996727,
    "p99_tpot_ms": 10.685089202716087,
    "p99_e2e_ms": 11030.127613730729
  },
  "turn2": {
    "count": 10,
    "avg_ttft_ms": 120.7896288484335,
    "avg_tpot_ms": 9.337362889496106,
    "avg_e2e_ms": 709.0434908866882,
    "p50_ttft_ms": 123.72110038995743,
    "p50_tpot_ms": 9.194250144655742,
    "p50_e2e_ms": 685.3248458355665,
    "p99_ttft_ms": 239.18802924454212,
    "p99_tpot_ms": 11.23841222257368,
    "p99_e2e_ms": 861.1694788560271
  },
  "average": {
    "count": 20,
    "avg_ttft_ms": 114.56822399049997,
    "avg_tpot_ms": 9.304483814571375,
    "avg_e2e_ms": 5151.120979338884,
    "p50_ttft_ms": 120.19451707601547,
    "p50_tpot_ms": 9.194250144655742,
    "p50_e2e_ms": 4605.036325752735,
    "p99_ttft_ms": 230.60827281326044,
    "p99_tpot_ms": 11.186836573890035,
    "p99_e2e_ms": 11027.028692625463
  },
  "throughput": {
    "requests_per_sec": 1.0036046318862837,
    "tokens_per_sec": 545.9609197461383
  },
  "success_rate": 100.0,
  "total_requests": 20,
  "failed_requests": 0,
  "duration_sec": 19.928166296333075,
  "timestamp": "2026-01-18T19:16:47.092066",
  "error": null
}