{
  "config": "1R_1P_2D",
  "workload": "small_mid_paste",
  "qps": 2,
  "turn1": {
    "count": 18,
    "avg_ttft_ms": 88.84129486978054,
    "avg_tpot_ms": 8.251777040989694,
    "avg_e2e_ms": 1136.8169790754716,
    "p50_ttft_ms": 90.06458893418312,
    "p50_tpot_ms": 8.041875744898487,
    "p50_e2e_ms": 1114.8406937718391,
    "p99_ttft_ms": 174.4694336131215,
    "p99_tpot_ms": 10.55746506694264,
    "p99_e2e_ms": 1370.2685696631665
  },
  "turn2": {
    "count": 18,
    "avg_ttft_ms": 93.45892754693826,
    "avg_tpot_ms": 8.592545286451697,
    "avg_e2e_ms": 634.7892805933952,
    "p50_ttft_ms": 99.68570806086063,
    "p50_tpot_ms": 8.103368064713855,
    "p50_e2e_ms": 611.254945397377,
    "p99_ttft_ms": 150.53072478622195,
    "p99_tpot_ms": 12.26072369705117,
    "p99_e2e_ms": 832.4340223520994
  },
  "average": {
    "count": 36,
    "avg_ttft_ms": 91.1501112083594,
    "avg_tpot_ms": 8.422161163720697,
    "avg_e2e_ms": 885.8031298344334,
    "p50_ttft_ms": 96.17185592651367,
    "p50_tpot_ms": 8.074298471448913,
    "p50_e2e_ms": 949.8102758079767,
    "p99_ttft_ms": 174.16248228400946,
    "p99_tpot_ms": 12.252540596657328,
    "p99_e2e_ms": 1331.9738682359455
  },
  "throughput": {
    "requests_per_sec": 3.1291123472277884,
    "tokens_per_sec": 300.39478533386773
  },
  "success_rate": 100.0,
  "total_requests": 36,
  "failed_requests": 0,
  "duration_sec": 11.504860166460276,
  "timestamp": "2026-01-18T18:28:51.653860",
  "error": null
}