{
  "config": "1R_1P_2D",
  "workload": "large_big_paste",
  "qps": 0.5,
  "turn1": {
    "count": 5,
    "avg_ttft_ms": 116.35224372148514,
    "avg_tpot_ms": 8.34701934925855,
    "avg_e2e_ms": 8655.353038012981,
    "p50_ttft_ms": 125.73753669857979,
    "p50_tpot_ms": 8.190976384797754,
    "p50_e2e_ms": 8519.945077598095,
    "p99_ttft_ms": 142.49764174222946,
    "p99_tpot_ms": 9.194541507685523,
    "p99_e2e_ms": 9465.641986131668
  },
  "turn2": {
    "count": 5,
    "avg_ttft_ms": 168.00259053707123,
    "avg_tpot_ms": 8.810460271816405,
    "avg_e2e_ms": 723.0615876615047,
    "p50_ttft_ms": 159.73534435033798,
    "p50_tpot_ms": 8.393622343502347,
    "p50_e2e_ms": 688.5335519909859,
    "p99_ttft_ms": 223.666799813509,
    "p99_tpot_ms": 9.74270297184823,
    "p99_e2e_ms": 829.8253770172596
  },
  "average": {
    "count": 10,
    "avg_ttft_ms": 142.17741712927818,
    "avg_tpot_ms": 8.578739810537478,
    "avg_e2e_ms": 4689.207312837243,
    "p50_ttft_ms": 141.57696813344955,
    "p50_tpot_ms": 8.221560769483307,
    "p50_e2e_ms": 4544.130837544799,
    "p99_ttft_ms": 220.33995911478996,
    "p99_tpot_ms": 9.736882992207057,
    "p99_e2e_ms": 9417.143688462675
  },
  "throughput": {
    "requests_per_sec": 0.7127062320311403,
    "tokens_per_sec": 387.7121902249403
  },
  "success_rate": 100.0,
  "total_requests": 10,
  "failed_requests": 0,
  "duration_sec": 14.03102646023035,
  "timestamp": "2026-01-18T19:22:23.134489",
  "error": null
}