{
  "config": "1R_1P_2D",
  "workload": "small_very_long_gen",
  "qps": 16,
  "turn1": {
    "count": 160,
    "avg_ttft_ms": 10367.301991139539,
    "avg_tpot_ms": 10.51936309168658,
    "avg_e2e_ms": 11703.261103783734,
    "p50_ttft_ms": 9021.166563034058,
    "p50_tpot_ms": 9.684656651353272,
    "p50_e2e_ms": 10394.67317610979,
    "p99_ttft_ms": 25870.189236663282,
    "p99_tpot_ms": 15.123919027410155,
    "p99_e2e_ms": 27086.874073967338
  },
  "turn2": {
    "count": 160,
    "avg_ttft_ms": 179.0573326172307,
    "avg_tpot_ms": 10.42132792088093,
    "avg_e2e_ms": 10840.075795678422,
    "p50_ttft_ms": 108.1273015588522,
    "p50_tpot_ms": 9.785130971410872,
    "p50_e2e_ms": 10159.195858985186,
    "p99_ttft_ms": 351.824347898364,
    "p99_tpot_ms": 13.36249577593448,
    "p99_e2e_ms": 13735.129602327943
  },
  "average": {
    "count": 320,
    "avg_ttft_ms": 5273.179661878385,
    "avg_tpot_ms": 10.470345506283754,
    "avg_e2e_ms": 11271.668449731078,
    "p50_ttft_ms": 189.3266998231411,
    "p50_tpot_ms": 9.771138478802445,
    "p50_e2e_ms": 10194.974411278963,
    "p99_ttft_ms": 25564.26603347063,
    "p99_tpot_ms": 14.873576955063136,
    "p99_e2e_ms": 26955.065334886312
  },
  "throughput": {
    "requests_per_sec": 6.648173150644962,
    "tokens_per_sec": 3829.3477347714984
  },
  "success_rate": 100.0,
  "total_requests": 320,
  "failed_requests": 0,
  "duration_sec": 48.13352371379733,
  "timestamp": "2026-01-18T18:23:13.167365",
  "error": null
}