{
  "config": "1R_1P_2D",
  "workload": "large_small_bal",
  "qps": 1,
  "turn1": {
    "count": 9,
    "avg_ttft_ms": 115.6358772681819,
    "avg_tpot_ms": 9.506108117301675,
    "avg_e2e_ms": 9840.384481267796,
    "p50_ttft_ms": 122.23861366510391,
    "p50_tpot_ms": 10.189419945488927,
    "p50_e2e_ms": 10480.390131473541,
    "p99_ttft_ms": 184.92280945181847,
    "p99_tpot_ms": 10.451120450175054,
    "p99_e2e_ms": 10817.37057119608
  },
  "turn2": {
    "count": 9,
    "avg_ttft_ms": 105.19215588768323,
    "avg_tpot_ms": 9.411233764739684,
    "avg_e2e_ms": 698.0998830662834,
    "p50_ttft_ms": 110.7078343629837,
    "p50_tpot_ms": 9.710666679200672,
    "p50_e2e_ms": 711.0150568187237,
    "p99_ttft_ms": 152.1566627919674,
    "p99_tpot_ms": 11.443701632439145,
    "p99_e2e_ms": 826.6099832952023
  },
  "average": {
    "count": 18,
    "avg_ttft_ms": 110.41401657793257,
    "avg_tpot_ms": 9.45867094102068,
    "avg_e2e_ms": 5269.24218216704,
    "p50_ttft_ms": 120.21572515368462,
    "p50_tpot_ms": 9.976126900844381,
    "p50_e2e_ms": 4487.895471975207,
    "p99_ttft_ms": 182.68700495362276,
    "p99_tpot_ms": 11.360129252194412,
    "p99_e2e_ms": 10815.44113252312
  },
  "throughput": {
    "requests_per_sec": 0.9054368268205827,
    "tokens_per_sec": 492.55763379039695
  },
  "success_rate": 100.0,
  "total_requests": 18,
  "failed_requests": 0,
  "duration_sec": 19.879907097667456,
  "timestamp": "2026-01-18T19:04:59.820609",
  "error": null
}