{
  "config": "1R_1P_2D",
  "workload": "large_very_long_gen",
  "qps": 8,
  "turn1": {
    "count": 80,
    "avg_ttft_ms": 7006.2816224992275,
    "avg_tpot_ms": 12.615646897311725,
    "avg_e2e_ms": 19912.088398449123,
    "p50_ttft_ms": 187.31352873146534,
    "p50_tpot_ms": 10.607048612404778,
    "p50_e2e_ms": 19001.173993572593,
    "p99_ttft_ms": 21923.95180691033,
    "p99_tpot_ms": 19.12862974658739,
    "p99_e2e_ms": 37728.69325250387
  },
  "turn2": {
    "count": 80,
    "avg_ttft_ms": 155.51785440184176,
    "avg_tpot_ms": 12.780581374278515,
    "avg_e2e_ms": 13230.052600288764,
    "p50_ttft_ms": 150.8543360978365,
    "p50_tpot_ms": 11.519945833835667,
    "p50_e2e_ms": 11918.171305209398,
    "p99_ttft_ms": 287.98932649195194,
    "p99_tpot_ms": 20.365197070685824,
    "p99_e2e_ms": 21003.451550528407
  },
  "average": {
    "count": 160,
    "avg_ttft_ms": 3580.8997384505346,
    "avg_tpot_ms": 12.69811413579512,
    "avg_e2e_ms": 16571.070499368943,
    "p50_ttft_ms": 155.49334324896336,
    "p50_tpot_ms": 10.83661179592649,
    "p50_e2e_ms": 12024.150010198355,
    "p99_ttft_ms": 20816.933066546913,
    "p99_tpot_ms": 20.328433616806045,
    "p99_e2e_ms": 37665.99543876946
  },
  "throughput": {
    "requests_per_sec": 2.7201186080556017,
    "tokens_per_sec": 2785.401454648936
  },
  "success_rate": 100.0,
  "total_requests": 160,
  "failed_requests": 0,
  "duration_sec": 58.820964470505714,
  "timestamp": "2026-01-18T18:58:06.373441",
  "error": null
}