{
  "config": "1R_1P_2D",
  "workload": "large_big_paste",
  "qps": 8,
  "turn1": {
    "count": 77,
    "avg_ttft_ms": 2065.900676871662,
    "avg_tpot_ms": 12.057260303529413,
    "avg_e2e_ms": 14400.477967382252,
    "p50_ttft_ms": 183.58724564313889,
    "p50_tpot_ms": 10.367761288686697,
    "p50_e2e_ms": 15119.085498154163,
    "p99_ttft_ms": 7096.265653222798,
    "p99_tpot_ms": 18.528604406794262,
    "p99_e2e_ms": 24104.01613637805
  },
  "turn2": {
    "count": 77,
    "avg_ttft_ms": 271.8104498049656,
    "avg_tpot_ms": 12.560832476805126,
    "avg_e2e_ms": 1063.1428958436886,
    "p50_ttft_ms": 172.38490656018257,
    "p50_tpot_ms": 10.714132930078204,
    "p50_e2e_ms": 854.7089584171772,
    "p99_ttft_ms": 1847.522668242428,
    "p99_tpot_ms": 25.174832360611997,
    "p99_e2e_ms": 3147.262554317691
  },
  "average": {
    "count": 154,
    "avg_ttft_ms": 1168.8555633383137,
    "avg_tpot_ms": 12.30904639016727,
    "avg_e2e_ms": 7731.81043161297,
    "p50_ttft_ms": 173.3470167964697,
    "p50_tpot_ms": 10.460300400529928,
    "p50_e2e_ms": 8187.5593438744545,
    "p99_ttft_ms": 7009.801166243851,
    "p99_tpot_ms": 23.75023121043803,
    "p99_e2e_ms": 24033.76975916326
  },
  "throughput": {
    "requests_per_sec": 4.555310047792185,
    "tokens_per_sec": 2478.0886659989487
  },
  "success_rate": 100.0,
  "total_requests": 154,
  "failed_requests": 0,
  "duration_sec": 33.806699957698584,
  "timestamp": "2026-01-18T19:24:30.082709",
  "error": null
}