{
  "config": "1R_1P_2D",
  "workload": "small_long_gen",
  "qps": 20,
  "turn1": {
    "count": 190,
    "avg_ttft_ms": 6240.696376013128,
    "avg_tpot_ms": 10.374225804507361,
    "avg_e2e_ms": 7558.223053185563,
    "p50_ttft_ms": 4973.005797713995,
    "p50_tpot_ms": 9.793588407630995,
    "p50_e2e_ms": 6200.326284393668,
    "p99_ttft_ms": 13456.995358653365,
    "p99_tpot_ms": 13.67780193305156,
    "p99_e2e_ms": 14901.18127580732
  },
  "turn2": {
    "count": 190,
    "avg_ttft_ms": 188.31597350929914,
    "avg_tpot_ms": 10.162306848507866,
    "avg_e2e_ms": 5381.254773096819,
    "p50_ttft_ms": 147.07005582749844,
    "p50_tpot_ms": 9.624773140726958,
    "p50_e2e_ms": 5194.639690220356,
    "p99_ttft_ms": 581.9611078128219,
    "p99_tpot_ms": 12.748047897770796,
    "p99_e2e_ms": 6551.208615452051
  },
  "average": {
    "count": 380,
    "avg_ttft_ms": 3214.506174761214,
    "avg_tpot_ms": 10.268266326507613,
    "avg_e2e_ms": 6469.738913141191,
    "p50_ttft_ms": 309.1250602155924,
    "p50_tpot_ms": 9.723453366197058,
    "p50_e2e_ms": 5492.80053935945,
    "p99_ttft_ms": 13412.487906627357,
    "p99_tpot_ms": 13.64136884238307,
    "p99_e2e_ms": 14840.71444913745
  },
  "throughput": {
    "requests_per_sec": 12.604560727460216,
    "tokens_per_sec": 4033.4594327872687
  },
  "success_rate": 100.0,
  "total_requests": 380,
  "failed_requests": 0,
  "duration_sec": 30.1478177793324,
  "timestamp": "2026-01-18T18:18:55.344442",
  "error": null
}