{
  "config": "1R_1P_2D",
  "workload": "small_very_long_gen",
  "qps": 8,
  "turn1": {
    "count": 74,
    "avg_ttft_ms": 1730.1797230501434,
    "avg_tpot_ms": 9.772997912377038,
    "avg_e2e_ms": 2971.350457922027,
    "p50_ttft_ms": 132.05135241150856,
    "p50_tpot_ms": 9.542281790746479,
    "p50_e2e_ms": 1370.638245716691,
    "p99_ttft_ms": 6029.440938569605,
    "p99_tpot_ms": 14.912687879730397,
    "p99_e2e_ms": 7354.206483773886
  },
  "turn2": {
    "count": 74,
    "avg_ttft_ms": 100.71904977431169,
    "avg_tpot_ms": 10.026763676280188,
    "avg_e2e_ms": 10358.098290608945,
    "p50_ttft_ms": 102.56054624915123,
    "p50_tpot_ms": 9.55162802210418,
    "p50_e2e_ms": 9898.609703406692,
    "p99_ttft_ms": 205.43656967580313,
    "p99_tpot_ms": 12.22643558580505,
    "p99_e2e_ms": 12556.469431817532
  },
  "average": {
    "count": 148,
    "avg_ttft_ms": 915.4493864122275,
    "avg_tpot_ms": 9.899880794328611,
    "avg_e2e_ms": 6664.7243742654855,
    "p50_ttft_ms": 107.27309063076973,
    "p50_tpot_ms": 9.545198492808758,
    "p50_e2e_ms": 8163.806423544884,
    "p99_ttft_ms": 6001.797996759415,
    "p99_tpot_ms": 13.852823994995104,
    "p99_e2e_ms": 12552.23830871284
  },
  "throughput": {
    "requests_per_sec": 5.223661141031903,
    "tokens_per_sec": 3008.8288172343764
  },
  "success_rate": 100.0,
  "total_requests": 148,
  "failed_requests": 0,
  "duration_sec": 28.332618828862906,
  "timestamp": "2026-01-18T18:21:12.868846",
  "error": null
}