{
  "config": "1R_1P_2D",
  "workload": "large_short_gen",
  "qps": 4,
  "turn1": {
    "count": 36,
    "avg_ttft_ms": 137.08367136617503,
    "avg_tpot_ms": 11.43380035630581,
    "avg_e2e_ms": 11833.861435867018,
    "p50_ttft_ms": 124.02630224823952,
    "p50_tpot_ms": 9.740524327169416,
    "p50_e2e_ms": 10080.540146678686,
    "p99_ttft_ms": 321.94363959133625,
    "p99_tpot_ms": 14.498544999107878,
    "p99_e2e_ms": 14933.782560564578
  },
  "turn2": {
    "count": 36,
    "avg_ttft_ms": 145.53764576299324,
    "avg_tpot_ms": 10.97416271920233,
    "avg_e2e_ms": 2943.9491391595866,
    "p50_ttft_ms": 138.03708367049694,
    "p50_tpot_ms": 10.132790985060673,
    "p50_e2e_ms": 2746.7427738010883,
    "p99_ttft_ms": 243.17927304655313,
    "p99_tpot_ms": 15.026657372420908,
    "p99_e2e_ms": 3966.8971909210086
  },
  "average": {
    "count": 72,
    "avg_ttft_ms": 141.31065856458412,
    "avg_tpot_ms": 11.203981537754068,
    "avg_e2e_ms": 7388.905287513302,
    "p50_ttft_ms": 130.77344559133053,
    "p50_tpot_ms": 10.054113599015217,
    "p50_e2e_ms": 6352.864731103182,
    "p99_ttft_ms": 317.9583356529475,
    "p99_tpot_ms": 14.870820534287716,
    "p99_e2e_ms": 14919.185666628182
  },
  "throughput": {
    "requests_per_sec": 2.694044706168401,
    "tokens_per_sec": 1724.1886119477767
  },
  "success_rate": 100.0,
  "total_requests": 72,
  "failed_requests": 0,
  "duration_sec": 26.72561440244317,
  "timestamp": "2026-01-18T18:41:19.657256",
  "error": null
}