{
  "config": "1R_1P_2D",
  "workload": "large_mid_paste",
  "qps": 0.5,
  "turn1": {
    "count": 5,
    "avg_ttft_ms": 120.43337300419807,
    "avg_tpot_ms": 8.36684515122561,
    "avg_e2e_ms": 8679.715962707996,
    "p50_ttft_ms": 121.93208560347557,
    "p50_tpot_ms": 8.139641869918808,
    "p50_e2e_ms": 8465.93564376235,
    "p99_ttft_ms": 146.15733489394188,
    "p99_tpot_ms": 9.469543607470344,
    "p99_e2e_ms": 9766.465999931097
  },
  "turn2": {
    "count": 5,
    "avg_ttft_ms": 156.04430213570595,
    "avg_tpot_ms": 8.49333537949456,
    "avg_e2e_ms": 691.1244310438633,
    "p50_ttft_ms": 136.0154263675213,
    "p50_tpot_ms": 8.196640050127392,
    "p50_e2e_ms": 640.8522501587868,
    "p99_ttft_ms": 240.3039801120758,
    "p99_tpot_ms": 9.728502557864264,
    "p99_e2e_ms": 853.1996412575245
  },
  "average": {
    "count": 10,
    "avg_ttft_ms": 138.238837569952,
    "avg_tpot_ms": 8.430090265360084,
    "avg_e2e_ms": 4685.42019687593,
    "p50_ttft_ms": 132.50411115586758,
    "p50_tpot_ms": 8.163621224907253,
    "p50_e2e_ms": 4527.5642443448305,
    "p99_ttft_ms": 235.51104713231325,
    "p99_tpot_ms": 9.75899191888255,
    "p99_e2e_ms": 9701.66920479387
  },
  "throughput": {
    "requests_per_sec": 0.5876204313588924,
    "tokens_per_sec": 319.6655146592375
  },
  "success_rate": 100.0,
  "total_requests": 10,
  "failed_requests": 0,
  "duration_sec": 17.017788127064705,
  "timestamp": "2026-01-18T19:16:27.122398",
  "error": null
}