{
  "config": "1R_1P_2D",
  "workload": "small_mid_bal",
  "qps": 6,
  "turn1": {
    "count": 56,
    "avg_ttft_ms": 75.58362192607352,
    "avg_tpot_ms": 9.129531894725641,
    "avg_e2e_ms": 1235.03417255623,
    "p50_ttft_ms": 82.79317989945412,
    "p50_tpot_ms": 8.62536067509745,
    "p50_e2e_ms": 1179.7853466123343,
    "p99_ttft_ms": 146.25074323266747,
    "p99_tpot_ms": 11.98902172659795,
    "p99_e2e_ms": 1556.6373961046338
  },
  "turn2": {
    "count": 56,
    "avg_ttft_ms": 82.7784489707223,
    "avg_tpot_ms": 9.105959631653484,
    "avg_e2e_ms": 1239.2353221907147,
    "p50_ttft_ms": 88.08477222919464,
    "p50_tpot_ms": 8.582157720848333,
    "p50_e2e_ms": 1193.0012684315443,
    "p99_ttft_ms": 182.12068304419518,
    "p99_tpot_ms": 11.270342118979439,
    "p99_e2e_ms": 1473.6638963222504
  },
  "average": {
    "count": 112,
    "avg_ttft_ms": 79.1810354483979,
    "avg_tpot_ms": 9.117745763189562,
    "avg_e2e_ms": 1237.1347473734725,
    "p50_ttft_ms": 85.4823850095272,
    "p50_tpot_ms": 8.591824981171314,
    "p50_e2e_ms": 1183.1234507262707,
    "p99_ttft_ms": 177.2128510475159,
    "p99_tpot_ms": 11.925762370815427,
    "p99_e2e_ms": 1549.066164456308
  },
  "throughput": {
    "requests_per_sec": 9.182522564919923,
    "tokens_per_sec": 1175.3628883097501
  },
  "success_rate": 100.0,
  "total_requests": 112,
  "failed_requests": 0,
  "duration_sec": 12.197084102779627,
  "timestamp": "2026-01-18T18:27:14.890041",
  "error": null
}