{
  "config": "1R_1P_2D",
  "workload": "large_big_paste",
  "qps": 16,
  "turn1": {
    "count": 160,
    "avg_ttft_ms": 13747.866535186768,
    "avg_tpot_ms": 13.107455691517506,
    "avg_e2e_ms": 27156.793707609177,
    "p50_ttft_ms": 16680.267559364438,
    "p50_tpot_ms": 10.439205428590872,
    "p50_e2e_ms": 27998.25810454786,
    "p99_ttft_ms": 34893.80329430103,
    "p99_tpot_ms": 21.22473426825956,
    "p99_e2e_ms": 48878.70134279132
  },
  "turn2": {
    "count": 159,
    "avg_ttft_ms": 567.809549306736,
    "avg_tpot_ms": 17.017486801705125,
    "avg_e2e_ms": 1639.911217814159,
    "p50_ttft_ms": 177.4291917681694,
    "p50_tpot_ms": 10.490651168520488,
    "p50_e2e_ms": 841.0458974540234,
    "p99_ttft_ms": 10910.234826653923,
    "p99_tpot_ms": 55.68155085520135,
    "p99_e2e_ms": 12478.362483754501
  },
  "average": {
    "count": 319,
    "avg_ttft_ms": 7178.496438776344,
    "avg_tpot_ms": 15.056342671203499,
    "avg_e2e_ms": 14438.347576332037,
    "p50_ttft_ms": 279.22236919403076,
    "p50_tpot_ms": 10.460903294537424,
    "p50_e2e_ms": 9417.834855616093,
    "p99_ttft_ms": 34721.94641970098,
    "p99_tpot_ms": 53.690549691045085,
    "p99_e2e_ms": 45723.70309330523
  },
  "throughput": {
    "requests_per_sec": 5.367372870628063,
    "tokens_per_sec": 2927.9271393580343
  },
  "success_rate": 99.6875,
  "total_requests": 320,
  "failed_requests": 1,
  "duration_sec": 59.433172930032015,
  "timestamp": "2026-01-18T19:26:45.512863",
  "error": "ServerDown: [Errno 104] Connection reset by peer"
}