{
  "config": "1R_1P_2D",
  "workload": "large_mid_paste",
  "qps": 8,
  "turn1": {
    "count": 77,
    "avg_ttft_ms": 2162.9552280941566,
    "avg_tpot_ms": 14.76624711497284,
    "avg_e2e_ms": 17268.826026711373,
    "p50_ttft_ms": 167.7202768623829,
    "p50_tpot_ms": 9.82728105981562,
    "p50_e2e_ms": 17655.860774219036,
    "p99_ttft_ms": 8201.694612056013,
    "p99_tpot_ms": 21.0890563298472,
    "p99_e2e_ms": 26401.297980993986
  },
  "turn2": {
    "count": 77,
    "avg_ttft_ms": 163.8868816874244,
    "avg_tpot_ms": 14.546861198207226,
    "avg_e2e_ms": 1080.3391371744794,
    "p50_ttft_ms": 148.01520854234695,
    "p50_tpot_ms": 10.261443813168814,
    "p50_e2e_ms": 790.321808308363,
    "p99_ttft_ms": 432.7722179889678,
    "p99_tpot_ms": 36.39076272173533,
    "p99_e2e_ms": 2465.262155085802
  },
  "average": {
    "count": 154,
    "avg_ttft_ms": 1163.4210548907906,
    "avg_tpot_ms": 14.65655415659003,
    "avg_e2e_ms": 9174.582581942925,
    "p50_ttft_ms": 151.86790376901627,
    "p50_tpot_ms": 10.21092932020861,
    "p50_e2e_ms": 5977.489095181227,
    "p99_ttft_ms": 7939.237478934228,
    "p99_tpot_ms": 33.84496892432845,
    "p99_e2e_ms": 26359.502254351974
  },
  "throughput": {
    "requests_per_sec": 4.147494178450499,
    "tokens_per_sec": 2256.2368330770714
  },
  "success_rate": 100.0,
  "total_requests": 154,
  "failed_requests": 0,
  "duration_sec": 37.130853805691004,
  "timestamp": "2026-01-18T19:18:37.990268",
  "error": null
}