{
  "config": "1R_1P_2D",
  "workload": "large_very_long_gen",
  "qps": 2,
  "turn1": {
    "count": 15,
    "avg_ttft_ms": 120.4123464723428,
    "avg_tpot_ms": 9.707855287807002,
    "avg_e2e_ms": 10051.548305898905,
    "p50_ttft_ms": 131.80072605609894,
    "p50_tpot_ms": 8.78175500623758,
    "p50_e2e_ms": 9115.536097437143,
    "p99_ttft_ms": 150.74259646236897,
    "p99_tpot_ms": 11.733216753526284,
    "p99_e2e_ms": 12105.839254930615
  },
  "turn2": {
    "count": 15,
    "avg_ttft_ms": 118.91468564669292,
    "avg_tpot_ms": 9.980013460387,
    "avg_e2e_ms": 10328.468455622593,
    "p50_ttft_ms": 118.84299293160439,
    "p50_tpot_ms": 8.809613426264198,
    "p50_e2e_ms": 9131.077527999878,
    "p99_ttft_ms": 147.33358301222324,
    "p99_tpot_ms": 12.132526414281346,
    "p99_e2e_ms": 12513.617083281279
  },
  "average": {
    "count": 30,
    "avg_ttft_ms": 119.66351605951786,
    "avg_tpot_ms": 9.843934374097001,
    "avg_e2e_ms": 10190.00838076075,
    "p50_ttft_ms": 121.77312560379505,
    "p50_tpot_ms": 8.795684216250889,
    "p50_e2e_ms": 9123.30681271851,
    "p99_ttft_ms": 150.28867039829493,
    "p99_tpot_ms": 12.125360936377987,
    "p99_e2e_ms": 12508.706553131342
  },
  "throughput": {
    "requests_per_sec": 0.9308761044962097,
    "tokens_per_sec": 953.2171310041188
  },
  "success_rate": 100.0,
  "total_requests": 30,
  "failed_requests": 0,
  "duration_sec": 32.22770447656512,
  "timestamp": "2026-01-18T18:55:42.365207",
  "error": null
}