{
  "config": "1R_1P_2D",
  "workload": "large_huge_paste",
  "qps": 12,
  "turn1": {
    "count": 120,
    "avg_ttft_ms": 7256.348178504656,
    "avg_tpot_ms": 14.205356258091767,
    "avg_e2e_ms": 21788.427630532533,
    "p50_ttft_ms": 7973.990237340331,
    "p50_tpot_ms": 10.238707276791304,
    "p50_e2e_ms": 19102.429941296577,
    "p99_ttft_ms": 20049.721920154996,
    "p99_tpot_ms": 24.43094720843659,
    "p99_e2e_ms": 38978.888440690935
  },
  "turn2": {
    "count": 120,
    "avg_ttft_ms": 289.7008523034553,
    "avg_tpot_ms": 19.251384489959285,
    "avg_e2e_ms": 886.4937714921931,
    "p50_ttft_ms": 206.58135786652565,
    "p50_tpot_ms": 10.487768017957288,
    "p50_e2e_ms": 525.5245603621006,
    "p99_ttft_ms": 953.8360857218504,
    "p99_tpot_ms": 76.40225091408337,
    "p99_e2e_ms": 2685.7615853473544
  },
  "average": {
    "count": 240,
    "avg_ttft_ms": 3773.0245154040554,
    "avg_tpot_ms": 16.728370374025527,
    "avg_e2e_ms": 11337.460701012364,
    "p50_ttft_ms": 250.09191408753395,
    "p50_tpot_ms": 10.405346017443772,
    "p50_e2e_ms": 6307.8341614454985,
    "p99_ttft_ms": 17572.790396288034,
    "p99_tpot_ms": 72.44573316386617,
    "p99_e2e_ms": 38267.39361461251
  },
  "throughput": {
    "requests_per_sec": 4.742200880830319,
    "tokens_per_sec": 2503.8820650784087
  },
  "success_rate": 100.0,
  "total_requests": 240,
  "failed_requests": 0,
  "duration_sec": 50.609412387013435,
  "timestamp": "2026-01-18T19:31:48.314111",
  "error": null
}