{
  "config": "1R_1P_2D",
  "workload": "small_short_gen",
  "qps": 8,
  "turn1": {
    "count": 80,
    "avg_ttft_ms": 85.89606825262308,
    "avg_tpot_ms": 9.53246244544706,
    "avg_e2e_ms": 1296.5187988243997,
    "p50_ttft_ms": 86.7218729108572,
    "p50_tpot_ms": 9.01401352401324,
    "p50_e2e_ms": 1258.0190878361464,
    "p99_ttft_ms": 198.58895566314445,
    "p99_tpot_ms": 12.49049252911111,
    "p99_e2e_ms": 1636.596659943461
  },
  "turn2": {
    "count": 80,
    "avg_ttft_ms": 89.13562512025237,
    "avg_tpot_ms": 9.521521115127731,
    "avg_e2e_ms": 2517.123509477824,
    "p50_ttft_ms": 94.38062459230423,
    "p50_tpot_ms": 9.125583450876029,
    "p50_e2e_ms": 2427.872486412525,
    "p99_ttft_ms": 190.3564634174108,
    "p99_tpot_ms": 11.997868345064274,
    "p99_e2e_ms": 3109.2593686282635
  },
  "average": {
    "count": 160,
    "avg_ttft_ms": 87.51584668643773,
    "avg_tpot_ms": 9.526991780287394,
    "avg_e2e_ms": 1906.8211541511118,
    "p50_ttft_ms": 89.52625282108784,
    "p50_tpot_ms": 9.081876548304773,
    "p50_e2e_ms": 1935.8561038970947,
    "p99_ttft_ms": 195.12245543301105,
    "p99_tpot_ms": 12.291660117880095,
    "p99_e2e_ms": 3096.7687081173062
  },
  "throughput": {
    "requests_per_sec": 11.63080050893066,
    "tokens_per_sec": 2233.1136977146866
  },
  "success_rate": 100.0,
  "total_requests": 160,
  "failed_requests": 0,
  "duration_sec": 13.756576761603355,
  "timestamp": "2026-01-18T18:14:33.958517",
  "error": null
}