{
  "config": "1R_1P_2D",
  "workload": "small_big_paste",
  "qps": 16,
  "turn1": {
    "count": 160,
    "avg_ttft_ms": 190.98030866589397,
    "avg_tpot_ms": 12.699728282571837,
    "avg_e2e_ms": 1803.8458005525172,
    "p50_ttft_ms": 138.5034192353487,
    "p50_tpot_ms": 9.532031038497376,
    "p50_e2e_ms": 1553.8375489413738,
    "p99_ttft_ms": 622.1845659241079,
    "p99_tpot_ms": 23.693223197863794,
    "p99_e2e_ms": 3091.9563558325167
  },
  "turn2": {
    "count": 160,
    "avg_ttft_ms": 221.26764794811606,
    "avg_tpot_ms": 12.657542312000363,
    "avg_e2e_ms": 1018.6928136041388,
    "p50_ttft_ms": 187.53216229379177,
    "p50_tpot_ms": 9.598494581286868,
    "p50_e2e_ms": 945.2125392854214,
    "p99_ttft_ms": 549.4558587297797,
    "p99_tpot_ms": 25.726312472233694,
    "p99_e2e_ms": 1712.489207945764
  },
  "average": {
    "count": 320,
    "avg_ttft_ms": 206.12397830700502,
    "avg_tpot_ms": 12.678635297286098,
    "avg_e2e_ms": 1411.269307078328,
    "p50_ttft_ms": 168.43623854219913,
    "p50_tpot_ms": 9.568909863157877,
    "p50_e2e_ms": 1344.6035105735064,
    "p99_ttft_ms": 590.7502223923802,
    "p99_tpot_ms": 24.48341663780175,
    "p99_e2e_ms": 2966.679438240826
  },
  "throughput": {
    "requests_per_sec": 25.08156033525899,
    "tokens_per_sec": 2407.8297921848634
  },
  "success_rate": 100.0,
  "total_requests": 320,
  "failed_requests": 0,
  "duration_sec": 12.758376900106668,
  "timestamp": "2026-01-18T18:31:57.432459",
  "error": null
}