{
  "config": "1R_1P_2D",
  "workload": "small_huge_paste",
  "qps": 8,
  "turn1": {
    "count": 80,
    "avg_ttft_ms": 122.95783539302647,
    "avg_tpot_ms": 9.72555967150476,
    "avg_e2e_ms": 1358.103913674131,
    "p50_ttft_ms": 98.81263226270676,
    "p50_tpot_ms": 8.693526198310176,
    "p50_e2e_ms": 1247.0902893692255,
    "p99_ttft_ms": 368.02360240370035,
    "p99_tpot_ms": 16.0210744018747,
    "p99_e2e_ms": 2129.072247184811
  },
  "turn2": {
    "count": 80,
    "avg_ttft_ms": 170.96956106834114,
    "avg_tpot_ms": 9.946409587357795,
    "avg_e2e_ms": 479.30825827643275,
    "p50_ttft_ms": 143.16479861736298,
    "p50_tpot_ms": 8.874536161461183,
    "p50_e2e_ms": 442.59840808808804,
    "p99_ttft_ms": 388.9408595860001,
    "p99_tpot_ms": 20.653208263458737,
    "p99_e2e_ms": 792.5073227658868
  },
  "average": {
    "count": 160,
    "avg_ttft_ms": 146.9636982306838,
    "avg_tpot_ms": 9.835984629431277,
    "avg_e2e_ms": 918.7060859752819,
    "p50_ttft_ms": 125.30345097184181,
    "p50_tpot_ms": 8.74276419617529,
    "p50_e2e_ms": 973.4666887670755,
    "p99_ttft_ms": 372.81623236835003,
    "p99_tpot_ms": 19.701725162806046,
    "p99_e2e_ms": 1997.288433015346
  },
  "throughput": {
    "requests_per_sec": 14.546076760819496,
    "tokens_per_sec": 1163.6861408655598
  },
  "success_rate": 100.0,
  "total_requests": 160,
  "failed_requests": 0,
  "duration_sec": 10.999529469758272,
  "timestamp": "2026-01-18T18:33:19.475760",
  "error": null
}