{
  "config": "1R_1P_2D",
  "workload": "large_mid_paste",
  "qps": 4,
  "turn1": {
    "count": 26,
    "avg_ttft_ms": 109.90957170724869,
    "avg_tpot_ms": 10.535474761024131,
    "avg_e2e_ms": 10887.700252234936,
    "p50_ttft_ms": 109.96565781533718,
    "p50_tpot_ms": 8.78171182855716,
    "p50_e2e_ms": 9099.132295697927,
    "p99_ttft_ms": 147.8983098641038,
    "p99_tpot_ms": 13.371018878569352,
    "p99_e2e_ms": 13761.246784590185
  },
  "turn2": {
    "count": 26,
    "avg_ttft_ms": 133.78515939872997,
    "avg_tpot_ms": 10.706757589883564,
    "avg_e2e_ms": 808.3108875613946,
    "p50_ttft_ms": 141.0278845578432,
    "p50_tpot_ms": 9.55636627853863,
    "p50_e2e_ms": 727.4269312620163,
    "p99_ttft_ms": 247.8582039475441,
    "p99_tpot_ms": 16.239968098936572,
    "p99_e2e_ms": 1153.1068300828338
  },
  "average": {
    "count": 52,
    "avg_ttft_ms": 121.84736555298933,
    "avg_tpot_ms": 10.621116175453851,
    "avg_e2e_ms": 5848.005569898165,
    "p50_ttft_ms": 124.31553937494755,
    "p50_tpot_ms": 8.893042063665767,
    "p50_e2e_ms": 4759.295128285885,
    "p99_ttft_ms": 222.28395640850087,
    "p99_tpot_ms": 15.786387292993451,
    "p99_e2e_ms": 13738.282130248845
  },
  "throughput": {
    "requests_per_sec": 2.204015223505133,
    "tokens_per_sec": 1198.9842815867923
  },
  "success_rate": 100.0,
  "total_requests": 52,
  "failed_requests": 0,
  "duration_sec": 23.593303460627794,
  "timestamp": "2026-01-18T19:17:31.919479",
  "error": null
}