{
  "config": "1R_1P_2D",
  "workload": "small_tiny",
  "qps": 0.5,
  "turn1": {
    "count": 3,
    "avg_ttft_ms": 73.32696517308553,
    "avg_tpot_ms": 7.868942332862243,
    "avg_e2e_ms": 1072.6826414465904,
    "p50_ttft_ms": 44.84347626566887,
    "p50_tpot_ms": 7.853070141996924,
    "p50_e2e_ms": 1042.1833842992783,
    "p99_ttft_ms": 146.01531580090523,
    "p99_tpot_ms": 7.916888614573817,
    "p99_e2e_ms": 1151.46016985178
  },
  "turn2": {
    "count": 3,
    "avg_ttft_ms": 74.1527999440829,
    "avg_tpot_ms": 7.996422509031912,
    "avg_e2e_ms": 322.04189772407216,
    "p50_ttft_ms": 94.44918483495712,
    "p50_tpot_ms": 8.012198512592624,
    "p50_e2e_ms": 346.64473310112953,
    "p99_ttft_ms": 99.70333181321621,
    "p99_tpot_ms": 8.13287743156956,
    "p99_e2e_ms": 348.15783359110355
  },
  "average": {
    "count": 6,
    "avg_ttft_ms": 73.73988255858421,
    "avg_tpot_ms": 7.932682420947077,
    "avg_e2e_ms": 697.3622695853313,
    "p50_ttft_ms": 69.646330550313,
    "p50_tpot_ms": 7.885630587189216,
    "p50_e2e_ms": 685.1814724504948,
    "p99_ttft_ms": 145.66657282412052,
    "p99_tpot_ms": 8.129183178947818,
    "p99_e2e_ms": 1148.114962130785
  },
  "throughput": {
    "requests_per_sec": 0.5314165899349435,
    "tokens_per_sec": 42.51332719479547
  },
  "success_rate": 100.0,
  "total_requests": 6,
  "failed_requests": 0,
  "duration_sec": 11.29057713598013,
  "timestamp": "2026-01-18T18:11:36.757771",
  "error": null
}