{
  "config": "1R_1P_2D",
  "workload": "small_huge_paste",
  "qps": 10,
  "turn1": {
    "count": 100,
    "avg_ttft_ms": 156.83155667036772,
    "avg_tpot_ms": 10.313879751607658,
    "avg_e2e_ms": 1466.6942851245403,
    "p50_ttft_ms": 106.99911788105965,
    "p50_tpot_ms": 9.169890875304777,
    "p50_e2e_ms": 1355.6331880390644,
    "p99_ttft_ms": 517.2837261110544,
    "p99_tpot_ms": 16.42322472846649,
    "p99_e2e_ms": 2126.7087394371633
  },
  "turn2": {
    "count": 100,
    "avg_ttft_ms": 220.5353683233261,
    "avg_tpot_ms": 11.17210030195213,
    "avg_e2e_ms": 566.8704776838422,
    "p50_ttft_ms": 168.38862746953964,
    "p50_tpot_ms": 9.268316530412243,
    "p50_e2e_ms": 502.9303692281246,
    "p99_ttft_ms": 551.3125384971505,
    "p99_tpot_ms": 24.465401886451662,
    "p99_e2e_ms": 1073.6858811229467
  },
  "average": {
    "count": 200,
    "avg_ttft_ms": 188.68346249684691,
    "avg_tpot_ms": 10.742990026779895,
    "avg_e2e_ms": 1016.7823814041913,
    "p50_ttft_ms": 153.26322987675667,
    "p50_tpot_ms": 9.203963342212862,
    "p50_e2e_ms": 1089.50649574399,
    "p99_ttft_ms": 543.683257550001,
    "p99_tpot_ms": 22.504254352421512,
    "p99_e2e_ms": 2122.846586070955
  },
  "throughput": {
    "requests_per_sec": 17.317111593564146,
    "tokens_per_sec": 1385.3689274851317
  },
  "success_rate": 100.0,
  "total_requests": 200,
  "failed_requests": 0,
  "duration_sec": 11.549270149320364,
  "timestamp": "2026-01-18T18:33:31.066924",
  "error": null
}