{
  "config": "1P_1D_2pD",
  "ppd_enabled": true,
  "qps": 4.0,
  "num_conversations": 500,
  "duration_sec": 175.20853396132588,
  "timestamp": "2026-01-22T02:05:01.140447",
  "turn1": {
    "count": 500,
    "avg_ttft_ms": 357.2215480878949,
    "avg_tpot_ms": 9.67440083870018,
    "avg_e2e_ms": 2983.518681548536,
    "p50_ttft_ms": 51.9456323236227,
    "p50_tpot_ms": 9.769518776145379,
    "p50_e2e_ms": 2181.411972269416,
    "p90_ttft_ms": 1481.7425183951857,
    "p90_tpot_ms": 10.451570407413978,
    "p90_e2e_ms": 6957.657144218686,
    "p99_ttft_ms": 2071.6771755740047,
    "p99_tpot_ms": 11.856138348006285,
    "p99_e2e_ms": 11889.034203812467
  },
  "turn2plus": {
    "count": 1556,
    "avg_ttft_ms": 72.0642960000697,
    "avg_tpot_ms": 9.724396636135694,
    "avg_e2e_ms": 2726.903926329759,
    "p50_ttft_ms": 49.345534294843674,
    "p50_tpot_ms": 9.821792703066299,
    "p50_e2e_ms": 1821.1746737360954,
    "p90_ttft_ms": 139.2255574464798,
    "p90_tpot_ms": 10.447480541531199,
    "p90_e2e_ms": 6410.249054431915,
    "p99_ttft_ms": 201.5872690826655,
    "p99_tpot_ms": 11.77810199276821,
    "p99_e2e_ms": 10975.604697316889
  },
  "all_turns": {
    "count": 2056,
    "avg_ttft_ms": 141.41187676072758,
    "avg_tpot_ms": 9.712294188342614,
    "avg_e2e_ms": 2789.310238396582,
    "p50_ttft_ms": 49.42280054092407,
    "p50_tpot_ms": 9.811699425629458,
    "p50_e2e_ms": 1869.359152391553,
    "p90_ttft_ms": 166.23852774500847,
    "p90_tpot_ms": 10.447977082345817,
    "p90_e2e_ms": 6581.118220463395,
    "p99_ttft_ms": 1885.6622381135824,
    "p99_tpot_ms": 11.7936442643404,
    "p99_e2e_ms": 11090.895763225855
  },
  "throughput": {
    "conversations_per_sec": 2.8537422732523177,
    "requests_per_sec": 11.73458822761353,
    "tokens_per_sec": 3221.001781366251
  },
  "success_rate": {
    "turns": 100.0,
    "conversations": 100.0
  },
  "counts": {
    "total_conversations": 500,
    "successful_conversations": 500,
    "total_turns": 2056,
    "turn1_count": 500,
    "turn2plus_count": 1556,
    "successful_turns": 2056
  },
  "slo_attainment": {
    "ttft_100ms": 0.7416452442159382,
    "ttft_200ms": 0.9890745501285347,
    "ttft_500ms": 1.0,
    "tpot_15ms": 1.0,
    "tpot_30ms": 1.0,
    "e2e_5000ms": 0.8380462724935732,
    "e2e_10000ms": 0.9832904884318766
  }
}