{
  "config": "1P_3D",
  "ppd_enabled": true,
  "qps": 12.0,
  "num_conversations": 500,
  "duration_sec": 153.1072837486863,
  "timestamp": "2026-01-21T22:50:31.374466",
  "turn1": {
    "count": 500,
    "avg_ttft_ms": 25886.996460542083,
    "avg_tpot_ms": 9.852183900657236,
    "avg_e2e_ms": 28685.04043663293,
    "p50_ttft_ms": 24187.534600496292,
    "p50_tpot_ms": 9.889367307508763,
    "p50_e2e_ms": 28129.549596458673,
    "p90_ttft_ms": 54913.993645086884,
    "p90_tpot_ms": 10.472072176049117,
    "p90_e2e_ms": 56750.6605129689,
    "p99_ttft_ms": 60926.02209731936,
    "p99_tpot_ms": 11.67136812582613,
    "p99_e2e_ms": 64752.249045446515
  },
  "turn2plus": {
    "count": 1556,
    "avg_ttft_ms": 79.35150026566419,
    "avg_tpot_ms": 9.862064013008855,
    "avg_e2e_ms": 2772.8703601889138,
    "p50_ttft_ms": 46.18505947291851,
    "p50_tpot_ms": 9.891280239181858,
    "p50_e2e_ms": 1826.9118890166283,
    "p90_ttft_ms": 60.38839928805828,
    "p90_tpot_ms": 10.439921702615358,
    "p90_e2e_ms": 6484.485976397991,
    "p99_ttft_ms": 106.08880072832125,
    "p99_tpot_ms": 11.125294938363576,
    "p99_e2e_ms": 11135.95121279359
  },
  "all_turns": {
    "count": 2056,
    "avg_ttft_ms": 6355.529749360124,
    "avg_tpot_ms": 9.859672341107242,
    "avg_e2e_ms": 9074.4681414253,
    "p50_ttft_ms": 48.50725084543228,
    "p50_tpot_ms": 9.890184098262392,
    "p50_e2e_ms": 2701.7842810600996,
    "p90_ttft_ms": 30801.987195387483,
    "p90_tpot_ms": 10.44582723403856,
    "p90_e2e_ms": 34456.90723322332,
    "p99_ttft_ms": 58547.29756563903,
    "p99_tpot_ms": 11.17451772857935,
    "p99_e2e_ms": 61389.01239167899
  },
  "throughput": {
    "conversations_per_sec": 3.2656839554459802,
    "requests_per_sec": 13.428492424793872,
    "tokens_per_sec": 3685.9578864081454
  },
  "success_rate": {
    "turns": 100.0,
    "conversations": 100.0
  },
  "counts": {
    "total_conversations": 500,
    "successful_conversations": 500,
    "total_turns": 2056,
    "turn1_count": 500,
    "turn2plus_count": 1556,
    "successful_turns": 2056
  },
  "slo_attainment": {
    "ttft_100ms": 0.9890745501285347,
    "ttft_200ms": 0.9974293059125964,
    "ttft_500ms": 0.9980719794344473,
    "tpot_15ms": 1.0,
    "tpot_30ms": 1.0,
    "e2e_5000ms": 0.8303341902313625,
    "e2e_10000ms": 0.9794344473007712
  }
}