{
  "config": "1P_3D",
  "ppd_enabled": true,
  "qps": 4.0,
  "num_conversations": 500,
  "duration_sec": 178.45270663499832,
  "timestamp": "2026-01-21T22:45:23.524332",
  "turn1": {
    "count": 500,
    "avg_ttft_ms": 260.92066821455956,
    "avg_tpot_ms": 9.584769483969904,
    "avg_e2e_ms": 2864.3320719227195,
    "p50_ttft_ms": 40.527842938899994,
    "p50_tpot_ms": 9.557124678026447,
    "p50_e2e_ms": 1952.6227917522192,
    "p90_ttft_ms": 1128.4718178212643,
    "p90_tpot_ms": 10.27457965220795,
    "p90_e2e_ms": 6815.618702396751,
    "p99_ttft_ms": 2058.2230602204795,
    "p99_tpot_ms": 10.75801454581224,
    "p99_e2e_ms": 11593.416353091596
  },
  "turn2plus": {
    "count": 1556,
    "avg_ttft_ms": 47.63626110689729,
    "avg_tpot_ms": 9.623878522587647,
    "avg_e2e_ms": 2673.8407959357132,
    "p50_ttft_ms": 44.316645711660385,
    "p50_tpot_ms": 9.604359045624733,
    "p50_e2e_ms": 1776.7794374376535,
    "p90_ttft_ms": 59.447621926665306,
    "p90_tpot_ms": 10.251122268580067,
    "p90_e2e_ms": 6328.457599505782,
    "p99_ttft_ms": 109.26072150468836,
    "p99_tpot_ms": 10.730045239130655,
    "p99_e2e_ms": 10342.496826685967
  },
  "all_turns": {
    "count": 2056,
    "avg_ttft_ms": 99.50503715448052,
    "avg_tpot_ms": 9.614411424903704,
    "avg_e2e_ms": 2720.1664953488958,
    "p50_ttft_ms": 43.326860293745995,
    "p50_tpot_ms": 9.597335695003977,
    "p50_e2e_ms": 1832.0063222199678,
    "p90_ttft_ms": 64.44050930440426,
    "p90_tpot_ms": 10.254387722968781,
    "p90_e2e_ms": 6425.260003656149,
    "p99_ttft_ms": 1677.6796098798523,
    "p99_tpot_ms": 10.732427805662155,
    "p99_e2e_ms": 10994.30117141456
  },
  "throughput": {
    "conversations_per_sec": 2.8018627984314333,
    "requests_per_sec": 11.521259827150054,
    "tokens_per_sec": 3162.4457294127683
  },
  "success_rate": {
    "turns": 100.0,
    "conversations": 100.0
  },
  "counts": {
    "total_conversations": 500,
    "successful_conversations": 500,
    "total_turns": 2056,
    "turn1_count": 500,
    "turn2plus_count": 1556,
    "successful_turns": 2056
  },
  "slo_attainment": {
    "ttft_100ms": 0.9877892030848329,
    "ttft_200ms": 0.9980719794344473,
    "ttft_500ms": 0.9987146529562982,
    "tpot_15ms": 1.0,
    "tpot_30ms": 1.0,
    "e2e_5000ms": 0.8380462724935732,
    "e2e_10000ms": 0.9839331619537275
  }
}