{
  "config": "1P_3D",
  "ppd_enabled": true,
  "qps": 2.0,
  "num_conversations": 500,
  "duration_sec": 286.52594086155295,
  "timestamp": "2026-01-21T22:42:24.485465",
  "turn1": {
    "count": 500,
    "avg_ttft_ms": 96.676986977458,
    "avg_tpot_ms": 8.88397001481179,
    "avg_e2e_ms": 2514.823942400515,
    "p50_ttft_ms": 93.93182955682278,
    "p50_tpot_ms": 8.90406698850142,
    "p50_e2e_ms": 1674.0613467991352,
    "p90_ttft_ms": 120.13165391981602,
    "p90_tpot_ms": 9.412662228408516,
    "p90_e2e_ms": 5955.522766709331,
    "p99_ttft_ms": 173.63336421549315,
    "p99_tpot_ms": 9.933078757914247,
    "p99_e2e_ms": 9864.239112660283
  },
  "turn2plus": {
    "count": 1556,
    "avg_ttft_ms": 41.37286108111661,
    "avg_tpot_ms": 8.938272094504155,
    "avg_e2e_ms": 2485.4895959088726,
    "p50_ttft_ms": 37.03785873949528,
    "p50_tpot_ms": 8.966038702055812,
    "p50_e2e_ms": 1652.7408715337515,
    "p90_ttft_ms": 52.3703508079052,
    "p90_tpot_ms": 9.41482150771153,
    "p90_e2e_ms": 5915.0597136467695,
    "p99_ttft_ms": 130.6102506816389,
    "p99_tpot_ms": 9.889127552115877,
    "p99_e2e_ms": 9805.503118783236
  },
  "all_turns": {
    "count": 2056,
    "avg_ttft_ms": 54.8223080403436,
    "avg_tpot_ms": 8.925127227970526,
    "avg_e2e_ms": 2492.623435036218,
    "p50_ttft_ms": 40.450118482112885,
    "p50_tpot_ms": 8.95081597470468,
    "p50_e2e_ms": 1658.1627316772938,
    "p90_ttft_ms": 97.75578789412975,
    "p90_tpot_ms": 9.414946381002665,
    "p90_e2e_ms": 5928.036840632558,
    "p99_ttft_ms": 158.49415529519322,
    "p99_tpot_ms": 9.893448044462959,
    "p99_e2e_ms": 9831.590356305243
  },
  "throughput": {
    "conversations_per_sec": 1.7450426949006896,
    "requests_per_sec": 7.175615561431636,
    "tokens_per_sec": 1969.619219478239
  },
  "success_rate": {
    "turns": 100.0,
    "conversations": 100.0
  },
  "counts": {
    "total_conversations": 500,
    "successful_conversations": 500,
    "total_turns": 2056,
    "turn1_count": 500,
    "turn2plus_count": 1556,
    "successful_turns": 2056
  },
  "slo_attainment": {
    "ttft_100ms": 0.9877892030848329,
    "ttft_200ms": 0.9980719794344473,
    "ttft_500ms": 1.0,
    "tpot_15ms": 1.0,
    "tpot_30ms": 1.0,
    "e2e_5000ms": 0.8547557840616966,
    "e2e_10000ms": 0.9910025706940874
  }
}