{
  "config": "1R_2P_1D",
  "ppd_enabled": false,
  "qps": 2.0,
  "num_conversations": 500,
  "duration_sec": 294.6359378248453,
  "timestamp": "2026-01-21T13:39:10.703266",
  "turn1": {
    "count": 500,
    "avg_ttft_ms": 80.39165890216827,
    "avg_tpot_ms": 11.57201993054167,
    "avg_e2e_ms": 3490.67895925045,
    "p50_ttft_ms": 80.52672445774078,
    "p50_tpot_ms": 10.26981184259057,
    "p50_e2e_ms": 3000.92495046556,
    "p90_ttft_ms": 135.1655803620816,
    "p90_tpot_ms": 15.350672211967256,
    "p90_e2e_ms": 6943.422858044506,
    "p99_ttft_ms": 190.72355203330514,
    "p99_tpot_ms": 18.420667498940375,
    "p99_e2e_ms": 11352.767036035657
  },
  "turn2plus": {
    "count": 1704,
    "avg_ttft_ms": 85.44036629281833,
    "avg_tpot_ms": 11.66724445913994,
    "avg_e2e_ms": 3721.1710448145095,
    "p50_ttft_ms": 74.87030327320099,
    "p50_tpot_ms": 10.835504672509067,
    "p50_e2e_ms": 3251.018952578306,
    "p90_ttft_ms": 145.1716985553503,
    "p90_tpot_ms": 15.50225275203914,
    "p90_e2e_ms": 7187.766572460532,
    "p99_ttft_ms": 217.04360075294977,
    "p99_tpot_ms": 17.601159929527743,
    "p99_e2e_ms": 11334.026671648026
  },
  "all_turns": {
    "count": 2204,
    "avg_ttft_ms": 84.2950152513823,
    "avg_tpot_ms": 11.645630140433495,
    "avg_e2e_ms": 3668.8815517192147,
    "p50_ttft_ms": 76.29503682255745,
    "p50_tpot_ms": 10.679315559979582,
    "p50_e2e_ms": 3212.357245385647,
    "p90_ttft_ms": 144.17591951787475,
    "p90_tpot_ms": 15.459495600037,
    "p90_e2e_ms": 7121.611892804505,
    "p99_ttft_ms": 213.88373803347332,
    "p99_tpot_ms": 17.906128766659933,
    "p99_e2e_ms": 11351.607941240069
  },
  "throughput": {
    "conversations_per_sec": 1.6970095491108732,
    "requests_per_sec": 7.480418092480729,
    "tokens_per_sec": 2311.0113621128744
  },
  "success_rate": {
    "turns": 100.0,
    "conversations": 100.0
  },
  "counts": {
    "total_conversations": 500,
    "successful_conversations": 500,
    "total_turns": 2204,
    "turn1_count": 500,
    "turn2plus_count": 1704,
    "successful_turns": 2204
  },
  "slo_attainment": {
    "ttft_100ms": 0.6173708920187794,
    "ttft_200ms": 0.9800469483568075,
    "ttft_500ms": 1.0,
    "tpot_15ms": 0.8820754716981132,
    "tpot_30ms": 1.0,
    "e2e_5000ms": 0.7423708920187794,
    "e2e_10000ms": 0.9753521126760564
  }
}