{
  "config": "2P_1D_1pD",
  "workload": "small_tiny",
  "qps": 12,
  "turn1": {
    "count": 120,
    "avg_ttft_ms": 125.978602313747,
    "avg_tpot_ms": 9.270627571274758,
    "avg_e2e_ms": 1303.3483038656414,
    "p50_ttft_ms": 109.4080563634634,
    "p50_tpot_ms": 9.364011103478003,
    "p50_e2e_ms": 1311.6295784711838,
    "p99_ttft_ms": 294.5778111368418,
    "p99_tpot_ms": 10.203220616351432,
    "p99_e2e_ms": 1490.0153417885303
  },
  "turn2": {
    "count": 120,
    "avg_ttft_ms": 91.17725811277826,
    "avg_tpot_ms": 9.257255759971436,
    "avg_e2e_ms": 378.1521866718928,
    "p50_ttft_ms": 95.80290876328945,
    "p50_tpot_ms": 9.2259447781309,
    "p50_e2e_ms": 379.03605960309505,
    "p99_ttft_ms": 234.08668566495183,
    "p99_tpot_ms": 10.544341854270428,
    "p99_e2e_ms": 531.9314117357135
  },
  "average": {
    "count": 240,
    "avg_ttft_ms": 108.57793021326263,
    "avg_tpot_ms": 9.263941665623097,
    "avg_e2e_ms": 840.7502452687671,
    "p50_ttft_ms": 101.96148604154587,
    "p50_tpot_ms": 9.28405918661625,
    "p50_e2e_ms": 848.0416666716337,
    "p99_ttft_ms": 284.376415386796,
    "p99_tpot_ms": 10.479316480698124,
    "p99_e2e_ms": 1471.021308712661
  },
  "throughput": {
    "requests_per_sec": 21.85012582893942,
    "tokens_per_sec": 1748.0100663151536
  },
  "success_rate": 100.0,
  "total_requests": 240,
  "failed_requests": 0,
  "duration_sec": 10.983918439596891,
  "timestamp": "2026-01-18T10:38:46.889738",
  "error": null
}