{
  "config": "2P_1D_1pD",
  "workload": "small_small_bal",
  "qps": 6,
  "turn1": {
    "count": 60,
    "avg_ttft_ms": 111.9106291482846,
    "avg_tpot_ms": 8.604897499534246,
    "avg_e2e_ms": 1204.7326115891337,
    "p50_ttft_ms": 102.36936248838902,
    "p50_tpot_ms": 8.597070952569407,
    "p50_e2e_ms": 1202.3238707333803,
    "p99_ttft_ms": 218.39536536484934,
    "p99_tpot_ms": 9.069492266638072,
    "p99_e2e_ms": 1287.8612096607683
  },
  "turn2": {
    "count": 60,
    "avg_ttft_ms": 85.34149179855983,
    "avg_tpot_ms": 8.564037489630874,
    "avg_e2e_ms": 624.8758536453048,
    "p50_ttft_ms": 93.29895861446857,
    "p50_tpot_ms": 8.51657454456602,
    "p50_e2e_ms": 622.2221124917269,
    "p99_ttft_ms": 265.0049304962158,
    "p99_tpot_ms": 9.350338678156572,
    "p99_e2e_ms": 802.3322366178035
  },
  "average": {
    "count": 120,
    "avg_ttft_ms": 98.62606047342221,
    "avg_tpot_ms": 8.584467494582558,
    "avg_e2e_ms": 914.8042326172193,
    "p50_ttft_ms": 96.12035378813744,
    "p50_tpot_ms": 8.548216776005805,
    "p50_e2e_ms": 970.1672866940498,
    "p99_ttft_ms": 262.12834626436234,
    "p99_tpot_ms": 9.22060947687853,
    "p99_e2e_ms": 1264.7936265170574
  },
  "throughput": {
    "requests_per_sec": 11.304652901417542,
    "tokens_per_sec": 1085.2466785360841
  },
  "success_rate": 100.0,
  "total_requests": 120,
  "failed_requests": 0,
  "duration_sec": 10.615098141133785,
  "timestamp": "2026-01-18T10:50:17.453729",
  "error": null
}