{
  "config": "2P_1D_1pD",
  "workload": "large_mid_bal",
  "qps": 10,
  "turn1": {
    "count": 100,
    "avg_ttft_ms": 4370.442514307797,
    "avg_tpot_ms": 11.243831697643852,
    "avg_e2e_ms": 15872.882340997458,
    "p50_ttft_ms": 3966.1043286323547,
    "p50_tpot_ms": 11.198579664191891,
    "p50_e2e_ms": 15509.517040103674,
    "p99_ttft_ms": 9556.528398767114,
    "p99_tpot_ms": 11.948700150982901,
    "p99_e2e_ms": 21374.270881526172
  },
  "turn2": {
    "count": 100,
    "avg_ttft_ms": 197.29681454598904,
    "avg_tpot_ms": 11.5985604994527,
    "avg_e2e_ms": 1670.313997976482,
    "p50_ttft_ms": 152.08757854998112,
    "p50_tpot_ms": 12.144735552311882,
    "p50_e2e_ms": 1674.9470718204975,
    "p99_ttft_ms": 810.5985201522711,
    "p99_tpot_ms": 12.912128896811817,
    "p99_e2e_ms": 2418.425533547998
  },
  "average": {
    "count": 200,
    "avg_ttft_ms": 2283.869664426893,
    "avg_tpot_ms": 11.421196098548275,
    "avg_e2e_ms": 8771.59816948697,
    "p50_ttft_ms": 163.8193503022194,
    "p50_tpot_ms": 11.59970456677856,
    "p50_e2e_ms": 6587.184326723218,
    "p99_ttft_ms": 9551.47738225758,
    "p99_tpot_ms": 12.873856471631472,
    "p99_e2e_ms": 21326.94252923131
  },
  "throughput": {
    "requests_per_sec": 6.2644867475806105,
    "tokens_per_sec": 3608.344366606432
  },
  "success_rate": 100.0,
  "total_requests": 200,
  "failed_requests": 0,
  "duration_sec": 31.925999376922846,
  "timestamp": "2026-01-18T11:32:44.349516",
  "error": null
}