{
  "config": "2P_1D_1pD",
  "workload": "large_huge_paste",
  "qps": 12,
  "turn1": {
    "count": 120,
    "avg_ttft_ms": 6744.98023695002,
    "avg_tpot_ms": 11.352518271338031,
    "avg_e2e_ms": 18358.606428528827,
    "p50_ttft_ms": 8494.942201301455,
    "p50_tpot_ms": 11.253345675788317,
    "p50_e2e_ms": 20279.168458655477,
    "p99_ttft_ms": 17236.36787097901,
    "p99_tpot_ms": 12.606435987118811,
    "p99_e2e_ms": 28648.558173179626
  },
  "turn2": {
    "count": 120,
    "avg_ttft_ms": 513.4946365530292,
    "avg_tpot_ms": 11.898476399120785,
    "avg_e2e_ms": 882.3474049257735,
    "p50_ttft_ms": 192.87335686385632,
    "p50_tpot_ms": 11.515352874994278,
    "p50_e2e_ms": 585.6364164501429,
    "p99_ttft_ms": 3439.7399156540673,
    "p99_tpot_ms": 16.778618665712496,
    "p99_e2e_ms": 3793.846267424528
  },
  "average": {
    "count": 240,
    "avg_ttft_ms": 3629.2374367515245,
    "avg_tpot_ms": 11.625497335229408,
    "avg_e2e_ms": 9620.476916727299,
    "p50_ttft_ms": 236.9240950793028,
    "p50_tpot_ms": 11.344682441647452,
    "p50_e2e_ms": 11012.960493564606,
    "p99_ttft_ms": 17067.814814969897,
    "p99_tpot_ms": 16.50584762014688,
    "p99_e2e_ms": 28425.701249465346
  },
  "throughput": {
    "requests_per_sec": 6.241842869823941,
    "tokens_per_sec": 3295.693035267041
  },
  "success_rate": 100.0,
  "total_requests": 240,
  "failed_requests": 0,
  "duration_sec": 38.450182903558016,
  "timestamp": "2026-01-18T11:48:06.833288",
  "error": null
}