{
  "config": "2P_1D_1pD",
  "workload": "small_big_paste",
  "qps": 1,
  "turn1": {
    "count": 10,
    "avg_ttft_ms": 99.89084154367447,
    "avg_tpot_ms": 7.963597733439423,
    "avg_e2e_ms": 1111.2677536904812,
    "p50_ttft_ms": 97.57261909544468,
    "p50_tpot_ms": 8.017848385131266,
    "p50_e2e_ms": 1107.4259355664253,
    "p99_ttft_ms": 143.50704964250326,
    "p99_tpot_ms": 8.162860782069014,
    "p99_e2e_ms": 1166.1778976023197
  },
  "turn2": {
    "count": 10,
    "avg_ttft_ms": 91.65902696549892,
    "avg_tpot_ms": 8.01739277584212,
    "avg_e2e_ms": 596.7547718435526,
    "p50_ttft_ms": 92.30577386915684,
    "p50_tpot_ms": 8.00205985941584,
    "p50_e2e_ms": 600.8434686809778,
    "p99_ttft_ms": 139.04034491628408,
    "p99_tpot_ms": 8.315864083549332,
    "p99_e2e_ms": 648.4221311658621
  },
  "average": {
    "count": 20,
    "avg_ttft_ms": 95.7749342545867,
    "avg_tpot_ms": 7.990495254640773,
    "avg_e2e_ms": 854.0112627670169,
    "p50_ttft_ms": 97.57261909544468,
    "p50_tpot_ms": 8.009097290372807,
    "p50_e2e_ms": 861.7903459817171,
    "p99_ttft_ms": 145.76319955289364,
    "p99_tpot_ms": 8.313977348189505,
    "p99_e2e_ms": 1163.5755617916584
  },
  "throughput": {
    "requests_per_sec": 2.194691723308356,
    "tokens_per_sec": 210.69040543760218
  },
  "success_rate": 100.0,
  "total_requests": 20,
  "failed_requests": 0,
  "duration_sec": 9.112897172570229,
  "timestamp": "2026-01-18T10:55:41.811880",
  "error": null
}