{
  "config": "2P_1D_1pD",
  "workload": "small_mid_paste",
  "qps": 4,
  "turn1": {
    "count": 32,
    "avg_ttft_ms": 99.05815438833088,
    "avg_tpot_ms": 8.256309894903556,
    "avg_e2e_ms": 1147.6095110410824,
    "p50_ttft_ms": 98.27814996242523,
    "p50_tpot_ms": 8.277025161765692,
    "p50_e2e_ms": 1154.564529657364,
    "p99_ttft_ms": 134.63084366172555,
    "p99_tpot_ms": 8.56785004357184,
    "p99_e2e_ms": 1187.4825560301542
  },
  "turn2": {
    "count": 32,
    "avg_ttft_ms": 79.84205021057278,
    "avg_tpot_ms": 8.354998319335873,
    "avg_e2e_ms": 606.2069443287328,
    "p50_ttft_ms": 93.51117722690105,
    "p50_tpot_ms": 8.365909820274702,
    "p50_e2e_ms": 613.1687741726637,
    "p99_ttft_ms": 166.67020771652466,
    "p99_tpot_ms": 8.72155850901017,
    "p99_e2e_ms": 705.0394111499191
  },
  "average": {
    "count": 64,
    "avg_ttft_ms": 89.45010229945183,
    "avg_tpot_ms": 8.305654107119715,
    "avg_e2e_ms": 876.9082276849076,
    "p50_ttft_ms": 97.11146727204323,
    "p50_tpot_ms": 8.292013867281554,
    "p50_e2e_ms": 898.4809722751379,
    "p99_ttft_ms": 155.25245044380418,
    "p99_tpot_ms": 8.720659387135317,
    "p99_e2e_ms": 1185.63347928226
  },
  "throughput": {
    "requests_per_sec": 5.465788614233394,
    "tokens_per_sec": 524.7157069664058
  },
  "success_rate": 100.0,
  "total_requests": 64,
  "failed_requests": 0,
  "duration_sec": 11.709197796881199,
  "timestamp": "2026-01-18T10:54:07.694982",
  "error": null
}