{
  "config": "2P_1D_1pD",
  "workload": "small_big_paste",
  "qps": 10,
  "turn1": {
    "count": 78,
    "avg_ttft_ms": 123.07072932330462,
    "avg_tpot_ms": 9.004967152551885,
    "avg_e2e_ms": 1266.701557697394,
    "p50_ttft_ms": 106.08943924307823,
    "p50_tpot_ms": 8.905869461302682,
    "p50_e2e_ms": 1250.0241957604885,
    "p99_ttft_ms": 238.61360870301726,
    "p99_tpot_ms": 10.216384912276363,
    "p99_e2e_ms": 1408.0717745795846
  },
  "turn2": {
    "count": 78,
    "avg_ttft_ms": 114.34353854602728,
    "avg_tpot_ms": 9.133274675683127,
    "avg_e2e_ms": 689.7398431140643,
    "p50_ttft_ms": 115.43986946344376,
    "p50_tpot_ms": 8.988715708255768,
    "p50_e2e_ms": 687.6638643443584,
    "p99_ttft_ms": 241.185417622328,
    "p99_tpot_ms": 10.737623028338902,
    "p99_e2e_ms": 805.452820286155
  },
  "average": {
    "count": 156,
    "avg_ttft_ms": 118.70713393466595,
    "avg_tpot_ms": 9.069120914117507,
    "avg_e2e_ms": 978.2207004057291,
    "p50_ttft_ms": 108.68929512798786,
    "p50_tpot_ms": 8.947656600140226,
    "p50_e2e_ms": 987.2527625411749,
    "p99_ttft_ms": 239.84720148146147,
    "p99_tpot_ms": 10.641094545523325,
    "p99_e2e_ms": 1403.8099555298686
  },
  "throughput": {
    "requests_per_sec": 13.187732387359992,
    "tokens_per_sec": 1266.0223091865591
  },
  "success_rate": 100.0,
  "total_requests": 156,
  "failed_requests": 0,
  "duration_sec": 11.829175435006618,
  "timestamp": "2026-01-18T10:56:39.521313",
  "error": null
}