{
  "config": "2P_1D_1pD",
  "workload": "large_mid_bal",
  "qps": 2,
  "turn1": {
    "count": 18,
    "avg_ttft_ms": 140.74825329913034,
    "avg_tpot_ms": 9.042843537607643,
    "avg_e2e_ms": 9391.577192271749,
    "p50_ttft_ms": 139.3372379243374,
    "p50_tpot_ms": 9.05056978746127,
    "p50_e2e_ms": 9406.49662911892,
    "p99_ttft_ms": 179.89103071391577,
    "p99_tpot_ms": 9.394064157334533,
    "p99_e2e_ms": 9760.931861922145
  },
  "turn2": {
    "count": 18,
    "avg_ttft_ms": 99.42115346590678,
    "avg_tpot_ms": 9.017774507677148,
    "avg_e2e_ms": 1244.6785159409046,
    "p50_ttft_ms": 69.2915040999651,
    "p50_tpot_ms": 8.950786885079436,
    "p50_e2e_ms": 1269.1676169633865,
    "p99_ttft_ms": 161.44110031425953,
    "p99_tpot_ms": 9.833402085726656,
    "p99_e2e_ms": 1389.7502675652502
  },
  "average": {
    "count": 36,
    "avg_ttft_ms": 120.08470338251855,
    "avg_tpot_ms": 9.030309022642395,
    "avg_e2e_ms": 5318.127854106327,
    "p50_ttft_ms": 139.0564851462841,
    "p50_tpot_ms": 8.950786885079436,
    "p50_e2e_ms": 5020.703259855509,
    "p99_ttft_ms": 176.765420474112,
    "p99_tpot_ms": 9.828399068961932,
    "p99_e2e_ms": 9752.595423534513
  },
  "throughput": {
    "requests_per_sec": 1.9190135624819855,
    "tokens_per_sec": 1105.3518119896237
  },
  "success_rate": 100.0,
  "total_requests": 36,
  "failed_requests": 0,
  "duration_sec": 18.759638130664825,
  "timestamp": "2026-01-18T11:30:55.501354",
  "error": null
}