{
  "config": "2P_1D_1pD",
  "workload": "large_mid_paste",
  "qps": 1,
  "turn1": {
    "count": 10,
    "avg_ttft_ms": 141.95285066962242,
    "avg_tpot_ms": 8.478387329774751,
    "avg_e2e_ms": 8815.343089029193,
    "p50_ttft_ms": 140.6009029597044,
    "p50_tpot_ms": 8.50156487265232,
    "p50_e2e_ms": 8830.813942477107,
    "p99_ttft_ms": 181.9865296036005,
    "p99_tpot_ms": 8.552870393629647,
    "p99_e2e_ms": 8915.56500479579
  },
  "turn2": {
    "count": 10,
    "avg_ttft_ms": 116.82669259607792,
    "avg_tpot_ms": 8.431139688879723,
    "avg_e2e_ms": 647.9884929955006,
    "p50_ttft_ms": 124.42227080464363,
    "p50_tpot_ms": 8.394218449081693,
    "p50_e2e_ms": 648.7432662397623,
    "p99_ttft_ms": 158.4499454125762,
    "p99_tpot_ms": 9.003529194446784,
    "p99_e2e_ms": 712.6884623616934
  },
  "average": {
    "count": 20,
    "avg_ttft_ms": 129.38977163285017,
    "avg_tpot_ms": 8.45476350932724,
    "avg_e2e_ms": 4731.665791012347,
    "p50_ttft_ms": 135.05832105875015,
    "p50_tpot_ms": 8.466128512983914,
    "p50_e2e_ms": 4702.259942889214,
    "p99_ttft_ms": 180.04464287310836,
    "p99_tpot_ms": 8.983533142932824,
    "p99_e2e_ms": 8911.910638064146
  },
  "throughput": {
    "requests_per_sec": 1.062110554243574,
    "tokens_per_sec": 577.7881415085043
  },
  "success_rate": 100.0,
  "total_requests": 20,
  "failed_requests": 0,
  "duration_sec": 18.83043146505952,
  "timestamp": "2026-01-18T11:35:43.697726",
  "error": null
}