{
  "config": "2P_1D_1pD",
  "workload": "small_short_gen",
  "qps": 6,
  "turn1": {
    "count": 60,
    "avg_ttft_ms": 115.58373315880696,
    "avg_tpot_ms": 8.93264984091123,
    "avg_e2e_ms": 1250.030262954533,
    "p50_ttft_ms": 103.25652733445168,
    "p50_tpot_ms": 9.016255518113535,
    "p50_e2e_ms": 1248.7135082483292,
    "p99_ttft_ms": 240.426565222442,
    "p99_tpot_ms": 9.468150550103562,
    "p99_e2e_ms": 1402.4784344807267
  },
  "turn2": {
    "count": 60,
    "avg_ttft_ms": 83.81395271668832,
    "avg_tpot_ms": 8.997593145647082,
    "avg_e2e_ms": 2378.2002048566937,
    "p50_ttft_ms": 92.79743768274784,
    "p50_tpot_ms": 9.056473713295134,
    "p50_e2e_ms": 2393.3532405644655,
    "p99_ttft_ms": 205.5087289214133,
    "p99_tpot_ms": 9.379226374275545,
    "p99_e2e_ms": 2542.209046371281
  },
  "average": {
    "count": 120,
    "avg_ttft_ms": 99.69884293774764,
    "avg_tpot_ms": 8.965121493279154,
    "avg_e2e_ms": 1814.1152339056134,
    "p50_ttft_ms": 99.31795671582222,
    "p50_tpot_ms": 9.033427859737179,
    "p50_e2e_ms": 1764.168631285429,
    "p99_ttft_ms": 222.6562738791108,
    "p99_tpot_ms": 9.436309288629866,
    "p99_e2e_ms": 2531.8903439864516
  },
  "throughput": {
    "requests_per_sec": 9.082217906280563,
    "tokens_per_sec": 1743.7858380058683
  },
  "success_rate": 100.0,
  "total_requests": 120,
  "failed_requests": 0,
  "duration_sec": 13.212631676346064,
  "timestamp": "2026-01-18T10:40:13.775901",
  "error": null
}