{
  "config": "2P_1D_1pD",
  "workload": "large_huge_paste",
  "qps": 8,
  "turn1": {
    "count": 80,
    "avg_ttft_ms": 2683.4512112196535,
    "avg_tpot_ms": 11.024752650856026,
    "avg_e2e_ms": 13961.773173045367,
    "p50_ttft_ms": 181.40795826911926,
    "p50_tpot_ms": 11.054918585110268,
    "p50_e2e_ms": 11923.854634165764,
    "p99_ttft_ms": 8018.99557650089,
    "p99_tpot_ms": 11.693340723174291,
    "p99_e2e_ms": 18886.85667589307
  },
  "turn2": {
    "count": 80,
    "avg_ttft_ms": 456.4292449038476,
    "avg_tpot_ms": 11.385199968372623,
    "avg_e2e_ms": 809.3704439233989,
    "p50_ttft_ms": 222.31288254261017,
    "p50_tpot_ms": 11.300868745292387,
    "p50_e2e_ms": 594.9726048856974,
    "p99_ttft_ms": 1969.322591722011,
    "p99_tpot_ms": 15.28073783483236,
    "p99_e2e_ms": 2322.6385868713255
  },
  "average": {
    "count": 160,
    "avg_ttft_ms": 1569.9402280617505,
    "avg_tpot_ms": 11.204976309614324,
    "avg_e2e_ms": 7385.571808484383,
    "p50_ttft_ms": 209.5334455370903,
    "p50_tpot_ms": 11.144053251031906,
    "p50_e2e_ms": 6583.771822974086,
    "p99_ttft_ms": 7854.150850400328,
    "p99_tpot_ms": 15.007651055291774,
    "p99_e2e_ms": 18734.841772466898
  },
  "throughput": {
    "requests_per_sec": 5.659438780728024,
    "tokens_per_sec": 2988.183676224397
  },
  "success_rate": 100.0,
  "total_requests": 160,
  "failed_requests": 0,
  "duration_sec": 28.271354492753744,
  "timestamp": "2026-01-18T11:46:58.217525",
  "error": null
}