{
  "config": "2P_1D_1pD",
  "workload": "small_mid_paste",
  "qps": 10,
  "turn1": {
    "count": 82,
    "avg_ttft_ms": 119.64769988525205,
    "avg_tpot_ms": 8.963504422685682,
    "avg_e2e_ms": 1258.0127615663337,
    "p50_ttft_ms": 103.57148200273514,
    "p50_tpot_ms": 9.014750999493863,
    "p50_e2e_ms": 1255.7003572583199,
    "p99_ttft_ms": 290.12634370475996,
    "p99_tpot_ms": 9.407271409011262,
    "p99_e2e_ms": 1449.6733418107033
  },
  "turn2": {
    "count": 82,
    "avg_ttft_ms": 96.07906067153303,
    "avg_tpot_ms": 8.962428582341136,
    "avg_e2e_ms": 660.7120613590246,
    "p50_ttft_ms": 98.06751273572445,
    "p50_tpot_ms": 8.972643682407956,
    "p50_e2e_ms": 653.1902272254229,
    "p99_ttft_ms": 271.7277286201715,
    "p99_tpot_ms": 9.798824363166377,
    "p99_e2e_ms": 845.5435364693403
  },
  "average": {
    "count": 164,
    "avg_ttft_ms": 107.86338027839254,
    "avg_tpot_ms": 8.96296650251341,
    "avg_e2e_ms": 959.3624114626791,
    "p50_ttft_ms": 100.15062987804413,
    "p50_tpot_ms": 8.986824503711588,
    "p50_e2e_ms": 1001.648124307394,
    "p99_ttft_ms": 283.9162704348564,
    "p99_tpot_ms": 9.605091199397096,
    "p99_e2e_ms": 1418.2301251217725
  },
  "throughput": {
    "requests_per_sec": 14.352097830201519,
    "tokens_per_sec": 1377.8013916993457
  },
  "success_rate": 100.0,
  "total_requests": 164,
  "failed_requests": 0,
  "duration_sec": 11.426900926977396,
  "timestamp": "2026-01-18T10:54:42.271965",
  "error": null
}