{
  "config": "2P_1D_1pD",
  "workload": "small_mid_bal",
  "qps": 1,
  "turn1": {
    "count": 10,
    "avg_ttft_ms": 109.54989083111286,
    "avg_tpot_ms": 7.9791822771387775,
    "avg_e2e_ms": 1122.9060400277376,
    "p50_ttft_ms": 95.84996663033962,
    "p50_tpot_ms": 7.984975235551361,
    "p50_e2e_ms": 1113.0021940916777,
    "p99_ttft_ms": 170.93674190342426,
    "p99_tpot_ms": 8.097126509143612,
    "p99_e2e_ms": 1179.0356834605336
  },
  "turn2": {
    "count": 10,
    "avg_ttft_ms": 91.25831909477711,
    "avg_tpot_ms": 8.003212062744645,
    "avg_e2e_ms": 1107.6662510633469,
    "p50_ttft_ms": 90.6473882496357,
    "p50_tpot_ms": 8.060066088095425,
    "p50_e2e_ms": 1116.5800858289003,
    "p99_ttft_ms": 175.79328767955303,
    "p99_tpot_ms": 8.146844883779371,
    "p99_e2e_ms": 1183.546452857554
  },
  "average": {
    "count": 20,
    "avg_ttft_ms": 100.40410496294498,
    "avg_tpot_ms": 7.991197169941712,
    "avg_e2e_ms": 1115.2861455455422,
    "p50_ttft_ms": 90.66572971642017,
    "p50_tpot_ms": 8.01670673031976,
    "p50_e2e_ms": 1115.3889205306768,
    "p99_ttft_ms": 175.69506146013737,
    "p99_tpot_ms": 8.144056545057165,
    "p99_e2e_ms": 1183.5462118312716
  },
  "throughput": {
    "requests_per_sec": 1.7945657843904843,
    "tokens_per_sec": 229.704420401982
  },
  "success_rate": 100.0,
  "total_requests": 20,
  "failed_requests": 0,
  "duration_sec": 11.144757229834795,
  "timestamp": "2026-01-18T10:51:42.285592",
  "error": null
}