{
  "config": "2P_1D_1pD",
  "workload": "small_big_paste",
  "qps": 16,
  "turn1": {
    "count": 160,
    "avg_ttft_ms": 155.92373325489461,
    "avg_tpot_ms": 10.705739802013584,
    "avg_e2e_ms": 1515.5526881106198,
    "p50_ttft_ms": 130.3225252777338,
    "p50_tpot_ms": 10.322084899727754,
    "p50_e2e_ms": 1494.0082095563412,
    "p99_ttft_ms": 316.45897183567286,
    "p99_tpot_ms": 13.274889856166258,
    "p99_e2e_ms": 1919.4223665818572
  },
  "turn2": {
    "count": 160,
    "avg_ttft_ms": 143.66045808419585,
    "avg_tpot_ms": 10.863798033697382,
    "avg_e2e_ms": 828.079734207131,
    "p50_ttft_ms": 131.3298810273409,
    "p50_tpot_ms": 10.357929157122733,
    "p50_e2e_ms": 818.7086507678032,
    "p99_ttft_ms": 351.76524214446545,
    "p99_tpot_ms": 13.916377835567035,
    "p99_e2e_ms": 1048.3005264401436
  },
  "average": {
    "count": 320,
    "avg_ttft_ms": 149.79209566954523,
    "avg_tpot_ms": 10.784768917855484,
    "avg_e2e_ms": 1171.8162111588754,
    "p50_ttft_ms": 130.41519559919834,
    "p50_tpot_ms": 10.344767014146477,
    "p50_e2e_ms": 1155.426561832428,
    "p99_ttft_ms": 346.83711003512144,
    "p99_tpot_ms": 13.555859769029276,
    "p99_e2e_ms": 1900.2943186834455
  },
  "throughput": {
    "requests_per_sec": 26.70905551462777,
    "tokens_per_sec": 2564.0693294042658
  },
  "success_rate": 100.0,
  "total_requests": 320,
  "failed_requests": 0,
  "duration_sec": 11.98095529153943,
  "timestamp": "2026-01-18T10:57:02.340797",
  "error": null
}