{
  "config": "2P_1D_1pD",
  "workload": "small_big_paste",
  "qps": 6,
  "turn1": {
    "count": 60,
    "avg_ttft_ms": 118.24907983342807,
    "avg_tpot_ms": 8.746832537799683,
    "avg_e2e_ms": 1229.0968121339877,
    "p50_ttft_ms": 102.78279893100262,
    "p50_tpot_ms": 8.725085244404049,
    "p50_e2e_ms": 1216.51978418231,
    "p99_ttft_ms": 260.8241106197237,
    "p99_tpot_ms": 9.435333598141126,
    "p99_e2e_ms": 1418.8181938603518
  },
  "turn2": {
    "count": 60,
    "avg_ttft_ms": 116.3362305611372,
    "avg_tpot_ms": 8.72170896658664,
    "avg_e2e_ms": 665.8038954560956,
    "p50_ttft_ms": 126.08779408037663,
    "p50_tpot_ms": 8.71674654384454,
    "p50_e2e_ms": 675.8141703903675,
    "p99_ttft_ms": 223.70088491588808,
    "p99_tpot_ms": 9.70263167269646,
    "p99_e2e_ms": 780.1062952354549
  },
  "average": {
    "count": 120,
    "avg_ttft_ms": 117.29265519728263,
    "avg_tpot_ms": 8.734270752193162,
    "avg_e2e_ms": 947.4503537950417,
    "p50_ttft_ms": 110.95057986676693,
    "p50_tpot_ms": 8.71674654384454,
    "p50_e2e_ms": 972.217608243227,
    "p99_ttft_ms": 262.0497597381473,
    "p99_tpot_ms": 9.591942142163004,
    "p99_e2e_ms": 1395.7667130231857
  },
  "throughput": {
    "requests_per_sec": 10.245673450867928,
    "tokens_per_sec": 983.584651283321
  },
  "success_rate": 100.0,
  "total_requests": 120,
  "failed_requests": 0,
  "duration_sec": 11.712260846048594,
  "timestamp": "2026-01-18T10:56:16.563470",
  "error": null
}