{
  "config": "2P_1D_1pD",
  "workload": "large_small_bal",
  "qps": 20,
  "turn1": {
    "count": 196,
    "avg_ttft_ms": 15570.485830078927,
    "avg_tpot_ms": 11.364385549301655,
    "avg_e2e_ms": 27196.25224701452,
    "p50_ttft_ms": 10823.568891733885,
    "p50_tpot_ms": 11.141563819417273,
    "p50_e2e_ms": 23081.91005140543,
    "p99_ttft_ms": 33212.302603945136,
    "p99_tpot_ms": 12.29301021067482,
    "p99_e2e_ms": 44435.17838027328
  },
  "turn2": {
    "count": 196,
    "avg_ttft_ms": 204.55811938689072,
    "avg_tpot_ms": 12.058029101529785,
    "avg_e2e_ms": 964.2139527832671,
    "p50_ttft_ms": 146.8216646462679,
    "p50_tpot_ms": 11.878362339403894,
    "p50_e2e_ms": 911.7029886692762,
    "p99_ttft_ms": 886.9394574314358,
    "p99_tpot_ms": 15.394928155555611,
    "p99_e2e_ms": 1632.5803544372322
  },
  "average": {
    "count": 392,
    "avg_ttft_ms": 7887.521974732909,
    "avg_tpot_ms": 11.71120732541572,
    "avg_e2e_ms": 14080.233099898893,
    "p50_ttft_ms": 217.85079687833786,
    "p50_tpot_ms": 11.50204003526904,
    "p50_e2e_ms": 6924.896311014891,
    "p99_ttft_ms": 33174.10002209246,
    "p99_tpot_ms": 15.368630486939633,
    "p99_e2e_ms": 44311.18783805519
  },
  "throughput": {
    "requests_per_sec": 7.152582843477321,
    "tokens_per_sec": 3891.0050668516624
  },
  "success_rate": 100.0,
  "total_requests": 392,
  "failed_requests": 0,
  "duration_sec": 54.80537710338831,
  "timestamp": "2026-01-18T11:29:56.482763",
  "error": null
}