{
  "config": "2P_1D_1pD",
  "workload": "large_small_bal",
  "qps": 16,
  "turn1": {
    "count": 149,
    "avg_ttft_ms": 9422.554133047393,
    "avg_tpot_ms": 11.348952879351529,
    "avg_e2e_ms": 21032.53292862401,
    "p50_ttft_ms": 9531.518623232841,
    "p50_tpot_ms": 11.346178422458943,
    "p50_e2e_ms": 21296.878669410944,
    "p99_ttft_ms": 19434.087003916502,
    "p99_tpot_ms": 12.105125831339949,
    "p99_e2e_ms": 31052.048699706793
  },
  "turn2": {
    "count": 149,
    "avg_ttft_ms": 259.1222324377338,
    "avg_tpot_ms": 12.139481890089812,
    "avg_e2e_ms": 1023.9095915133921,
    "p50_ttft_ms": 143.70819926261902,
    "p50_tpot_ms": 12.262009143356293,
    "p50_e2e_ms": 903.7527292966843,
    "p99_ttft_ms": 468.1128130853185,
    "p99_tpot_ms": 15.028833668856395,
    "p99_e2e_ms": 1289.2496235668666
  },
  "average": {
    "count": 298,
    "avg_ttft_ms": 4840.838182742564,
    "avg_tpot_ms": 11.74421738472067,
    "avg_e2e_ms": 11028.2212600687,
    "p50_ttft_ms": 172.40022495388985,
    "p50_tpot_ms": 11.627954042144303,
    "p50_e2e_ms": 10837.509337812662,
    "p99_ttft_ms": 19418.308310434222,
    "p99_tpot_ms": 14.90684653440165,
    "p99_e2e_ms": 31006.164385676384
  },
  "throughput": {
    "requests_per_sec": 7.1747633201811345,
    "tokens_per_sec": 3903.071246178537
  },
  "success_rate": 100.0,
  "total_requests": 298,
  "failed_requests": 0,
  "duration_sec": 41.53447113186121,
  "timestamp": "2026-01-18T11:29:01.636244",
  "error": null
}