{
  "config": "2P_1D_1pD",
  "workload": "small_very_long_gen",
  "qps": 1,
  "turn1": {
    "count": 10,
    "avg_ttft_ms": 98.78319129347801,
    "avg_tpot_ms": 8.135305544522804,
    "avg_e2e_ms": 1131.966995447874,
    "p50_ttft_ms": 97.52889350056648,
    "p50_tpot_ms": 8.185647721365681,
    "p50_e2e_ms": 1139.8298610001802,
    "p99_ttft_ms": 111.60885579884052,
    "p99_tpot_ms": 8.399016296887023,
    "p99_e2e_ms": 1159.6570763364434
  },
  "turn2": {
    "count": 10,
    "avg_ttft_ms": 70.41332796216011,
    "avg_tpot_ms": 8.300688314749582,
    "avg_e2e_ms": 8562.017473950982,
    "p50_ttft_ms": 84.65203642845154,
    "p50_tpot_ms": 8.316103023051749,
    "p50_e2e_ms": 8574.414851143956,
    "p99_ttft_ms": 105.33010624349117,
    "p99_tpot_ms": 8.411311967806382,
    "p99_e2e_ms": 8683.959211446345
  },
  "average": {
    "count": 20,
    "avg_ttft_ms": 84.59825962781906,
    "avg_tpot_ms": 8.217996929636191,
    "avg_e2e_ms": 4846.992234699428,
    "p50_ttft_ms": 95.52367776632309,
    "p50_tpot_ms": 8.269237587456013,
    "p50_e2e_ms": 4778.097597882152,
    "p99_ttft_ms": 111.15432940423489,
    "p99_tpot_ms": 8.41085761348523,
    "p99_e2e_ms": 8678.869723193347
  },
  "throughput": {
    "requests_per_sec": 1.174179217495453,
    "tokens_per_sec": 676.327229277381
  },
  "success_rate": 100.0,
  "total_requests": 20,
  "failed_requests": 0,
  "duration_sec": 17.03317492082715,
  "timestamp": "2026-01-18T10:45:11.424110",
  "error": null
}