{
  "config": "2P_1D_1pD",
  "workload": "small_mid_bal",
  "qps": 16,
  "turn1": {
    "count": 155,
    "avg_ttft_ms": 147.56756573915482,
    "avg_tpot_ms": 10.169349166836446,
    "avg_e2e_ms": 1439.0749099273835,
    "p50_ttft_ms": 128.60530614852905,
    "p50_tpot_ms": 10.155946602971534,
    "p50_e2e_ms": 1422.1981354057789,
    "p99_ttft_ms": 368.1159960478545,
    "p99_tpot_ms": 11.043018557307288,
    "p99_e2e_ms": 1731.206019073725
  },
  "turn2": {
    "count": 155,
    "avg_ttft_ms": 122.30602978698668,
    "avg_tpot_ms": 10.10245630999704,
    "avg_e2e_ms": 1405.3179811566106,
    "p50_ttft_ms": 107.3627732694149,
    "p50_tpot_ms": 10.281276045821784,
    "p50_e2e_ms": 1385.1123712956905,
    "p99_ttft_ms": 338.79820771515375,
    "p99_tpot_ms": 11.031568615924655,
    "p99_e2e_ms": 1710.3814489394426
  },
  "average": {
    "count": 310,
    "avg_ttft_ms": 134.93679776307076,
    "avg_tpot_ms": 10.135902738416743,
    "avg_e2e_ms": 1422.196445541997,
    "p50_ttft_ms": 117.11332201957703,
    "p50_tpot_ms": 10.199948910653122,
    "p50_e2e_ms": 1412.1699593961239,
    "p99_ttft_ms": 362.75771383196167,
    "p99_tpot_ms": 11.040023729557127,
    "p99_e2e_ms": 1721.0090478137138
  },
  "throughput": {
    "requests_per_sec": 25.061130858050184,
    "tokens_per_sec": 3207.8247498304236
  },
  "success_rate": 100.0,
  "total_requests": 310,
  "failed_requests": 0,
  "duration_sec": 12.369753055274487,
  "timestamp": "2026-01-18T10:53:05.872331",
  "error": null
}