{
  "config": "2P_1D_1pD",
  "workload": "large_tiny",
  "qps": 12,
  "turn1": {
    "count": 116,
    "avg_ttft_ms": 5802.084574572228,
    "avg_tpot_ms": 11.158197282100847,
    "avg_e2e_ms": 17216.920394161396,
    "p50_ttft_ms": 7434.654168784618,
    "p50_tpot_ms": 11.223705944296551,
    "p50_e2e_ms": 19005.805917084217,
    "p99_ttft_ms": 16255.374051071702,
    "p99_tpot_ms": 11.864954799610324,
    "p99_e2e_ms": 26644.833601266146
  },
  "turn2": {
    "count": 115,
    "avg_ttft_ms": 224.38822375691456,
    "avg_tpot_ms": 11.360943796006026,
    "avg_e2e_ms": 576.5774814331013,
    "p50_ttft_ms": 156.6094495356083,
    "p50_tpot_ms": 11.555443007138468,
    "p50_e2e_ms": 511.8425488471985,
    "p99_ttft_ms": 1492.4970044940708,
    "p99_tpot_ms": 13.206370266214494,
    "p99_e2e_ms": 1901.790051013231
  },
  "average": {
    "count": 231,
    "avg_ttft_ms": 3025.309334988847,
    "avg_tpot_ms": 11.259131693785243,
    "avg_e2e_ms": 8932.766996049906,
    "p50_ttft_ms": 183.3529733121395,
    "p50_tpot_ms": 11.350455423516612,
    "p50_e2e_ms": 10537.815988063812,
    "p99_ttft_ms": 16052.295348048208,
    "p99_tpot_ms": 13.193377047296494,
    "p99_e2e_ms": 26633.70405510068
  },
  "throughput": {
    "requests_per_sec": 6.2302049981180385,
    "tokens_per_sec": 3302.9256488724136
  },
  "success_rate": 99.56896551724138,
  "total_requests": 232,
  "failed_requests": 1,
  "duration_sec": 37.07743165269494,
  "timestamp": "2026-01-18T11:02:26.926581",
  "error": "ServerDown: [Errno 104] Connection reset by peer"
}