{
  "config": "2P_1D_1pD",
  "workload": "large_mid_bal",
  "qps": 20,
  "turn1": {
    "count": 185,
    "avg_ttft_ms": 15225.51871801953,
    "avg_tpot_ms": 11.37829047707295,
    "avg_e2e_ms": 26865.509876065156,
    "p50_ttft_ms": 11434.686459600925,
    "p50_tpot_ms": 11.280133752179635,
    "p50_e2e_ms": 24190.808553248644,
    "p99_ttft_ms": 34690.52940413356,
    "p99_tpot_ms": 12.528164021284816,
    "p99_e2e_ms": 45574.93816912174
  },
  "turn2": {
    "count": 185,
    "avg_ttft_ms": 186.42502392868738,
    "avg_tpot_ms": 11.819499177225195,
    "avg_e2e_ms": 1687.5014194362873,
    "p50_ttft_ms": 154.3789729475975,
    "p50_tpot_ms": 11.772124815409578,
    "p50_e2e_ms": 1673.1796637177467,
    "p99_ttft_ms": 1105.7010026276112,
    "p99_tpot_ms": 14.710209483471443,
    "p99_e2e_ms": 2602.4911960959435
  },
  "average": {
    "count": 370,
    "avg_ttft_ms": 7705.971870974109,
    "avg_tpot_ms": 11.598894827149072,
    "avg_e2e_ms": 14276.505647750722,
    "p50_ttft_ms": 208.77343229949474,
    "p50_tpot_ms": 11.561082020576748,
    "p50_e2e_ms": 6659.6102360636,
    "p99_ttft_ms": 33987.8606460616,
    "p99_tpot_ms": 14.649138518968435,
    "p99_e2e_ms": 45115.26611961424
  },
  "throughput": {
    "requests_per_sec": 6.5082015418264545,
    "tokens_per_sec": 3748.7240880920376
  },
  "success_rate": 100.0,
  "total_requests": 370,
  "failed_requests": 0,
  "duration_sec": 56.8513432815671,
  "timestamp": "2026-01-18T11:35:03.040252",
  "error": null
}