{
  "config": "2P_1D_1pD",
  "workload": "small_huge_paste",
  "qps": 16,
  "turn1": {
    "count": 160,
    "avg_ttft_ms": 319.36306064017117,
    "avg_tpot_ms": 10.85788420856175,
    "avg_e2e_ms": 1698.3143551275134,
    "p50_ttft_ms": 146.37904055416584,
    "p50_tpot_ms": 10.717013997473117,
    "p50_e2e_ms": 1662.436744198203,
    "p99_ttft_ms": 1193.2603037357328,
    "p99_tpot_ms": 13.060535925521156,
    "p99_e2e_ms": 2549.1625713184476
  },
  "turn2": {
    "count": 160,
    "avg_ttft_ms": 517.9987030802295,
    "avg_tpot_ms": 10.977877728310563,
    "avg_e2e_ms": 858.3129126578569,
    "p50_ttft_ms": 179.55365031957626,
    "p50_tpot_ms": 10.530915171388656,
    "p50_e2e_ms": 542.5084736198187,
    "p99_ttft_ms": 2291.8055153638124,
    "p99_tpot_ms": 15.579396307228071,
    "p99_e2e_ms": 2584.833340346813
  },
  "average": {
    "count": 320,
    "avg_ttft_ms": 418.6808818602003,
    "avg_tpot_ms": 10.917880968436156,
    "avg_e2e_ms": 1278.3136338926852,
    "p50_ttft_ms": 163.66668604314327,
    "p50_tpot_ms": 10.624466524008781,
    "p50_e2e_ms": 1399.2395084351301,
    "p99_ttft_ms": 2266.5001939982176,
    "p99_tpot_ms": 15.103222424945525,
    "p99_e2e_ms": 2580.3575541824102
  },
  "throughput": {
    "requests_per_sec": 24.332854041388103,
    "tokens_per_sec": 1946.6283233110482
  },
  "success_rate": 100.0,
  "total_requests": 320,
  "failed_requests": 0,
  "duration_sec": 13.150943964719772,
  "timestamp": "2026-01-18T10:58:59.455679",
  "error": null
}