{
  "config": "2P_1D_1pD",
  "workload": "large_short_gen",
  "qps": 4,
  "turn1": {
    "count": 32,
    "avg_ttft_ms": 152.89095707703382,
    "avg_tpot_ms": 9.846960038505676,
    "avg_e2e_ms": 10226.331076468341,
    "p50_ttft_ms": 143.0477797985077,
    "p50_tpot_ms": 9.977875699818075,
    "p50_e2e_ms": 10353.641444817185,
    "p99_ttft_ms": 207.45845768600705,
    "p99_tpot_ms": 10.128730115674633,
    "p99_e2e_ms": 10524.203471690416
  },
  "turn2": {
    "count": 32,
    "avg_ttft_ms": 128.3638138556853,
    "avg_tpot_ms": 9.716987207659757,
    "avg_e2e_ms": 2606.1955518089235,
    "p50_ttft_ms": 150.20578913390636,
    "p50_tpot_ms": 9.957586842424728,
    "p50_e2e_ms": 2675.325568765402,
    "p99_ttft_ms": 222.87264239043,
    "p99_tpot_ms": 10.45989007780365,
    "p99_e2e_ms": 2803.4650383144617
  },
  "average": {
    "count": 64,
    "avg_ttft_ms": 140.62738546635956,
    "avg_tpot_ms": 9.781973623082717,
    "avg_e2e_ms": 6416.263314138632,
    "p50_ttft_ms": 146.59851789474487,
    "p50_tpot_ms": 9.976634738958147,
    "p50_e2e_ms": 6183.831496164203,
    "p99_ttft_ms": 218.1469482928514,
    "p99_tpot_ms": 10.452488583384776,
    "p99_e2e_ms": 10518.293928653002
  },
  "throughput": {
    "requests_per_sec": 2.8750794060554954,
    "tokens_per_sec": 1840.0508198755172
  },
  "success_rate": 100.0,
  "total_requests": 64,
  "failed_requests": 0,
  "duration_sec": 22.260254748165607,
  "timestamp": "2026-01-18T11:05:34.680326",
  "error": null
}