{
  "config": "2P_1D_1pD",
  "workload": "small_mid_bal",
  "qps": 4,
  "turn1": {
    "count": 40,
    "avg_ttft_ms": 99.68429990112782,
    "avg_tpot_ms": 8.428539096663787,
    "avg_e2e_ms": 1170.1087651774287,
    "p50_ttft_ms": 96.21386602520943,
    "p50_tpot_ms": 8.436976000666618,
    "p50_e2e_ms": 1172.846170142293,
    "p99_ttft_ms": 132.43099972605705,
    "p99_tpot_ms": 8.722911430742798,
    "p99_e2e_ms": 1214.045913927257
  },
  "turn2": {
    "count": 40,
    "avg_ttft_ms": 73.26266085729003,
    "avg_tpot_ms": 8.430931264695925,
    "avg_e2e_ms": 1143.9909314736724,
    "p50_ttft_ms": 94.56510841846466,
    "p50_tpot_ms": 8.497933820476682,
    "p50_e2e_ms": 1146.2787333875895,
    "p99_ttft_ms": 114.09158673137426,
    "p99_tpot_ms": 8.777184767692578,
    "p99_e2e_ms": 1210.9641472995281
  },
  "average": {
    "count": 80,
    "avg_ttft_ms": 86.47348037920892,
    "avg_tpot_ms": 8.429735180679856,
    "avg_e2e_ms": 1157.0498483255506,
    "p50_ttft_ms": 94.76056881248951,
    "p50_tpot_ms": 8.464646034353361,
    "p50_e2e_ms": 1163.3001025766134,
    "p99_ttft_ms": 129.16067168116564,
    "p99_tpot_ms": 8.758821035991973,
    "p99_e2e_ms": 1215.977004058659
  },
  "throughput": {
    "requests_per_sec": 6.518844898186811,
    "tokens_per_sec": 834.4121469679118
  },
  "success_rate": 100.0,
  "total_requests": 80,
  "failed_requests": 0,
  "duration_sec": 12.272112812846899,
  "timestamp": "2026-01-18T10:52:04.208787",
  "error": null
}