{
  "config": "2P_1D_1pD",
  "workload": "large_very_long_gen",
  "qps": 12,
  "turn1": {
    "count": 120,
    "avg_ttft_ms": 15532.020083566507,
    "avg_tpot_ms": 11.19092309127664,
    "avg_e2e_ms": 26980.33440594251,
    "p50_ttft_ms": 20177.676932886243,
    "p50_tpot_ms": 11.134981060307746,
    "p50_e2e_ms": 31503.126472234726,
    "p99_ttft_ms": 41258.71844112873,
    "p99_tpot_ms": 12.266802110819407,
    "p99_e2e_ms": 52050.39534576237
  },
  "turn2": {
    "count": 120,
    "avg_ttft_ms": 139.26368045310178,
    "avg_tpot_ms": 12.072685266107214,
    "avg_e2e_ms": 12489.620707680782,
    "p50_ttft_ms": 152.85609290003777,
    "p50_tpot_ms": 11.9264831462418,
    "p50_e2e_ms": 12338.579542934895,
    "p99_ttft_ms": 261.89080938696867,
    "p99_tpot_ms": 13.195330566368845,
    "p99_e2e_ms": 13677.432136796415
  },
  "average": {
    "count": 240,
    "avg_ttft_ms": 7835.641882009804,
    "avg_tpot_ms": 11.631804178691928,
    "avg_e2e_ms": 19734.977556811646,
    "p50_ttft_ms": 170.36059498786926,
    "p50_tpot_ms": 11.719183011284557,
    "p50_e2e_ms": 13464.442368596792,
    "p99_ttft_ms": 41222.60555166751,
    "p99_tpot_ms": 13.19157119359701,
    "p99_e2e_ms": 52018.826062716544
  },
  "throughput": {
    "requests_per_sec": 3.3754518304787675,
    "tokens_per_sec": 3456.462674410258
  },
  "success_rate": 100.0,
  "total_requests": 240,
  "failed_requests": 0,
  "duration_sec": 71.10159233585,
  "timestamp": "2026-01-18T11:21:55.342795",
  "error": null
}