{
  "config": "2P_1D_1pD",
  "workload": "small_short_gen",
  "qps": 8,
  "turn1": {
    "count": 80,
    "avg_ttft_ms": 115.74694360606372,
    "avg_tpot_ms": 9.288641911249343,
    "avg_e2e_ms": 1295.4044663347304,
    "p50_ttft_ms": 106.70018009841442,
    "p50_tpot_ms": 9.315790784523244,
    "p50_e2e_ms": 1293.6613392084837,
    "p99_ttft_ms": 206.15764446556562,
    "p99_tpot_ms": 9.976315919867181,
    "p99_e2e_ms": 1419.1247257217763
  },
  "turn2": {
    "count": 80,
    "avg_ttft_ms": 81.39835437759757,
    "avg_tpot_ms": 9.266162988382812,
    "avg_e2e_ms": 2444.2699164152145,
    "p50_ttft_ms": 89.93387222290039,
    "p50_tpot_ms": 9.225597400583473,
    "p50_e2e_ms": 2439.688479527831,
    "p99_ttft_ms": 189.0755392238494,
    "p99_tpot_ms": 9.960758002073158,
    "p99_e2e_ms": 2627.1291301772
  },
  "average": {
    "count": 160,
    "avg_ttft_ms": 98.57264899183065,
    "avg_tpot_ms": 9.277402449816076,
    "avg_e2e_ms": 1869.8371913749725,
    "p50_ttft_ms": 103.000957518816,
    "p50_tpot_ms": 9.267872455475947,
    "p50_e2e_ms": 1807.312959805131,
    "p99_ttft_ms": 208.41526724398133,
    "p99_tpot_ms": 9.967248507254705,
    "p99_e2e_ms": 2617.9063718393445
  },
  "throughput": {
    "requests_per_sec": 12.292680975063783,
    "tokens_per_sec": 2360.1947472122465
  },
  "success_rate": 100.0,
  "total_requests": 160,
  "failed_requests": 0,
  "duration_sec": 13.015875082463026,
  "timestamp": "2026-01-18T10:40:26.832152",
  "error": null
}