{
  "config": "2P_1D_1pD",
  "workload": "small_very_long_gen",
  "qps": 4,
  "turn1": {
    "count": 40,
    "avg_ttft_ms": 96.21439697220922,
    "avg_tpot_ms": 8.776249700614553,
    "avg_e2e_ms": 1210.7981089502573,
    "p50_ttft_ms": 93.28610077500343,
    "p50_tpot_ms": 8.768601577699654,
    "p50_e2e_ms": 1205.2842061966658,
    "p99_ttft_ms": 143.29369951039553,
    "p99_tpot_ms": 9.637123348675376,
    "p99_e2e_ms": 1329.3557018786669
  },
  "turn2": {
    "count": 40,
    "avg_ttft_ms": 72.56525605916977,
    "avg_tpot_ms": 9.404279085336833,
    "avg_e2e_ms": 9693.14276035875,
    "p50_ttft_ms": 85.555050522089,
    "p50_tpot_ms": 9.45034040682535,
    "p50_e2e_ms": 9711.660772562027,
    "p99_ttft_ms": 113.748635686934,
    "p99_tpot_ms": 9.5825684070223,
    "p99_e2e_ms": 9900.31561754644
  },
  "average": {
    "count": 80,
    "avg_ttft_ms": 84.38982651568949,
    "avg_tpot_ms": 9.090264392975694,
    "avg_e2e_ms": 5451.970434654504,
    "p50_ttft_ms": 90.26969783008099,
    "p50_tpot_ms": 9.315256732183702,
    "p50_e2e_ms": 5247.082630172372,
    "p99_ttft_ms": 137.4573065713047,
    "p99_tpot_ms": 9.633869169734595,
    "p99_e2e_ms": 9895.460679158568
  },
  "throughput": {
    "requests_per_sec": 4.448970866819553,
    "tokens_per_sec": 2562.6072192880624
  },
  "success_rate": 100.0,
  "total_requests": 80,
  "failed_requests": 0,
  "duration_sec": 17.981686640530825,
  "timestamp": "2026-01-18T10:45:48.977128",
  "error": null
}