{
  "config": "2P_1D_1pD",
  "workload": "small_short_gen",
  "qps": 0.5,
  "turn1": {
    "count": 5,
    "avg_ttft_ms": 105.2918441593647,
    "avg_tpot_ms": 8.034098641140254,
    "avg_e2e_ms": 1125.622371584177,
    "p50_ttft_ms": 98.03717583417892,
    "p50_tpot_ms": 8.079953697018736,
    "p50_e2e_ms": 1122.8586807847023,
    "p99_ttft_ms": 141.26172691583633,
    "p99_tpot_ms": 8.166047724213186,
    "p99_e2e_ms": 1167.1115964651108
  },
  "turn2": {
    "count": 5,
    "avg_ttft_ms": 91.67469665408134,
    "avg_tpot_ms": 7.924985955743227,
    "avg_e2e_ms": 2112.5461153686047,
    "p50_ttft_ms": 91.55528992414474,
    "p50_tpot_ms": 7.846723672221689,
    "p50_e2e_ms": 2093.0513329803944,
    "p99_ttft_ms": 98.9620028436184,
    "p99_tpot_ms": 8.101043843171176,
    "p99_e2e_ms": 2152.406352609396
  },
  "average": {
    "count": 10,
    "avg_ttft_ms": 98.48327040672302,
    "avg_tpot_ms": 7.97954229844174,
    "avg_e2e_ms": 1619.0842434763908,
    "p50_ttft_ms": 92.82268397510052,
    "p50_tpot_ms": 7.991830865201601,
    "p50_e2e_ms": 1622.958030551672,
    "p99_ttft_ms": 139.4597578048706,
    "p99_tpot_ms": 8.163839373590909,
    "p99_e2e_ms": 2152.3581136390567
  },
  "throughput": {
    "requests_per_sec": 1.2823909219284508,
    "tokens_per_sec": 246.21905701026256
  },
  "success_rate": 100.0,
  "total_requests": 10,
  "failed_requests": 0,
  "duration_sec": 7.797934178262949,
  "timestamp": "2026-01-18T10:39:23.154363",
  "error": null
}