{
  "config": "2P_1D_1pD",
  "workload": "large_short_gen",
  "qps": 1,
  "turn1": {
    "count": 9,
    "avg_ttft_ms": 138.4473227792316,
    "avg_tpot_ms": 8.236254430175203,
    "avg_e2e_ms": 8564.135604848465,
    "p50_ttft_ms": 140.87361842393875,
    "p50_tpot_ms": 8.379953391740749,
    "p50_e2e_ms": 8667.694479227066,
    "p99_ttft_ms": 174.42885279655457,
    "p99_tpot_ms": 8.636390765362355,
    "p99_e2e_ms": 8971.700169891119
  },
  "turn2": {
    "count": 9,
    "avg_ttft_ms": 90.08069998688168,
    "avg_tpot_ms": 8.307973530817135,
    "avg_e2e_ms": 2208.6139503452514,
    "p50_ttft_ms": 97.12568297982216,
    "p50_tpot_ms": 8.137776103674197,
    "p50_e2e_ms": 2163.062881678343,
    "p99_ttft_ms": 159.57924872636795,
    "p99_tpot_ms": 9.183615707299289,
    "p99_e2e_ms": 2397.213991433382
  },
  "average": {
    "count": 18,
    "avg_ttft_ms": 114.26401138305664,
    "avg_tpot_ms": 8.272113980496169,
    "avg_e2e_ms": 5386.374777596858,
    "p50_ttft_ms": 127.13402509689331,
    "p50_tpot_ms": 8.266439730572793,
    "p50_e2e_ms": 4974.656431004405,
    "p99_ttft_ms": 173.97215649485585,
    "p99_tpot_ms": 9.18229177550358,
    "p99_e2e_ms": 8971.027879230678
  },
  "throughput": {
    "requests_per_sec": 0.9698565379473096,
    "tokens_per_sec": 620.7081842862782
  },
  "success_rate": 100.0,
  "total_requests": 18,
  "failed_requests": 0,
  "duration_sec": 18.559445954859257,
  "timestamp": "2026-01-18T11:04:50.906501",
  "error": null
}