{
  "config": "2P_1D_1pD",
  "workload": "large_mid_bal",
  "qps": 1,
  "turn1": {
    "count": 10,
    "avg_ttft_ms": 149.91047829389572,
    "avg_tpot_ms": 8.65605980565704,
    "avg_e2e_ms": 9005.059659481049,
    "p50_ttft_ms": 151.90432779490948,
    "p50_tpot_ms": 8.71050014239777,
    "p50_e2e_ms": 9067.66027957201,
    "p99_ttft_ms": 166.6824432834983,
    "p99_tpot_ms": 8.829127273805447,
    "p99_e2e_ms": 9192.021880745888
  },
  "turn2": {
    "count": 10,
    "avg_ttft_ms": 126.53569728136063,
    "avg_tpot_ms": 8.561895767182817,
    "avg_e2e_ms": 1213.8964597135782,
    "p50_ttft_ms": 150.4309233278036,
    "p50_tpot_ms": 8.69772366182072,
    "p50_e2e_ms": 1230.4701432585716,
    "p99_ttft_ms": 160.09273443371058,
    "p99_tpot_ms": 9.162792041311114,
    "p99_e2e_ms": 1295.2238597720861
  },
  "average": {
    "count": 20,
    "avg_ttft_ms": 138.22308778762817,
    "avg_tpot_ms": 8.608977786419931,
    "avg_e2e_ms": 5109.478059597313,
    "p50_ttft_ms": 150.4309233278036,
    "p50_tpot_ms": 8.69772366182072,
    "p50_e2e_ms": 4970.351902768016,
    "p99_ttft_ms": 166.6090040281415,
    "p99_tpot_ms": 9.140205635564534,
    "p99_e2e_ms": 9191.01998925209
  },
  "throughput": {
    "requests_per_sec": 1.2126845102520192,
    "tokens_per_sec": 698.5062779051631
  },
  "success_rate": 100.0,
  "total_requests": 20,
  "failed_requests": 0,
  "duration_sec": 16.49233566597104,
  "timestamp": "2026-01-18T11:30:36.701285",
  "error": null
}