{
  "config": "2P_1D_1pD",
  "workload": "large_tiny",
  "qps": 4,
  "turn1": {
    "count": 40,
    "avg_ttft_ms": 146.605705935508,
    "avg_tpot_ms": 9.919329607023522,
    "avg_e2e_ms": 10294.07989392057,
    "p50_ttft_ms": 142.5121296197176,
    "p50_tpot_ms": 9.901184275498721,
    "p50_e2e_ms": 10285.485124215484,
    "p99_ttft_ms": 211.06694661080837,
    "p99_tpot_ms": 10.325428545110853,
    "p99_e2e_ms": 10724.920460358262
  },
  "turn2": {
    "count": 40,
    "avg_ttft_ms": 121.4231907390058,
    "avg_tpot_ms": 9.729309389067273,
    "avg_e2e_ms": 423.03178180009127,
    "p50_ttft_ms": 146.42131701111794,
    "p50_tpot_ms": 9.780978423453146,
    "p50_e2e_ms": 441.9507794082165,
    "p99_ttft_ms": 176.92189410328865,
    "p99_tpot_ms": 11.401292949674591,
    "p99_e2e_ms": 506.61819979548454
  },
  "average": {
    "count": 80,
    "avg_ttft_ms": 134.0144483372569,
    "avg_tpot_ms": 9.824319498045398,
    "avg_e2e_ms": 5358.555837860331,
    "p50_ttft_ms": 143.76435987651348,
    "p50_tpot_ms": 9.862861280144717,
    "p50_e2e_ms": 4935.2424666285515,
    "p99_ttft_ms": 202.08788536488996,
    "p99_tpot_ms": 11.37043009722425,
    "p99_e2e_ms": 10720.716851726174
  },
  "throughput": {
    "requests_per_sec": 3.9645745034233024,
    "tokens_per_sec": 2093.2953378075035
  },
  "success_rate": 100.0,
  "total_requests": 80,
  "failed_requests": 0,
  "duration_sec": 20.1787102073431,
  "timestamp": "2026-01-18T11:00:31.835698",
  "error": null
}