{
  "config": "2P_1D_1pD",
  "workload": "small_tiny",
  "qps": 0.5,
  "turn1": {
    "count": 4,
    "avg_ttft_ms": 134.16855596005917,
    "avg_tpot_ms": 7.786252587212353,
    "avg_e2e_ms": 1123.022634536028,
    "p50_ttft_ms": 131.19386695325375,
    "p50_tpot_ms": 7.774920224791437,
    "p50_e2e_ms": 1123.3867220580578,
    "p99_ttft_ms": 157.54225973039865,
    "p99_tpot_ms": 7.873652546307234,
    "p99_e2e_ms": 1140.6148725003004
  },
  "turn2": {
    "count": 4,
    "avg_ttft_ms": 60.909584164619446,
    "avg_tpot_ms": 8.14684726778538,
    "avg_e2e_ms": 313.4618494659662,
    "p50_ttft_ms": 59.218449518084526,
    "p50_tpot_ms": 7.870411800761376,
    "p50_e2e_ms": 302.22833156585693,
    "p99_ttft_ms": 99.17859766632318,
    "p99_tpot_ms": 8.982473366683529,
    "p99_e2e_ms": 377.5739882513881
  },
  "average": {
    "count": 8,
    "avg_ttft_ms": 97.5390700623393,
    "avg_tpot_ms": 7.966549927498866,
    "avg_e2e_ms": 718.2422420009971,
    "p50_ttft_ms": 107.78573527932167,
    "p50_tpot_ms": 7.837463530801958,
    "p50_e2e_ms": 741.7784295976162,
    "p99_ttft_ms": 156.74263525754213,
    "p99_tpot_ms": 8.937686782690786,
    "p99_e2e_ms": 1140.5211611837149
  },
  "throughput": {
    "requests_per_sec": 0.7159876266660521,
    "tokens_per_sec": 57.27901013328417
  },
  "success_rate": 100.0,
  "total_requests": 8,
  "failed_requests": 0,
  "duration_sec": 11.173377446830273,
  "timestamp": "2026-01-18T10:37:27.842435",
  "error": null
}