{
  "config": "2P_1D_1pD",
  "workload": "large_small_bal",
  "qps": 8,
  "turn1": {
    "count": 78,
    "avg_ttft_ms": 2150.8981013336243,
    "avg_tpot_ms": 10.870718743402708,
    "avg_e2e_ms": 13271.643375834594,
    "p50_ttft_ms": 163.25751692056656,
    "p50_tpot_ms": 10.866779639209938,
    "p50_e2e_ms": 12088.805332779884,
    "p99_ttft_ms": 7058.635676205158,
    "p99_tpot_ms": 11.913387416839191,
    "p99_e2e_ms": 17586.943431161344
  },
  "turn2": {
    "count": 78,
    "avg_ttft_ms": 129.48627115633244,
    "avg_tpot_ms": 10.861331866853208,
    "avg_e2e_ms": 813.7501787680847,
    "p50_ttft_ms": 137.65825144946575,
    "p50_tpot_ms": 11.090053955004329,
    "p50_e2e_ms": 828.5582531243563,
    "p99_ttft_ms": 256.1490990966559,
    "p99_tpot_ms": 13.257535670011762,
    "p99_e2e_ms": 990.2492528781295
  },
  "average": {
    "count": 156,
    "avg_ttft_ms": 1140.1921862449783,
    "avg_tpot_ms": 10.866025305127957,
    "avg_e2e_ms": 7042.696777301339,
    "p50_ttft_ms": 154.1237961500883,
    "p50_tpot_ms": 10.95030375358399,
    "p50_e2e_ms": 5639.0683855861425,
    "p99_ttft_ms": 7035.6657875701785,
    "p99_tpot_ms": 13.12511794801269,
    "p99_e2e_ms": 17548.871985822916
  },
  "throughput": {
    "requests_per_sec": 5.577957156445165,
    "tokens_per_sec": 3034.4086931061697
  },
  "success_rate": 100.0,
  "total_requests": 156,
  "failed_requests": 0,
  "duration_sec": 27.967228077352047,
  "timestamp": "2026-01-18T11:27:12.959176",
  "error": null
}