{
  "config": "2P_1D_1pD",
  "workload": "large_big_paste",
  "qps": 20,
  "turn1": {
    "count": 191,
    "avg_ttft_ms": 15492.195583938461,
    "avg_tpot_ms": 11.398937440184431,
    "avg_e2e_ms": 27153.30858524713,
    "p50_ttft_ms": 12408.066615462303,
    "p50_tpot_ms": 11.412049711974136,
    "p50_e2e_ms": 24416.3596406579,
    "p99_ttft_ms": 33265.65495841205,
    "p99_tpot_ms": 12.219248081713129,
    "p99_e2e_ms": 44373.887376487255
  },
  "turn2": {
    "count": 191,
    "avg_ttft_ms": 445.5400559056492,
    "avg_tpot_ms": 11.959159911622493,
    "avg_e2e_ms": 1198.9671303378661,
    "p50_ttft_ms": 165.90626537799835,
    "p50_tpot_ms": 11.877459843480398,
    "p50_e2e_ms": 931.4100444316864,
    "p99_ttft_ms": 4429.9346841871065,
    "p99_tpot_ms": 15.271705235280686,
    "p99_e2e_ms": 5148.397564515404
  },
  "average": {
    "count": 382,
    "avg_ttft_ms": 7968.867819922055,
    "avg_tpot_ms": 11.679048675903461,
    "avg_e2e_ms": 14176.137857792499,
    "p50_ttft_ms": 261.4503223448992,
    "p50_tpot_ms": 11.588295967202498,
    "p50_e2e_ms": 10750.202478840947,
    "p99_ttft_ms": 32955.45460600406,
    "p99_tpot_ms": 15.163308960932588,
    "p99_e2e_ms": 44154.074360243976
  },
  "throughput": {
    "requests_per_sec": 6.904534524698455,
    "tokens_per_sec": 3756.06678143596
  },
  "success_rate": 100.0,
  "total_requests": 382,
  "failed_requests": 0,
  "duration_sec": 55.325959865003824,
  "timestamp": "2026-01-18T11:44:51.968389",
  "error": null
}