{
  "config": "2P_1D_1pD",
  "workload": "small_long_gen",
  "qps": 0.5,
  "turn1": {
    "count": 3,
    "avg_ttft_ms": 105.81265886624654,
    "avg_tpot_ms": 7.778077095434109,
    "avg_e2e_ms": 1093.6284499863784,
    "p50_ttft_ms": 102.0774245262146,
    "p50_tpot_ms": 7.786865661463399,
    "p50_e2e_ms": 1095.9621518850327,
    "p99_ttft_ms": 128.1348915398121,
    "p99_tpot_ms": 7.825084028281565,
    "p99_e2e_ms": 1109.0306789427996
  },
  "turn2": {
    "count": 3,
    "avg_ttft_ms": 76.48365075389545,
    "avg_tpot_ms": 7.898624121306849,
    "avg_e2e_ms": 4112.680576741695,
    "p50_ttft_ms": 98.52132573723793,
    "p50_tpot_ms": 7.90423253977602,
    "p50_e2e_ms": 4142.111781984568,
    "p99_ttft_ms": 102.95840159058571,
    "p99_tpot_ms": 8.010159758905608,
    "p99_e2e_ms": 4191.80351510644
  },
  "average": {
    "count": 6,
    "avg_ttft_ms": 91.14815481007099,
    "avg_tpot_ms": 7.838350608370479,
    "avg_e2e_ms": 2603.154513364037,
    "p50_ttft_ms": 100.29937513172626,
    "p50_tpot_ms": 7.806364828207361,
    "p50_e2e_ms": 2556.2048498541117,
    "p99_ttft_ms": 127.38579045981169,
    "p99_tpot_ms": 8.006917088932253,
    "p99_e2e_ms": 4190.282339602709
  },
  "throughput": {
    "requests_per_sec": 0.3966905367730923,
    "tokens_per_sec": 126.94097176738953
  },
  "success_rate": 100.0,
  "total_requests": 6,
  "failed_requests": 0,
  "duration_sec": 15.125140238553286,
  "timestamp": "2026-01-18T10:41:48.361187",
  "error": null
}