{
  "config": "2P_1D_1pD",
  "workload": "small_small_bal",
  "qps": 20,
  "turn1": {
    "count": 200,
    "avg_ttft_ms": 227.08062041550875,
    "avg_tpot_ms": 10.395344307308825,
    "avg_e2e_ms": 1547.2893474437296,
    "p50_ttft_ms": 177.83141322433949,
    "p50_tpot_ms": 10.236146295164513,
    "p50_e2e_ms": 1542.3536319285631,
    "p99_ttft_ms": 528.8218541815875,
    "p99_tpot_ms": 11.520191133902298,
    "p99_e2e_ms": 1918.8433868437999
  },
  "turn2": {
    "count": 200,
    "avg_ttft_ms": 129.30658005177975,
    "avg_tpot_ms": 10.33333067087427,
    "avg_e2e_ms": 780.3064123168588,
    "p50_ttft_ms": 98.74766506254673,
    "p50_tpot_ms": 10.275338111179217,
    "p50_e2e_ms": 741.1037757992744,
    "p99_ttft_ms": 387.5479191169139,
    "p99_tpot_ms": 11.969298427658421,
    "p99_e2e_ms": 1115.82741394639
  },
  "average": {
    "count": 400,
    "avg_ttft_ms": 178.19360023364425,
    "avg_tpot_ms": 10.364337489091549,
    "avg_e2e_ms": 1163.7978798802942,
    "p50_ttft_ms": 125.3123376518488,
    "p50_tpot_ms": 10.258834809064865,
    "p50_e2e_ms": 1211.8476014584303,
    "p99_ttft_ms": 517.7322683483361,
    "p99_tpot_ms": 11.870029063688383,
    "p99_e2e_ms": 1898.2922530919313
  },
  "throughput": {
    "requests_per_sec": 34.15562629079071,
    "tokens_per_sec": 3278.940123915908
  },
  "success_rate": 100.0,
  "total_requests": 400,
  "failed_requests": 0,
  "duration_sec": 11.711101315915585,
  "timestamp": "2026-01-18T10:51:16.042715",
  "error": null
}