{
  "config": "2P_1D_1pD",
  "workload": "small_big_paste",
  "qps": 2,
  "turn1": {
    "count": 13,
    "avg_ttft_ms": 99.61597392192253,
    "avg_tpot_ms": 7.966070437633508,
    "avg_e2e_ms": 1111.306919501378,
    "p50_ttft_ms": 100.29087215662003,
    "p50_tpot_ms": 7.950697622195942,
    "p50_e2e_ms": 1110.0294701755047,
    "p99_ttft_ms": 107.11323291063309,
    "p99_tpot_ms": 8.232618328623884,
    "p99_e2e_ms": 1148.6657124757767
  },
  "turn2": {
    "count": 13,
    "avg_ttft_ms": 111.07628935804733,
    "avg_tpot_ms": 7.979267136954562,
    "avg_e2e_ms": 613.7701189861848,
    "p50_ttft_ms": 133.17018747329712,
    "p50_tpot_ms": 7.940867472262609,
    "p50_e2e_ms": 635.6963403522968,
    "p99_ttft_ms": 156.7894971370697,
    "p99_tpot_ms": 8.333209488126966,
    "p99_e2e_ms": 678.859153687954
  },
  "average": {
    "count": 26,
    "avg_ttft_ms": 105.34613163998493,
    "avg_tpot_ms": 7.972668787294035,
    "avg_e2e_ms": 862.5385192437814,
    "p50_ttft_ms": 103.22608798742294,
    "p50_tpot_ms": 7.945782547229276,
    "p50_e2e_ms": 882.8350622206926,
    "p99_ttft_ms": 156.15702606737614,
    "p99_tpot_ms": 8.327902501655949,
    "p99_e2e_ms": 1146.620255894959
  },
  "throughput": {
    "requests_per_sec": 2.326476589096703,
    "tokens_per_sec": 223.34175255328347
  },
  "success_rate": 100.0,
  "total_requests": 26,
  "failed_requests": 0,
  "duration_sec": 11.175698101520538,
  "timestamp": "2026-01-18T10:55:53.027051",
  "error": null
}