{
  "config": "2P_1D_1pD",
  "workload": "large_very_long_gen",
  "qps": 0.5,
  "turn1": {
    "count": 5,
    "avg_ttft_ms": 134.4786398112774,
    "avg_tpot_ms": 8.452252876140971,
    "avg_e2e_ms": 8781.13333210349,
    "p50_ttft_ms": 134.15738567709923,
    "p50_tpot_ms": 8.603274552761517,
    "p50_e2e_ms": 8935.307253152132,
    "p99_ttft_ms": 149.57846119999886,
    "p99_tpot_ms": 8.647467239394798,
    "p99_e2e_ms": 8971.001843959093
  },
  "turn2": {
    "count": 5,
    "avg_ttft_ms": 98.58577400445938,
    "avg_tpot_ms": 8.54174737415239,
    "avg_e2e_ms": 8836.793337762356,
    "p50_ttft_ms": 73.66599515080452,
    "p50_tpot_ms": 8.526641504068879,
    "p50_e2e_ms": 8796.420253813267,
    "p99_ttft_ms": 161.61611542105675,
    "p99_tpot_ms": 8.610962929089398,
    "p99_e2e_ms": 8952.760362327099
  },
  "average": {
    "count": 10,
    "avg_ttft_ms": 116.53220690786839,
    "avg_tpot_ms": 8.49700012514668,
    "avg_e2e_ms": 8808.963334932923,
    "p50_ttft_ms": 129.9414485692978,
    "p50_tpot_ms": 8.554394976877747,
    "p50_e2e_ms": 8890.418013557792,
    "p99_ttft_ms": 161.28172364085913,
    "p99_tpot_ms": 8.64626466943896,
    "p99_e2e_ms": 8970.487929731607
  },
  "throughput": {
    "requests_per_sec": 0.4230937787703892,
    "tokens_per_sec": 433.2480294608785
  },
  "success_rate": 100.0,
  "total_requests": 10,
  "failed_requests": 0,
  "duration_sec": 23.635421983897686,
  "timestamp": "2026-01-18T11:16:45.122398",
  "error": null
}