{
  "config": "2P_1D_1pD",
  "workload": "large_long_gen",
  "qps": 12,
  "turn1": {
    "count": 119,
    "avg_ttft_ms": 10354.687009413703,
    "avg_tpot_ms": 11.048991020004129,
    "avg_e2e_ms": 21657.804822877926,
    "p50_ttft_ms": 13575.310431420803,
    "p50_tpot_ms": 11.203567339935843,
    "p50_e2e_ms": 25115.135099738836,
    "p99_ttft_ms": 27812.44140483439,
    "p99_tpot_ms": 11.845002385295148,
    "p99_e2e_ms": 38019.925865381956
  },
  "turn2": {
    "count": 119,
    "avg_ttft_ms": 136.47058549798837,
    "avg_tpot_ms": 11.711160638325742,
    "avg_e2e_ms": 6120.873671682442,
    "p50_ttft_ms": 151.6849249601364,
    "p50_tpot_ms": 11.906833236639747,
    "p50_e2e_ms": 6205.68435639143,
    "p99_ttft_ms": 233.29323939979076,
    "p99_tpot_ms": 13.020616981352145,
    "p99_e2e_ms": 6813.6376643925905
  },
  "average": {
    "count": 238,
    "avg_ttft_ms": 5245.578797455846,
    "avg_tpot_ms": 11.380075829164934,
    "avg_e2e_ms": 13889.339247280184,
    "p50_ttft_ms": 168.75463165342808,
    "p50_tpot_ms": 11.58619853044302,
    "p50_e2e_ms": 8858.225643634796,
    "p99_ttft_ms": 27772.487070672214,
    "p99_tpot_ms": 13.01824959414171,
    "p99_e2e_ms": 37946.416464820504
  },
  "throughput": {
    "requests_per_sec": 4.5233229184458725,
    "tokens_per_sec": 3473.91200136643
  },
  "success_rate": 100.0,
  "total_requests": 238,
  "failed_requests": 0,
  "duration_sec": 52.61618599668145,
  "timestamp": "2026-01-18T11:13:57.382013",
  "error": null
}