{
  "config": "2P_1D_1pD",
  "workload": "small_very_long_gen",
  "qps": 10,
  "turn1": {
    "count": 100,
    "avg_ttft_ms": 3366.135451681912,
    "avg_tpot_ms": 9.994525211591888,
    "avg_e2e_ms": 4635.440153554082,
    "p50_ttft_ms": 3176.8861059099436,
    "p50_tpot_ms": 10.049969471228405,
    "p50_e2e_ms": 4481.163954362273,
    "p99_ttft_ms": 7272.450847662985,
    "p99_tpot_ms": 11.181302111097208,
    "p99_e2e_ms": 8536.66893966496
  },
  "turn2": {
    "count": 100,
    "avg_ttft_ms": 98.39308589696884,
    "avg_tpot_ms": 10.09283311909041,
    "avg_e2e_ms": 10423.361366726458,
    "p50_ttft_ms": 106.75373673439026,
    "p50_tpot_ms": 10.055516441357216,
    "p50_e2e_ms": 10356.88659362495,
    "p99_ttft_ms": 231.72038093209284,
    "p99_tpot_ms": 10.479854277698351,
    "p99_e2e_ms": 10893.094457536936
  },
  "average": {
    "count": 200,
    "avg_ttft_ms": 1732.2642687894404,
    "avg_tpot_ms": 10.04367916534115,
    "avg_e2e_ms": 7529.40076014027,
    "p50_ttft_ms": 121.48859724402428,
    "p50_tpot_ms": 10.05533178822153,
    "p50_e2e_ms": 9260.803580284119,
    "p99_ttft_ms": 7220.501625239848,
    "p99_tpot_ms": 11.173164388971534,
    "p99_e2e_ms": 10874.680936820805
  },
  "throughput": {
    "requests_per_sec": 7.072485494437514,
    "tokens_per_sec": 4073.7516447960083
  },
  "success_rate": 100.0,
  "total_requests": 200,
  "failed_requests": 0,
  "duration_sec": 28.27860165387392,
  "timestamp": "2026-01-18T10:47:07.670884",
  "error": null
}