{
  "config": "2P_1D_1pD",
  "workload": "large_tiny",
  "qps": 6,
  "turn1": {
    "count": 60,
    "avg_ttft_ms": 734.312842724224,
    "avg_tpot_ms": 10.663858418704613,
    "avg_e2e_ms": 11643.440005059043,
    "p50_ttft_ms": 156.56745061278343,
    "p50_tpot_ms": 10.837530984906508,
    "p50_e2e_ms": 11333.167005330324,
    "p99_ttft_ms": 4077.93420676142,
    "p99_tpot_ms": 11.219069273998544,
    "p99_e2e_ms": 14113.190354667604
  },
  "turn2": {
    "count": 60,
    "avg_ttft_ms": 131.42637684941292,
    "avg_tpot_ms": 10.412751959376438,
    "avg_e2e_ms": 454.22168759008247,
    "p50_ttft_ms": 142.405666410923,
    "p50_tpot_ms": 10.574430768047609,
    "p50_e2e_ms": 458.0800514668226,
    "p99_ttft_ms": 255.87728835642315,
    "p99_tpot_ms": 12.074362157333281,
    "p99_e2e_ms": 580.0576240941881
  },
  "average": {
    "count": 120,
    "avg_ttft_ms": 432.86960978681844,
    "avg_tpot_ms": 10.538305189040527,
    "avg_e2e_ms": 6048.830846324563,
    "p50_ttft_ms": 150.10822378098965,
    "p50_tpot_ms": 10.830951552339197,
    "p50_e2e_ms": 5426.557261496782,
    "p99_ttft_ms": 4053.4320636838675,
    "p99_tpot_ms": 12.057331411107894,
    "p99_e2e_ms": 14061.56506743282
  },
  "throughput": {
    "requests_per_sec": 5.1200743882878,
    "tokens_per_sec": 2703.3992770159584
  },
  "success_rate": 100.0,
  "total_requests": 120,
  "failed_requests": 0,
  "duration_sec": 23.43715948238969,
  "timestamp": "2026-01-18T11:00:55.312358",
  "error": null
}