{
  "config": "2P_1D_1pD",
  "workload": "large_small_bal",
  "qps": 10,
  "turn1": {
    "count": 92,
    "avg_ttft_ms": 3510.543119972167,
    "avg_tpot_ms": 11.1864856383541,
    "avg_e2e_ms": 14954.317928008411,
    "p50_ttft_ms": 190.72160311043262,
    "p50_tpot_ms": 11.22285276724213,
    "p50_e2e_ms": 12528.129247948527,
    "p99_ttft_ms": 7867.3327646404505,
    "p99_tpot_ms": 12.124164450189003,
    "p99_e2e_ms": 19422.791651301086
  },
  "turn2": {
    "count": 92,
    "avg_ttft_ms": 142.37432578659576,
    "avg_tpot_ms": 11.28914981394019,
    "avg_e2e_ms": 853.5907640648277,
    "p50_ttft_ms": 150.7469080388546,
    "p50_tpot_ms": 11.42389489899552,
    "p50_e2e_ms": 841.3175158202648,
    "p99_ttft_ms": 287.54817444831144,
    "p99_tpot_ms": 12.797258300558914,
    "p99_e2e_ms": 1068.3100276812913
  },
  "average": {
    "count": 184,
    "avg_ttft_ms": 1826.4587228793812,
    "avg_tpot_ms": 11.237817726147144,
    "avg_e2e_ms": 7903.954346036619,
    "p50_ttft_ms": 161.56651638448238,
    "p50_tpot_ms": 11.285516039221633,
    "p50_e2e_ms": 5800.3897946327925,
    "p99_ttft_ms": 7845.259244032204,
    "p99_tpot_ms": 12.781631183766184,
    "p99_e2e_ms": 19320.67421387881
  },
  "throughput": {
    "requests_per_sec": 6.246129439177516,
    "tokens_per_sec": 3397.894414912569
  },
  "success_rate": 100.0,
  "total_requests": 184,
  "failed_requests": 0,
  "duration_sec": 29.458243187516928,
  "timestamp": "2026-01-18T11:27:42.459857",
  "error": null
}