{
  "config": "2P_1D_1pD",
  "workload": "small_huge_paste",
  "qps": 8,
  "turn1": {
    "count": 72,
    "avg_ttft_ms": 121.92844821968012,
    "avg_tpot_ms": 8.986419886073598,
    "avg_e2e_ms": 1263.203773751027,
    "p50_ttft_ms": 98.78484904766083,
    "p50_tpot_ms": 8.953722369835132,
    "p50_e2e_ms": 1250.7612146437168,
    "p99_ttft_ms": 320.36842159926914,
    "p99_tpot_ms": 10.179544696657677,
    "p99_e2e_ms": 1470.5914753675463
  },
  "turn2": {
    "count": 72,
    "avg_ttft_ms": 131.02847011759877,
    "avg_tpot_ms": 9.113717430327954,
    "avg_e2e_ms": 413.5537104577654,
    "p50_ttft_ms": 135.5333775281906,
    "p50_tpot_ms": 8.932027244760144,
    "p50_e2e_ms": 408.7103586643934,
    "p99_ttft_ms": 335.99688835442066,
    "p99_tpot_ms": 10.859700591573798,
    "p99_e2e_ms": 625.9656133502722
  },
  "average": {
    "count": 144,
    "avg_ttft_ms": 126.47845916863945,
    "avg_tpot_ms": 9.050068658200777,
    "avg_e2e_ms": 838.3787421043962,
    "p50_ttft_ms": 103.60304079949856,
    "p50_tpot_ms": 8.948852403426734,
    "p50_e2e_ms": 886.8427276611328,
    "p99_ttft_ms": 336.58016480505466,
    "p99_tpot_ms": 10.59453627755565,
    "p99_e2e_ms": 1441.7525531351564
  },
  "throughput": {
    "requests_per_sec": 12.489273295374694,
    "tokens_per_sec": 999.1418636299755
  },
  "success_rate": 100.0,
  "total_requests": 144,
  "failed_requests": 0,
  "duration_sec": 11.529894221574068,
  "timestamp": "2026-01-18T10:58:22.903800",
  "error": null
}