{
  "config": "2P_1D_1pD",
  "workload": "small_long_gen",
  "qps": 10,
  "turn1": {
    "count": 100,
    "avg_ttft_ms": 1097.3453813791275,
    "avg_tpot_ms": 9.743249154407678,
    "avg_e2e_ms": 2334.7380239889026,
    "p50_ttft_ms": 651.6070310026407,
    "p50_tpot_ms": 9.86995597875963,
    "p50_e2e_ms": 1895.8610203117132,
    "p99_ttft_ms": 3117.3054498806596,
    "p99_tpot_ms": 10.624232409507272,
    "p99_e2e_ms": 4394.847176000476
  },
  "turn2": {
    "count": 100,
    "avg_ttft_ms": 91.33787300437689,
    "avg_tpot_ms": 9.798466852572682,
    "avg_e2e_ms": 5098.354434669018,
    "p50_ttft_ms": 102.07092948257923,
    "p50_tpot_ms": 9.907955230886222,
    "p50_e2e_ms": 5165.481640025973,
    "p99_ttft_ms": 187.241076938808,
    "p99_tpot_ms": 10.22584036830995,
    "p99_e2e_ms": 5346.2773268297315
  },
  "average": {
    "count": 200,
    "avg_ttft_ms": 594.3416271917522,
    "avg_tpot_ms": 9.77085800349018,
    "avg_e2e_ms": 3716.54622932896,
    "p50_ttft_ms": 115.34483917057514,
    "p50_tpot_ms": 9.904225212895472,
    "p50_e2e_ms": 4535.617405548692,
    "p99_ttft_ms": 3101.3773899152875,
    "p99_tpot_ms": 10.609502068420095,
    "p99_e2e_ms": 5341.327869333327
  },
  "throughput": {
    "requests_per_sec": 11.286384942747649,
    "tokens_per_sec": 3611.643181679248
  },
  "success_rate": 100.0,
  "total_requests": 200,
  "failed_requests": 0,
  "duration_sec": 17.720465943217278,
  "timestamp": "2026-01-18T10:43:18.907025",
  "error": null
}