{
  "config": "2P_1D_1pD",
  "workload": "large_huge_paste",
  "qps": 1,
  "turn1": {
    "count": 10,
    "avg_ttft_ms": 145.97307182848454,
    "avg_tpot_ms": 8.334396046496206,
    "avg_e2e_ms": 8672.060227394104,
    "p50_ttft_ms": 151.08194015920162,
    "p50_tpot_ms": 8.3924704836727,
    "p50_e2e_ms": 8741.340292617679,
    "p99_ttft_ms": 173.49412620067596,
    "p99_tpot_ms": 8.625184965746902,
    "p99_e2e_ms": 8943.343282006681
  },
  "turn2": {
    "count": 10,
    "avg_ttft_ms": 151.42297111451626,
    "avg_tpot_ms": 8.38288223791507,
    "avg_e2e_ms": 411.2923204898834,
    "p50_ttft_ms": 162.12328523397446,
    "p50_tpot_ms": 8.258687752869822,
    "p50_e2e_ms": 414.4803024828434,
    "p99_ttft_ms": 195.60058686882257,
    "p99_tpot_ms": 9.200803397163268,
    "p99_e2e_ms": 476.05369977653027
  },
  "average": {
    "count": 20,
    "avg_ttft_ms": 148.6980214715004,
    "avg_tpot_ms": 8.35863914220564,
    "avg_e2e_ms": 4541.676273941994,
    "p50_ttft_ms": 154.950188472867,
    "p50_tpot_ms": 8.373089125589308,
    "p50_e2e_ms": 4427.101342007518,
    "p99_ttft_ms": 193.3719108253717,
    "p99_tpot_ms": 9.182186895801175,
    "p99_e2e_ms": 8942.828455455601
  },
  "throughput": {
    "requests_per_sec": 1.1127120596183722,
    "tokens_per_sec": 587.5119674785004
  },
  "success_rate": 100.0,
  "total_requests": 20,
  "failed_requests": 0,
  "duration_sec": 17.974101949483156,
  "timestamp": "2026-01-18T11:45:26.760661",
  "error": null
}