{
  "config": "2P_1D_1pD",
  "workload": "large_huge_paste",
  "qps": 20,
  "turn1": {
    "count": 200,
    "avg_ttft_ms": 16521.87444612384,
    "avg_tpot_ms": 11.544542603999494,
    "avg_e2e_ms": 28331.94153001532,
    "p50_ttft_ms": 16555.63069321215,
    "p50_tpot_ms": 11.48938715734673,
    "p50_e2e_ms": 28422.597022727132,
    "p99_ttft_ms": 35099.845237992704,
    "p99_tpot_ms": 12.673411287170701,
    "p99_e2e_ms": 46717.39885319024
  },
  "turn2": {
    "count": 200,
    "avg_ttft_ms": 1667.4776723235846,
    "avg_tpot_ms": 12.426616178164558,
    "avg_e2e_ms": 2052.702773846686,
    "p50_ttft_ms": 220.62215581536293,
    "p50_tpot_ms": 11.912945477712539,
    "p50_e2e_ms": 659.0480040758848,
    "p99_ttft_ms": 25959.671157188634,
    "p99_tpot_ms": 18.740949788160854,
    "p99_e2e_ms": 26363.200823031286
  },
  "average": {
    "count": 400,
    "avg_ttft_ms": 9094.676059223711,
    "avg_tpot_ms": 11.985579391082027,
    "avg_e2e_ms": 15192.322151931003,
    "p50_ttft_ms": 954.2118329554796,
    "p50_tpot_ms": 11.589419353436515,
    "p50_e2e_ms": 11409.196255728602,
    "p99_ttft_ms": 35026.92203052342,
    "p99_tpot_ms": 18.59623936395491,
    "p99_e2e_ms": 46708.916640132666
  },
  "throughput": {
    "requests_per_sec": 6.9784723247628575,
    "tokens_per_sec": 3684.633387474789
  },
  "success_rate": 100.0,
  "total_requests": 400,
  "failed_requests": 0,
  "duration_sec": 57.31913539022207,
  "timestamp": "2026-01-18T11:49:54.275269",
  "error": null
}