{
  "config": "2P_1D_1pD",
  "workload": "large_small_bal",
  "qps": 12,
  "turn1": {
    "count": 120,
    "avg_ttft_ms": 6555.446037184447,
    "avg_tpot_ms": 11.015211690839957,
    "avg_e2e_ms": 17824.007596913725,
    "p50_ttft_ms": 8176.53714120388,
    "p50_tpot_ms": 11.010047092028728,
    "p50_e2e_ms": 19695.4697817564,
    "p99_ttft_ms": 17424.79143962264,
    "p99_tpot_ms": 11.647212622452342,
    "p99_e2e_ms": 27667.6545965299
  },
  "turn2": {
    "count": 120,
    "avg_ttft_ms": 269.8957505635917,
    "avg_tpot_ms": 11.609215470198443,
    "avg_e2e_ms": 1001.2763251860937,
    "p50_ttft_ms": 156.73415176570415,
    "p50_tpot_ms": 11.626212902012327,
    "p50_e2e_ms": 882.6201520860195,
    "p99_ttft_ms": 814.2484506592157,
    "p99_tpot_ms": 14.503989462105055,
    "p99_e2e_ms": 1547.948585599661
  },
  "average": {
    "count": 240,
    "avg_ttft_ms": 3412.6708938740194,
    "avg_tpot_ms": 11.312213580519199,
    "avg_e2e_ms": 9412.641961049909,
    "p50_ttft_ms": 175.34460499882698,
    "p50_tpot_ms": 11.350187940025958,
    "p50_e2e_ms": 10885.345093905926,
    "p99_ttft_ms": 17382.248307429254,
    "p99_tpot_ms": 14.281672895072946,
    "p99_e2e_ms": 27632.77260608971
  },
  "throughput": {
    "requests_per_sec": 6.39023416603266,
    "tokens_per_sec": 3476.2873863217674
  },
  "success_rate": 100.0,
  "total_requests": 240,
  "failed_requests": 0,
  "duration_sec": 37.55730913206935,
  "timestamp": "2026-01-18T11:28:20.059846",
  "error": null
}