{
  "config": "2P_1D_1pD",
  "workload": "small_mid_paste",
  "qps": 1,
  "turn1": {
    "count": 9,
    "avg_ttft_ms": 96.2291918694973,
    "avg_tpot_ms": 7.907819292937467,
    "avg_e2e_ms": 1100.5222420725559,
    "p50_ttft_ms": 94.05966103076935,
    "p50_tpot_ms": 7.815925155098983,
    "p50_e2e_ms": 1097.8161990642548,
    "p99_ttft_ms": 110.88481664657593,
    "p99_tpot_ms": 8.171597833004522,
    "p99_e2e_ms": 1136.352756023407
  },
  "turn2": {
    "count": 9,
    "avg_ttft_ms": 62.259508503807915,
    "avg_tpot_ms": 7.876908902663612,
    "avg_e2e_ms": 558.5047693716156,
    "p50_ttft_ms": 41.59156605601311,
    "p50_tpot_ms": 7.818060143599435,
    "p50_e2e_ms": 556.7934550344944,
    "p99_ttft_ms": 104.64779734611511,
    "p99_tpot_ms": 8.27049736702253,
    "p99_e2e_ms": 596.1782528460026
  },
  "average": {
    "count": 18,
    "avg_ttft_ms": 79.24435018665261,
    "avg_tpot_ms": 7.892364097800542,
    "avg_e2e_ms": 829.5135057220856,
    "p50_ttft_ms": 93.34586374461651,
    "p50_tpot_ms": 7.816992649349208,
    "p50_e2e_ms": 836.7805033922195,
    "p99_ttft_ms": 110.76648458838461,
    "p99_tpot_ms": 8.267084315638963,
    "p99_e2e_ms": 1135.0582894310355
  },
  "throughput": {
    "requests_per_sec": 1.6689679794279573,
    "tokens_per_sec": 160.22092602508388
  },
  "success_rate": 100.0,
  "total_requests": 18,
  "failed_requests": 0,
  "duration_sec": 10.785108055919409,
  "timestamp": "2026-01-18T10:53:44.613192",
  "error": null
}