{
  "config": "2P_1D_1pD",
  "workload": "small_mid_paste",
  "qps": 20,
  "turn1": {
    "count": 200,
    "avg_ttft_ms": 191.97696140035987,
    "avg_tpot_ms": 10.561649283086222,
    "avg_e2e_ms": 1533.30642035231,
    "p50_ttft_ms": 168.15550811588764,
    "p50_tpot_ms": 10.559252397281917,
    "p50_e2e_ms": 1540.1231907308102,
    "p99_ttft_ms": 502.6503154635429,
    "p99_tpot_ms": 11.60676562351974,
    "p99_e2e_ms": 1836.05291031301
  },
  "turn2": {
    "count": 200,
    "avg_ttft_ms": 139.44152314215899,
    "avg_tpot_ms": 10.545521285384893,
    "avg_e2e_ms": 803.8093641214073,
    "p50_ttft_ms": 121.53101898729801,
    "p50_tpot_ms": 10.586124268316087,
    "p50_e2e_ms": 789.6888200193644,
    "p99_ttft_ms": 362.2584170103073,
    "p99_tpot_ms": 11.784656050186307,
    "p99_e2e_ms": 1030.7978342100978
  },
  "average": {
    "count": 400,
    "avg_ttft_ms": 165.70924227125943,
    "avg_tpot_ms": 10.553585284235558,
    "avg_e2e_ms": 1168.5578922368586,
    "p50_ttft_ms": 143.3999165892601,
    "p50_tpot_ms": 10.572879856067992,
    "p50_e2e_ms": 1143.797341734171,
    "p99_ttft_ms": 448.37225686758705,
    "p99_tpot_ms": 11.736964472820835,
    "p99_e2e_ms": 1815.9412747621534
  },
  "throughput": {
    "requests_per_sec": 33.371639688326816,
    "tokens_per_sec": 3203.6774100793746
  },
  "success_rate": 100.0,
  "total_requests": 400,
  "failed_requests": 0,
  "duration_sec": 11.986225541681051,
  "timestamp": "2026-01-18T10:55:18.026347",
  "error": null
}