{
  "config": "2P_1D_1pD",
  "workload": "small_small_bal",
  "qps": 16,
  "turn1": {
    "count": 149,
    "avg_ttft_ms": 135.49448094712008,
    "avg_tpot_ms": 9.633537810857872,
    "avg_e2e_ms": 1358.9537829260698,
    "p50_ttft_ms": 118.50228160619736,
    "p50_tpot_ms": 9.705622775817481,
    "p50_e2e_ms": 1354.5033857226372,
    "p99_ttft_ms": 289.6415553987028,
    "p99_tpot_ms": 10.341120174550635,
    "p99_e2e_ms": 1548.7481041252613
  },
  "turn2": {
    "count": 149,
    "avg_ttft_ms": 112.42361339246666,
    "avg_tpot_ms": 9.658080074569854,
    "avg_e2e_ms": 720.8826580903674,
    "p50_ttft_ms": 104.26697507500648,
    "p50_tpot_ms": 9.677733457277691,
    "p50_e2e_ms": 718.6202444136143,
    "p99_ttft_ms": 308.20755407214165,
    "p99_tpot_ms": 10.846242273137683,
    "p99_e2e_ms": 926.0105456411839
  },
  "average": {
    "count": 298,
    "avg_ttft_ms": 123.95904716979337,
    "avg_tpot_ms": 9.645808942713863,
    "avg_e2e_ms": 1039.9182205082186,
    "p50_ttft_ms": 112.11052909493446,
    "p50_tpot_ms": 9.691436283701048,
    "p50_e2e_ms": 1062.5982135534286,
    "p99_ttft_ms": 306.47202461957926,
    "p99_tpot_ms": 10.780953321428523,
    "p99_e2e_ms": 1528.7920090183611
  },
  "throughput": {
    "requests_per_sec": 24.80322809504379,
    "tokens_per_sec": 2381.1098971242036
  },
  "success_rate": 100.0,
  "total_requests": 298,
  "failed_requests": 0,
  "duration_sec": 12.014565154910088,
  "timestamp": "2026-01-18T10:51:04.290208",
  "error": null
}