{
  "config": "2P_1D_1pD",
  "workload": "large_mid_bal",
  "qps": 0.5,
  "turn1": {
    "count": 2,
    "avg_ttft_ms": 137.58654706180096,
    "avg_tpot_ms": 7.832269392769241,
    "avg_e2e_ms": 8149.998135864735,
    "p50_ttft_ms": 137.58654706180096,
    "p50_tpot_ms": 7.832269392769241,
    "p50_e2e_ms": 8149.998135864735,
    "p99_ttft_ms": 149.46863669902086,
    "p99_tpot_ms": 7.858095315275013,
    "p99_e2e_ms": 8164.535964950919
  },
  "turn2": {
    "count": 2,
    "avg_ttft_ms": 97.07367420196533,
    "avg_tpot_ms": 7.933526087229646,
    "avg_e2e_ms": 1104.6314872801304,
    "p50_ttft_ms": 97.07367420196533,
    "p50_tpot_ms": 7.933526087229646,
    "p50_e2e_ms": 1104.6314872801304,
    "p99_ttft_ms": 128.0060264468193,
    "p99_tpot_ms": 7.934783365665458,
    "p99_e2e_ms": 1135.7235138863325
  },
  "average": {
    "count": 4,
    "avg_ttft_ms": 117.33011063188314,
    "avg_tpot_ms": 7.882897739999443,
    "avg_e2e_ms": 4627.3148115724325,
    "p50_ttft_ms": 127.04963237047195,
    "p50_tpot_ms": 7.895432762484116,
    "p50_e2e_ms": 4635.760830715299,
    "p99_ttft_ms": 149.0789134427905,
    "p99_tpot_ms": 7.934732048178282,
    "p99_e2e_ms": 8163.942584171891
  },
  "throughput": {
    "requests_per_sec": 0.21467433135139283,
    "tokens_per_sec": 123.65241485840227
  },
  "success_rate": 100.0,
  "total_requests": 4,
  "failed_requests": 0,
  "duration_sec": 18.632875084877014,
  "timestamp": "2026-01-18T11:30:20.168066",
  "error": null
}