{
  "config": "2P_1D_1pD",
  "workload": "large_tiny",
  "qps": 20,
  "turn1": {
    "count": 200,
    "avg_ttft_ms": 14983.087311647832,
    "avg_tpot_ms": 11.417895976767191,
    "avg_e2e_ms": 26663.59489588067,
    "p50_ttft_ms": 14944.301307201385,
    "p50_tpot_ms": 11.268259797205207,
    "p50_e2e_ms": 26701.29062794149,
    "p99_ttft_ms": 31510.852098912,
    "p99_tpot_ms": 12.855878056829043,
    "p99_e2e_ms": 43998.54208551347
  },
  "turn2": {
    "count": 200,
    "avg_ttft_ms": 369.2491542547941,
    "avg_tpot_ms": 12.34027116469318,
    "avg_e2e_ms": 751.7975603602827,
    "p50_ttft_ms": 145.33822797238827,
    "p50_tpot_ms": 12.466809261710413,
    "p50_e2e_ms": 533.950800076127,
    "p99_ttft_ms": 1341.6071946918958,
    "p99_tpot_ms": 16.190663072611052,
    "p99_e2e_ms": 1700.2494184300297
  },
  "average": {
    "count": 400,
    "avg_ttft_ms": 7676.168232951313,
    "avg_tpot_ms": 11.879083570730186,
    "avg_e2e_ms": 13707.696228120476,
    "p50_ttft_ms": 216.50243364274502,
    "p50_tpot_ms": 11.567353969212267,
    "p50_e2e_ms": 11118.954237550497,
    "p99_ttft_ms": 31432.438351735473,
    "p99_tpot_ms": 15.973990933308679,
    "p99_e2e_ms": 43955.34049149603
  },
  "throughput": {
    "requests_per_sec": 7.434006181352277,
    "tokens_per_sec": 3925.155263754002
  },
  "success_rate": 100.0,
  "total_requests": 400,
  "failed_requests": 0,
  "duration_sec": 53.806788727641106,
  "timestamp": "2026-01-18T11:04:08.205828",
  "error": null
}