{
  "config": "2P_1D_1pD",
  "workload": "small_very_long_gen",
  "qps": 6,
  "turn1": {
    "count": 60,
    "avg_ttft_ms": 593.7462163468202,
    "avg_tpot_ms": 9.363790413760762,
    "avg_e2e_ms": 1782.947598894437,
    "p50_ttft_ms": 112.19684593379498,
    "p50_tpot_ms": 9.341235749247506,
    "p50_e2e_ms": 1299.342505633831,
    "p99_ttft_ms": 3500.130181200802,
    "p99_tpot_ms": 10.313920162794158,
    "p99_e2e_ms": 4769.075887426733
  },
  "turn2": {
    "count": 60,
    "avg_ttft_ms": 92.53133994837602,
    "avg_tpot_ms": 9.688367800767063,
    "avg_e2e_ms": 10003.731600133082,
    "p50_ttft_ms": 102.1836269646883,
    "p50_tpot_ms": 9.816324882726398,
    "p50_e2e_ms": 10092.38812699914,
    "p99_ttft_ms": 187.89741665124893,
    "p99_tpot_ms": 9.976172414794929,
    "p99_e2e_ms": 10362.595926634967
  },
  "average": {
    "count": 120,
    "avg_ttft_ms": 343.1387781475981,
    "avg_tpot_ms": 9.526079107263913,
    "avg_e2e_ms": 5893.339599513759,
    "p50_ttft_ms": 108.61224308609962,
    "p50_tpot_ms": 9.72674918868092,
    "p50_e2e_ms": 6949.602726846933,
    "p99_ttft_ms": 3417.7840131148696,
    "p99_tpot_ms": 10.309442803263664,
    "p99_e2e_ms": 10351.99795782566
  },
  "throughput": {
    "requests_per_sec": 5.130459174900441,
    "tokens_per_sec": 2955.1444847426537
  },
  "success_rate": 100.0,
  "total_requests": 120,
  "failed_requests": 0,
  "duration_sec": 23.389719303697348,
  "timestamp": "2026-01-18T10:46:12.407658",
  "error": null
}