{
  "config": "2P_1D_1pD",
  "workload": "large_big_paste",
  "qps": 2,
  "turn1": {
    "count": 19,
    "avg_ttft_ms": 147.33332258306052,
    "avg_tpot_ms": 9.02110353754664,
    "avg_e2e_ms": 9375.922241493276,
    "p50_ttft_ms": 147.67533913254738,
    "p50_tpot_ms": 8.880980738883844,
    "p50_e2e_ms": 9219.084732234478,
    "p99_ttft_ms": 171.25201903283596,
    "p99_tpot_ms": 9.419003398479022,
    "p99_e2e_ms": 9786.047899723053
  },
  "turn2": {
    "count": 19,
    "avg_ttft_ms": 124.25483567150016,
    "avg_tpot_ms": 8.90152907012997,
    "avg_e2e_ms": 685.0511670896882,
    "p50_ttft_ms": 144.43158730864525,
    "p50_tpot_ms": 8.853898812381049,
    "p50_e2e_ms": 685.2477863430977,
    "p99_ttft_ms": 177.84630626440048,
    "p99_tpot_ms": 9.805438594212609,
    "p99_e2e_ms": 740.381583571434
  },
  "average": {
    "count": 38,
    "avg_ttft_ms": 135.79407912728033,
    "avg_tpot_ms": 8.961316303838306,
    "avg_e2e_ms": 5030.486704291482,
    "p50_ttft_ms": 147.45216071605682,
    "p50_tpot_ms": 8.863672111479064,
    "p50_e2e_ms": 4589.102953672409,
    "p99_ttft_ms": 177.80544750392437,
    "p99_tpot_ms": 9.788079077289218,
    "p99_e2e_ms": 9784.697711840272
  },
  "throughput": {
    "requests_per_sec": 1.8745488331468763,
    "tokens_per_sec": 1019.7545652319008
  },
  "success_rate": 100.0,
  "total_requests": 38,
  "failed_requests": 0,
  "duration_sec": 20.271544452756643,
  "timestamp": "2026-01-18T11:40:54.936979",
  "error": null
}