{
  "config": "2P_1D_1pD",
  "workload": "small_big_paste",
  "qps": 0.5,
  "turn1": {
    "count": 5,
    "avg_ttft_ms": 108.18302035331726,
    "avg_tpot_ms": 8.029862622341772,
    "avg_e2e_ms": 1127.9755733907223,
    "p50_ttft_ms": 102.52237692475319,
    "p50_tpot_ms": 7.951988977944757,
    "p50_e2e_ms": 1122.644666582346,
    "p99_ttft_ms": 136.63190126419067,
    "p99_tpot_ms": 8.278237601199487,
    "p99_e2e_ms": 1187.356313765049
  },
  "turn2": {
    "count": 5,
    "avg_ttft_ms": 104.08348515629768,
    "avg_tpot_ms": 7.994340774085787,
    "avg_e2e_ms": 607.7269539237022,
    "p50_ttft_ms": 126.01980194449425,
    "p50_tpot_ms": 7.971859404018947,
    "p50_e2e_ms": 623.6141510307789,
    "p99_ttft_ms": 139.9879039824009,
    "p99_tpot_ms": 8.13851442128893,
    "p99_e2e_ms": 641.471493691206
  },
  "average": {
    "count": 10,
    "avg_ttft_ms": 106.13325275480747,
    "avg_tpot_ms": 8.01210169821378,
    "avg_e2e_ms": 867.8512636572123,
    "p50_ttft_ms": 107.6322216540575,
    "p50_tpot_ms": 7.968257136997723,
    "p50_e2e_ms": 859.7192466259003,
    "p99_ttft_ms": 140.01328438520432,
    "p99_tpot_ms": 8.277296365539389,
    "p99_e2e_ms": 1185.227811038494
  },
  "throughput": {
    "requests_per_sec": 1.043650834373485,
    "tokens_per_sec": 100.19048009985455
  },
  "success_rate": 100.0,
  "total_requests": 10,
  "failed_requests": 0,
  "duration_sec": 9.58174867555499,
  "timestamp": "2026-01-18T10:55:32.659613",
  "error": null
}