{
  "config": "2P_1D_1pD",
  "workload": "large_tiny",
  "qps": 2,
  "turn1": {
    "count": 12,
    "avg_ttft_ms": 152.63462315003076,
    "avg_tpot_ms": 8.816256925570494,
    "avg_e2e_ms": 9171.665458008647,
    "p50_ttft_ms": 155.4995160549879,
    "p50_tpot_ms": 8.919449861754071,
    "p50_e2e_ms": 9287.612240761518,
    "p99_ttft_ms": 166.1509358137846,
    "p99_tpot_ms": 9.125776846628211,
    "p99_e2e_ms": 9474.334445931017
  },
  "turn2": {
    "count": 12,
    "avg_ttft_ms": 128.13666742295027,
    "avg_tpot_ms": 8.615392330352977,
    "avg_e2e_ms": 395.21382966389257,
    "p50_ttft_ms": 130.069088190794,
    "p50_tpot_ms": 8.284217948394438,
    "p50_e2e_ms": 406.0846511274576,
    "p99_ttft_ms": 171.32568787783384,
    "p99_tpot_ms": 9.520978005903382,
    "p99_e2e_ms": 463.45111057162285
  },
  "average": {
    "count": 24,
    "avg_ttft_ms": 140.38564528649053,
    "avg_tpot_ms": 8.715824627961737,
    "avg_e2e_ms": 4783.43964383627,
    "p50_ttft_ms": 149.63284507393837,
    "p50_tpot_ms": 8.855084268665733,
    "p50_e2e_ms": 4534.043207764626,
    "p99_ttft_ms": 171.1815482005477,
    "p99_tpot_ms": 9.509987798669645,
    "p99_e2e_ms": 9474.288374073803
  },
  "throughput": {
    "requests_per_sec": 1.3050124162075152,
    "tokens_per_sec": 689.0465557575681
  },
  "success_rate": 100.0,
  "total_requests": 24,
  "failed_requests": 0,
  "duration_sec": 18.39062962308526,
  "timestamp": "2026-01-18T11:00:11.618185",
  "error": null
}