{
  "config": "2P_1D_1pD",
  "workload": "large_big_paste",
  "qps": 1,
  "turn1": {
    "count": 9,
    "avg_ttft_ms": 132.40443666776022,
    "avg_tpot_ms": 8.405461234107422,
    "avg_e2e_ms": 8731.191279159651,
    "p50_ttft_ms": 137.74864375591278,
    "p50_tpot_ms": 8.369721763586135,
    "p50_e2e_ms": 8700.938131660223,
    "p99_ttft_ms": 145.76345697045326,
    "p99_tpot_ms": 8.649625605443823,
    "p99_e2e_ms": 8986.640373468399
  },
  "turn2": {
    "count": 9,
    "avg_ttft_ms": 130.71932188338704,
    "avg_tpot_ms": 8.64911114228676,
    "avg_e2e_ms": 675.6133238474528,
    "p50_ttft_ms": 95.75187787413597,
    "p50_tpot_ms": 8.768149488975132,
    "p50_e2e_ms": 683.4167391061783,
    "p99_ttft_ms": 226.74671426415443,
    "p99_tpot_ms": 9.429857264908533,
    "p99_e2e_ms": 778.8909088075161
  },
  "average": {
    "count": 18,
    "avg_ttft_ms": 131.56187927557363,
    "avg_tpot_ms": 8.52728618819709,
    "avg_e2e_ms": 4703.402301503553,
    "p50_ttft_ms": 133.03210213780403,
    "p50_tpot_ms": 8.549778124104497,
    "p50_e2e_ms": 4612.806541845202,
    "p99_ttft_ms": 223.97488862276072,
    "p99_tpot_ms": 9.386833967079244,
    "p99_e2e_ms": 8983.429553695023
  },
  "throughput": {
    "requests_per_sec": 0.9911021859826628,
    "tokens_per_sec": 539.1595891745685
  },
  "success_rate": 100.0,
  "total_requests": 18,
  "failed_requests": 0,
  "duration_sec": 18.161598525941372,
  "timestamp": "2026-01-18T11:40:34.625901",
  "error": null
}