{
  "config": "2P_1D_1pD",
  "workload": "small_mid_paste",
  "qps": 12,
  "turn1": {
    "count": 120,
    "avg_ttft_ms": 132.60150446246067,
    "avg_tpot_ms": 9.529001759536309,
    "avg_e2e_ms": 1342.784727923572,
    "p50_ttft_ms": 114.91315998136997,
    "p50_tpot_ms": 9.545323592940655,
    "p50_e2e_ms": 1324.246522039175,
    "p99_ttft_ms": 281.1537808179856,
    "p99_tpot_ms": 10.289098090074194,
    "p99_e2e_ms": 1559.6099968999624
  },
  "turn2": {
    "count": 120,
    "avg_ttft_ms": 107.01916407172878,
    "avg_tpot_ms": 9.531586978426844,
    "avg_e2e_ms": 707.5091437126199,
    "p50_ttft_ms": 103.02744805812836,
    "p50_tpot_ms": 9.515869859901684,
    "p50_e2e_ms": 691.2451628595591,
    "p99_ttft_ms": 259.29360542446375,
    "p99_tpot_ms": 10.514354701671335,
    "p99_e2e_ms": 916.3597112894058
  },
  "average": {
    "count": 240,
    "avg_ttft_ms": 119.81033426709473,
    "avg_tpot_ms": 9.530294368981576,
    "avg_e2e_ms": 1025.146935818096,
    "p50_ttft_ms": 109.3313954770565,
    "p50_tpot_ms": 9.538611535896898,
    "p50_e2e_ms": 1052.4908397346735,
    "p99_ttft_ms": 276.00988734513504,
    "p99_tpot_ms": 10.48464115295145,
    "p99_e2e_ms": 1538.1301504001015
  },
  "throughput": {
    "requests_per_sec": 20.462684444117393,
    "tokens_per_sec": 1964.4177066352697
  },
  "success_rate": 100.0,
  "total_requests": 240,
  "failed_requests": 0,
  "duration_sec": 11.728666424751282,
  "timestamp": "2026-01-18T10:54:54.040901",
  "error": null
}