{
  "config": "2P_1D_1pD",
  "workload": "large_mid_bal",
  "qps": 12,
  "turn1": {
    "count": 103,
    "avg_ttft_ms": 4916.3280361992065,
    "avg_tpot_ms": 11.19166105274446,
    "avg_e2e_ms": 16365.39729315679,
    "p50_ttft_ms": 7523.806747049093,
    "p50_tpot_ms": 11.33092438559961,
    "p50_e2e_ms": 19125.82864239812,
    "p99_ttft_ms": 16673.739052563906,
    "p99_tpot_ms": 11.610569921217474,
    "p99_e2e_ms": 26194.139026999474
  },
  "turn2": {
    "count": 103,
    "avg_ttft_ms": 143.61839267669373,
    "avg_tpot_ms": 11.56044031237984,
    "avg_e2e_ms": 1611.7943123489329,
    "p50_ttft_ms": 148.49841594696045,
    "p50_tpot_ms": 11.90014421118526,
    "p50_e2e_ms": 1629.9402490258217,
    "p99_ttft_ms": 403.9859432727099,
    "p99_tpot_ms": 13.11600595126002,
    "p99_e2e_ms": 1909.1221801936626
  },
  "average": {
    "count": 206,
    "avg_ttft_ms": 2529.97321443795,
    "avg_tpot_ms": 11.376050682562148,
    "avg_e2e_ms": 8988.595802752861,
    "p50_ttft_ms": 162.24591434001923,
    "p50_tpot_ms": 11.426936176477547,
    "p50_e2e_ms": 6291.257955133915,
    "p99_ttft_ms": 16076.338358968424,
    "p99_tpot_ms": 13.070079742923495,
    "p99_e2e_ms": 25830.53255956615
  },
  "throughput": {
    "requests_per_sec": 5.53773929791391,
    "tokens_per_sec": 3189.737835598412
  },
  "success_rate": 100.0,
  "total_requests": 206,
  "failed_requests": 0,
  "duration_sec": 37.19929540157318,
  "timestamp": "2026-01-18T11:33:21.590440",
  "error": null
}