{
  "config": "2P_1D_1pD",
  "workload": "small_huge_paste",
  "qps": 4,
  "turn1": {
    "count": 35,
    "avg_ttft_ms": 101.10676799501691,
    "avg_tpot_ms": 8.284877163553935,
    "avg_e2e_ms": 1153.2861677663666,
    "p50_ttft_ms": 100.20921006798744,
    "p50_tpot_ms": 8.276844353187741,
    "p50_e2e_ms": 1153.828289359808,
    "p99_ttft_ms": 142.83832140266895,
    "p99_tpot_ms": 8.512528384999028,
    "p99_e2e_ms": 1189.658239260316
  },
  "turn2": {
    "count": 35,
    "avg_ttft_ms": 128.05631597127234,
    "avg_tpot_ms": 8.37086774237145,
    "avg_e2e_ms": 387.55321598478724,
    "p50_ttft_ms": 140.18168672919273,
    "p50_tpot_ms": 8.348588741594746,
    "p50_e2e_ms": 397.2906917333603,
    "p99_ttft_ms": 187.24611833691594,
    "p99_tpot_ms": 9.55862891770178,
    "p99_e2e_ms": 461.87730140984047
  },
  "average": {
    "count": 70,
    "avg_ttft_ms": 114.58154198314462,
    "avg_tpot_ms": 8.32787245296269,
    "avg_e2e_ms": 770.419691875577,
    "p50_ttft_ms": 105.61707802116871,
    "p50_tpot_ms": 8.295324037042189,
    "p50_e2e_ms": 779.0722884237766,
    "p99_ttft_ms": 182.97434061765674,
    "p99_tpot_ms": 9.388366591545845,
    "p99_e2e_ms": 1186.2210139259696
  },
  "throughput": {
    "requests_per_sec": 6.124798371528352,
    "tokens_per_sec": 489.9838697222682
  },
  "success_rate": 100.0,
  "total_requests": 70,
  "failed_requests": 0,
  "duration_sec": 11.428947657346725,
  "timestamp": "2026-01-18T10:57:59.891030",
  "error": null
}