{
  "config": "2P_1D_1pD",
  "workload": "small_small_bal",
  "qps": 10,
  "turn1": {
    "count": 100,
    "avg_ttft_ms": 115.15344616025686,
    "avg_tpot_ms": 9.101865047838276,
    "avg_e2e_ms": 1271.0903072357178,
    "p50_ttft_ms": 106.85336031019688,
    "p50_tpot_ms": 9.036501092234934,
    "p50_e2e_ms": 1259.3863923102617,
    "p99_ttft_ms": 220.2933545783162,
    "p99_tpot_ms": 9.871590063855873,
    "p99_e2e_ms": 1460.5110221356153
  },
  "turn2": {
    "count": 100,
    "avg_ttft_ms": 83.7011892721057,
    "avg_tpot_ms": 9.038111293717982,
    "avg_e2e_ms": 653.1022007763386,
    "p50_ttft_ms": 91.64853394031525,
    "p50_tpot_ms": 8.968789012186111,
    "p50_e2e_ms": 641.7084820568562,
    "p99_ttft_ms": 213.03411982953557,
    "p99_tpot_ms": 10.085299011497272,
    "p99_e2e_ms": 801.4576030895116
  },
  "average": {
    "count": 200,
    "avg_ttft_ms": 99.42731771618128,
    "avg_tpot_ms": 9.069988170778128,
    "avg_e2e_ms": 962.0962540060282,
    "p50_ttft_ms": 100.74354149401188,
    "p50_tpot_ms": 9.024468961897798,
    "p50_e2e_ms": 991.7063601315022,
    "p99_ttft_ms": 220.29335457831618,
    "p99_tpot_ms": 9.977275666499892,
    "p99_e2e_ms": 1399.9556035175915
  },
  "throughput": {
    "requests_per_sec": 17.651882725383107,
    "tokens_per_sec": 1694.5807416367782
  },
  "success_rate": 100.0,
  "total_requests": 200,
  "failed_requests": 0,
  "duration_sec": 11.330236162990332,
  "timestamp": "2026-01-18T10:50:40.405343",
  "error": null
}