{
  "config": "2P_1D_1pD",
  "workload": "small_mid_bal",
  "qps": 10,
  "turn1": {
    "count": 84,
    "avg_ttft_ms": 137.78449852196943,
    "avg_tpot_ms": 9.176540646993985,
    "avg_e2e_ms": 1303.2051606902055,
    "p50_ttft_ms": 109.9021602421999,
    "p50_tpot_ms": 9.116339005940542,
    "p50_e2e_ms": 1278.6648627370596,
    "p99_ttft_ms": 314.2336551845074,
    "p99_tpot_ms": 10.13360895304464,
    "p99_e2e_ms": 1572.8069664910436
  },
  "turn2": {
    "count": 84,
    "avg_ttft_ms": 94.29945801163004,
    "avg_tpot_ms": 9.175873293782669,
    "avg_e2e_ms": 1259.6353663220293,
    "p50_ttft_ms": 93.80665421485901,
    "p50_tpot_ms": 9.253815403134803,
    "p50_e2e_ms": 1241.788450628519,
    "p99_ttft_ms": 274.6206081658603,
    "p99_tpot_ms": 9.865065742665388,
    "p99_e2e_ms": 1483.5183194279673
  },
  "average": {
    "count": 168,
    "avg_ttft_ms": 116.04197826679973,
    "avg_tpot_ms": 9.176206970388327,
    "avg_e2e_ms": 1281.4202635061174,
    "p50_ttft_ms": 105.57304881513119,
    "p50_tpot_ms": 9.192990300458247,
    "p50_e2e_ms": 1260.2053452283144,
    "p99_ttft_ms": 319.2700878903274,
    "p99_tpot_ms": 10.12542160887887,
    "p99_e2e_ms": 1570.137333646417
  },
  "throughput": {
    "requests_per_sec": 13.65351522233049,
    "tokens_per_sec": 1747.6499484583028
  },
  "success_rate": 100.0,
  "total_requests": 168,
  "failed_requests": 0,
  "duration_sec": 12.304523579776287,
  "timestamp": "2026-01-18T10:52:41.005094",
  "error": null
}