{
  "config": "2P_1D_1pD",
  "workload": "small_tiny",
  "qps": 8,
  "turn1": {
    "count": 67,
    "avg_ttft_ms": 108.32552600707581,
    "avg_tpot_ms": 8.569018335421703,
    "avg_e2e_ms": 1196.590854605632,
    "p50_ttft_ms": 98.02745282649994,
    "p50_tpot_ms": 8.583649318283937,
    "p50_e2e_ms": 1188.7631341814995,
    "p99_ttft_ms": 226.3730063289404,
    "p99_tpot_ms": 9.031844882397202,
    "p99_e2e_ms": 1315.3852678090334
  },
  "turn2": {
    "count": 67,
    "avg_ttft_ms": 70.03348915657001,
    "avg_tpot_ms": 8.510726798625308,
    "avg_e2e_ms": 333.8660199139545,
    "p50_ttft_ms": 79.13829758763313,
    "p50_tpot_ms": 8.491873861320558,
    "p50_e2e_ms": 338.5373018682003,
    "p99_ttft_ms": 160.68001329898846,
    "p99_tpot_ms": 9.102526698862352,
    "p99_e2e_ms": 423.36010061204445
  },
  "average": {
    "count": 134,
    "avg_ttft_ms": 89.1795075818229,
    "avg_tpot_ms": 8.539872567023506,
    "avg_e2e_ms": 765.2284372597933,
    "p50_ttft_ms": 92.56673231720924,
    "p50_tpot_ms": 8.535184376821743,
    "p50_e2e_ms": 776.7543327063322,
    "p99_ttft_ms": 219.53109670430396,
    "p99_tpot_ms": 9.085850963775416,
    "p99_e2e_ms": 1308.6614512652156
  },
  "throughput": {
    "requests_per_sec": 11.883094071028754,
    "tokens_per_sec": 950.6475256823003
  },
  "success_rate": 100.0,
  "total_requests": 134,
  "failed_requests": 0,
  "duration_sec": 11.276524379849434,
  "timestamp": "2026-01-18T10:38:24.358472",
  "error": null
}