{
  "config": "2P_1D_1pD",
  "workload": "large_short_gen",
  "qps": 0.5,
  "turn1": {
    "count": 4,
    "avg_ttft_ms": 149.44684132933617,
    "avg_tpot_ms": 7.936872816840342,
    "avg_e2e_ms": 8268.867732957006,
    "p50_ttft_ms": 143.39281804859638,
    "p50_tpot_ms": 7.95101448675055,
    "p50_e2e_ms": 8273.703346028924,
    "p99_ttft_ms": 171.80842991918325,
    "p99_tpot_ms": 8.063908498788859,
    "p99_e2e_ms": 8394.785157181323
  },
  "turn2": {
    "count": 4,
    "avg_ttft_ms": 125.30602421611547,
    "avg_tpot_ms": 7.897767161621767,
    "avg_e2e_ms": 2139.236650429666,
    "p50_ttft_ms": 144.57090571522713,
    "p50_tpot_ms": 8.054084148184925,
    "p50_e2e_ms": 2158.770501613617,
    "p99_ttft_ms": 150.4718203097582,
    "p99_tpot_ms": 8.192194035240249,
    "p99_e2e_ms": 2239.4812992960215
  },
  "average": {
    "count": 8,
    "avg_ttft_ms": 137.37643277272582,
    "avg_tpot_ms": 7.917319989231054,
    "avg_e2e_ms": 5204.052191693336,
    "p50_ttft_ms": 143.39281804859638,
    "p50_tpot_ms": 7.980351529933641,
    "p50_e2e_ms": 5185.700239613652,
    "p99_ttft_ms": 171.0750187560916,
    "p99_tpot_ms": 8.190999158457213,
    "p99_e2e_ms": 8392.58229214698
  },
  "throughput": {
    "requests_per_sec": 0.4198097610085413,
    "tokens_per_sec": 268.67824704546643
  },
  "success_rate": 100.0,
  "total_requests": 8,
  "failed_requests": 0,
  "duration_sec": 19.05625057592988,
  "timestamp": "2026-01-18T11:04:32.313174",
  "error": null
}