{
  "config": "2P_1D_1pD",
  "workload": "large_small_bal",
  "qps": 1,
  "turn1": {
    "count": 10,
    "avg_ttft_ms": 140.44344946742058,
    "avg_tpot_ms": 8.53759185688703,
    "avg_e2e_ms": 8874.399919062853,
    "p50_ttft_ms": 140.16699604690075,
    "p50_tpot_ms": 8.646198858817417,
    "p50_e2e_ms": 8987.201008945704,
    "p99_ttft_ms": 160.37353675812483,
    "p99_tpot_ms": 8.726892933460682,
    "p99_e2e_ms": 9074.825422018766
  },
  "turn2": {
    "count": 10,
    "avg_ttft_ms": 126.42049975693226,
    "avg_tpot_ms": 8.34670388509357,
    "avg_e2e_ms": 652.262844517827,
    "p50_ttft_ms": 137.61460594832897,
    "p50_tpot_ms": 8.434277855687672,
    "p50_e2e_ms": 670.3579425811768,
    "p99_ttft_ms": 162.98947595059872,
    "p99_tpot_ms": 8.69529127365067,
    "p99_e2e_ms": 710.4527834430337
  },
  "average": {
    "count": 20,
    "avg_ttft_ms": 133.43197461217642,
    "avg_tpot_ms": 8.442147870990299,
    "avg_e2e_ms": 4763.33138179034,
    "p50_ttft_ms": 140.16699604690075,
    "p50_tpot_ms": 8.566208998255405,
    "p50_e2e_ms": 4592.386081814766,
    "p99_ttft_ms": 163.15859742462635,
    "p99_tpot_ms": 8.72472221117361,
    "p99_e2e_ms": 9071.757456213236
  },
  "throughput": {
    "requests_per_sec": 1.3518945605459327,
    "tokens_per_sec": 735.4306409369874
  },
  "success_rate": 100.0,
  "total_requests": 20,
  "failed_requests": 0,
  "duration_sec": 14.79405316337943,
  "timestamp": "2026-01-18T11:25:41.393310",
  "error": null
}