{
  "config": "2P_1D_1pD",
  "workload": "large_small_bal",
  "qps": 6,
  "turn1": {
    "count": 60,
    "avg_ttft_ms": 664.5857656374574,
    "avg_tpot_ms": 10.67994233304571,
    "avg_e2e_ms": 11590.166772343218,
    "p50_ttft_ms": 152.7064386755228,
    "p50_tpot_ms": 10.703169126227454,
    "p50_e2e_ms": 11219.547472894192,
    "p99_ttft_ms": 3416.420999430119,
    "p99_tpot_ms": 11.40698395068607,
    "p99_e2e_ms": 13851.174429282546
  },
  "turn2": {
    "count": 60,
    "avg_ttft_ms": 112.80669942498207,
    "avg_tpot_ms": 10.512386596510336,
    "avg_e2e_ms": 775.0870550051332,
    "p50_ttft_ms": 124.0090150386095,
    "p50_tpot_ms": 10.551144117637286,
    "p50_e2e_ms": 784.9007956683636,
    "p99_ttft_ms": 187.48776920139784,
    "p99_tpot_ms": 12.63236577371283,
    "p99_e2e_ms": 929.0299426019191
  },
  "average": {
    "count": 120,
    "avg_ttft_ms": 388.6962325312197,
    "avg_tpot_ms": 10.596164464778022,
    "avg_e2e_ms": 6182.626913674176,
    "p50_ttft_ms": 143.11235398054123,
    "p50_tpot_ms": 10.683854697736479,
    "p50_e2e_ms": 5572.762930765748,
    "p99_ttft_ms": 3321.723971813917,
    "p99_tpot_ms": 12.569988706991786,
    "p99_e2e_ms": 13756.345870420337
  },
  "throughput": {
    "requests_per_sec": 5.049988625638039,
    "tokens_per_sec": 2747.1938123470936
  },
  "success_rate": 100.0,
  "total_requests": 120,
  "failed_requests": 0,
  "duration_sec": 23.762429758906364,
  "timestamp": "2026-01-18T11:26:44.952006",
  "error": null
}