{
  "config": "2P_1D_1pD",
  "workload": "large_short_gen",
  "qps": 10,
  "turn1": {
    "count": 100,
    "avg_ttft_ms": 4985.6804025918245,
    "avg_tpot_ms": 11.304026863711613,
    "avg_e2e_ms": 16549.699884168804,
    "p50_ttft_ms": 4756.171787157655,
    "p50_tpot_ms": 11.255174764192581,
    "p50_e2e_ms": 16474.249510094523,
    "p99_ttft_ms": 10378.429828844966,
    "p99_tpot_ms": 11.86063429029369,
    "p99_e2e_ms": 22129.55708939582
  },
  "turn2": {
    "count": 100,
    "avg_ttft_ms": 138.11497308313847,
    "avg_tpot_ms": 11.775711785636696,
    "avg_e2e_ms": 3140.921478420496,
    "p50_ttft_ms": 149.94391426444054,
    "p50_tpot_ms": 11.874824798866815,
    "p50_e2e_ms": 3187.139043584466,
    "p99_ttft_ms": 317.846903204918,
    "p99_tpot_ms": 13.40121456586263,
    "p99_e2e_ms": 3480.0761303305626
  },
  "average": {
    "count": 200,
    "avg_ttft_ms": 2561.8976878374815,
    "avg_tpot_ms": 11.539869324674155,
    "avg_e2e_ms": 9845.31068129465,
    "p50_ttft_ms": 158.02173875272274,
    "p50_tpot_ms": 11.565306175400119,
    "p50_e2e_ms": 7183.287180960178,
    "p99_ttft_ms": 10342.284936904907,
    "p99_tpot_ms": 13.318462199732368,
    "p99_e2e_ms": 22116.73210915178
  },
  "throughput": {
    "requests_per_sec": 5.84881295096947,
    "tokens_per_sec": 3743.240288620461
  },
  "success_rate": 100.0,
  "total_requests": 200,
  "failed_requests": 0,
  "duration_sec": 34.19497283920646,
  "timestamp": "2026-01-18T11:07:09.915305",
  "error": null
}