{
  "config": "2P_1D_1pD",
  "workload": "large_huge_paste",
  "qps": 0.5,
  "turn1": {
    "count": 5,
    "avg_ttft_ms": 143.55677962303162,
    "avg_tpot_ms": 8.176556881426134,
    "avg_e2e_ms": 8508.174469321966,
    "p50_ttft_ms": 156.3403345644474,
    "p50_tpot_ms": 8.20439198907403,
    "p50_e2e_ms": 8513.104803860188,
    "p99_ttft_ms": 159.33619901537895,
    "p99_tpot_ms": 8.26217014550114,
    "p99_e2e_ms": 8592.949284911156
  },
  "turn2": {
    "count": 5,
    "avg_ttft_ms": 135.91786846518517,
    "avg_tpot_ms": 8.169747504495806,
    "avg_e2e_ms": 389.18004110455513,
    "p50_ttft_ms": 155.98773211240768,
    "p50_tpot_ms": 8.252998513560142,
    "p50_e2e_ms": 401.83911100029945,
    "p99_ttft_ms": 167.03665763139725,
    "p99_tpot_ms": 8.44860085556584,
    "p99_e2e_ms": 428.9432841539383
  },
  "average": {
    "count": 10,
    "avg_ttft_ms": 139.7373240441084,
    "avg_tpot_ms": 8.17315219296097,
    "avg_e2e_ms": 4448.677255213261,
    "p50_ttft_ms": 156.16403333842754,
    "p50_tpot_ms": 8.225970889713874,
    "p50_e2e_ms": 4419.206790626049,
    "p99_ttft_ms": 166.89090732485056,
    "p99_tpot_ms": 8.440510624599073,
    "p99_e2e_ms": 8592.156178429723
  },
  "throughput": {
    "requests_per_sec": 0.852789641333123,
    "tokens_per_sec": 450.2729306238889
  },
  "success_rate": 100.0,
  "total_requests": 10,
  "failed_requests": 0,
  "duration_sec": 11.726221233606339,
  "timestamp": "2026-01-18T11:45:08.747365",
  "error": null
}