{
  "config": "2P_1D_1pD",
  "workload": "small_mid_bal",
  "qps": 6,
  "turn1": {
    "count": 55,
    "avg_ttft_ms": 108.02491733973676,
    "avg_tpot_ms": 8.610052271941429,
    "avg_e2e_ms": 1201.5015558762984,
    "p50_ttft_ms": 100.84051638841629,
    "p50_tpot_ms": 8.62515368682193,
    "p50_e2e_ms": 1197.8638209402561,
    "p99_ttft_ms": 200.63863776624206,
    "p99_tpot_ms": 8.953834846029132,
    "p99_e2e_ms": 1312.394831776619
  },
  "turn2": {
    "count": 55,
    "avg_ttft_ms": 87.49929104338993,
    "avg_tpot_ms": 8.648233592467555,
    "avg_e2e_ms": 1185.8249572867696,
    "p50_ttft_ms": 98.23108464479446,
    "p50_tpot_ms": 8.677216437388592,
    "p50_e2e_ms": 1212.689395993948,
    "p99_ttft_ms": 217.39761017262936,
    "p99_tpot_ms": 8.999766695100492,
    "p99_e2e_ms": 1318.8862873613834
  },
  "average": {
    "count": 110,
    "avg_ttft_ms": 97.76210419156335,
    "avg_tpot_ms": 8.629142932204493,
    "avg_e2e_ms": 1193.6632565815341,
    "p50_ttft_ms": 99.799370393157,
    "p50_tpot_ms": 8.672784647251678,
    "p50_e2e_ms": 1199.8135931789875,
    "p99_ttft_ms": 217.0424423739314,
    "p99_tpot_ms": 8.99622804829924,
    "p99_e2e_ms": 1318.9088782668114
  },
  "throughput": {
    "requests_per_sec": 9.105980681480712,
    "tokens_per_sec": 1165.5655272295312
  },
  "success_rate": 100.0,
  "total_requests": 110,
  "failed_requests": 0,
  "duration_sec": 12.07997291535139,
  "timestamp": "2026-01-18T10:52:16.328347",
  "error": null
}