{
  "config": "2P_1D_1pD",
  "workload": "small_small_bal",
  "qps": 12,
  "turn1": {
    "count": 116,
    "avg_ttft_ms": 120.89116216219705,
    "avg_tpot_ms": 9.319404262757049,
    "avg_e2e_ms": 1304.455503532342,
    "p50_ttft_ms": 106.9130226969719,
    "p50_tpot_ms": 9.328810791448346,
    "p50_e2e_ms": 1302.6221320033073,
    "p99_ttft_ms": 263.1365975365041,
    "p99_tpot_ms": 10.108992533655616,
    "p99_e2e_ms": 1548.0215268209574
  },
  "turn2": {
    "count": 116,
    "avg_ttft_ms": 97.01823452808733,
    "avg_tpot_ms": 9.336408557493668,
    "avg_e2e_ms": 685.2119736501883,
    "p50_ttft_ms": 98.3697921037674,
    "p50_tpot_ms": 9.385428701837856,
    "p50_e2e_ms": 660.6045123189688,
    "p99_ttft_ms": 282.52786435186846,
    "p99_tpot_ms": 10.27920160383459,
    "p99_e2e_ms": 926.1958887800572
  },
  "average": {
    "count": 232,
    "avg_ttft_ms": 108.95469834514219,
    "avg_tpot_ms": 9.327906410125355,
    "avg_e2e_ms": 994.833738591265,
    "p50_ttft_ms": 103.63508202135563,
    "p50_tpot_ms": 9.368673626483865,
    "p50_e2e_ms": 1049.2593050003052,
    "p99_ttft_ms": 277.64686249196524,
    "p99_tpot_ms": 10.2285964290301,
    "p99_e2e_ms": 1498.9419293031096
  },
  "throughput": {
    "requests_per_sec": 19.68021270469492,
    "tokens_per_sec": 1889.3004196507125
  },
  "success_rate": 100.0,
  "total_requests": 232,
  "failed_requests": 0,
  "duration_sec": 11.78849047422409,
  "timestamp": "2026-01-18T10:50:52.233762",
  "error": null
}