{
  "config": "2P_1D_1pD",
  "workload": "large_mid_bal",
  "qps": 8,
  "turn1": {
    "count": 80,
    "avg_ttft_ms": 3106.4365743193775,
    "avg_tpot_ms": 10.88654232536418,
    "avg_e2e_ms": 14243.369373166934,
    "p50_ttft_ms": 187.97358684241772,
    "p50_tpot_ms": 10.919336604640865,
    "p50_e2e_ms": 11821.604646742344,
    "p99_ttft_ms": 8834.640602320433,
    "p99_tpot_ms": 11.594812970750493,
    "p99_e2e_ms": 19402.792657986283
  },
  "turn2": {
    "count": 80,
    "avg_ttft_ms": 141.15508841350675,
    "avg_tpot_ms": 11.142130052362841,
    "avg_e2e_ms": 1556.2056050635874,
    "p50_ttft_ms": 142.40524731576443,
    "p50_tpot_ms": 11.349537637172721,
    "p50_e2e_ms": 1567.2696977853775,
    "p99_ttft_ms": 326.3309205323458,
    "p99_tpot_ms": 12.718377338619684,
    "p99_e2e_ms": 1937.0697899535298
  },
  "average": {
    "count": 160,
    "avg_ttft_ms": 1623.7958313664421,
    "avg_tpot_ms": 11.01433618886351,
    "avg_e2e_ms": 7899.7874891152605,
    "p50_ttft_ms": 155.62360920011997,
    "p50_tpot_ms": 11.051571351691774,
    "p50_e2e_ms": 6154.546651989222,
    "p99_ttft_ms": 8793.77703230828,
    "p99_tpot_ms": 12.701258806614424,
    "p99_e2e_ms": 19370.65184146166
  },
  "throughput": {
    "requests_per_sec": 5.464144460123316,
    "tokens_per_sec": 3147.3472090310297
  },
  "success_rate": 100.0,
  "total_requests": 160,
  "failed_requests": 0,
  "duration_sec": 29.28180269896984,
  "timestamp": "2026-01-18T11:32:12.382938",
  "error": null
}