{
  "config": "2P_1D_1pD",
  "workload": "large_tiny",
  "qps": 16,
  "turn1": {
    "count": 157,
    "avg_ttft_ms": 10208.826841656,
    "avg_tpot_ms": 11.222259675563704,
    "avg_e2e_ms": 21689.19848975767,
    "p50_ttft_ms": 9286.910355091095,
    "p50_tpot_ms": 11.25180668844855,
    "p50_e2e_ms": 20846.82123363018,
    "p99_ttft_ms": 27198.46450611949,
    "p99_tpot_ms": 12.007874449531121,
    "p99_e2e_ms": 37124.200844466686
  },
  "turn2": {
    "count": 157,
    "avg_ttft_ms": 724.2841811933715,
    "avg_tpot_ms": 11.601343271801893,
    "avg_e2e_ms": 1083.92582261923,
    "p50_ttft_ms": 156.3381366431713,
    "p50_tpot_ms": 11.708362328429375,
    "p50_e2e_ms": 523.0043195188046,
    "p99_ttft_ms": 24139.433043897152,
    "p99_tpot_ms": 15.235936954136816,
    "p99_e2e_ms": 24502.36419454217
  },
  "average": {
    "count": 314,
    "avg_ttft_ms": 5466.555511424685,
    "avg_tpot_ms": 11.411801473682798,
    "avg_e2e_ms": 11386.56215618845,
    "p50_ttft_ms": 266.86662435531616,
    "p50_tpot_ms": 11.395736132272294,
    "p50_e2e_ms": 11193.529041483998,
    "p99_ttft_ms": 27129.549442380667,
    "p99_tpot_ms": 15.09342260057888,
    "p99_e2e_ms": 37017.64825772494
  },
  "throughput": {
    "requests_per_sec": 6.625874857212069,
    "tokens_per_sec": 3498.4619246079724
  },
  "success_rate": 100.0,
  "total_requests": 314,
  "failed_requests": 0,
  "duration_sec": 47.38996838405728,
  "timestamp": "2026-01-18T11:03:14.358293",
  "error": null
}