{
  "config": "2P_1D_1pD",
  "workload": "small_huge_paste",
  "qps": 6,
  "turn1": {
    "count": 56,
    "avg_ttft_ms": 111.86031458367195,
    "avg_tpot_ms": 9.188362249540933,
    "avg_e2e_ms": 1278.7823202753705,
    "p50_ttft_ms": 104.26920279860497,
    "p50_tpot_ms": 9.076652183072774,
    "p50_e2e_ms": 1272.8629261255264,
    "p99_ttft_ms": 156.11038431525233,
    "p99_tpot_ms": 10.379885242679928,
    "p99_e2e_ms": 1415.4696954414248
  },
  "turn2": {
    "count": 56,
    "avg_ttft_ms": 113.7656914735479,
    "avg_tpot_ms": 9.097789081611804,
    "avg_e2e_ms": 395.7971530035138,
    "p50_ttft_ms": 87.02078275382519,
    "p50_tpot_ms": 8.967192182617802,
    "p50_e2e_ms": 388.44678550958633,
    "p99_ttft_ms": 242.43546854704624,
    "p99_tpot_ms": 11.393398485116421,
    "p99_e2e_ms": 533.0789525061847
  },
  "average": {
    "count": 112,
    "avg_ttft_ms": 112.81300302860993,
    "avg_tpot_ms": 9.14307566557637,
    "avg_e2e_ms": 837.2897366394421,
    "p50_ttft_ms": 103.29360514879227,
    "p50_tpot_ms": 9.000341943281843,
    "p50_e2e_ms": 838.5129068046808,
    "p99_ttft_ms": 234.2551788687706,
    "p99_tpot_ms": 11.261624541253813,
    "p99_e2e_ms": 1413.5487605258822
  },
  "throughput": {
    "requests_per_sec": 9.82050062103372,
    "tokens_per_sec": 785.6400496826976
  },
  "success_rate": 100.0,
  "total_requests": 112,
  "failed_requests": 0,
  "duration_sec": 11.404713906347752,
  "timestamp": "2026-01-18T10:58:11.335561",
  "error": null
}