{
  "config": "1R_1P_2pD",
  "workload": "large_short_gen",
  "qps": 1,
  "turn1": {
    "count": 7,
    "avg_ttft_ms": 108.26567294342178,
    "avg_tpot_ms": 9.287561063280553,
    "avg_e2e_ms": 9609.440640679428,
    "p50_ttft_ms": 114.92274329066277,
    "p50_tpot_ms": 10.128878493987221,
    "p50_e2e_ms": 10424.431659281254,
    "p99_ttft_ms": 140.24134702980518,
    "p99_tpot_ms": 10.62350775955476,
    "p99_e2e_ms": 10990.76988056302
  },
  "turn2": {
    "count": 7,
    "avg_ttft_ms": 79.039566218853,
    "avg_tpot_ms": 9.121219477817123,
    "avg_e2e_ms": 2404.9505330622196,
    "p50_ttft_ms": 88.85789290070534,
    "p50_tpot_ms": 9.962250847442478,
    "p50_e2e_ms": 2629.231858998537,
    "p99_ttft_ms": 125.26803359389304,
    "p99_tpot_ms": 10.530255218931273,
    "p99_e2e_ms": 2788.152840435505
  },
  "average": {
    "count": 14,
    "avg_ttft_ms": 93.65261958113739,
    "avg_tpot_ms": 9.204390270548839,
    "avg_e2e_ms": 6007.195586870824,
    "p50_ttft_ms": 102.56490111351013,
    "p50_tpot_ms": 10.04556467071485,
    "p50_e2e_ms": 5329.584758728743,
    "p99_ttft_ms": 139.57638554275036,
    "p99_tpot_ms": 10.62225597789502,
    "p99_e2e_ms": 10989.116825684905
  },
  "throughput": {
    "requests_per_sec": 0.6226476457293185,
    "tokens_per_sec": 398.49449326676387
  },
  "success_rate": 100.0,
  "total_requests": 14,
  "failed_requests": 0,
  "duration_sec": 22.48462689295411,
  "timestamp": "2026-01-18T20:05:20.310155",
  "error": null
}