{
  "config": "1R_1P_2pD",
  "workload": "large_very_long_gen",
  "qps": 12,
  "turn1": {
    "count": 106,
    "avg_ttft_ms": 11583.175378236569,
    "avg_tpot_ms": 11.875890727446077,
    "avg_e2e_ms": 23732.211592413907,
    "p50_ttft_ms": 18338.20665627718,
    "p50_tpot_ms": 10.625063801295363,
    "p50_e2e_ms": 29056.262770667672,
    "p99_ttft_ms": 36423.087808303535,
    "p99_tpot_ms": 17.084164034214712,
    "p99_e2e_ms": 50026.24552082272
  },
  "turn2": {
    "count": 106,
    "avg_ttft_ms": 100.9818508799346,
    "avg_tpot_ms": 11.814059236201185,
    "avg_e2e_ms": 12186.764449513747,
    "p50_ttft_ms": 78.14470492303371,
    "p50_tpot_ms": 11.565559661108727,
    "p50_e2e_ms": 11939.297717064619,
    "p99_ttft_ms": 262.1698336675763,
    "p99_tpot_ms": 16.17987337772564,
    "p99_e2e_ms": 16798.438625596464
  },
  "average": {
    "count": 212,
    "avg_ttft_ms": 5842.0786145582515,
    "avg_tpot_ms": 11.844974981823631,
    "avg_e2e_ms": 17959.488020963825,
    "p50_ttft_ms": 140.0826908648014,
    "p50_tpot_ms": 10.860125456853812,
    "p50_e2e_ms": 12059.381002560258,
    "p99_ttft_ms": 35965.36442447454,
    "p99_tpot_ms": 17.04461130003134,
    "p99_e2e_ms": 45963.36894996464
  },
  "throughput": {
    "requests_per_sec": 2.9579231383859983,
    "tokens_per_sec": 3028.9132937072623
  },
  "success_rate": 100.0,
  "total_requests": 212,
  "failed_requests": 0,
  "duration_sec": 71.6719096750021,
  "timestamp": "2026-01-18T20:25:06.109826",
  "error": null
}