{
  "config": "1R_1P_2pD",
  "workload": "large_big_paste",
  "qps": 12,
  "turn1": {
    "count": 120,
    "avg_ttft_ms": 7292.304865581294,
    "avg_tpot_ms": 12.777543688449692,
    "avg_e2e_ms": 20363.732058865327,
    "p50_ttft_ms": 8838.659701868892,
    "p50_tpot_ms": 10.566250420196432,
    "p50_e2e_ms": 19288.949063047767,
    "p99_ttft_ms": 17994.894213601947,
    "p99_tpot_ms": 20.190258120365975,
    "p99_e2e_ms": 34604.422506056726
  },
  "turn2": {
    "count": 120,
    "avg_ttft_ms": 131.4954155124724,
    "avg_tpot_ms": 12.999183389422281,
    "avg_e2e_ms": 950.4439690460762,
    "p50_ttft_ms": 98.05318526923656,
    "p50_tpot_ms": 11.097279096406604,
    "p50_e2e_ms": 804.3004162609577,
    "p99_ttft_ms": 445.1778865605595,
    "p99_tpot_ms": 29.453077274892067,
    "p99_e2e_ms": 2000.6387252733111
  },
  "average": {
    "count": 240,
    "avg_ttft_ms": 3711.900140546883,
    "avg_tpot_ms": 12.888363538935986,
    "avg_e2e_ms": 10657.088013955703,
    "p50_ttft_ms": 165.86241312325,
    "p50_tpot_ms": 10.817793721400514,
    "p50_e2e_ms": 6258.209113031626,
    "p99_ttft_ms": 17973.75759586692,
    "p99_tpot_ms": 28.5793726512837,
    "p99_e2e_ms": 34561.31661031395
  },
  "throughput": {
    "requests_per_sec": 5.4750189448379505,
    "tokens_per_sec": 2978.4103059918452
  },
  "success_rate": 100.0,
  "total_requests": 240,
  "failed_requests": 0,
  "duration_sec": 43.835464756935835,
  "timestamp": "2026-01-18T20:50:18.015254",
  "error": null
}