{
  "config": "1R_1P_2pD",
  "workload": "large_mid_bal",
  "qps": 2,
  "turn1": {
    "count": 20,
    "avg_ttft_ms": 132.04218167811632,
    "avg_tpot_ms": 9.721563715862796,
    "avg_e2e_ms": 10077.201863005757,
    "p50_ttft_ms": 138.31353932619095,
    "p50_tpot_ms": 8.923012297145316,
    "p50_e2e_ms": 9274.875169619918,
    "p99_ttft_ms": 162.47505269944668,
    "p99_tpot_ms": 11.76634358917659,
    "p99_e2e_ms": 12144.349674507976
  },
  "turn2": {
    "count": 20,
    "avg_ttft_ms": 83.11646729707718,
    "avg_tpot_ms": 9.726538358065557,
    "avg_e2e_ms": 1318.3868387714028,
    "p50_ttft_ms": 71.29868865013123,
    "p50_tpot_ms": 9.05318770880305,
    "p50_e2e_ms": 1242.4951326102018,
    "p99_ttft_ms": 209.63100809603924,
    "p99_tpot_ms": 12.807667594491026,
    "p99_e2e_ms": 1756.3425528630614
  },
  "average": {
    "count": 40,
    "avg_ttft_ms": 107.57932448759675,
    "avg_tpot_ms": 9.724051036964175,
    "avg_e2e_ms": 5697.79435088858,
    "p50_ttft_ms": 106.96941427886486,
    "p50_tpot_ms": 8.930767363973892,
    "p50_e2e_ms": 5168.586516752839,
    "p99_ttft_ms": 198.75388685613868,
    "p99_tpot_ms": 12.654790621338867,
    "p99_e2e_ms": 12129.078390821815
  },
  "throughput": {
    "requests_per_sec": 1.8107756590639201,
    "tokens_per_sec": 1043.006779620818
  },
  "success_rate": 100.0,
  "total_requests": 40,
  "failed_requests": 0,
  "duration_sec": 22.08998105302453,
  "timestamp": "2026-01-18T20:35:44.825311",
  "error": null
}