{
  "config": "1R_1P_2pD",
  "workload": "large_huge_paste",
  "qps": 16,
  "turn1": {
    "count": 160,
    "avg_ttft_ms": 12252.497814712115,
    "avg_tpot_ms": 12.872330016977283,
    "avg_e2e_ms": 25420.891422079876,
    "p50_ttft_ms": 10073.986308649182,
    "p50_tpot_ms": 10.702336303532881,
    "p50_e2e_ms": 26162.41048462689,
    "p99_ttft_ms": 27297.047043964267,
    "p99_tpot_ms": 20.685340909620535,
    "p99_e2e_ms": 44224.83579631895
  },
  "turn2": {
    "count": 159,
    "avg_ttft_ms": 341.25809336327154,
    "avg_tpot_ms": 16.378107653969707,
    "avg_e2e_ms": 848.9794306363325,
    "p50_ttft_ms": 142.70096272230148,
    "p50_tpot_ms": 11.725463934483066,
    "p50_e2e_ms": 504.7633983194828,
    "p99_ttft_ms": 602.3386216163626,
    "p99_tpot_ms": 53.70060504203833,
    "p99_e2e_ms": 2081.3373874872905
  },
  "average": {
    "count": 319,
    "avg_ttft_ms": 6315.54760877335,
    "avg_tpot_ms": 14.619723886199212,
    "avg_e2e_ms": 13173.449394996731,
    "p50_ttft_ms": 229.41869497299194,
    "p50_tpot_ms": 10.85711920948905,
    "p50_e2e_ms": 9701.737992465496,
    "p99_ttft_ms": 27117.758059203625,
    "p99_tpot_ms": 46.22299498608036,
    "p99_e2e_ms": 44046.62716515362
  },
  "throughput": {
    "requests_per_sec": 5.874543496731908,
    "tokens_per_sec": 3110.893052714507
  },
  "success_rate": 99.6875,
  "total_requests": 320,
  "failed_requests": 1,
  "duration_sec": 54.302091758698225,
  "timestamp": "2026-01-18T20:57:18.671410",
  "error": "Server disconnected"
}