{
  "config": "1R_1P_2pD",
  "workload": "small_big_paste",
  "qps": 4,
  "turn1": {
    "count": 40,
    "avg_ttft_ms": 76.72108029946685,
    "avg_tpot_ms": 9.322919353373408,
    "avg_e2e_ms": 1260.7318381778896,
    "p50_ttft_ms": 83.4855455905199,
    "p50_tpot_ms": 8.467838109478237,
    "p50_e2e_ms": 1168.1691780686378,
    "p99_ttft_ms": 172.61466391384602,
    "p99_tpot_ms": 11.928464178377249,
    "p99_e2e_ms": 1552.09148645401
  },
  "turn2": {
    "count": 40,
    "avg_ttft_ms": 78.50042367354035,
    "avg_tpot_ms": 9.591218917852355,
    "avg_e2e_ms": 682.7472154982388,
    "p50_ttft_ms": 62.01699376106262,
    "p50_tpot_ms": 8.438547984475182,
    "p50_e2e_ms": 653.5026133060455,
    "p99_ttft_ms": 165.70627082139254,
    "p99_tpot_ms": 13.973304729258258,
    "p99_e2e_ms": 948.4911874681711
  },
  "average": {
    "count": 80,
    "avg_ttft_ms": 77.6107519865036,
    "avg_tpot_ms": 9.457069135612883,
    "avg_e2e_ms": 971.7395268380642,
    "p50_ttft_ms": 71.32175751030445,
    "p50_tpot_ms": 8.466196417903516,
    "p50_e2e_ms": 1022.4840808659792,
    "p99_ttft_ms": 174.7876346483826,
    "p99_tpot_ms": 13.72031733216274,
    "p99_e2e_ms": 1538.0965065956113
  },
  "throughput": {
    "requests_per_sec": 7.500881420529982,
    "tokens_per_sec": 720.0846163708783
  },
  "success_rate": 100.0,
  "total_requests": 80,
  "failed_requests": 0,
  "duration_sec": 10.665413238108158,
  "timestamp": "2026-01-18T19:55:56.951797",
  "error": null
}