{
  "config": "1R_1P_2pD",
  "workload": "small_short_gen",
  "qps": 8,
  "turn1": {
    "count": 65,
    "avg_ttft_ms": 87.42247074842453,
    "avg_tpot_ms": 9.319706921376003,
    "avg_e2e_ms": 1271.025249763177,
    "p50_ttft_ms": 89.63455259799957,
    "p50_tpot_ms": 8.795500212297664,
    "p50_e2e_ms": 1227.7641780674458,
    "p99_ttft_ms": 170.18469288945198,
    "p99_tpot_ms": 11.500685591631987,
    "p99_e2e_ms": 1493.6107771098614
  },
  "turn2": {
    "count": 65,
    "avg_ttft_ms": 43.752009364274834,
    "avg_tpot_ms": 9.398869893894297,
    "avg_e2e_ms": 2440.4638323073204,
    "p50_ttft_ms": 34.70753878355026,
    "p50_tpot_ms": 8.79053911742042,
    "p50_e2e_ms": 2305.999219417572,
    "p99_ttft_ms": 120.63504666090009,
    "p99_tpot_ms": 11.32044139270689,
    "p99_e2e_ms": 2926.8380278348923
  },
  "average": {
    "count": 130,
    "avg_ttft_ms": 65.58724005634969,
    "avg_tpot_ms": 9.359288407635152,
    "avg_e2e_ms": 1855.7445410352486,
    "p50_ttft_ms": 42.51516796648502,
    "p50_tpot_ms": 8.793019664859042,
    "p50_e2e_ms": 1799.4955480098724,
    "p99_ttft_ms": 166.76000844687223,
    "p99_tpot_ms": 11.430074210594018,
    "p99_e2e_ms": 2924.3649891763926
  },
  "throughput": {
    "requests_per_sec": 9.50543768850035,
    "tokens_per_sec": 1825.0440361920673
  },
  "success_rate": 100.0,
  "total_requests": 130,
  "failed_requests": 0,
  "duration_sec": 13.676382325589657,
  "timestamp": "2026-01-18T19:39:28.619785",
  "error": null
}