{
  "config": "1R_1P_2pD",
  "workload": "large_very_long_gen",
  "qps": 4,
  "turn1": {
    "count": 40,
    "avg_ttft_ms": 148.72816186398268,
    "avg_tpot_ms": 11.358597096718507,
    "avg_e2e_ms": 11768.572991807014,
    "p50_ttft_ms": 145.46448178589344,
    "p50_tpot_ms": 10.209997693479119,
    "p50_e2e_ms": 10585.845874622464,
    "p99_ttft_ms": 235.73246773332357,
    "p99_tpot_ms": 15.052820175398189,
    "p99_e2e_ms": 15532.144168876112
  },
  "turn2": {
    "count": 40,
    "avg_ttft_ms": 110.25316985324025,
    "avg_tpot_ms": 11.982021764383258,
    "avg_e2e_ms": 12367.861434817314,
    "p50_ttft_ms": 81.44119568169117,
    "p50_tpot_ms": 10.55840352588385,
    "p50_e2e_ms": 10897.289637476206,
    "p99_ttft_ms": 251.21094800531864,
    "p99_tpot_ms": 15.733056513488817,
    "p99_e2e_ms": 16299.478547759354
  },
  "average": {
    "count": 80,
    "avg_ttft_ms": 129.49066585861146,
    "avg_tpot_ms": 11.670309430550883,
    "avg_e2e_ms": 12068.217213312164,
    "p50_ttft_ms": 134.7990445792675,
    "p50_tpot_ms": 10.430282178468719,
    "p50_e2e_ms": 10793.474340811372,
    "p99_ttft_ms": 248.92383135855195,
    "p99_tpot_ms": 15.716553592539137,
    "p99_e2e_ms": 16232.463595755396
  },
  "throughput": {
    "requests_per_sec": 2.1059884845877375,
    "tokens_per_sec": 2156.532208217843
  },
  "success_rate": 100.0,
  "total_requests": 80,
  "failed_requests": 0,
  "duration_sec": 37.98691236227751,
  "timestamp": "2026-01-18T20:21:05.183327",
  "error": null
}