{
  "config": "1R_1P_2pD",
  "workload": "small_very_long_gen",
  "qps": 12,
  "turn1": {
    "count": 120,
    "avg_ttft_ms": 6258.235557066898,
    "avg_tpot_ms": 10.636673809769821,
    "avg_e2e_ms": 7609.093130907665,
    "p50_ttft_ms": 7587.58014254272,
    "p50_tpot_ms": 9.422159438410143,
    "p50_e2e_ms": 8834.794033318758,
    "p99_ttft_ms": 16654.706169739366,
    "p99_tpot_ms": 14.964085167904539,
    "p99_e2e_ms": 18213.148308359087
  },
  "turn2": {
    "count": 120,
    "avg_ttft_ms": 50.516201462596655,
    "avg_tpot_ms": 10.5927574714423,
    "avg_e2e_ms": 10886.90709474807,
    "p50_ttft_ms": 46.17098905146122,
    "p50_tpot_ms": 9.535801568717666,
    "p50_e2e_ms": 9801.227735355496,
    "p99_ttft_ms": 105.59934508055449,
    "p99_tpot_ms": 13.393117985301238,
    "p99_e2e_ms": 13744.519801810384
  },
  "average": {
    "count": 240,
    "avg_ttft_ms": 3154.3758792647473,
    "avg_tpot_ms": 10.61471564060606,
    "avg_e2e_ms": 9248.000112827867,
    "p50_ttft_ms": 66.50817953050137,
    "p50_tpot_ms": 9.509103243418568,
    "p50_e2e_ms": 9760.681940242648,
    "p99_ttft_ms": 16218.190869502721,
    "p99_tpot_ms": 14.732643324500462,
    "p99_e2e_ms": 17816.18153452873
  },
  "throughput": {
    "requests_per_sec": 6.110382083627151,
    "tokens_per_sec": 3519.580080169239
  },
  "success_rate": 100.0,
  "total_requests": 240,
  "failed_requests": 0,
  "duration_sec": 39.27741288766265,
  "timestamp": "2026-01-18T19:47:20.578286",
  "error": null
}