{
  "config": "1R_1P_2pD",
  "workload": "small_long_gen",
  "qps": 1,
  "turn1": {
    "count": 7,
    "avg_ttft_ms": 73.39091120021683,
    "avg_tpot_ms": 8.136866742030573,
    "avg_e2e_ms": 1106.7729874380998,
    "p50_ttft_ms": 85.2816253900528,
    "p50_tpot_ms": 7.975702357339108,
    "p50_e2e_ms": 1098.9574752748013,
    "p99_ttft_ms": 107.64938317239285,
    "p99_tpot_ms": 9.010201598128933,
    "p99_e2e_ms": 1180.6677047908306
  },
  "turn2": {
    "count": 7,
    "avg_ttft_ms": 39.42895946758134,
    "avg_tpot_ms": 8.392319004063102,
    "avg_e2e_ms": 4327.903970543827,
    "p50_ttft_ms": 33.392902463674545,
    "p50_tpot_ms": 8.090033762725598,
    "p50_e2e_ms": 4218.698017299175,
    "p99_ttft_ms": 81.9099763035774,
    "p99_tpot_ms": 8.985773982250528,
    "p99_e2e_ms": 4627.9410249739885
  },
  "average": {
    "count": 14,
    "avg_ttft_ms": 56.40993533389909,
    "avg_tpot_ms": 8.264592873046839,
    "avg_e2e_ms": 2717.3384789909637,
    "p50_ttft_ms": 37.20930777490139,
    "p50_tpot_ms": 8.082055576043587,
    "p50_e2e_ms": 2611.5436516702175,
    "p99_ttft_ms": 107.43407059460878,
    "p99_tpot_ms": 9.050095036773618,
    "p99_e2e_ms": 4626.178823374212
  },
  "throughput": {
    "requests_per_sec": 1.1180521858412216,
    "tokens_per_sec": 357.7766994691909
  },
  "success_rate": 100.0,
  "total_requests": 14,
  "failed_requests": 0,
  "duration_sec": 12.521776869893074,
  "timestamp": "2026-01-18T19:41:05.275789",
  "error": null
}