{
  "config": "1R_1P_2pD",
  "workload": "large_mid_bal",
  "qps": 12,
  "turn1": {
    "count": 108,
    "avg_ttft_ms": 6385.198420741492,
    "avg_tpot_ms": 12.428713330865428,
    "avg_e2e_ms": 19099.772158216823,
    "p50_ttft_ms": 7089.969759806991,
    "p50_tpot_ms": 10.17314467473522,
    "p50_e2e_ms": 18578.95310781896,
    "p99_ttft_ms": 16030.65576877445,
    "p99_tpot_ms": 18.713130652249035,
    "p99_e2e_ms": 30915.589733570814
  },
  "turn2": {
    "count": 108,
    "avg_ttft_ms": 127.90524662920723,
    "avg_tpot_ms": 13.014376445405334,
    "avg_e2e_ms": 1780.7310551956848,
    "p50_ttft_ms": 91.04752168059349,
    "p50_tpot_ms": 10.509434324784543,
    "p50_e2e_ms": 1429.2221926152706,
    "p99_ttft_ms": 405.34055933356245,
    "p99_tpot_ms": 27.83126726746559,
    "p99_e2e_ms": 3682.95707039535
  },
  "average": {
    "count": 216,
    "avg_ttft_ms": 3256.5518336853497,
    "avg_tpot_ms": 12.721544888135382,
    "avg_e2e_ms": 10440.251606706253,
    "p50_ttft_ms": 153.32225151360035,
    "p50_tpot_ms": 10.302041505234914,
    "p50_e2e_ms": 6791.5854547172785,
    "p99_ttft_ms": 16004.108952730894,
    "p99_tpot_ms": 27.646520632634477,
    "p99_e2e_ms": 30867.26614870131
  },
  "throughput": {
    "requests_per_sec": 5.148344045474517,
    "tokens_per_sec": 2965.446170193322
  },
  "success_rate": 100.0,
  "total_requests": 216,
  "failed_requests": 0,
  "duration_sec": 41.95523805171251,
  "timestamp": "2026-01-18T20:38:33.333661",
  "error": null
}