{
  "config": "1R_1P_2pD",
  "workload": "large_short_gen",
  "qps": 4,
  "turn1": {
    "count": 40,
    "avg_ttft_ms": 127.55980594083667,
    "avg_tpot_ms": 10.398664890004655,
    "avg_e2e_ms": 10765.393988415599,
    "p50_ttft_ms": 127.63597071170807,
    "p50_tpot_ms": 9.534254613699336,
    "p50_e2e_ms": 9864.200584590435,
    "p99_ttft_ms": 183.45260005444288,
    "p99_tpot_ms": 13.539627012692005,
    "p99_e2e_ms": 13956.31215263158
  },
  "turn2": {
    "count": 40,
    "avg_ttft_ms": 91.00438049063087,
    "avg_tpot_ms": 10.113152460213385,
    "avg_e2e_ms": 2669.858257845044,
    "p50_ttft_ms": 67.71540828049183,
    "p50_tpot_ms": 9.608587710296407,
    "p50_e2e_ms": 2537.5243965536356,
    "p99_ttft_ms": 233.7402880936861,
    "p99_tpot_ms": 14.811338608901876,
    "p99_e2e_ms": 3921.83694973588
  },
  "average": {
    "count": 80,
    "avg_ttft_ms": 109.28209321573377,
    "avg_tpot_ms": 10.255908675109021,
    "avg_e2e_ms": 6717.6261231303215,
    "p50_ttft_ms": 114.04255777597427,
    "p50_tpot_ms": 9.593843938965424,
    "p50_e2e_ms": 6281.5782725811005,
    "p99_ttft_ms": 225.96819706261147,
    "p99_tpot_ms": 14.612023171987017,
    "p99_e2e_ms": 13953.13335198909
  },
  "throughput": {
    "requests_per_sec": 3.3397934990811,
    "tokens_per_sec": 2137.467839411904
  },
  "success_rate": 100.0,
  "total_requests": 80,
  "failed_requests": 0,
  "duration_sec": 23.953576777130365,
  "timestamp": "2026-01-18T20:06:08.103079",
  "error": null
}