{
  "config": "1R_1P_2pD",
  "workload": "small_small_bal",
  "qps": 0.5,
  "turn1": {
    "count": 4,
    "avg_ttft_ms": 87.03156188130379,
    "avg_tpot_ms": 7.846184859536295,
    "avg_e2e_ms": 1083.4970390424132,
    "p50_ttft_ms": 95.77568247914314,
    "p50_tpot_ms": 7.832897167036853,
    "p50_e2e_ms": 1094.0488576889038,
    "p99_ttft_ms": 109.79674533009529,
    "p99_tpot_ms": 7.886008693594632,
    "p99_e2e_ms": 1104.5868791267276
  },
  "turn2": {
    "count": 4,
    "avg_ttft_ms": 29.199625365436077,
    "avg_tpot_ms": 7.934347238569032,
    "avg_e2e_ms": 529.0635013952851,
    "p50_ttft_ms": 29.194368049502373,
    "p50_tpot_ms": 7.879575064021443,
    "p50_e2e_ms": 525.4615638405085,
    "p99_ttft_ms": 29.518330916762352,
    "p99_tpot_ms": 8.184682506299207,
    "p99_e2e_ms": 544.8103215545416
  },
  "average": {
    "count": 8,
    "avg_ttft_ms": 58.11559362336993,
    "avg_tpot_ms": 7.890266049052663,
    "avg_e2e_ms": 806.2802702188492,
    "p50_ttft_ms": 37.96417452394962,
    "p50_tpot_ms": 7.8481922524207945,
    "p50_e2e_ms": 793.2561840862036,
    "p99_ttft_ms": 109.29339602589607,
    "p99_tpot_ms": 8.172776461948478,
    "p99_e2e_ms": 1104.369732402265
  },
  "throughput": {
    "requests_per_sec": 0.7800874104425226,
    "tokens_per_sec": 74.88839140248217
  },
  "success_rate": 100.0,
  "total_requests": 8,
  "failed_requests": 0,
  "duration_sec": 10.2552610039711,
  "timestamp": "2026-01-18T19:49:23.646661",
  "error": null
}