{
  "config": "1R_1P_2pD",
  "workload": "large_small_bal",
  "qps": 4,
  "turn1": {
    "count": 38,
    "avg_ttft_ms": 134.4048421045667,
    "avg_tpot_ms": 10.75801817315893,
    "avg_e2e_ms": 11139.857433246154,
    "p50_ttft_ms": 125.69830007851124,
    "p50_tpot_ms": 9.023914523313472,
    "p50_e2e_ms": 9350.721042603254,
    "p99_ttft_ms": 243.00711970776325,
    "p99_tpot_ms": 14.354656506165906,
    "p99_e2e_ms": 14834.481255188584
  },
  "turn2": {
    "count": 38,
    "avg_ttft_ms": 86.2221320796954,
    "avg_tpot_ms": 10.18209639336033,
    "avg_e2e_ms": 727.6942048613962,
    "p50_ttft_ms": 65.88692031800747,
    "p50_tpot_ms": 9.182775304431008,
    "p50_e2e_ms": 664.5159367471933,
    "p99_ttft_ms": 212.13870760053405,
    "p99_tpot_ms": 16.172370711962383,
    "p99_e2e_ms": 1142.1488289535046
  },
  "average": {
    "count": 76,
    "avg_ttft_ms": 110.31348709213107,
    "avg_tpot_ms": 10.47005728325963,
    "avg_e2e_ms": 5933.775819053775,
    "p50_ttft_ms": 111.4374902099371,
    "p50_tpot_ms": 9.029606253433087,
    "p50_e2e_ms": 4932.436233386397,
    "p99_ttft_ms": 232.3597865179181,
    "p99_tpot_ms": 15.932287606928083,
    "p99_e2e_ms": 14802.477134391665
  },
  "throughput": {
    "requests_per_sec": 3.2261070431376906,
    "tokens_per_sec": 1755.0022314669038
  },
  "success_rate": 100.0,
  "total_requests": 76,
  "failed_requests": 0,
  "duration_sec": 23.5578048042953,
  "timestamp": "2026-01-18T20:30:21.597173",
  "error": null
}