{
  "config": "1R_1P_2pD",
  "workload": "large_very_long_gen",
  "qps": 8,
  "turn1": {
    "count": 68,
    "avg_ttft_ms": 4116.284224862124,
    "avg_tpot_ms": 11.853726544109467,
    "avg_e2e_ms": 16242.646479486104,
    "p50_ttft_ms": 139.01163451373577,
    "p50_tpot_ms": 10.844336449371639,
    "p50_e2e_ms": 11741.002088412642,
    "p99_ttft_ms": 16764.071258977056,
    "p99_tpot_ms": 18.76956776188703,
    "p99_e2e_ms": 35318.64457145333
  },
  "turn2": {
    "count": 68,
    "avg_ttft_ms": 105.8181247619145,
    "avg_tpot_ms": 12.909463608381367,
    "avg_e2e_ms": 13312.199396136053,
    "p50_ttft_ms": 78.53226736187935,
    "p50_tpot_ms": 11.499828474190112,
    "p50_e2e_ms": 11831.671614199877,
    "p99_ttft_ms": 285.0254647433758,
    "p99_tpot_ms": 19.67914620339725,
    "p99_e2e_ms": 20251.03091031313
  },
  "average": {
    "count": 136,
    "avg_ttft_ms": 2111.051174812019,
    "avg_tpot_ms": 12.381595076245416,
    "avg_e2e_ms": 14777.422937811078,
    "p50_ttft_ms": 127.84254178404808,
    "p50_tpot_ms": 11.190135093844647,
    "p50_e2e_ms": 11793.572345748544,
    "p99_ttft_ms": 16587.028518132865,
    "p99_tpot_ms": 19.643106955747218,
    "p99_e2e_ms": 35061.35900486261
  },
  "throughput": {
    "requests_per_sec": 2.3573443059598067,
    "tokens_per_sec": 2413.920569302842
  },
  "success_rate": 100.0,
  "total_requests": 136,
  "failed_requests": 0,
  "duration_sec": 57.69203915446997,
  "timestamp": "2026-01-18T20:22:53.073840",
  "error": null
}