{
  "config": "1R_1P_2pD",
  "workload": "large_small_bal",
  "qps": 6,
  "turn1": {
    "count": 58,
    "avg_ttft_ms": 648.9739076973035,
    "avg_tpot_ms": 11.810056258271874,
    "avg_e2e_ms": 12730.66145990943,
    "p50_ttft_ms": 147.82583713531494,
    "p50_tpot_ms": 10.387281877219035,
    "p50_e2e_ms": 10893.705742433667,
    "p99_ttft_ms": 4276.586400419474,
    "p99_tpot_ms": 15.696848264639561,
    "p99_e2e_ms": 18254.140459299088
  },
  "turn2": {
    "count": 58,
    "avg_ttft_ms": 93.72343868017197,
    "avg_tpot_ms": 11.077643812037127,
    "avg_e2e_ms": 791.614998838511,
    "p50_ttft_ms": 70.6105213612318,
    "p50_tpot_ms": 10.320047567051553,
    "p50_e2e_ms": 729.3990775942802,
    "p99_ttft_ms": 236.12551230937243,
    "p99_tpot_ms": 18.729780073322,
    "p99_e2e_ms": 1322.184989079833
  },
  "average": {
    "count": 116,
    "avg_ttft_ms": 371.34867318873773,
    "avg_tpot_ms": 11.443850035154503,
    "avg_e2e_ms": 6761.138229373971,
    "p50_ttft_ms": 130.4276753216982,
    "p50_tpot_ms": 10.373328554781768,
    "p50_e2e_ms": 5401.308288797736,
    "p99_ttft_ms": 4169.212896563112,
    "p99_tpot_ms": 17.77529783606056,
    "p99_e2e_ms": 18145.508529432118
  },
  "throughput": {
    "requests_per_sec": 4.068220439717425,
    "tokens_per_sec": 2213.1119192062797
  },
  "success_rate": 100.0,
  "total_requests": 116,
  "failed_requests": 0,
  "duration_sec": 28.513695783913136,
  "timestamp": "2026-01-18T20:30:50.152821",
  "error": null
}