{
  "config": "1R_1P_2pD",
  "workload": "large_mid_paste",
  "qps": 2,
  "turn1": {
    "count": 16,
    "avg_ttft_ms": 135.93453145585954,
    "avg_tpot_ms": 9.058964192705231,
    "avg_e2e_ms": 9403.25490059331,
    "p50_ttft_ms": 137.91412860155106,
    "p50_tpot_ms": 8.567276744869332,
    "p50_e2e_ms": 8918.850244954228,
    "p99_ttft_ms": 171.37122843414545,
    "p99_tpot_ms": 10.763389168021325,
    "p99_e2e_ms": 11138.211485557258
  },
  "turn2": {
    "count": 16,
    "avg_ttft_ms": 84.40831466577947,
    "avg_tpot_ms": 8.884345244113652,
    "avg_e2e_ms": 644.1220650449395,
    "p50_ttft_ms": 69.1576674580574,
    "p50_tpot_ms": 8.594218109335218,
    "p50_e2e_ms": 616.2676569074392,
    "p99_ttft_ms": 157.3773516342044,
    "p99_tpot_ms": 10.495523251001798,
    "p99_e2e_ms": 800.7311120629311
  },
  "average": {
    "count": 32,
    "avg_ttft_ms": 110.1714230608195,
    "avg_tpot_ms": 8.97165471840944,
    "avg_e2e_ms": 5023.688482819125,
    "p50_ttft_ms": 119.57492306828499,
    "p50_tpot_ms": 8.567276744869332,
    "p50_e2e_ms": 4733.6488626897335,
    "p99_ttft_ms": 169.08395368605855,
    "p99_tpot_ms": 10.762640689249322,
    "p99_e2e_ms": 11137.10537891835
  },
  "throughput": {
    "requests_per_sec": 1.5614274519516103,
    "tokens_per_sec": 849.416533861676
  },
  "success_rate": 100.0,
  "total_requests": 32,
  "failed_requests": 0,
  "duration_sec": 20.494067758321762,
  "timestamp": "2026-01-18T20:41:45.873480",
  "error": null
}