{
  "config": "1R_1P_2pD",
  "workload": "large_short_gen",
  "qps": 20,
  "turn1": {
    "count": 200,
    "avg_ttft_ms": 22414.713578633964,
    "avg_tpot_ms": 13.196994116655455,
    "avg_e2e_ms": 35915.238559972495,
    "p50_ttft_ms": 20886.51900179684,
    "p50_tpot_ms": 10.230612166349722,
    "p50_e2e_ms": 32758.414266631007,
    "p99_ttft_ms": 53100.5836045742,
    "p99_tpot_ms": 20.789149311586907,
    "p99_e2e_ms": 68889.96789380908
  },
  "turn2": {
    "count": 200,
    "avg_ttft_ms": 350.1022655889392,
    "avg_tpot_ms": 13.585139351367365,
    "avg_e2e_ms": 3814.3128001876175,
    "p50_ttft_ms": 86.39011532068253,
    "p50_tpot_ms": 10.602723872836897,
    "p50_e2e_ms": 2799.822246655822,
    "p99_ttft_ms": 459.254219047725,
    "p99_tpot_ms": 25.21109308945197,
    "p99_e2e_ms": 6857.513895221055
  },
  "average": {
    "count": 400,
    "avg_ttft_ms": 11382.407922111452,
    "avg_tpot_ms": 13.39106673401141,
    "avg_e2e_ms": 19864.775680080056,
    "p50_ttft_ms": 219.87931244075298,
    "p50_tpot_ms": 10.454346667083012,
    "p50_e2e_ms": 9930.413389578462,
    "p99_ttft_ms": 53062.01581988484,
    "p99_tpot_ms": 24.9904732555151,
    "p99_e2e_ms": 67144.25379108636
  },
  "throughput": {
    "requests_per_sec": 4.9343542677411,
    "tokens_per_sec": 3157.9867313543045
  },
  "success_rate": 100.0,
  "total_requests": 400,
  "failed_requests": 0,
  "duration_sec": 81.0643051341176,
  "timestamp": "2026-01-18T20:11:12.470059",
  "error": null
}