{
  "config": "1R_1P_2pD",
  "workload": "large_huge_paste",
  "qps": 0.5,
  "turn1": {
    "count": 4,
    "avg_ttft_ms": 119.28754486143589,
    "avg_tpot_ms": 8.896813314601065,
    "avg_e2e_ms": 9220.727565698326,
    "p50_ttft_ms": 134.10323485732079,
    "p50_tpot_ms": 8.77637557962132,
    "p50_e2e_ms": 9082.70407281816,
    "p99_ttft_ms": 148.59337110072374,
    "p99_tpot_ms": 10.078967580369666,
    "p99_e2e_ms": 10443.840505480766
  },
  "turn2": {
    "count": 4,
    "avg_ttft_ms": 206.65529649704695,
    "avg_tpot_ms": 9.313081781710347,
    "avg_e2e_ms": 495.36083173006773,
    "p50_ttft_ms": 189.18984569609165,
    "p50_tpot_ms": 9.342705530505025,
    "p50_e2e_ms": 459.8046150058508,
    "p99_ttft_ms": 318.91322668641806,
    "p99_tpot_ms": 10.274825227116384,
    "p99_e2e_ms": 637.0025663077831
  },
  "average": {
    "count": 8,
    "avg_ttft_ms": 162.97142067924142,
    "avg_tpot_ms": 9.104947548155707,
    "avg_e2e_ms": 4858.044198714197,
    "p50_ttft_ms": 142.16098375618458,
    "p50_tpot_ms": 9.32511126846512,
    "p50_e2e_ms": 4447.825938463211,
    "p99_ttft_ms": 314.5980263873934,
    "p99_tpot_ms": 10.28244178141317,
    "p99_e2e_ms": 10418.039370775223
  },
  "throughput": {
    "requests_per_sec": 0.38466911846748003,
    "tokens_per_sec": 203.10529455082946
  },
  "success_rate": 100.0,
  "total_requests": 8,
  "failed_requests": 0,
  "duration_sec": 20.797094479203224,
  "timestamp": "2026-01-18T20:52:45.052566",
  "error": null
}