{
  "config": "1R_1P_2pD",
  "workload": "large_big_paste",
  "qps": 4,
  "turn1": {
    "count": 28,
    "avg_ttft_ms": 129.05745301395655,
    "avg_tpot_ms": 9.839797772507712,
    "avg_e2e_ms": 10195.170574289348,
    "p50_ttft_ms": 124.77029860019684,
    "p50_tpot_ms": 8.91695404288706,
    "p50_e2e_ms": 9243.039952591062,
    "p99_ttft_ms": 240.30576582998037,
    "p99_tpot_ms": 12.543773162866035,
    "p99_e2e_ms": 12985.835408493876
  },
  "turn2": {
    "count": 28,
    "avg_ttft_ms": 105.39598829512086,
    "avg_tpot_ms": 9.502007887865544,
    "avg_e2e_ms": 704.0224852306502,
    "p50_ttft_ms": 82.8563217073679,
    "p50_tpot_ms": 9.020640352179134,
    "p50_e2e_ms": 655.6911692023277,
    "p99_ttft_ms": 238.20066552609208,
    "p99_tpot_ms": 14.165584598150518,
    "p99_e2e_ms": 1097.2147315368056
  },
  "average": {
    "count": 56,
    "avg_ttft_ms": 117.2267206545387,
    "avg_tpot_ms": 9.67090283018663,
    "avg_e2e_ms": 5449.596529759999,
    "p50_ttft_ms": 118.6671070754528,
    "p50_tpot_ms": 8.926817555552237,
    "p50_e2e_ms": 4567.022055387497,
    "p99_ttft_ms": 251.49104781448844,
    "p99_tpot_ms": 13.872426520619129,
    "p99_e2e_ms": 12960.30009649694
  },
  "throughput": {
    "requests_per_sec": 2.6301182081297583,
    "tokens_per_sec": 1430.7843052225885
  },
  "success_rate": 100.0,
  "total_requests": 56,
  "failed_requests": 0,
  "duration_sec": 21.29181868210435,
  "timestamp": "2026-01-18T20:47:53.598432",
  "error": null
}