{
  "config": "1R_1P_2pD",
  "workload": "large_mid_bal",
  "qps": 4,
  "turn1": {
    "count": 40,
    "avg_ttft_ms": 141.88330406323075,
    "avg_tpot_ms": 11.20205904427235,
    "avg_e2e_ms": 11601.589706353843,
    "p50_ttft_ms": 145.51530592143536,
    "p50_tpot_ms": 9.636283208518666,
    "p50_e2e_ms": 10020.797446370125,
    "p99_ttft_ms": 204.9375496432185,
    "p99_tpot_ms": 15.147449371868332,
    "p99_e2e_ms": 15625.87616123259
  },
  "turn2": {
    "count": 40,
    "avg_ttft_ms": 103.10029899701476,
    "avg_tpot_ms": 11.30684569302037,
    "avg_e2e_ms": 1539.0697020106018,
    "p50_ttft_ms": 76.44031010568142,
    "p50_tpot_ms": 10.065028135936092,
    "p50_e2e_ms": 1351.2018714100122,
    "p99_ttft_ms": 252.99307834357023,
    "p99_tpot_ms": 17.069357384553573,
    "p99_e2e_ms": 2294.429106861353
  },
  "average": {
    "count": 80,
    "avg_ttft_ms": 122.49180153012276,
    "avg_tpot_ms": 11.254452368646358,
    "avg_e2e_ms": 6570.3297041822225,
    "p50_ttft_ms": 129.20347042381763,
    "p50_tpot_ms": 9.748041087130861,
    "p50_e2e_ms": 5787.966037169099,
    "p99_ttft_ms": 248.76884501427406,
    "p99_tpot_ms": 16.98732061384935,
    "p99_e2e_ms": 15508.107018247245
  },
  "throughput": {
    "requests_per_sec": 3.0817128114005805,
    "tokens_per_sec": 1775.0665793667345
  },
  "success_rate": 100.0,
  "total_requests": 80,
  "failed_requests": 0,
  "duration_sec": 25.959589648991823,
  "timestamp": "2026-01-18T20:36:10.826712",
  "error": null
}