{
  "config": "1R_1P_2pD",
  "workload": "small_tiny",
  "qps": 4,
  "turn1": {
    "count": 36,
    "avg_ttft_ms": 75.26941680245929,
    "avg_tpot_ms": 8.318223777835762,
    "avg_e2e_ms": 1131.6838365876013,
    "p50_ttft_ms": 86.80259995162487,
    "p50_tpot_ms": 8.238316623596695,
    "p50_e2e_ms": 1130.196001380682,
    "p99_ttft_ms": 175.28008222579953,
    "p99_tpot_ms": 8.918494869052894,
    "p99_e2e_ms": 1219.6615478023887
  },
  "turn2": {
    "count": 36,
    "avg_ttft_ms": 34.047861480050614,
    "avg_tpot_ms": 8.403759122589157,
    "avg_e2e_ms": 294.56439428031445,
    "p50_ttft_ms": 28.406159952282906,
    "p50_tpot_ms": 8.3358725833316,
    "p50_e2e_ms": 292.3587467521429,
    "p99_ttft_ms": 86.54280453920364,
    "p99_tpot_ms": 9.064664751771957,
    "p99_e2e_ms": 343.29688865691423
  },
  "average": {
    "count": 72,
    "avg_ttft_ms": 54.65863914125495,
    "avg_tpot_ms": 8.36099145021246,
    "avg_e2e_ms": 713.1241154339579,
    "p50_ttft_ms": 32.990315929055214,
    "p50_tpot_ms": 8.30693609051166,
    "p50_e2e_ms": 709.6083778887987,
    "p99_ttft_ms": 170.00711143016824,
    "p99_tpot_ms": 9.035593672625481,
    "p99_e2e_ms": 1214.5993946120143
  },
  "throughput": {
    "requests_per_sec": 6.648193976965231,
    "tokens_per_sec": 531.8555181572185
  },
  "success_rate": 100.0,
  "total_requests": 72,
  "failed_requests": 0,
  "duration_sec": 10.830008909106255,
  "timestamp": "2026-01-18T19:37:09.920701",
  "error": null
}