{
  "config": "1R_1P_2pD",
  "workload": "large_mid_paste",
  "qps": 12,
  "turn1": {
    "count": 118,
    "avg_ttft_ms": 6710.788958058772,
    "avg_tpot_ms": 12.77267260016416,
    "avg_e2e_ms": 19777.23302802671,
    "p50_ttft_ms": 6728.6323215812445,
    "p50_tpot_ms": 10.366191455724769,
    "p50_e2e_ms": 18828.73555086553,
    "p99_ttft_ms": 17259.872542768717,
    "p99_tpot_ms": 20.183499900229048,
    "p99_e2e_ms": 32668.028323464096
  },
  "turn2": {
    "count": 118,
    "avg_ttft_ms": 119.19306736376326,
    "avg_tpot_ms": 13.013470221891147,
    "avg_e2e_ms": 939.0416913429054,
    "p50_ttft_ms": 91.09955839812756,
    "p50_tpot_ms": 10.554025245327798,
    "p50_e2e_ms": 763.3494641631842,
    "p99_ttft_ms": 283.6752693355083,
    "p99_tpot_ms": 23.829676100304205,
    "p99_e2e_ms": 1670.8241951093078
  },
  "average": {
    "count": 236,
    "avg_ttft_ms": 3414.9910127112676,
    "avg_tpot_ms": 12.893071411027654,
    "avg_e2e_ms": 10358.137359684806,
    "p50_ttft_ms": 149.79439787566662,
    "p50_tpot_ms": 10.378966031492281,
    "p50_e2e_ms": 5797.172483056784,
    "p99_ttft_ms": 17138.122797384858,
    "p99_tpot_ms": 23.57282304160652,
    "p99_e2e_ms": 32618.56091208756
  },
  "throughput": {
    "requests_per_sec": 5.408422814890554,
    "tokens_per_sec": 2942.1820113004615
  },
  "success_rate": 100.0,
  "total_requests": 236,
  "failed_requests": 0,
  "duration_sec": 43.63564167916775,
  "timestamp": "2026-01-18T20:44:26.002557",
  "error": null
}