{
  "config": "1R_1P_2pD",
  "workload": "large_mid_paste",
  "qps": 8,
  "turn1": {
    "count": 80,
    "avg_ttft_ms": 2269.4915085099638,
    "avg_tpot_ms": 12.51019445477365,
    "avg_e2e_ms": 15067.420435743406,
    "p50_ttft_ms": 166.67994484305382,
    "p50_tpot_ms": 10.48006698350811,
    "p50_e2e_ms": 15151.89210884273,
    "p99_ttft_ms": 6534.482912234962,
    "p99_tpot_ms": 19.653587616717886,
    "p99_e2e_ms": 24266.30162205547
  },
  "turn2": {
    "count": 80,
    "avg_ttft_ms": 117.442970816046,
    "avg_tpot_ms": 12.673412296654922,
    "avg_e2e_ms": 915.8679455053061,
    "p50_ttft_ms": 85.87429486215115,
    "p50_tpot_ms": 10.935326062497639,
    "p50_e2e_ms": 777.5395587086678,
    "p99_ttft_ms": 346.35147687047714,
    "p99_tpot_ms": 28.614778369665142,
    "p99_e2e_ms": 2112.3461615666747
  },
  "average": {
    "count": 160,
    "avg_ttft_ms": 1193.4672396630049,
    "avg_tpot_ms": 12.591803375714287,
    "avg_e2e_ms": 7991.644190624356,
    "p50_ttft_ms": 137.28308491408825,
    "p50_tpot_ms": 10.562685579051102,
    "p50_e2e_ms": 6175.921468064189,
    "p99_ttft_ms": 6504.7133404016495,
    "p99_tpot_ms": 26.79481369812809,
    "p99_e2e_ms": 24120.619795136154
  },
  "throughput": {
    "requests_per_sec": 4.848884577377668,
    "tokens_per_sec": 2637.7932100934518
  },
  "success_rate": 100.0,
  "total_requests": 160,
  "failed_requests": 0,
  "duration_sec": 32.997279569506645,
  "timestamp": "2026-01-18T20:43:06.614872",
  "error": null
}