{
  "config": "1R_1P_2pD",
  "workload": "small_big_paste",
  "qps": 1,
  "turn1": {
    "count": 10,
    "avg_ttft_ms": 76.67327933013439,
    "avg_tpot_ms": 7.930124260661169,
    "avg_e2e_ms": 1083.799060434103,
    "p50_ttft_ms": 94.48187611997128,
    "p50_tpot_ms": 7.832054356773069,
    "p50_e2e_ms": 1087.9607126116753,
    "p99_ttft_ms": 110.48244804143906,
    "p99_tpot_ms": 8.307461334377763,
    "p99_e2e_ms": 1095.2740940079093
  },
  "turn2": {
    "count": 10,
    "avg_ttft_ms": 57.354409620165825,
    "avg_tpot_ms": 8.16126177826571,
    "avg_e2e_ms": 571.5139016509056,
    "p50_ttft_ms": 51.801808178424835,
    "p50_tpot_ms": 8.018398568743752,
    "p50_e2e_ms": 553.7577178329229,
    "p99_ttft_ms": 80.6486888229847,
    "p99_tpot_ms": 9.431165630027415,
    "p99_e2e_ms": 673.5668070614338
  },
  "average": {
    "count": 20,
    "avg_ttft_ms": 67.01384447515011,
    "avg_tpot_ms": 8.045693019463439,
    "avg_e2e_ms": 827.6564810425043,
    "p50_ttft_ms": 61.91137805581093,
    "p50_tpot_ms": 7.912792472375764,
    "p50_e2e_ms": 870.7183636724949,
    "p99_ttft_ms": 109.13789689540862,
    "p99_tpot_ms": 9.333427713385648,
    "p99_e2e_ms": 1095.057633407414
  },
  "throughput": {
    "requests_per_sec": 1.879536429404677,
    "tokens_per_sec": 180.435497222849
  },
  "success_rate": 100.0,
  "total_requests": 20,
  "failed_requests": 0,
  "duration_sec": 10.640921711921692,
  "timestamp": "2026-01-18T19:55:34.882603",
  "error": null
}