{
  "config": "1R_1P_2pD",
  "workload": "large_long_gen",
  "qps": 16,
  "turn1": {
    "count": 160,
    "avg_ttft_ms": 20269.229361857288,
    "avg_tpot_ms": 13.700183921011995,
    "avg_e2e_ms": 34284.51751305256,
    "p50_ttft_ms": 21631.70303031802,
    "p50_tpot_ms": 10.061687801692376,
    "p50_e2e_ms": 36750.76272897422,
    "p99_ttft_ms": 48829.465216360986,
    "p99_tpot_ms": 23.043127390478656,
    "p99_e2e_ms": 64206.577416621134
  },
  "turn2": {
    "count": 159,
    "avg_ttft_ms": 115.63537480696192,
    "avg_tpot_ms": 13.340408620177378,
    "avg_e2e_ms": 6932.584179717603,
    "p50_ttft_ms": 79.07544821500778,
    "p50_tpot_ms": 10.394075327715061,
    "p50_e2e_ms": 5384.103506803513,
    "p99_ttft_ms": 405.4030460119244,
    "p99_tpot_ms": 23.811160004652177,
    "p99_e2e_ms": 12370.214500799775
  },
  "average": {
    "count": 319,
    "avg_ttft_ms": 10224.02107364098,
    "avg_tpot_ms": 13.520860181724522,
    "avg_e2e_ms": 20651.422215246108,
    "p50_ttft_ms": 156.1877876520157,
    "p50_tpot_ms": 10.139165072904888,
    "p50_e2e_ms": 10722.259812057018,
    "p99_ttft_ms": 45166.41952656209,
    "p99_tpot_ms": 23.789764279809482,
    "p99_e2e_ms": 62381.00023575127
  },
  "throughput": {
    "requests_per_sec": 3.802835438501813,
    "tokens_per_sec": 2923.6294220115756
  },
  "success_rate": 99.6875,
  "total_requests": 320,
  "failed_requests": 1,
  "duration_sec": 83.88477628305554,
  "timestamp": "2026-01-18T20:17:35.098779",
  "error": "Server disconnected"
}