{
  "config": "1R_1P_2pD",
  "workload": "small_big_paste",
  "qps": 16,
  "turn1": {
    "count": 160,
    "avg_ttft_ms": 172.89275494404137,
    "avg_tpot_ms": 13.404628295656732,
    "avg_e2e_ms": 1875.2805484924465,
    "p50_ttft_ms": 137.77915947139263,
    "p50_tpot_ms": 10.89286723533484,
    "p50_e2e_ms": 1614.9660162627697,
    "p99_ttft_ms": 591.2762404605744,
    "p99_tpot_ms": 25.37671089553692,
    "p99_e2e_ms": 3272.1105151996017
  },
  "turn2": {
    "count": 160,
    "avg_ttft_ms": 112.10363358259201,
    "avg_tpot_ms": 12.76881636105596,
    "avg_e2e_ms": 916.5390643291175,
    "p50_ttft_ms": 84.16195586323738,
    "p50_tpot_ms": 10.733007882086058,
    "p50_e2e_ms": 775.2663679420948,
    "p99_ttft_ms": 296.7717131227255,
    "p99_tpot_ms": 26.449886777453006,
    "p99_e2e_ms": 1906.72912273556
  },
  "average": {
    "count": 320,
    "avg_ttft_ms": 142.4981942633167,
    "avg_tpot_ms": 13.086722328356348,
    "avg_e2e_ms": 1395.909806410782,
    "p50_ttft_ms": 108.59633982181549,
    "p50_tpot_ms": 10.810787262111704,
    "p50_e2e_ms": 1350.0481955707073,
    "p99_ttft_ms": 530.4349955171347,
    "p99_tpot_ms": 25.9594096810812,
    "p99_e2e_ms": 3252.388621903956
  },
  "throughput": {
    "requests_per_sec": 27.706684603171173,
    "tokens_per_sec": 2659.8417219044327
  },
  "success_rate": 100.0,
  "total_requests": 320,
  "failed_requests": 0,
  "duration_sec": 11.54955941438675,
  "timestamp": "2026-01-18T19:56:53.649466",
  "error": null
}