{
  "config": "1R_1P_2pD",
  "workload": "small_very_long_gen",
  "qps": 6,
  "turn1": {
    "count": 54,
    "avg_ttft_ms": 259.586849698314,
    "avg_tpot_ms": 9.4246418364987,
    "avg_e2e_ms": 1456.516362933649,
    "p50_ttft_ms": 92.63538010418415,
    "p50_tpot_ms": 9.260773380088994,
    "p50_e2e_ms": 1286.7875564843416,
    "p99_ttft_ms": 3003.586148694157,
    "p99_tpot_ms": 11.87809795551882,
    "p99_e2e_ms": 4214.668327458203
  },
  "turn2": {
    "count": 54,
    "avg_ttft_ms": 52.2772325547757,
    "avg_tpot_ms": 9.986381732869608,
    "avg_e2e_ms": 10268.345745280385,
    "p50_ttft_ms": 43.477389961481094,
    "p50_tpot_ms": 9.427888746776656,
    "p50_e2e_ms": 9701.118495315313,
    "p99_ttft_ms": 147.8847566992044,
    "p99_tpot_ms": 12.046815431107815,
    "p99_e2e_ms": 12374.193766899407
  },
  "average": {
    "count": 108,
    "avg_ttft_ms": 155.93204112654482,
    "avg_tpot_ms": 9.705511784684155,
    "avg_e2e_ms": 5862.431054107017,
    "p50_ttft_ms": 50.72932504117489,
    "p50_tpot_ms": 9.37532970038052,
    "p50_e2e_ms": 6490.858951583505,
    "p99_ttft_ms": 2769.74624231457,
    "p99_tpot_ms": 12.038021670911144,
    "p99_e2e_ms": 12360.695638358593
  },
  "throughput": {
    "requests_per_sec": 4.508623291109938,
    "tokens_per_sec": 2596.967015679324
  },
  "success_rate": 100.0,
  "total_requests": 108,
  "failed_requests": 0,
  "duration_sec": 23.95409707725048,
  "timestamp": "2026-01-18T19:45:41.404708",
  "error": null
}