{
  "config": "1R_1P_2pD",
  "workload": "large_huge_paste",
  "qps": 12,
  "turn1": {
    "count": 120,
    "avg_ttft_ms": 7035.41026643167,
    "avg_tpot_ms": 14.121605143583425,
    "avg_e2e_ms": 21481.812328317512,
    "p50_ttft_ms": 6826.003627851605,
    "p50_tpot_ms": 10.37777717774215,
    "p50_e2e_ms": 20439.947314560413,
    "p99_ttft_ms": 20023.293174877766,
    "p99_tpot_ms": 24.88645759291896,
    "p99_e2e_ms": 38542.1963686496
  },
  "turn2": {
    "count": 120,
    "avg_ttft_ms": 261.12675508484244,
    "avg_tpot_ms": 16.85463943548741,
    "avg_e2e_ms": 783.6205775849521,
    "p50_ttft_ms": 146.02186158299446,
    "p50_tpot_ms": 10.877779594832852,
    "p50_e2e_ms": 466.9196102768183,
    "p99_ttft_ms": 1452.5696451961994,
    "p99_tpot_ms": 61.4538656751956,
    "p99_e2e_ms": 2244.26697447896
  },
  "average": {
    "count": 240,
    "avg_ttft_ms": 3648.268510758256,
    "avg_tpot_ms": 15.488122289535418,
    "avg_e2e_ms": 11132.716452951232,
    "p50_ttft_ms": 187.27083317935467,
    "p50_tpot_ms": 10.567944360312477,
    "p50_e2e_ms": 5798.560360446572,
    "p99_ttft_ms": 18482.27927677333,
    "p99_tpot_ms": 51.93300708407355,
    "p99_e2e_ms": 38180.245518796146
  },
  "throughput": {
    "requests_per_sec": 4.752945190926174,
    "tokens_per_sec": 2509.5550608090202
  },
  "success_rate": 100.0,
  "total_requests": 240,
  "failed_requests": 0,
  "duration_sec": 50.49500685557723,
  "timestamp": "2026-01-18T20:56:24.326923",
  "error": null
}