{
  "config": "1R_1P_2pD",
  "workload": "large_short_gen",
  "qps": 10,
  "turn1": {
    "count": 95,
    "avg_ttft_ms": 4726.854240462968,
    "avg_tpot_ms": 11.776871758329591,
    "avg_e2e_ms": 16774.59404923414,
    "p50_ttft_ms": 277.41677314043045,
    "p50_tpot_ms": 10.665718622629477,
    "p50_e2e_ms": 15152.28970348835,
    "p99_ttft_ms": 12805.246317163112,
    "p99_tpot_ms": 17.460290280299102,
    "p99_e2e_ms": 27806.13480590284
  },
  "turn2": {
    "count": 95,
    "avg_ttft_ms": 95.4499587024513,
    "avg_tpot_ms": 12.452584583354563,
    "avg_e2e_ms": 3270.8590274578646,
    "p50_ttft_ms": 74.50021058320999,
    "p50_tpot_ms": 11.160653069907545,
    "p50_e2e_ms": 2919.8284968733788,
    "p99_ttft_ms": 238.01220625638973,
    "p99_tpot_ms": 20.70009080013808,
    "p99_e2e_ms": 5471.4864832907915
  },
  "average": {
    "count": 190,
    "avg_ttft_ms": 2411.15209958271,
    "avg_tpot_ms": 12.114728170842074,
    "avg_e2e_ms": 10022.726538346002,
    "p50_ttft_ms": 134.5016360282898,
    "p50_tpot_ms": 10.770746245470448,
    "p50_e2e_ms": 7773.569462820888,
    "p99_ttft_ms": 12532.270901128646,
    "p99_tpot_ms": 20.65158104151487,
    "p99_e2e_ms": 27766.450320743024
  },
  "throughput": {
    "requests_per_sec": 4.608843260465827,
    "tokens_per_sec": 2949.659686698129
  },
  "success_rate": 100.0,
  "total_requests": 190,
  "failed_requests": 0,
  "duration_sec": 41.225094728171825,
  "timestamp": "2026-01-18T20:07:58.936204",
  "error": null
}