{
  "config": "1R_1P_2pD",
  "workload": "large_mid_bal",
  "qps": 6,
  "turn1": {
    "count": 45,
    "avg_ttft_ms": 171.1823341747125,
    "avg_tpot_ms": 11.645839240090835,
    "avg_e2e_ms": 12084.875876787635,
    "p50_ttft_ms": 150.39725601673126,
    "p50_tpot_ms": 9.753512384284393,
    "p50_e2e_ms": 10123.790811747313,
    "p99_ttft_ms": 434.4296287000181,
    "p99_tpot_ms": 15.389725622718284,
    "p99_e2e_ms": 15910.03339394927
  },
  "turn2": {
    "count": 45,
    "avg_ttft_ms": 108.5474216275745,
    "avg_tpot_ms": 10.447526679472869,
    "avg_e2e_ms": 1435.3833099206288,
    "p50_ttft_ms": 102.78068110346794,
    "p50_tpot_ms": 9.580505322518311,
    "p50_e2e_ms": 1320.5016553401947,
    "p99_ttft_ms": 239.15458917617804,
    "p99_tpot_ms": 16.847393456406483,
    "p99_e2e_ms": 2247.8229205310345
  },
  "average": {
    "count": 90,
    "avg_ttft_ms": 139.8648779011435,
    "avg_tpot_ms": 11.046682959781853,
    "avg_e2e_ms": 6760.129593354132,
    "p50_ttft_ms": 139.99106921255589,
    "p50_tpot_ms": 9.6829391029078,
    "p50_e2e_ms": 5746.988175436854,
    "p99_ttft_ms": 397.46194381266827,
    "p99_tpot_ms": 16.73050042476476,
    "p99_e2e_ms": 15900.929443463683
  },
  "throughput": {
    "requests_per_sec": 3.3329599120591595,
    "tokens_per_sec": 1919.784909346076
  },
  "success_rate": 100.0,
  "total_requests": 90,
  "failed_requests": 0,
  "duration_sec": 27.00302505120635,
  "timestamp": "2026-01-18T20:36:37.870993",
  "error": null
}