{
  "config": "1R_1P_2pD",
  "workload": "small_short_gen",
  "qps": 12,
  "turn1": {
    "count": 111,
    "avg_ttft_ms": 157.49560971115088,
    "avg_tpot_ms": 10.270902589032216,
    "avg_e2e_ms": 1461.9002385182423,
    "p50_ttft_ms": 96.93954512476921,
    "p50_tpot_ms": 9.485928473744805,
    "p50_e2e_ms": 1388.7969925999641,
    "p99_ttft_ms": 550.8863855153322,
    "p99_tpot_ms": 13.36081453606369,
    "p99_e2e_ms": 2143.16448122263
  },
  "turn2": {
    "count": 111,
    "avg_ttft_ms": 52.40270696781777,
    "avg_tpot_ms": 10.228814138074876,
    "avg_e2e_ms": 2660.7503121769105,
    "p50_ttft_ms": 44.24719884991646,
    "p50_tpot_ms": 9.48623629177318,
    "p50_e2e_ms": 2497.511353343725,
    "p99_ttft_ms": 124.28930141031744,
    "p99_tpot_ms": 12.906067155155482,
    "p99_e2e_ms": 3336.339394748211
  },
  "average": {
    "count": 222,
    "avg_ttft_ms": 104.94915833948431,
    "avg_tpot_ms": 10.249858363553546,
    "avg_e2e_ms": 2061.3252753475763,
    "p50_ttft_ms": 54.24489267170429,
    "p50_tpot_ms": 9.486082382758992,
    "p50_e2e_ms": 2147.1310891211033,
    "p99_ttft_ms": 542.1087243035435,
    "p99_tpot_ms": 13.311151025860797,
    "p99_e2e_ms": 3314.9130430072546
  },
  "throughput": {
    "requests_per_sec": 15.502453681152517,
    "tokens_per_sec": 2976.471106781283
  },
  "success_rate": 100.0,
  "total_requests": 222,
  "failed_requests": 0,
  "duration_sec": 14.320313710719347,
  "timestamp": "2026-01-18T19:39:56.111392",
  "error": null
}