{
  "config": "1R_1P_2pD",
  "workload": "small_tiny",
  "qps": 1,
  "turn1": {
    "count": 10,
    "avg_ttft_ms": 81.38600029051304,
    "avg_tpot_ms": 7.906332104576855,
    "avg_e2e_ms": 1085.4901775717735,
    "p50_ttft_ms": 96.65307030081749,
    "p50_tpot_ms": 7.875368629736224,
    "p50_e2e_ms": 1083.5953410714865,
    "p99_ttft_ms": 138.28467823565006,
    "p99_tpot_ms": 8.140811498944215,
    "p99_e2e_ms": 1131.362315043807
  },
  "turn2": {
    "count": 10,
    "avg_ttft_ms": 37.021541967988014,
    "avg_tpot_ms": 8.01555379744499,
    "avg_e2e_ms": 285.5037096887827,
    "p50_ttft_ms": 28.46807986497879,
    "p50_tpot_ms": 7.996616704810051,
    "p50_e2e_ms": 277.87244878709316,
    "p99_ttft_ms": 98.10806006193162,
    "p99_tpot_ms": 8.255444780713127,
    "p99_e2e_ms": 353.0284444987774
  },
  "average": {
    "count": 20,
    "avg_ttft_ms": 59.203771129250526,
    "avg_tpot_ms": 7.960942951010923,
    "avg_e2e_ms": 685.4969436302781,
    "p50_ttft_ms": 32.78752043843269,
    "p50_tpot_ms": 7.917214965635609,
    "p50_e2e_ms": 694.9148774147034,
    "p99_ttft_ms": 137.0662751048803,
    "p99_tpot_ms": 8.25200103824177,
    "p99_e2e_ms": 1131.1381144076586
  },
  "throughput": {
    "requests_per_sec": 1.8663034861848877,
    "tokens_per_sec": 149.30427889479103
  },
  "success_rate": 100.0,
  "total_requests": 20,
  "failed_requests": 0,
  "duration_sec": 10.716370701789856,
  "timestamp": "2026-01-18T19:36:50.399662",
  "error": null
}