{
  "config": "1R_1P_2pD",
  "workload": "small_mid_bal",
  "qps": 20,
  "turn1": {
    "count": 200,
    "avg_ttft_ms": 1362.403216380626,
    "avg_tpot_ms": 11.497875667492472,
    "avg_e2e_ms": 2822.6334261521697,
    "p50_ttft_ms": 1156.1529096215963,
    "p50_tpot_ms": 10.282387487648979,
    "p50_e2e_ms": 2980.812566354871,
    "p99_ttft_ms": 3273.227979764342,
    "p99_tpot_ms": 18.505453108919884,
    "p99_e2e_ms": 5122.2551852837205
  },
  "turn2": {
    "count": 200,
    "avg_ttft_ms": 71.53113011270761,
    "avg_tpot_ms": 11.388067077904003,
    "avg_e2e_ms": 1517.8156490065157,
    "p50_ttft_ms": 57.72891268134117,
    "p50_tpot_ms": 9.95615032303521,
    "p50_e2e_ms": 1358.449587598443,
    "p99_ttft_ms": 274.8602032661437,
    "p99_tpot_ms": 18.790351002528443,
    "p99_e2e_ms": 2437.8951028734446
  },
  "average": {
    "count": 400,
    "avg_ttft_ms": 716.9671732466668,
    "avg_tpot_ms": 11.442971372698237,
    "avg_e2e_ms": 2170.2245375793427,
    "p50_ttft_ms": 98.79567474126816,
    "p50_tpot_ms": 9.99998131136256,
    "p50_e2e_ms": 1764.16908018291,
    "p99_ttft_ms": 3247.9408160969615,
    "p99_tpot_ms": 18.782959865831483,
    "p99_e2e_ms": 5117.113866768777
  },
  "throughput": {
    "requests_per_sec": 26.134726925909522,
    "tokens_per_sec": 3345.245046516419
  },
  "success_rate": 100.0,
  "total_requests": 400,
  "failed_requests": 0,
  "duration_sec": 15.305306274443865,
  "timestamp": "2026-01-18T19:53:12.674578",
  "error": null
}