{
  "config": "1R_1P_2pD",
  "workload": "large_long_gen",
  "qps": 10,
  "turn1": {
    "count": 100,
    "avg_ttft_ms": 8308.903129175305,
    "avg_tpot_ms": 14.520923126332336,
    "avg_e2e_ms": 23163.807487413287,
    "p50_ttft_ms": 5194.8738899081945,
    "p50_tpot_ms": 10.144866234600137,
    "p50_e2e_ms": 20143.199073150754,
    "p99_ttft_ms": 23479.47581123561,
    "p99_tpot_ms": 23.204286459866157,
    "p99_e2e_ms": 43565.041648223996
  },
  "turn2": {
    "count": 100,
    "avg_ttft_ms": 117.25248899310827,
    "avg_tpot_ms": 14.987282573360284,
    "avg_e2e_ms": 7775.753883980215,
    "p50_ttft_ms": 78.54125648736954,
    "p50_tpot_ms": 12.821699042463724,
    "p50_e2e_ms": 6642.202366143465,
    "p99_ttft_ms": 282.296299263835,
    "p99_tpot_ms": 23.940481698093116,
    "p99_e2e_ms": 12471.142235696316
  },
  "average": {
    "count": 200,
    "avg_ttft_ms": 4213.077809084207,
    "avg_tpot_ms": 14.75410284984631,
    "avg_e2e_ms": 15469.78068569675,
    "p50_ttft_ms": 145.1629437506199,
    "p50_tpot_ms": 10.308231341920486,
    "p50_e2e_ms": 10481.065830215812,
    "p99_ttft_ms": 23383.401787877083,
    "p99_tpot_ms": 23.64582248790273,
    "p99_e2e_ms": 43530.21912947297
  },
  "throughput": {
    "requests_per_sec": 3.262989617904892,
    "tokens_per_sec": 2505.9760265509567
  },
  "success_rate": 100.0,
  "total_requests": 200,
  "failed_requests": 0,
  "duration_sec": 61.29348340630531,
  "timestamp": "2026-01-18T20:15:15.458178",
  "error": null
}