{
  "config": "1R_1P_2pD",
  "workload": "large_long_gen",
  "qps": 1,
  "turn1": {
    "count": 10,
    "avg_ttft_ms": 113.90884444117546,
    "avg_tpot_ms": 8.885865161452125,
    "avg_e2e_ms": 9204.1489046067,
    "p50_ttft_ms": 123.07796441018581,
    "p50_tpot_ms": 7.903884276966195,
    "p50_e2e_ms": 8222.419640049338,
    "p99_ttft_ms": 143.1990421190858,
    "p99_tpot_ms": 10.60625392932696,
    "p99_e2e_ms": 10943.734210208058
  },
  "turn2": {
    "count": 10,
    "avg_ttft_ms": 76.77733860909939,
    "avg_tpot_ms": 9.555433843642065,
    "avg_e2e_ms": 4959.604032710195,
    "p50_ttft_ms": 58.06533992290497,
    "p50_tpot_ms": 9.50206206007013,
    "p50_e2e_ms": 4906.437715515494,
    "p99_ttft_ms": 206.97386119514704,
    "p99_tpot_ms": 11.414722624706895,
    "p99_e2e_ms": 6002.495659478009
  },
  "average": {
    "count": 20,
    "avg_ttft_ms": 95.34309152513742,
    "avg_tpot_ms": 9.220649502547094,
    "avg_e2e_ms": 7081.876468658447,
    "p50_ttft_ms": 84.34510603547096,
    "p50_tpot_ms": 7.991031989630187,
    "p50_e2e_ms": 6948.4185464680195,
    "p99_ttft_ms": 201.6155143082141,
    "p99_tpot_ms": 11.407095778828264,
    "p99_e2e_ms": 10933.31000380218
  },
  "throughput": {
    "requests_per_sec": 0.9126684445649642,
    "tokens_per_sec": 700.9293654258926
  },
  "success_rate": 100.0,
  "total_requests": 20,
  "failed_requests": 0,
  "duration_sec": 21.913763009011745,
  "timestamp": "2026-01-18T20:11:59.793033",
  "error": null
}