{
  "config": "1R_1P_2pD",
  "workload": "small_long_gen",
  "qps": 6,
  "turn1": {
    "count": 54,
    "avg_ttft_ms": 91.86829550674668,
    "avg_tpot_ms": 9.487110434263537,
    "avg_e2e_ms": 1296.7313206582157,
    "p50_ttft_ms": 90.75865149497986,
    "p50_tpot_ms": 9.035833810610097,
    "p50_e2e_ms": 1255.1964987069368,
    "p99_ttft_ms": 192.1763040497899,
    "p99_tpot_ms": 12.553078570938487,
    "p99_e2e_ms": 1628.3940677717328
  },
  "turn2": {
    "count": 54,
    "avg_ttft_ms": 51.331431984349535,
    "avg_tpot_ms": 9.416469272163722,
    "avg_e2e_ms": 4863.147230060013,
    "p50_ttft_ms": 41.025079786777496,
    "p50_tpot_ms": 9.092727639582993,
    "p50_e2e_ms": 4703.957242891192,
    "p99_ttft_ms": 120.79874124377963,
    "p99_tpot_ms": 11.469026934683557,
    "p99_e2e_ms": 5892.115756496787
  },
  "average": {
    "count": 108,
    "avg_ttft_ms": 71.5998637455481,
    "avg_tpot_ms": 9.45178985321363,
    "avg_e2e_ms": 3079.939275359114,
    "p50_ttft_ms": 62.29047849774361,
    "p50_tpot_ms": 9.0829942615998,
    "p50_e2e_ms": 2914.7358033806086,
    "p99_ttft_ms": 190.95200754702083,
    "p99_tpot_ms": 12.499261437731933,
    "p99_e2e_ms": 5859.814454205333
  },
  "throughput": {
    "requests_per_sec": 6.76181739629248,
    "tokens_per_sec": 2163.781566813594
  },
  "success_rate": 100.0,
  "total_requests": 108,
  "failed_requests": 0,
  "duration_sec": 15.972037348896265,
  "timestamp": "2026-01-18T19:41:52.993661",
  "error": null
}