{
  "config": "1R_1P_2pD",
  "workload": "small_small_bal",
  "qps": 12,
  "turn1": {
    "count": 115,
    "avg_ttft_ms": 83.08870384226675,
    "avg_tpot_ms": 9.65529228574974,
    "avg_e2e_ms": 1309.310824132484,
    "p50_ttft_ms": 86.82619035243988,
    "p50_tpot_ms": 8.87283885220843,
    "p50_e2e_ms": 1237.8858886659145,
    "p99_ttft_ms": 179.59453254938126,
    "p99_tpot_ms": 12.077891334421992,
    "p99_e2e_ms": 1574.7184775024652
  },
  "turn2": {
    "count": 115,
    "avg_ttft_ms": 43.90410664288894,
    "avg_tpot_ms": 9.780751870079975,
    "avg_e2e_ms": 660.0914744579273,
    "p50_ttft_ms": 35.60464456677437,
    "p50_tpot_ms": 9.047980582903302,
    "p50_e2e_ms": 626.154188066721,
    "p99_ttft_ms": 113.80011938512325,
    "p99_tpot_ms": 12.519660827422898,
    "p99_e2e_ms": 836.6813518106937
  },
  "average": {
    "count": 230,
    "avg_ttft_ms": 63.49640524257784,
    "avg_tpot_ms": 9.718022077914856,
    "avg_e2e_ms": 984.7011492952057,
    "p50_ttft_ms": 44.55365799367428,
    "p50_tpot_ms": 8.946442267014866,
    "p50_e2e_ms": 980.9597283601761,
    "p99_ttft_ms": 172.99641862511638,
    "p99_tpot_ms": 12.469334969563143,
    "p99_e2e_ms": 1573.4314602985978
  },
  "throughput": {
    "requests_per_sec": 19.128550012651456,
    "tokens_per_sec": 1836.3408012145399
  },
  "success_rate": 100.0,
  "total_requests": 230,
  "failed_requests": 0,
  "duration_sec": 12.023911893367767,
  "timestamp": "2026-01-18T19:50:45.119354",
  "error": null
}