{
  "config": "1R_1P_2pD",
  "workload": "large_huge_paste",
  "qps": 4,
  "turn1": {
    "count": 40,
    "avg_ttft_ms": 131.83533484116197,
    "avg_tpot_ms": 11.165787815730855,
    "avg_e2e_ms": 11554.436270333827,
    "p50_ttft_ms": 131.00175186991692,
    "p50_tpot_ms": 9.618719884960067,
    "p50_e2e_ms": 9954.738564789295,
    "p99_ttft_ms": 199.15132582187653,
    "p99_tpot_ms": 15.320787330104343,
    "p99_e2e_ms": 15783.522686734796
  },
  "turn2": {
    "count": 40,
    "avg_ttft_ms": 151.43877835944295,
    "avg_tpot_ms": 11.372228693817892,
    "avg_e2e_ms": 503.9778678677976,
    "p50_ttft_ms": 120.54305523633957,
    "p50_tpot_ms": 9.696806150098002,
    "p50_e2e_ms": 441.86446629464626,
    "p99_ttft_ms": 347.56562255322933,
    "p99_tpot_ms": 25.013100043419865,
    "p99_e2e_ms": 970.4470884799957
  },
  "average": {
    "count": 80,
    "avg_ttft_ms": 141.63705660030246,
    "avg_tpot_ms": 11.269008254774374,
    "avg_e2e_ms": 6029.207069100812,
    "p50_ttft_ms": 126.65535695850849,
    "p50_tpot_ms": 9.63334308960862,
    "p50_e2e_ms": 4954.879343509674,
    "p99_ttft_ms": 341.00246869027603,
    "p99_tpot_ms": 22.731888967175603,
    "p99_e2e_ms": 15760.138637199998
  },
  "throughput": {
    "requests_per_sec": 3.2166930997944654,
    "tokens_per_sec": 1698.4139566914778
  },
  "success_rate": 100.0,
  "total_requests": 80,
  "failed_requests": 0,
  "duration_sec": 24.870261948555708,
  "timestamp": "2026-01-18T20:53:51.816745",
  "error": null
}