{
  "config": "1R_1P_2pD",
  "workload": "large_big_paste",
  "qps": 1,
  "turn1": {
    "count": 9,
    "avg_ttft_ms": 128.98006538550058,
    "avg_tpot_ms": 9.031845937855561,
    "avg_e2e_ms": 9368.55845981174,
    "p50_ttft_ms": 147.29436486959457,
    "p50_tpot_ms": 8.076999889994413,
    "p50_e2e_ms": 8413.531314581633,
    "p99_ttft_ms": 161.6226428747177,
    "p99_tpot_ms": 10.604859996343054,
    "p99_e2e_ms": 10956.179548501968
  },
  "turn2": {
    "count": 9,
    "avg_ttft_ms": 90.99755187829335,
    "avg_tpot_ms": 9.030180547971153,
    "avg_e2e_ms": 659.8989264004761,
    "p50_ttft_ms": 71.19457051157951,
    "p50_tpot_ms": 8.142430512678056,
    "p50_e2e_ms": 578.1483165919781,
    "p99_ttft_ms": 204.0678207576275,
    "p99_tpot_ms": 12.380228619726877,
    "p99_e2e_ms": 864.9503853917122
  },
  "average": {
    "count": 18,
    "avg_ttft_ms": 109.98880863189697,
    "avg_tpot_ms": 9.031013242913357,
    "avg_e2e_ms": 5014.228693106108,
    "p50_ttft_ms": 108.11984539031982,
    "p50_tpot_ms": 8.109715201336234,
    "p50_e2e_ms": 4435.21617539227,
    "p99_ttft_ms": 201.09952818602315,
    "p99_tpot_ms": 12.235623083920945,
    "p99_e2e_ms": 10953.55151642114
  },
  "throughput": {
    "requests_per_sec": 0.8994178358867088,
    "tokens_per_sec": 489.28330272236957
  },
  "success_rate": 100.0,
  "total_requests": 18,
  "failed_requests": 0,
  "duration_sec": 20.012945353984833,
  "timestamp": "2026-01-18T20:47:11.968717",
  "error": null
}