{
  "config": "1R_1P_2pD",
  "workload": "small_long_gen",
  "qps": 12,
  "turn1": {
    "count": 113,
    "avg_ttft_ms": 1509.7441364046747,
    "avg_tpot_ms": 10.384982871414104,
    "avg_e2e_ms": 2828.636961074266,
    "p50_ttft_ms": 1593.6348959803581,
    "p50_tpot_ms": 9.29893550323689,
    "p50_e2e_ms": 3051.9880577921867,
    "p99_ttft_ms": 4231.195040643215,
    "p99_tpot_ms": 16.168507574580783,
    "p99_e2e_ms": 5711.753960102796
  },
  "turn2": {
    "count": 113,
    "avg_ttft_ms": 58.285145336284046,
    "avg_tpot_ms": 10.433674417471604,
    "avg_e2e_ms": 5389.892772664275,
    "p50_ttft_ms": 45.53940147161484,
    "p50_tpot_ms": 9.363487027512605,
    "p50_e2e_ms": 4838.984962552786,
    "p99_ttft_ms": 226.91076055169054,
    "p99_tpot_ms": 13.637267247921333,
    "p99_e2e_ms": 7023.190361112356
  },
  "average": {
    "count": 226,
    "avg_ttft_ms": 784.0146408704794,
    "avg_tpot_ms": 10.409328644442855,
    "avg_e2e_ms": 4109.26486686927,
    "p50_ttft_ms": 89.842913672328,
    "p50_tpot_ms": 9.3364120024252,
    "p50_e2e_ms": 4703.596783801913,
    "p99_ttft_ms": 4196.999854408205,
    "p99_tpot_ms": 15.607241841810424,
    "p99_e2e_ms": 6941.4983140304685
  },
  "throughput": {
    "requests_per_sec": 10.547892721597526,
    "tokens_per_sec": 3375.3256709112084
  },
  "success_rate": 100.0,
  "total_requests": 226,
  "failed_requests": 0,
  "duration_sec": 21.426080636680126,
  "timestamp": "2026-01-18T19:42:50.936720",
  "error": null
}