{
  "config": "1R_1P_2pD",
  "workload": "small_mid_paste",
  "qps": 10,
  "turn1": {
    "count": 100,
    "avg_ttft_ms": 93.25424376875162,
    "avg_tpot_ms": 10.288189855792861,
    "avg_e2e_ms": 1399.8543554544449,
    "p50_ttft_ms": 94.73190642893314,
    "p50_tpot_ms": 8.855169492326382,
    "p50_e2e_ms": 1247.844334691763,
    "p99_ttft_ms": 215.06935026496657,
    "p99_tpot_ms": 16.475426246096767,
    "p99_e2e_ms": 2131.9138000905514
  },
  "turn2": {
    "count": 100,
    "avg_ttft_ms": 57.25877474993467,
    "avg_tpot_ms": 10.36967670692811,
    "avg_e2e_ms": 710.5484072864056,
    "p50_ttft_ms": 45.40066607296467,
    "p50_tpot_ms": 9.099037312562505,
    "p50_e2e_ms": 622.3953794687986,
    "p99_ttft_ms": 145.0085613504053,
    "p99_tpot_ms": 17.4894932089817,
    "p99_e2e_ms": 1167.104845866561
  },
  "average": {
    "count": 200,
    "avg_ttft_ms": 75.25650925934315,
    "avg_tpot_ms": 10.328933281360484,
    "avg_e2e_ms": 1055.2013813704252,
    "p50_ttft_ms": 55.311789736151695,
    "p50_tpot_ms": 8.921402767384414,
    "p50_e2e_ms": 1165.501981973648,
    "p99_ttft_ms": 202.89315667003382,
    "p99_tpot_ms": 17.086802290545567,
    "p99_e2e_ms": 2130.6254701688886
  },
  "throughput": {
    "requests_per_sec": 18.850701556843184,
    "tokens_per_sec": 1809.6673494569457
  },
  "success_rate": 100.0,
  "total_requests": 200,
  "failed_requests": 0,
  "duration_sec": 10.609684705734253,
  "timestamp": "2026-01-18T19:54:34.786364",
  "error": null
}