{
  "config": "1R_1P_2pD",
  "workload": "large_tiny",
  "qps": 20,
  "turn1": {
    "count": 190,
    "avg_ttft_ms": 16079.081773208944,
    "avg_tpot_ms": 12.72161946702259,
    "avg_e2e_ms": 29093.298487973057,
    "p50_ttft_ms": 16610.654644668102,
    "p50_tpot_ms": 10.232821769670075,
    "p50_e2e_ms": 31345.54480202496,
    "p99_ttft_ms": 37226.006265543394,
    "p99_tpot_ms": 22.34751874433497,
    "p99_e2e_ms": 50572.69916098564
  },
  "turn2": {
    "count": 190,
    "avg_ttft_ms": 188.7541058424272,
    "avg_tpot_ms": 13.834638729792701,
    "avg_e2e_ms": 617.6279064660009,
    "p50_ttft_ms": 80.71551844477654,
    "p50_tpot_ms": 10.8449459676781,
    "p50_e2e_ms": 431.1303738504648,
    "p99_ttft_ms": 752.0082763209882,
    "p99_tpot_ms": 46.339049973795404,
    "p99_e2e_ms": 1918.5031384229562
  },
  "average": {
    "count": 380,
    "avg_ttft_ms": 8133.917939525686,
    "avg_tpot_ms": 13.278129098407646,
    "avg_e2e_ms": 14855.46319721953,
    "p50_ttft_ms": 163.7867707759142,
    "p50_tpot_ms": 10.33947226260939,
    "p50_e2e_ms": 10575.241975486279,
    "p99_ttft_ms": 37166.66290834546,
    "p99_tpot_ms": 35.27860651934315,
    "p99_e2e_ms": 49935.156630687416
  },
  "throughput": {
    "requests_per_sec": 6.170167520927724,
    "tokens_per_sec": 3257.8484510498383
  },
  "success_rate": 100.0,
  "total_requests": 380,
  "failed_requests": 0,
  "duration_sec": 61.586658500134945,
  "timestamp": "2026-01-18T20:04:37.247160",
  "error": null
}