{
  "config": "1R_1P_2pD",
  "workload": "small_big_paste",
  "qps": 8,
  "turn1": {
    "count": 76,
    "avg_ttft_ms": 86.67449476687531,
    "avg_tpot_ms": 9.658431446344165,
    "avg_e2e_ms": 1313.2952884525846,
    "p50_ttft_ms": 87.91833929717541,
    "p50_tpot_ms": 8.816638726770408,
    "p50_e2e_ms": 1240.657977759838,
    "p99_ttft_ms": 197.35445361584425,
    "p99_tpot_ms": 13.37787107835839,
    "p99_e2e_ms": 1739.3657714128494
  },
  "turn2": {
    "count": 76,
    "avg_ttft_ms": 78.34525386753835,
    "avg_tpot_ms": 9.857045192467538,
    "avg_e2e_ms": 699.3391009929933,
    "p50_ttft_ms": 62.90215067565441,
    "p50_tpot_ms": 8.88409297026339,
    "p50_e2e_ms": 674.3759755045176,
    "p99_ttft_ms": 187.31199111789465,
    "p99_tpot_ms": 14.785844152645458,
    "p99_e2e_ms": 1011.8520306423306
  },
  "average": {
    "count": 152,
    "avg_ttft_ms": 82.50987431720684,
    "avg_tpot_ms": 9.757738319405854,
    "avg_e2e_ms": 1006.3171947227889,
    "p50_ttft_ms": 71.48564234375954,
    "p50_tpot_ms": 8.849153411094509,
    "p50_e2e_ms": 1064.9605356156826,
    "p99_ttft_ms": 198.10074340552094,
    "p99_tpot_ms": 14.264178937153215,
    "p99_e2e_ms": 1694.9119607731704
  },
  "throughput": {
    "requests_per_sec": 12.501733131961482,
    "tokens_per_sec": 1200.1663806683023
  },
  "success_rate": 100.0,
  "total_requests": 152,
  "failed_requests": 0,
  "duration_sec": 12.158314242959023,
  "timestamp": "2026-01-18T19:56:18.168833",
  "error": null
}