{
  "config": "1R_1P_2pD",
  "workload": "small_short_gen",
  "qps": 1,
  "turn1": {
    "count": 10,
    "avg_ttft_ms": 77.32562869787216,
    "avg_tpot_ms": 8.287024515585637,
    "avg_e2e_ms": 1129.777742177248,
    "p50_ttft_ms": 82.35133998095989,
    "p50_tpot_ms": 8.159614351438725,
    "p50_e2e_ms": 1127.3871771991253,
    "p99_ttft_ms": 156.14590872079134,
    "p99_tpot_ms": 9.214977624378806,
    "p99_e2e_ms": 1213.1761611253023
  },
  "turn2": {
    "count": 10,
    "avg_ttft_ms": 36.93647235631943,
    "avg_tpot_ms": 8.344873118342138,
    "avg_e2e_ms": 2164.8791175335646,
    "p50_ttft_ms": 32.13204815983772,
    "p50_tpot_ms": 8.180000194731882,
    "p50_e2e_ms": 2123.2193503528833,
    "p99_ttft_ms": 87.96116180717947,
    "p99_tpot_ms": 9.42151820922599,
    "p99_e2e_ms": 2430.5825539678335
  },
  "average": {
    "count": 20,
    "avg_ttft_ms": 57.131050527095795,
    "avg_tpot_ms": 8.315948816963887,
    "avg_e2e_ms": 1647.3284298554063,
    "p50_ttft_ms": 36.04463115334511,
    "p50_tpot_ms": 8.165508851993318,
    "p50_e2e_ms": 1615.0623075664043,
    "p99_ttft_ms": 152.3482617363333,
    "p99_tpot_ms": 9.43755054665059,
    "p99_e2e_ms": 2414.501316919923
  },
  "throughput": {
    "requests_per_sec": 1.5811980317380945,
    "tokens_per_sec": 303.59002209371414
  },
  "success_rate": 100.0,
  "total_requests": 20,
  "failed_requests": 0,
  "duration_sec": 12.648637045174837,
  "timestamp": "2026-01-18T19:38:36.524303",
  "error": null
}