{
  "config": "1R_1P_2pD",
  "workload": "small_mid_bal",
  "qps": 1,
  "turn1": {
    "count": 10,
    "avg_ttft_ms": 96.62170335650444,
    "avg_tpot_ms": 8.039202928308427,
    "avg_e2e_ms": 1117.6004752516747,
    "p50_ttft_ms": 101.1203657835722,
    "p50_tpot_ms": 8.048194174574116,
    "p50_e2e_ms": 1129.4678710401058,
    "p99_ttft_ms": 128.106270134449,
    "p99_tpot_ms": 8.253546454833717,
    "p99_e2e_ms": 1149.2174775898457
  },
  "turn2": {
    "count": 10,
    "avg_ttft_ms": 48.23729731142521,
    "avg_tpot_ms": 8.124756918648096,
    "avg_e2e_ms": 1080.0814259797335,
    "p50_ttft_ms": 33.80543738603592,
    "p50_tpot_ms": 8.14807541140421,
    "p50_e2e_ms": 1065.3735883533955,
    "p99_ttft_ms": 117.05968629568815,
    "p99_tpot_ms": 8.300056462506141,
    "p99_e2e_ms": 1158.6942076310515
  },
  "average": {
    "count": 20,
    "avg_ttft_ms": 72.42950033396482,
    "avg_tpot_ms": 8.081979923478261,
    "avg_e2e_ms": 1098.840950615704,
    "p50_ttft_ms": 80.50497807562351,
    "p50_tpot_ms": 8.105260400673536,
    "p50_e2e_ms": 1095.7252755761147,
    "p99_ttft_ms": 127.29291111230849,
    "p99_tpot_ms": 8.295365414457528,
    "p99_e2e_ms": 1157.7304046228528
  },
  "throughput": {
    "requests_per_sec": 2.432381750709851,
    "tokens_per_sec": 311.34486409086094
  },
  "success_rate": 100.0,
  "total_requests": 20,
  "failed_requests": 0,
  "duration_sec": 8.222393542528152,
  "timestamp": "2026-01-18T19:51:34.174448",
  "error": null
}