{
  "config": "1R_1P_2pD",
  "workload": "small_mid_paste",
  "qps": 6,
  "turn1": {
    "count": 57,
    "avg_ttft_ms": 76.1654052164471,
    "avg_tpot_ms": 9.528550590446502,
    "avg_e2e_ms": 1286.2913302031525,
    "p50_ttft_ms": 83.68279039859772,
    "p50_tpot_ms": 8.789876197266766,
    "p50_e2e_ms": 1213.0375690758228,
    "p99_ttft_ms": 206.5174680948254,
    "p99_tpot_ms": 12.683772123235418,
    "p99_e2e_ms": 1658.107090741396
  },
  "turn2": {
    "count": 57,
    "avg_ttft_ms": 52.65220404978384,
    "avg_tpot_ms": 9.844668937805004,
    "avg_e2e_ms": 672.8663471314991,
    "p50_ttft_ms": 43.09011250734329,
    "p50_tpot_ms": 8.865385774582151,
    "p50_e2e_ms": 641.0760506987572,
    "p99_ttft_ms": 185.74600562453256,
    "p99_tpot_ms": 13.078207404367507,
    "p99_e2e_ms": 881.2755742669106
  },
  "average": {
    "count": 114,
    "avg_ttft_ms": 64.40880463311547,
    "avg_tpot_ms": 9.686609764125752,
    "avg_e2e_ms": 979.5788386673258,
    "p50_ttft_ms": 50.02138204872608,
    "p50_tpot_ms": 8.796693727843405,
    "p50_e2e_ms": 989.207724109292,
    "p99_ttft_ms": 210.46195387840297,
    "p99_tpot_ms": 13.05853636550998,
    "p99_e2e_ms": 1648.756378106773
  },
  "throughput": {
    "requests_per_sec": 9.587147124081914,
    "tokens_per_sec": 920.3661239118638
  },
  "success_rate": 100.0,
  "total_requests": 114,
  "failed_requests": 0,
  "duration_sec": 11.890920054167509,
  "timestamp": "2026-01-18T19:54:12.978615",
  "error": null
}