{
  "config": "1R_1P_2pD",
  "workload": "small_tiny",
  "qps": 20,
  "turn1": {
    "count": 181,
    "avg_ttft_ms": 103.33317878414255,
    "avg_tpot_ms": 9.942850959285696,
    "avg_e2e_ms": 1366.075250613426,
    "p50_ttft_ms": 90.36355093121529,
    "p50_tpot_ms": 9.240592382554933,
    "p50_e2e_ms": 1338.3888900279999,
    "p99_ttft_ms": 401.04632973670954,
    "p99_tpot_ms": 13.175889568066033,
    "p99_e2e_ms": 1714.2709434032438
  },
  "turn2": {
    "count": 181,
    "avg_ttft_ms": 54.04000684042662,
    "avg_tpot_ms": 10.05401755107998,
    "avg_e2e_ms": 365.71455092390596,
    "p50_ttft_ms": 39.28098455071449,
    "p50_tpot_ms": 9.333776250000923,
    "p50_e2e_ms": 354.48821634054184,
    "p99_ttft_ms": 277.82881110906595,
    "p99_tpot_ms": 14.835554914128394,
    "p99_e2e_ms": 546.852946281433
  },
  "average": {
    "count": 362,
    "avg_ttft_ms": 78.68659281228459,
    "avg_tpot_ms": 9.998434255182838,
    "avg_e2e_ms": 865.8949007686659,
    "p50_ttft_ms": 46.80466838181019,
    "p50_tpot_ms": 9.268849907863524,
    "p50_e2e_ms": 935.4584664106369,
    "p99_ttft_ms": 387.6138394325969,
    "p99_tpot_ms": 13.971983489971006,
    "p99_e2e_ms": 1679.0591492503881
  },
  "throughput": {
    "requests_per_sec": 30.956362594328166,
    "tokens_per_sec": 2476.509007546253
  },
  "success_rate": 100.0,
  "total_requests": 362,
  "failed_requests": 0,
  "duration_sec": 11.693880341947079,
  "timestamp": "2026-01-18T19:38:18.789041",
  "error": null
}