{
  "config": "1R_1P_2pD",
  "workload": "small_big_paste",
  "qps": 0.5,
  "turn1": {
    "count": 4,
    "avg_ttft_ms": 82.69223477691412,
    "avg_tpot_ms": 7.982098328785633,
    "avg_e2e_ms": 1096.4187225326896,
    "p50_ttft_ms": 94.51200626790524,
    "p50_tpot_ms": 7.973186583734872,
    "p50_e2e_ms": 1111.4838998764753,
    "p99_ttft_ms": 110.41199624538422,
    "p99_tpot_ms": 8.151543090545285,
    "p99_e2e_ms": 1131.864545531571
  },
  "turn2": {
    "count": 4,
    "avg_ttft_ms": 55.50939030945301,
    "avg_tpot_ms": 8.126961141233405,
    "avg_e2e_ms": 567.5079422071576,
    "p50_ttft_ms": 58.080559596419334,
    "p50_tpot_ms": 8.151857655436274,
    "p50_e2e_ms": 566.626587882638,
    "p99_ttft_ms": 62.67493534833193,
    "p99_tpot_ms": 8.414530222496342,
    "p99_e2e_ms": 589.7959253937006
  },
  "average": {
    "count": 8,
    "avg_ttft_ms": 69.10081254318357,
    "avg_tpot_ms": 8.05452973500952,
    "avg_e2e_ms": 831.9633323699236,
    "p50_ttft_ms": 61.273517087101936,
    "p50_tpot_ms": 8.034694960338296,
    "p50_e2e_ms": 810.2565016597509,
    "p99_ttft_ms": 109.8487401008606,
    "p99_tpot_ms": 8.410244617788564,
    "p99_e2e_ms": 1131.2910962477326
  },
  "throughput": {
    "requests_per_sec": 1.062634461951763,
    "tokens_per_sec": 102.01290834736925
  },
  "success_rate": 100.0,
  "total_requests": 8,
  "failed_requests": 0,
  "duration_sec": 7.528459019958973,
  "timestamp": "2026-01-18T19:55:24.200975",
  "error": null
}