{
  "config": "1R_1P_2pD",
  "workload": "large_tiny",
  "qps": 0.5,
  "turn1": {
    "count": 4,
    "avg_ttft_ms": 117.56242346018553,
    "avg_tpot_ms": 8.348591628421612,
    "avg_e2e_ms": 8658.171659335494,
    "p50_ttft_ms": 135.4526598006487,
    "p50_tpot_ms": 8.03130195782914,
    "p50_e2e_ms": 8352.670285850763,
    "p99_ttft_ms": 140.34294161945581,
    "p99_tpot_ms": 9.393497178602312,
    "p99_e2e_ms": 9670.921852812171
  },
  "turn2": {
    "count": 4,
    "avg_ttft_ms": 98.53479266166687,
    "avg_tpot_ms": 8.01665807563451,
    "avg_e2e_ms": 347.0511930063367,
    "p50_ttft_ms": 97.39546850323677,
    "p50_tpot_ms": 8.044274403683602,
    "p50_e2e_ms": 346.49613313376904,
    "p99_ttft_ms": 138.06249756366014,
    "p99_tpot_ms": 8.215211693558,
    "p99_e2e_ms": 390.59856340289116
  },
  "average": {
    "count": 8,
    "avg_ttft_ms": 108.0486080609262,
    "avg_tpot_ms": 8.18262485202806,
    "avg_e2e_ms": 4502.611426170915,
    "p50_ttft_ms": 131.8964883685112,
    "p50_tpot_ms": 8.03130195782914,
    "p50_e2e_ms": 4303.643608465791,
    "p99_ttft_ms": 140.26551473885775,
    "p99_tpot_ms": 9.349655762555136,
    "p99_e2e_ms": 9617.737067863345
  },
  "throughput": {
    "requests_per_sec": 0.48526830700858514,
    "tokens_per_sec": 256.22166610053296
  },
  "success_rate": 100.0,
  "total_requests": 8,
  "failed_requests": 0,
  "duration_sec": 16.485725287348032,
  "timestamp": "2026-01-18T19:59:31.086092",
  "error": null
}