{
  "config": "1R_1P_2pD",
  "workload": "small_tiny",
  "qps": 6,
  "turn1": {
    "count": 60,
    "avg_ttft_ms": 79.52633580813806,
    "avg_tpot_ms": 8.49875268670596,
    "avg_e2e_ms": 1158.8679270197947,
    "p50_ttft_ms": 88.19837123155594,
    "p50_tpot_ms": 8.346924939610826,
    "p50_e2e_ms": 1155.4836351424456,
    "p99_ttft_ms": 184.03782919049254,
    "p99_tpot_ms": 9.259658196545022,
    "p99_e2e_ms": 1230.8180690184236
  },
  "turn2": {
    "count": 60,
    "avg_ttft_ms": 38.389937890072666,
    "avg_tpot_ms": 8.627141537445205,
    "avg_e2e_ms": 305.83132555087406,
    "p50_ttft_ms": 33.03292579948902,
    "p50_tpot_ms": 8.402531786311059,
    "p50_e2e_ms": 293.70222985744476,
    "p99_ttft_ms": 99.53672118484971,
    "p99_tpot_ms": 9.595960104657758,
    "p99_e2e_ms": 366.5972705185413
  },
  "average": {
    "count": 120,
    "avg_ttft_ms": 58.95813684910536,
    "avg_tpot_ms": 8.562947112075582,
    "avg_e2e_ms": 732.3496262853345,
    "p50_ttft_ms": 35.80727428197861,
    "p50_tpot_ms": 8.373593114806608,
    "p50_e2e_ms": 729.2918227612972,
    "p99_ttft_ms": 170.8171105012298,
    "p99_tpot_ms": 9.573031344240711,
    "p99_e2e_ms": 1226.8080701306462
  },
  "throughput": {
    "requests_per_sec": 10.624529441491362,
    "tokens_per_sec": 849.9623553193089
  },
  "success_rate": 100.0,
  "total_requests": 120,
  "failed_requests": 0,
  "duration_sec": 11.294617861509323,
  "timestamp": "2026-01-18T19:37:21.270400",
  "error": null
}