{
  "config": "1R_1P_2pD",
  "workload": "large_short_gen",
  "qps": 12,
  "turn1": {
    "count": 112,
    "avg_ttft_ms": 9340.880644906845,
    "avg_tpot_ms": 13.799618856403693,
    "avg_e2e_ms": 23457.890735007823,
    "p50_ttft_ms": 8443.648243322968,
    "p50_tpot_ms": 10.000438748959922,
    "p50_e2e_ms": 21351.213693618774,
    "p99_ttft_ms": 22539.071328490973,
    "p99_tpot_ms": 23.045851789771753,
    "p99_e2e_ms": 38404.761401973665
  },
  "turn2": {
    "count": 112,
    "avg_ttft_ms": 119.0177000659917,
    "avg_tpot_ms": 14.774590764319944,
    "avg_e2e_ms": 3886.5383449675783,
    "p50_ttft_ms": 76.51749067008495,
    "p50_tpot_ms": 10.364875460372252,
    "p50_e2e_ms": 2729.5153066515923,
    "p99_ttft_ms": 436.71823434531694,
    "p99_tpot_ms": 28.655607480921,
    "p99_e2e_ms": 7530.008729845285
  },
  "average": {
    "count": 224,
    "avg_ttft_ms": 4729.949172486418,
    "avg_tpot_ms": 14.28710481036182,
    "avg_e2e_ms": 13672.2145399877,
    "p50_ttft_ms": 152.41247229278088,
    "p50_tpot_ms": 10.160648099639836,
    "p50_e2e_ms": 8363.217882812023,
    "p99_ttft_ms": 22512.036084868014,
    "p99_tpot_ms": 28.55685062487336,
    "p99_e2e_ms": 38396.90233375877
  },
  "throughput": {
    "requests_per_sec": 4.367885396293416,
    "tokens_per_sec": 2795.446653627786
  },
  "success_rate": 100.0,
  "total_requests": 224,
  "failed_requests": 0,
  "duration_sec": 51.2833968102932,
  "timestamp": "2026-01-18T20:08:50.255819",
  "error": null
}