{
  "config": "1R_1P_2pD",
  "workload": "large_mid_bal",
  "qps": 1,
  "turn1": {
    "count": 10,
    "avg_ttft_ms": 147.06572517752647,
    "avg_tpot_ms": 8.853639042476521,
    "avg_e2e_ms": 9204.338465631008,
    "p50_ttft_ms": 150.4147257655859,
    "p50_tpot_ms": 8.692828064396583,
    "p50_e2e_ms": 9048.583321273327,
    "p99_ttft_ms": 180.6852125748992,
    "p99_tpot_ms": 10.20539547257555,
    "p99_e2e_ms": 10610.51254119724
  },
  "turn2": {
    "count": 10,
    "avg_ttft_ms": 95.42510285973549,
    "avg_tpot_ms": 8.558880350017173,
    "avg_e2e_ms": 1182.4029073119164,
    "p50_ttft_ms": 74.4625274091959,
    "p50_tpot_ms": 8.407903483181489,
    "p50_e2e_ms": 1185.3586230427027,
    "p99_ttft_ms": 161.3421317562461,
    "p99_tpot_ms": 9.658968192268544,
    "p99_e2e_ms": 1281.6020796447992
  },
  "average": {
    "count": 20,
    "avg_ttft_ms": 121.24541401863098,
    "avg_tpot_ms": 8.706259696246846,
    "avg_e2e_ms": 5193.370686471462,
    "p50_ttft_ms": 142.30461418628693,
    "p50_tpot_ms": 8.631103126767327,
    "p50_e2e_ms": 4819.318091496825,
    "p99_ttft_ms": 180.23002941161394,
    "p99_tpot_ms": 10.197454903416794,
    "p99_e2e_ms": 10590.498333759606
  },
  "throughput": {
    "requests_per_sec": 1.1348585971707903,
    "tokens_per_sec": 653.6785519703752
  },
  "success_rate": 100.0,
  "total_requests": 20,
  "failed_requests": 0,
  "duration_sec": 17.62334096059203,
  "timestamp": "2026-01-18T20:35:22.695605",
  "error": null
}