{
  "config": "1R_1P_2pD",
  "workload": "large_long_gen",
  "qps": 4,
  "turn1": {
    "count": 40,
    "avg_ttft_ms": 128.17313177511096,
    "avg_tpot_ms": 11.002536817205268,
    "avg_e2e_ms": 11383.768295776099,
    "p50_ttft_ms": 130.9709418565035,
    "p50_tpot_ms": 9.957350198751204,
    "p50_e2e_ms": 10320.355137810111,
    "p99_ttft_ms": 168.49441520869732,
    "p99_tpot_ms": 14.095513606307444,
    "p99_e2e_ms": 14560.821804441512
  },
  "turn2": {
    "count": 40,
    "avg_ttft_ms": 87.02886309474707,
    "avg_tpot_ms": 10.542044661931854,
    "avg_e2e_ms": 5474.013685341924,
    "p50_ttft_ms": 71.18204981088638,
    "p50_tpot_ms": 9.875252890289413,
    "p50_e2e_ms": 5103.552447631955,
    "p99_ttft_ms": 207.66313850879666,
    "p99_tpot_ms": 13.96314291571451,
    "p99_e2e_ms": 7250.272580385208
  },
  "average": {
    "count": 80,
    "avg_ttft_ms": 107.60099743492901,
    "avg_tpot_ms": 10.77229073956856,
    "avg_e2e_ms": 8428.890990559012,
    "p50_ttft_ms": 108.98167826235294,
    "p50_tpot_ms": 9.875252890289413,
    "p50_e2e_ms": 8336.06854826212,
    "p99_ttft_ms": 182.56250616162973,
    "p99_tpot_ms": 14.087751313228294,
    "p99_e2e_ms": 14545.229049064219
  },
  "throughput": {
    "requests_per_sec": 2.8041057810372543,
    "tokens_per_sec": 2153.5532398366113
  },
  "success_rate": 100.0,
  "total_requests": 80,
  "failed_requests": 0,
  "duration_sec": 28.52959419041872,
  "timestamp": "2026-01-18T20:12:56.782403",
  "error": null
}