{
  "config": "1R_1P_2pD",
  "workload": "large_small_bal",
  "qps": 1,
  "turn1": {
    "count": 8,
    "avg_ttft_ms": 107.36119374632835,
    "avg_tpot_ms": 8.375245271175954,
    "avg_e2e_ms": 8675.23710615933,
    "p50_ttft_ms": 108.81039313971996,
    "p50_tpot_ms": 8.207430090766149,
    "p50_e2e_ms": 8531.802959740162,
    "p99_ttft_ms": 136.37642730027437,
    "p99_tpot_ms": 9.566857389348286,
    "p99_e2e_ms": 9851.899165250361
  },
  "turn2": {
    "count": 8,
    "avg_ttft_ms": 62.705121003091335,
    "avg_tpot_ms": 8.108102590850894,
    "avg_e2e_ms": 573.5155842266977,
    "p50_ttft_ms": 58.296604081988335,
    "p50_tpot_ms": 7.866840484359908,
    "p50_e2e_ms": 562.320601195097,
    "p99_ttft_ms": 99.5024199783802,
    "p99_tpot_ms": 9.816889321756742,
    "p99_e2e_ms": 708.0463758483529
  },
  "average": {
    "count": 16,
    "avg_ttft_ms": 85.03315737470984,
    "avg_tpot_ms": 8.241673931013423,
    "avg_e2e_ms": 4624.376345193014,
    "p50_ttft_ms": 89.73543904721737,
    "p50_tpot_ms": 8.13765216433058,
    "p50_e2e_ms": 4555.015113204718,
    "p99_ttft_ms": 136.2323435023427,
    "p99_tpot_ms": 9.866953835131314,
    "p99_e2e_ms": 9745.521720685065
  },
  "throughput": {
    "requests_per_sec": 0.8482219271175213,
    "tokens_per_sec": 461.4327283519316
  },
  "success_rate": 100.0,
  "total_requests": 16,
  "failed_requests": 0,
  "duration_sec": 18.862987961620092,
  "timestamp": "2026-01-18T20:29:38.758203",
  "error": null
}