{
  "config": "1R_1P_2pD",
  "workload": "small_huge_paste",
  "qps": 0.5,
  "turn1": {
    "count": 3,
    "avg_ttft_ms": 72.09635898470879,
    "avg_tpot_ms": 7.882090515195542,
    "avg_e2e_ms": 1073.1218544145424,
    "p50_ttft_ms": 91.4197564125061,
    "p50_tpot_ms": 7.868976310247511,
    "p50_e2e_ms": 1089.3101319670677,
    "p99_ttft_ms": 91.4401314407587,
    "p99_tpot_ms": 7.91903284884344,
    "p99_e2e_ms": 1090.7503554970026
  },
  "turn2": {
    "count": 3,
    "avg_ttft_ms": 74.03723274668057,
    "avg_tpot_ms": 8.328614055469473,
    "avg_e2e_ms": 332.2242684662342,
    "p50_ttft_ms": 63.82566690444946,
    "p50_tpot_ms": 7.99396417794689,
    "p50_e2e_ms": 311.63855642080307,
    "p99_ttft_ms": 93.94077278673649,
    "p99_tpot_ms": 9.061867515406302,
    "p99_e2e_ms": 374.8586657643318
  },
  "average": {
    "count": 6,
    "avg_ttft_ms": 73.06679586569469,
    "avg_tpot_ms": 8.105352285332508,
    "avg_e2e_ms": 702.6730614403883,
    "p50_ttft_ms": 77.62271165847778,
    "p50_tpot_ms": 7.9141354691241945,
    "p50_e2e_ms": 707.7122777700424,
    "p99_ttft_ms": 94.39962580800056,
    "p99_tpot_ms": 9.029176596912645,
    "p99_e2e_ms": 1090.7062670215964
  },
  "throughput": {
    "requests_per_sec": 0.6673032533027753,
    "tokens_per_sec": 53.38426026422202
  },
  "success_rate": 100.0,
  "total_requests": 6,
  "failed_requests": 0,
  "duration_sec": 8.991414278745651,
  "timestamp": "2026-01-18T19:57:21.784733",
  "error": null
}