{
  "config": "1R_1P_2pD",
  "workload": "small_mid_paste",
  "qps": 0.5,
  "turn1": {
    "count": 3,
    "avg_ttft_ms": 91.57162656386693,
    "avg_tpot_ms": 7.744949007910381,
    "avg_e2e_ms": 1075.1801505684853,
    "p50_ttft_ms": 115.75430259108543,
    "p50_tpot_ms": 7.789447551637184,
    "p50_e2e_ms": 1084.2971876263618,
    "p99_ttft_ms": 128.33283230662346,
    "p99_tpot_ms": 7.818484942861429,
    "p99_e2e_ms": 1120.866080969572
  },
  "turn2": {
    "count": 3,
    "avg_ttft_ms": 59.21270201603571,
    "avg_tpot_ms": 7.904340803780884,
    "avg_e2e_ms": 557.1861726542314,
    "p50_ttft_ms": 35.34701466560364,
    "p50_tpot_ms": 7.88399429311828,
    "p50_e2e_ms": 542.5415895879269,
    "p99_ttft_ms": 106.10105812549591,
    "p99_tpot_ms": 8.056721252108376,
    "p99_e2e_ms": 603.002757281065
  },
  "average": {
    "count": 6,
    "avg_ttft_ms": 75.39216428995132,
    "avg_tpot_ms": 7.8246449058456315,
    "avg_e2e_ms": 816.1831616113583,
    "p50_ttft_ms": 71.4460164308548,
    "p50_tpot_ms": 7.804262547159758,
    "p50_e2e_ms": 811.9337689131498,
    "p99_ttft_ms": 127.94777527451515,
    "p99_tpot_ms": 8.051433692139293,
    "p99_e2e_ms": 1119.7466250509024
  },
  "throughput": {
    "requests_per_sec": 0.5454649927848669,
    "tokens_per_sec": 52.36463930734722
  },
  "success_rate": 100.0,
  "total_requests": 6,
  "failed_requests": 0,
  "duration_sec": 10.99978931620717,
  "timestamp": "2026-01-18T19:53:28.728722",
  "error": null
}