{
  "config": "1R_1P_2pD",
  "workload": "small_long_gen",
  "qps": 20,
  "turn1": {
    "count": 200,
    "avg_ttft_ms": 6826.4134371466935,
    "avg_tpot_ms": 10.35755222355287,
    "avg_e2e_ms": 8141.822569537908,
    "p50_ttft_ms": 6936.822280287743,
    "p50_tpot_ms": 9.613126413676682,
    "p50_e2e_ms": 8306.709568947554,
    "p99_ttft_ms": 15307.498214766381,
    "p99_tpot_ms": 13.828346877996847,
    "p99_e2e_ms": 16514.28290057927
  },
  "turn2": {
    "count": 200,
    "avg_ttft_ms": 56.71970799565315,
    "avg_tpot_ms": 10.309686764323839,
    "avg_e2e_ms": 5324.969644565135,
    "p50_ttft_ms": 45.3223530203104,
    "p50_tpot_ms": 9.538658732391617,
    "p50_e2e_ms": 4944.223426282406,
    "p99_ttft_ms": 145.00289522111402,
    "p99_tpot_ms": 12.864993024989234,
    "p99_e2e_ms": 6620.433210320771
  },
  "average": {
    "count": 400,
    "avg_ttft_ms": 3441.5665725711733,
    "avg_tpot_ms": 10.333619493938354,
    "avg_e2e_ms": 6733.3961070515215,
    "p50_ttft_ms": 101.55114158987999,
    "p50_tpot_ms": 9.572517309627568,
    "p50_e2e_ms": 5314.44376707077,
    "p99_ttft_ms": 15175.145824737847,
    "p99_tpot_ms": 13.79741519601561,
    "p99_e2e_ms": 16390.770973078907
  },
  "throughput": {
    "requests_per_sec": 12.572317535395072,
    "tokens_per_sec": 4023.141611326423
  },
  "success_rate": 100.0,
  "total_requests": 400,
  "failed_requests": 0,
  "duration_sec": 31.815932016819715,
  "timestamp": "2026-01-18T19:43:50.327196",
  "error": null
}