{
  "config": "1R_1P_2pD",
  "workload": "small_huge_paste",
  "qps": 6,
  "turn1": {
    "count": 53,
    "avg_ttft_ms": 86.14631735210149,
    "avg_tpot_ms": 9.544304906746339,
    "avg_e2e_ms": 1298.2730405088867,
    "p50_ttft_ms": 90.09571745991707,
    "p50_tpot_ms": 8.843193549340166,
    "p50_e2e_ms": 1225.8262261748314,
    "p99_ttft_ms": 171.90175801515576,
    "p99_tpot_ms": 15.574164442190035,
    "p99_e2e_ms": 2024.0762457251549
  },
  "turn2": {
    "count": 53,
    "avg_ttft_ms": 112.99381095845744,
    "avg_tpot_ms": 10.293102156023972,
    "avg_e2e_ms": 432.07997779520053,
    "p50_ttft_ms": 90.96336364746094,
    "p50_tpot_ms": 9.325757622718811,
    "p50_e2e_ms": 395.9495425224304,
    "p99_ttft_ms": 403.69552716612816,
    "p99_tpot_ms": 20.118731539095577,
    "p99_e2e_ms": 897.1553814411163
  },
  "average": {
    "count": 106,
    "avg_ttft_ms": 99.57006415527947,
    "avg_tpot_ms": 9.918703531385155,
    "avg_e2e_ms": 865.1765091520435,
    "p50_ttft_ms": 90.20625427365303,
    "p50_tpot_ms": 9.049612295439863,
    "p50_e2e_ms": 1001.2786705046892,
    "p99_ttft_ms": 398.70901815593265,
    "p99_tpot_ms": 16.22823075421395,
    "p99_e2e_ms": 1997.5476017221818
  },
  "throughput": {
    "requests_per_sec": 8.90672828628417,
    "tokens_per_sec": 712.5382629027337
  },
  "success_rate": 100.0,
  "total_requests": 106,
  "failed_requests": 0,
  "duration_sec": 11.901115268468857,
  "timestamp": "2026-01-18T19:58:07.435199",
  "error": null
}