{
  "config": "1R_1P_2pD",
  "workload": "large_short_gen",
  "qps": 0.5,
  "turn1": {
    "count": 5,
    "avg_ttft_ms": 131.60450980067253,
    "avg_tpot_ms": 8.542669750932141,
    "avg_e2e_ms": 8870.755665004253,
    "p50_ttft_ms": 131.1170607805252,
    "p50_tpot_ms": 8.358448532611161,
    "p50_e2e_ms": 8705.436300486326,
    "p99_ttft_ms": 191.09430387616158,
    "p99_tpot_ms": 9.406449050730858,
    "p99_e2e_ms": 9682.476516366005
  },
  "turn2": {
    "count": 5,
    "avg_ttft_ms": 82.56072476506233,
    "avg_tpot_ms": 8.439110847664814,
    "avg_e2e_ms": 2234.53399091959,
    "p50_ttft_ms": 59.41488966345787,
    "p50_tpot_ms": 8.055127499734654,
    "p50_e2e_ms": 2170.2709197998047,
    "p99_ttft_ms": 132.93544322252274,
    "p99_tpot_ms": 9.840567896763483,
    "p99_e2e_ms": 2559.140316694975
  },
  "average": {
    "count": 10,
    "avg_ttft_ms": 107.08261728286743,
    "avg_tpot_ms": 8.490890299298478,
    "avg_e2e_ms": 5552.644827961922,
    "p50_ttft_ms": 120.61042711138725,
    "p50_tpot_ms": 8.349621551928866,
    "p50_e2e_ms": 5539.721347391605,
    "p99_ttft_ms": 189.20103032141924,
    "p99_tpot_ms": 9.859307742284718,
    "p99_e2e_ms": 9634.338566027582
  },
  "throughput": {
    "requests_per_sec": 0.6456498695312762,
    "tokens_per_sec": 413.21591650001676
  },
  "success_rate": 100.0,
  "total_requests": 10,
  "failed_requests": 0,
  "duration_sec": 15.4882707670331,
  "timestamp": "2026-01-18T20:04:57.785763",
  "error": null
}