{
  "config": "1R_1P_2pD",
  "workload": "small_very_long_gen",
  "qps": 10,
  "turn1": {
    "count": 86,
    "avg_ttft_ms": 2479.790007349017,
    "avg_tpot_ms": 10.013020147000384,
    "avg_e2e_ms": 3751.4435660180657,
    "p50_ttft_ms": 103.05799916386604,
    "p50_tpot_ms": 9.403912115871437,
    "p50_e2e_ms": 1470.0362961739302,
    "p99_ttft_ms": 7240.855693630875,
    "p99_tpot_ms": 15.705860180296298,
    "p99_e2e_ms": 8897.137636691332
  },
  "turn2": {
    "count": 86,
    "avg_ttft_ms": 52.07304734476777,
    "avg_tpot_ms": 10.478831183935709,
    "avg_e2e_ms": 10771.917348510997,
    "p50_ttft_ms": 44.36110891401768,
    "p50_tpot_ms": 9.66696509998565,
    "p50_e2e_ms": 9942.432209849358,
    "p99_ttft_ms": 109.1335559263826,
    "p99_tpot_ms": 13.0463316180868,
    "p99_e2e_ms": 13401.98831576854
  },
  "average": {
    "count": 172,
    "avg_ttft_ms": 1265.9315273468924,
    "avg_tpot_ms": 10.245925665468047,
    "avg_e2e_ms": 7261.6804572645315,
    "p50_ttft_ms": 77.29943841695786,
    "p50_tpot_ms": 9.47373436661217,
    "p50_e2e_ms": 8840.228598564863,
    "p99_ttft_ms": 7192.508219256997,
    "p99_tpot_ms": 15.567638405019371,
    "p99_e2e_ms": 13368.924486674368
  },
  "throughput": {
    "requests_per_sec": 5.655459903965291,
    "tokens_per_sec": 3257.544904684007
  },
  "success_rate": 100.0,
  "total_requests": 172,
  "failed_requests": 0,
  "duration_sec": 30.41308804601431,
  "timestamp": "2026-01-18T19:46:41.257516",
  "error": null
}