{
  "config": "1R_1P_2pD",
  "workload": "small_tiny",
  "qps": 2,
  "turn1": {
    "count": 20,
    "avg_ttft_ms": 66.8901402503252,
    "avg_tpot_ms": 8.19439008157319,
    "avg_e2e_ms": 1107.5776806101203,
    "p50_ttft_ms": 63.5953713208437,
    "p50_tpot_ms": 8.149934961922526,
    "p50_e2e_ms": 1107.2113271802664,
    "p99_ttft_ms": 133.05502261966464,
    "p99_tpot_ms": 8.695277295948014,
    "p99_e2e_ms": 1191.2393622100353
  },
  "turn2": {
    "count": 20,
    "avg_ttft_ms": 42.123984545469284,
    "avg_tpot_ms": 8.170685178089526,
    "avg_e2e_ms": 295.4152250662446,
    "p50_ttft_ms": 31.341195106506348,
    "p50_tpot_ms": 8.117921289897733,
    "p50_e2e_ms": 288.2543206214905,
    "p99_ttft_ms": 95.9323975816369,
    "p99_tpot_ms": 8.765622121432134,
    "p99_e2e_ms": 349.5639330893755
  },
  "average": {
    "count": 40,
    "avg_ttft_ms": 54.50706239789724,
    "avg_tpot_ms": 8.182537629831359,
    "avg_e2e_ms": 701.4964528381824,
    "p50_ttft_ms": 33.46899710595608,
    "p50_tpot_ms": 8.12564504299486,
    "p50_e2e_ms": 701.4421354979277,
    "p99_ttft_ms": 128.5637329146266,
    "p99_tpot_ms": 8.757574396661644,
    "p99_e2e_ms": 1184.319531172514
  },
  "throughput": {
    "requests_per_sec": 4.653414248708209,
    "tokens_per_sec": 372.2731398966567
  },
  "success_rate": 100.0,
  "total_requests": 40,
  "failed_requests": 0,
  "duration_sec": 8.595839068293571,
  "timestamp": "2026-01-18T19:36:59.049211",
  "error": null
}