{
  "config": "1R_1P_2pD",
  "workload": "small_very_long_gen",
  "qps": 0.5,
  "turn1": {
    "count": 5,
    "avg_ttft_ms": 76.80105417966843,
    "avg_tpot_ms": 8.086160294652924,
    "avg_e2e_ms": 1103.7434116005898,
    "p50_ttft_ms": 89.72031250596046,
    "p50_tpot_ms": 8.100869940725838,
    "p50_e2e_ms": 1118.2098612189293,
    "p99_ttft_ms": 136.6915364563465,
    "p99_tpot_ms": 8.212682824200533,
    "p99_e2e_ms": 1136.9989423453808
  },
  "turn2": {
    "count": 5,
    "avg_ttft_ms": 44.03913542628288,
    "avg_tpot_ms": 8.28775435555016,
    "avg_e2e_ms": 8522.411841154099,
    "p50_ttft_ms": 32.14336559176445,
    "p50_tpot_ms": 8.020953440042767,
    "p50_e2e_ms": 8306.558672338724,
    "p99_ttft_ms": 98.43322813510895,
    "p99_tpot_ms": 9.501938597168975,
    "p99_e2e_ms": 9746.596730053425
  },
  "average": {
    "count": 10,
    "avg_ttft_ms": 60.420094802975655,
    "avg_tpot_ms": 8.186957325101542,
    "avg_e2e_ms": 4813.077626377344,
    "p50_ttft_ms": 33.00739638507366,
    "p50_tpot_ms": 8.071360801617931,
    "p50_e2e_ms": 4549.034537747502,
    "p99_ttft_ms": 134.99935884028673,
    "p99_tpot_ms": 9.438481789243921,
    "p99_e2e_ms": 9673.0409880355
  },
  "throughput": {
    "requests_per_sec": 0.5324272935081905,
    "tokens_per_sec": 306.67812106071773
  },
  "success_rate": 100.0,
  "total_requests": 10,
  "failed_requests": 0,
  "duration_sec": 18.78190716728568,
  "timestamp": "2026-01-18T19:44:14.163159",
  "error": null
}