{
  "config": "1R_1P_2pD",
  "workload": "large_short_gen",
  "qps": 16,
  "turn1": {
    "count": 139,
    "avg_ttft_ms": 13311.613727896976,
    "avg_tpot_ms": 13.841082898907732,
    "avg_e2e_ms": 27471.041533479587,
    "p50_ttft_ms": 11168.029084801674,
    "p50_tpot_ms": 10.429414395217439,
    "p50_e2e_ms": 30065.548568964005,
    "p99_ttft_ms": 32539.63108085096,
    "p99_tpot_ms": 21.54705602570072,
    "p99_e2e_ms": 48126.62365064025
  },
  "turn2": {
    "count": 139,
    "avg_ttft_ms": 120.99496007180042,
    "avg_tpot_ms": 13.665134834837955,
    "avg_e2e_ms": 3605.6043429554793,
    "p50_ttft_ms": 76.75628736615181,
    "p50_tpot_ms": 10.434752103744769,
    "p50_e2e_ms": 2774.55523237586,
    "p99_ttft_ms": 382.39869356155396,
    "p99_tpot_ms": 24.475494434728343,
    "p99_e2e_ms": 6478.271380290389
  },
  "average": {
    "count": 278,
    "avg_ttft_ms": 6716.304343984389,
    "avg_tpot_ms": 13.753108866872845,
    "avg_e2e_ms": 15538.322938217534,
    "p50_ttft_ms": 158.48042629659176,
    "p50_tpot_ms": 10.432083249481103,
    "p50_e2e_ms": 7999.752381816506,
    "p99_ttft_ms": 32385.74836496264,
    "p99_tpot_ms": 24.355430024657768,
    "p99_e2e_ms": 48119.803445637226
  },
  "throughput": {
    "requests_per_sec": 4.552377521951808,
    "tokens_per_sec": 2913.521614049157
  },
  "success_rate": 100.0,
  "total_requests": 278,
  "failed_requests": 0,
  "duration_sec": 61.06699162349105,
  "timestamp": "2026-01-18T20:09:51.363787",
  "error": null
}