{
  "config": "1R_1P_2pD",
  "workload": "large_small_bal",
  "qps": 2,
  "turn1": {
    "count": 20,
    "avg_ttft_ms": 125.56999959051609,
    "avg_tpot_ms": 9.137761362537898,
    "avg_e2e_ms": 9473.49987346679,
    "p50_ttft_ms": 127.96833924949169,
    "p50_tpot_ms": 8.866687348059662,
    "p50_e2e_ms": 9196.279810741544,
    "p99_ttft_ms": 166.7413308098912,
    "p99_tpot_ms": 11.026832740371526,
    "p99_e2e_ms": 11405.653245523572
  },
  "turn2": {
    "count": 20,
    "avg_ttft_ms": 71.12159095704556,
    "avg_tpot_ms": 8.964408144709612,
    "avg_e2e_ms": 635.879304073751,
    "p50_ttft_ms": 59.93842892348766,
    "p50_tpot_ms": 8.685850700925268,
    "p50_e2e_ms": 604.5213509351015,
    "p99_ttft_ms": 207.06267371773708,
    "p99_tpot_ms": 11.439777315254247,
    "p99_e2e_ms": 895.248920880258
  },
  "average": {
    "count": 40,
    "avg_ttft_ms": 98.34579527378082,
    "avg_tpot_ms": 9.051084753623755,
    "avg_e2e_ms": 5054.68958877027,
    "p50_ttft_ms": 109.44517515599728,
    "p50_tpot_ms": 8.86312068484629,
    "p50_e2e_ms": 4461.97571977973,
    "p99_ttft_ms": 205.40397923439738,
    "p99_tpot_ms": 11.378943447478127,
    "p99_e2e_ms": 11390.097197666764
  },
  "throughput": {
    "requests_per_sec": 2.0819908293285945,
    "tokens_per_sec": 1132.6030111547554
  },
  "success_rate": 100.0,
  "total_requests": 40,
  "failed_requests": 0,
  "duration_sec": 19.2123804949224,
  "timestamp": "2026-01-18T20:29:58.003020",
  "error": null
}