{
  "config": "1R_1P_2pD",
  "workload": "large_tiny",
  "qps": 2,
  "turn1": {
    "count": 20,
    "avg_ttft_ms": 128.6912741139531,
    "avg_tpot_ms": 9.191958988604307,
    "avg_e2e_ms": 9532.06531945616,
    "p50_ttft_ms": 132.65239261090755,
    "p50_tpot_ms": 8.515736867445188,
    "p50_e2e_ms": 8853.000348433852,
    "p99_ttft_ms": 174.64961834251878,
    "p99_tpot_ms": 11.04786151752444,
    "p99_e2e_ms": 11399.705416820943
  },
  "turn2": {
    "count": 20,
    "avg_ttft_ms": 71.43696788698435,
    "avg_tpot_ms": 9.033166839470784,
    "avg_e2e_ms": 351.4651399105787,
    "p50_ttft_ms": 64.17489238083363,
    "p50_tpot_ms": 8.459518393201213,
    "p50_e2e_ms": 328.4144401550293,
    "p99_ttft_ms": 136.54864348471162,
    "p99_tpot_ms": 13.582402964032461,
    "p99_e2e_ms": 533.3583978191017
  },
  "average": {
    "count": 40,
    "avg_ttft_ms": 100.06412100046873,
    "avg_tpot_ms": 9.112562914037548,
    "avg_e2e_ms": 4941.765229683369,
    "p50_ttft_ms": 102.59406827390194,
    "p50_tpot_ms": 8.481036043222465,
    "p50_e2e_ms": 4550.329748541117,
    "p99_ttft_ms": 170.3163055330515,
    "p99_tpot_ms": 12.975894739616475,
    "p99_e2e_ms": 11370.121289901435
  },
  "throughput": {
    "requests_per_sec": 2.1195820104834917,
    "tokens_per_sec": 1119.1393015352835
  },
  "success_rate": 100.0,
  "total_requests": 40,
  "failed_requests": 0,
  "duration_sec": 18.871645353734493,
  "timestamp": "2026-01-18T20:00:06.800230",
  "error": null
}