{
  "config": "1R_1P_2pD",
  "workload": "large_very_long_gen",
  "qps": 16,
  "turn1": {
    "count": 151,
    "avg_ttft_ms": 26040.698669160043,
    "avg_tpot_ms": 13.577532099736038,
    "avg_e2e_ms": 39930.51400719001,
    "p50_ttft_ms": 21441.013488918543,
    "p50_tpot_ms": 10.361145901423628,
    "p50_e2e_ms": 42814.44192677736,
    "p99_ttft_ms": 59032.626409083605,
    "p99_tpot_ms": 21.953114476837836,
    "p99_e2e_ms": 78877.46777012944
  },
  "turn2": {
    "count": 151,
    "avg_ttft_ms": 821.9760569515607,
    "avg_tpot_ms": 14.08797153639355,
    "avg_e2e_ms": 15233.970938682161,
    "p50_ttft_ms": 106.14703223109245,
    "p50_tpot_ms": 11.434239882498776,
    "p50_e2e_ms": 11762.995190918446,
    "p99_ttft_ms": 24557.594623416662,
    "p99_tpot_ms": 22.02305285112599,
    "p99_e2e_ms": 46047.471011057496
  },
  "average": {
    "count": 302,
    "avg_ttft_ms": 13431.337363055802,
    "avg_tpot_ms": 13.832751818064793,
    "avg_e2e_ms": 27582.242472936086,
    "p50_ttft_ms": 251.77395716309547,
    "p50_tpot_ms": 10.567907151107914,
    "p50_e2e_ms": 19663.781441748142,
    "p99_ttft_ms": 57692.23733775318,
    "p99_tpot_ms": 22.02308788724455,
    "p99_e2e_ms": 78795.05734559149
  },
  "throughput": {
    "requests_per_sec": 2.896384778484578,
    "tokens_per_sec": 2965.898013168208
  },
  "success_rate": 100.0,
  "total_requests": 302,
  "failed_requests": 0,
  "duration_sec": 104.2679143473506,
  "timestamp": "2026-01-18T20:26:50.422035",
  "error": null
}