{
  "config": "1R_1P_2pD",
  "workload": "large_mid_paste",
  "qps": 20,
  "turn1": {
    "count": 192,
    "avg_ttft_ms": 17750.28145359829,
    "avg_tpot_ms": 13.386098991924124,
    "avg_e2e_ms": 31444.26072233667,
    "p50_ttft_ms": 18067.911189049482,
    "p50_tpot_ms": 10.016832955888056,
    "p50_e2e_ms": 31816.850394010544,
    "p99_ttft_ms": 39436.986733675,
    "p99_tpot_ms": 22.57749114130949,
    "p99_e2e_ms": 56670.76369743794
  },
  "turn2": {
    "count": 192,
    "avg_ttft_ms": 183.4319205954671,
    "avg_tpot_ms": 17.050224695436004,
    "avg_e2e_ms": 1257.5960764079355,
    "p50_ttft_ms": 104.86238822340965,
    "p50_tpot_ms": 10.859664026943465,
    "p50_e2e_ms": 780.0090052187443,
    "p99_ttft_ms": 750.904414318502,
    "p99_tpot_ms": 57.27128926132407,
    "p99_e2e_ms": 4061.5605734288692
  },
  "average": {
    "count": 384,
    "avg_ttft_ms": 8966.856687096879,
    "avg_tpot_ms": 15.218161843680065,
    "avg_e2e_ms": 16350.928399372302,
    "p50_ttft_ms": 240.3260264545679,
    "p50_tpot_ms": 10.598098697142634,
    "p50_e2e_ms": 7013.339946046472,
    "p99_ttft_ms": 39094.653768092394,
    "p99_tpot_ms": 51.6223450803331,
    "p99_e2e_ms": 56594.80561994016
  },
  "throughput": {
    "requests_per_sec": 5.678654830494651,
    "tokens_per_sec": 3089.18822778909
  },
  "success_rate": 100.0,
  "total_requests": 384,
  "failed_requests": 0,
  "duration_sec": 67.62164834141731,
  "timestamp": "2026-01-18T20:46:27.669813",
  "error": null
}