{
  "config": "2R_1P_1pD",
  "workload": "large_mid_paste",
  "qps": 0.5,
  "turn1": {
    "count": 3,
    "avg_ttft_ms": 98.52924818793933,
    "avg_tpot_ms": 7.970411439707552,
    "avg_e2e_ms": 8252.260151008764,
    "p50_ttft_ms": 115.71979522705078,
    "p50_tpot_ms": 8.013098783798348,
    "p50_e2e_ms": 8317.261382937431,
    "p99_ttft_ms": 119.77849647402763,
    "p99_tpot_ms": 8.063067677826824,
    "p99_e2e_ms": 8364.320860281587
  },
  "turn2": {
    "count": 3,
    "avg_ttft_ms": 67.51511121789615,
    "avg_tpot_ms": 7.990217240399154,
    "avg_e2e_ms": 570.8987973630428,
    "p50_ttft_ms": 64.64037671685219,
    "p50_tpot_ms": 7.877830948148455,
    "p50_e2e_ms": 560.2848455309868,
    "p99_ttft_ms": 73.84671695530415,
    "p99_tpot_ms": 8.2184959061089,
    "p99_e2e_ms": 591.5987814217806
  },
  "average": {
    "count": 6,
    "avg_ttft_ms": 83.02217970291774,
    "avg_tpot_ms": 7.980314340053353,
    "avg_e2e_ms": 4411.579474185904,
    "p50_ttft_ms": 69.33748908340931,
    "p50_tpot_ms": 7.945464865973402,
    "p50_e2e_ms": 4333.237826824188,
    "p99_ttft_ms": 119.65425051748753,
    "p99_tpot_ms": 8.217380212138957,
    "p99_e2e_ms": 8362.880264036357
  },
  "throughput": {
    "requests_per_sec": 0.35802498580600317,
    "tokens_per_sec": 194.76559227846573
  },
  "success_rate": 100.0,
  "total_requests": 6,
  "failed_requests": 0,
  "duration_sec": 16.758606906980276,
  "timestamp": "2026-01-19T02:45:33.071941",
  "error": null
}