{
  "config": "2R_1P_1pD",
  "workload": "small_very_long_gen",
  "qps": 0.5,
  "turn1": {
    "count": 3,
    "avg_ttft_ms": 52.73943766951561,
    "avg_tpot_ms": 7.908102858254291,
    "avg_e2e_ms": 1057.0685006678104,
    "p50_ttft_ms": 31.38168528676033,
    "p50_tpot_ms": 7.901201625977914,
    "p50_e2e_ms": 1047.4933721125126,
    "p99_ttft_ms": 96.08491852879524,
    "p99_tpot_ms": 7.998885867867884,
    "p99_e2e_ms": 1089.9615900218487
  },
  "turn2": {
    "count": 3,
    "avg_ttft_ms": 31.731655200322468,
    "avg_tpot_ms": 7.915864093183655,
    "avg_e2e_ms": 8129.660622527202,
    "p50_ttft_ms": 31.895440071821213,
    "p50_tpot_ms": 7.967677852275434,
    "p50_e2e_ms": 8182.829882949591,
    "p99_ttft_ms": 33.656030893325806,
    "p99_tpot_ms": 7.999666875350276,
    "p99_e2e_ms": 8217.31524437666
  },
  "average": {
    "count": 6,
    "avg_ttft_ms": 42.23554643491904,
    "avg_tpot_ms": 7.911983475718973,
    "avg_e2e_ms": 4593.3645615975065,
    "p50_ttft_ms": 31.63856267929077,
    "p50_tpot_ms": 7.934439739126674,
    "p50_e2e_ms": 4539.480622857809,
    "p99_ttft_ms": 94.21972110867502,
    "p99_tpot_ms": 8.000851438261375,
    "p99_e2e_ms": 8216.25957004726
  },
  "throughput": {
    "requests_per_sec": 0.39347207837219345,
    "tokens_per_sec": 226.63991714238344
  },
  "success_rate": 100.0,
  "total_requests": 6,
  "failed_requests": 0,
  "duration_sec": 15.248858381062746,
  "timestamp": "2026-01-19T01:48:43.131440",
  "error": null
}