{
  "config": "2R_1P_1pD",
  "workload": "small_tiny",
  "qps": 2,
  "turn1": {
    "count": 20,
    "avg_ttft_ms": 48.604792542755604,
    "avg_tpot_ms": 7.906583915134581,
    "avg_e2e_ms": 1052.7409497648478,
    "p50_ttft_ms": 33.571599051356316,
    "p50_tpot_ms": 7.888709510287901,
    "p50_e2e_ms": 1051.0409232228994,
    "p99_ttft_ms": 101.57902650535107,
    "p99_tpot_ms": 8.319477561831944,
    "p99_e2e_ms": 1108.1722151115537
  },
  "turn2": {
    "count": 20,
    "avg_ttft_ms": 28.049863502383232,
    "avg_tpot_ms": 8.104262014310207,
    "avg_e2e_ms": 279.2819859459996,
    "p50_ttft_ms": 26.797177270054817,
    "p50_tpot_ms": 8.051462351314484,
    "p50_e2e_ms": 279.2233470827341,
    "p99_ttft_ms": 34.49281070381403,
    "p99_tpot_ms": 8.79365059757425,
    "p99_e2e_ms": 299.02383267879486
  },
  "average": {
    "count": 40,
    "avg_ttft_ms": 38.32732802256942,
    "avg_tpot_ms": 8.005422964722396,
    "avg_e2e_ms": 666.0114678554237,
    "p50_ttft_ms": 28.775732964277267,
    "p50_tpot_ms": 7.980892919183747,
    "p50_e2e_ms": 653.5084825009108,
    "p99_ttft_ms": 101.1151310056448,
    "p99_tpot_ms": 8.767638818150566,
    "p99_e2e_ms": 1106.66953060776
  },
  "throughput": {
    "requests_per_sec": 3.6489895623222326,
    "tokens_per_sec": 291.9191649857786
  },
  "success_rate": 100.0,
  "total_requests": 40,
  "failed_requests": 0,
  "duration_sec": 10.961938727647066,
  "timestamp": "2026-01-19T01:41:28.716315",
  "error": null
}