{
  "config": "2R_1P_1pD",
  "workload": "small_short_gen",
  "qps": 8,
  "turn1": {
    "count": 80,
    "avg_ttft_ms": 64.33915123343468,
    "avg_tpot_ms": 9.850611675926668,
    "avg_e2e_ms": 1315.3668340761214,
    "p50_ttft_ms": 48.56282100081444,
    "p50_tpot_ms": 9.072352376744503,
    "p50_e2e_ms": 1247.4601045250893,
    "p99_ttft_ms": 140.65151456743476,
    "p99_tpot_ms": 12.581695172730393,
    "p99_e2e_ms": 1637.4927273020148
  },
  "turn2": {
    "count": 80,
    "avg_ttft_ms": 45.13849122449756,
    "avg_tpot_ms": 9.905646524629464,
    "avg_e2e_ms": 2571.078355005011,
    "p50_ttft_ms": 41.09703749418259,
    "p50_tpot_ms": 9.125261761102022,
    "p50_e2e_ms": 2370.7141671329737,
    "p99_ttft_ms": 102.6186572015285,
    "p99_tpot_ms": 12.232895680356258,
    "p99_e2e_ms": 3161.5327202156186
  },
  "average": {
    "count": 160,
    "avg_ttft_ms": 54.73882122896612,
    "avg_tpot_ms": 9.878129100278064,
    "avg_e2e_ms": 1943.2225945405662,
    "p50_ttft_ms": 43.43025013804436,
    "p50_tpot_ms": 9.110352484158792,
    "p50_e2e_ms": 1867.8279351443052,
    "p99_ttft_ms": 138.0015528574586,
    "p99_tpot_ms": 12.507423050114959,
    "p99_e2e_ms": 3154.5711324736476
  },
  "throughput": {
    "requests_per_sec": 12.054068360270984,
    "tokens_per_sec": 2314.381125172029
  },
  "success_rate": 100.0,
  "total_requests": 160,
  "failed_requests": 0,
  "duration_sec": 13.273526847362518,
  "timestamp": "2026-01-19T01:44:05.998990",
  "error": null
}