{
  "config": "2R_1P_1pD",
  "workload": "small_long_gen",
  "qps": 4,
  "turn1": {
    "count": 40,
    "avg_ttft_ms": 52.37328074872494,
    "avg_tpot_ms": 8.553268795642328,
    "avg_e2e_ms": 1138.6384177953005,
    "p50_ttft_ms": 38.45752216875553,
    "p50_tpot_ms": 8.236912145154683,
    "p50_e2e_ms": 1111.8941865861416,
    "p99_ttft_ms": 102.35293235629797,
    "p99_tpot_ms": 10.933086186882079,
    "p99_e2e_ms": 1424.6155010163784
  },
  "turn2": {
    "count": 40,
    "avg_ttft_ms": 36.96828167885542,
    "avg_tpot_ms": 8.98691970680033,
    "avg_e2e_ms": 4629.284251853824,
    "p50_ttft_ms": 33.78521837294102,
    "p50_tpot_ms": 8.690736932705526,
    "p50_e2e_ms": 4470.114503055811,
    "p99_ttft_ms": 87.12159834802151,
    "p99_tpot_ms": 10.86213697105238,
    "p99_e2e_ms": 5585.130282565951
  },
  "average": {
    "count": 80,
    "avg_ttft_ms": 44.67078121379018,
    "avg_tpot_ms": 8.770094251221328,
    "avg_e2e_ms": 2883.961334824562,
    "p50_ttft_ms": 34.50031951069832,
    "p50_tpot_ms": 8.393609540919506,
    "p50_e2e_ms": 2719.635810703039,
    "p99_ttft_ms": 101.69536348432301,
    "p99_tpot_ms": 10.922139864268265,
    "p99_e2e_ms": 5582.938318774104
  },
  "throughput": {
    "requests_per_sec": 6.34789364514995,
    "tokens_per_sec": 2031.3259664479842
  },
  "success_rate": 100.0,
  "total_requests": 80,
  "failed_requests": 0,
  "duration_sec": 12.60260559991002,
  "timestamp": "2026-01-19T01:46:10.671936",
  "error": null
}