{
  "config": "2R_1P_1pD",
  "workload": "large_long_gen",
  "qps": 8,
  "turn1": {
    "count": 76,
    "avg_ttft_ms": 3873.181538607337,
    "avg_tpot_ms": 11.420325307575032,
    "avg_e2e_ms": 15556.174328256595,
    "p50_ttft_ms": 146.3276706635952,
    "p50_tpot_ms": 10.781969603802917,
    "p50_e2e_ms": 14042.256394401193,
    "p99_ttft_ms": 12221.593219786882,
    "p99_tpot_ms": 15.676190826280784,
    "p99_e2e_ms": 26793.748610652983
  },
  "turn2": {
    "count": 76,
    "avg_ttft_ms": 96.68614249676466,
    "avg_tpot_ms": 11.717544265996173,
    "avg_e2e_ms": 6084.351262420808,
    "p50_ttft_ms": 72.60575331747532,
    "p50_tpot_ms": 11.641154477624276,
    "p50_e2e_ms": 6018.023820593953,
    "p99_ttft_ms": 291.52589198201895,
    "p99_tpot_ms": 17.978688634552952,
    "p99_e2e_ms": 9328.879275359213
  },
  "average": {
    "count": 152,
    "avg_ttft_ms": 1984.933840552051,
    "avg_tpot_ms": 11.5689347867856,
    "avg_e2e_ms": 10820.262795338702,
    "p50_ttft_ms": 120.35269103944302,
    "p50_tpot_ms": 11.040855441260664,
    "p50_e2e_ms": 9368.146920576692,
    "p99_ttft_ms": 12099.486606679859,
    "p99_tpot_ms": 17.87819656089619,
    "p99_e2e_ms": 26705.64499106258
  },
  "throughput": {
    "requests_per_sec": 3.62826485950466,
    "tokens_per_sec": 2786.5074120995787
  },
  "success_rate": 100.0,
  "total_requests": 152,
  "failed_requests": 0,
  "duration_sec": 41.893303241580725,
  "timestamp": "2026-01-19T02:18:42.696821",
  "error": null
}