{
  "config": "2R_1P_1pD",
  "workload": "small_long_gen",
  "qps": 16,
  "turn1": {
    "count": 160,
    "avg_ttft_ms": 4611.72529051546,
    "avg_tpot_ms": 10.602313044341647,
    "avg_e2e_ms": 5958.219047146849,
    "p50_ttft_ms": 4032.4781350791454,
    "p50_tpot_ms": 9.230292277542624,
    "p50_e2e_ms": 5660.464722663164,
    "p99_ttft_ms": 10874.14594385773,
    "p99_tpot_ms": 14.932210717614241,
    "p99_e2e_ms": 12359.824556820095
  },
  "turn2": {
    "count": 160,
    "avg_ttft_ms": 48.843397200107574,
    "avg_tpot_ms": 10.725600958971302,
    "avg_e2e_ms": 5529.625487234443,
    "p50_ttft_ms": 43.92003454267979,
    "p50_tpot_ms": 9.390012545186714,
    "p50_e2e_ms": 4860.534662380815,
    "p99_ttft_ms": 117.75001898407926,
    "p99_tpot_ms": 14.426241118584826,
    "p99_e2e_ms": 7427.582130655646
  },
  "average": {
    "count": 320,
    "avg_ttft_ms": 2330.284343857784,
    "avg_tpot_ms": 10.663957001656476,
    "avg_e2e_ms": 5743.922267190646,
    "p50_ttft_ms": 56.75881542265415,
    "p50_tpot_ms": 9.237339050436464,
    "p50_e2e_ms": 5041.7615082114935,
    "p99_ttft_ms": 10750.665542334318,
    "p99_tpot_ms": 14.791986763066664,
    "p99_e2e_ms": 12261.390384733677
  },
  "throughput": {
    "requests_per_sec": 11.78270161570363,
    "tokens_per_sec": 3770.4645170251615
  },
  "success_rate": 100.0,
  "total_requests": 320,
  "failed_requests": 0,
  "duration_sec": 27.158457409590483,
  "timestamp": "2026-01-19T01:47:50.622512",
  "error": null
}