{
  "config": "2R_1P_1pD",
  "workload": "large_short_gen",
  "qps": 2,
  "turn1": {
    "count": 15,
    "avg_ttft_ms": 99.022526293993,
    "avg_tpot_ms": 9.833090937595951,
    "avg_e2e_ms": 10158.27455545465,
    "p50_ttft_ms": 108.53753983974457,
    "p50_tpot_ms": 11.046457941027564,
    "p50_e2e_ms": 11368.438936769962,
    "p99_ttft_ms": 151.52486145496368,
    "p99_tpot_ms": 11.814068652114095,
    "p99_e2e_ms": 12229.238615483046
  },
  "turn2": {
    "count": 15,
    "avg_ttft_ms": 86.70851017038028,
    "avg_tpot_ms": 9.836708002425487,
    "avg_e2e_ms": 2595.0690507888794,
    "p50_ttft_ms": 95.91222554445267,
    "p50_tpot_ms": 10.507099169726466,
    "p50_e2e_ms": 2789.22688215971,
    "p99_ttft_ms": 146.92548036575317,
    "p99_tpot_ms": 12.607672197561637,
    "p99_e2e_ms": 3303.7205646932125
  },
  "average": {
    "count": 30,
    "avg_ttft_ms": 92.86551823218663,
    "avg_tpot_ms": 9.83489947001072,
    "avg_e2e_ms": 6376.671803121765,
    "p50_ttft_ms": 98.45349192619324,
    "p50_tpot_ms": 10.577088090426782,
    "p50_e2e_ms": 5680.018149316311,
    "p99_ttft_ms": 151.34579718112946,
    "p99_tpot_ms": 12.5984059455348,
    "p99_e2e_ms": 12226.420173719525
  },
  "throughput": {
    "requests_per_sec": 1.3485445779686638,
    "tokens_per_sec": 863.0685298999448
  },
  "success_rate": 100.0,
  "total_requests": 30,
  "failed_requests": 0,
  "duration_sec": 22.246205642819405,
  "timestamp": "2026-01-19T02:10:11.279951",
  "error": null
}