{
  "config": "2R_1P_1pD",
  "workload": "large_mid_bal",
  "qps": 0.5,
  "turn1": {
    "count": 5,
    "avg_ttft_ms": 83.27098563313484,
    "avg_tpot_ms": 8.814157678846737,
    "avg_e2e_ms": 9100.15429109335,
    "p50_ttft_ms": 74.2236077785492,
    "p50_tpot_ms": 8.078359220384502,
    "p50_e2e_ms": 8338.385090231895,
    "p99_ttft_ms": 126.76977872848511,
    "p99_tpot_ms": 10.200875326335606,
    "p99_e2e_ms": 10526.832597106695
  },
  "turn2": {
    "count": 5,
    "avg_ttft_ms": 81.53600841760635,
    "avg_tpot_ms": 8.788747721769678,
    "avg_e2e_ms": 1197.7069690823555,
    "p50_ttft_ms": 67.75504723191261,
    "p50_tpot_ms": 8.138847515338988,
    "p50_e2e_ms": 1128.1467713415623,
    "p99_ttft_ms": 122.46192544698715,
    "p99_tpot_ms": 10.089363956779945,
    "p99_e2e_ms": 1391.2145592272282
  },
  "average": {
    "count": 10,
    "avg_ttft_ms": 82.4034970253706,
    "avg_tpot_ms": 8.801452700308207,
    "avg_e2e_ms": 5148.9306300878525,
    "p50_ttft_ms": 70.9893275052309,
    "p50_tpot_ms": 8.108603367861745,
    "p50_e2e_ms": 4783.0186523497105,
    "p99_ttft_ms": 127.71621648222208,
    "p99_tpot_ms": 10.204014590284181,
    "p99_e2e_ms": 10507.331933788955
  },
  "throughput": {
    "requests_per_sec": 0.646142753585886,
    "tokens_per_sec": 372.1782260654703
  },
  "success_rate": 100.0,
  "total_requests": 10,
  "failed_requests": 0,
  "duration_sec": 15.47645616158843,
  "timestamp": "2026-01-19T02:39:23.888155",
  "error": null
}