{
  "config": "2R_1P_1pD",
  "workload": "large_mid_bal",
  "qps": 4,
  "turn1": {
    "count": 34,
    "avg_ttft_ms": 123.91241683679469,
    "avg_tpot_ms": 10.836053022303062,
    "avg_e2e_ms": 11209.194658652825,
    "p50_ttft_ms": 137.50120252370834,
    "p50_tpot_ms": 9.528912643912019,
    "p50_e2e_ms": 9903.940685093403,
    "p99_ttft_ms": 172.91788317263126,
    "p99_tpot_ms": 14.496294126089367,
    "p99_e2e_ms": 14947.021056115627
  },
  "turn2": {
    "count": 34,
    "avg_ttft_ms": 117.61886604568538,
    "avg_tpot_ms": 11.578702926463198,
    "avg_e2e_ms": 1588.1141377065112,
    "p50_ttft_ms": 90.02824313938618,
    "p50_tpot_ms": 9.776826155936623,
    "p50_e2e_ms": 1378.2986756414175,
    "p99_ttft_ms": 304.939806982875,
    "p99_tpot_ms": 19.535166700113948,
    "p99_e2e_ms": 2663.7236124277115
  },
  "average": {
    "count": 68,
    "avg_ttft_ms": 120.76564144124004,
    "avg_tpot_ms": 11.207377974383128,
    "avg_e2e_ms": 6398.654398179668,
    "p50_ttft_ms": 130.294568836689,
    "p50_tpot_ms": 9.56950053141004,
    "p50_e2e_ms": 5639.655074104667,
    "p99_ttft_ms": 285.639322772622,
    "p99_tpot_ms": 19.434121814006424,
    "p99_e2e_ms": 14943.46873819828
  },
  "throughput": {
    "requests_per_sec": 2.6654847678123446,
    "tokens_per_sec": 1535.3192262599105
  },
  "success_rate": 100.0,
  "total_requests": 68,
  "failed_requests": 0,
  "duration_sec": 25.511306919157505,
  "timestamp": "2026-01-19T02:40:31.799066",
  "error": null
}