{
  "config": "2R_1P_1pD",
  "workload": "large_mid_bal",
  "qps": 6,
  "turn1": {
    "count": 60,
    "avg_ttft_ms": 749.7385835895935,
    "avg_tpot_ms": 11.074840526332313,
    "avg_e2e_ms": 12079.300442027548,
    "p50_ttft_ms": 125.5553662776947,
    "p50_tpot_ms": 10.009583054822329,
    "p50_e2e_ms": 10797.776844352484,
    "p99_ttft_ms": 4806.116359494626,
    "p99_tpot_ms": 15.422030839766808,
    "p99_e2e_ms": 16843.588090986006
  },
  "turn2": {
    "count": 59,
    "avg_ttft_ms": 97.95954432022774,
    "avg_tpot_ms": 11.159674455776532,
    "avg_e2e_ms": 1515.238200203847,
    "p50_ttft_ms": 74.18264076113701,
    "p50_tpot_ms": 10.508679322839722,
    "p50_e2e_ms": 1424.6352203190327,
    "p99_ttft_ms": 272.93499179184437,
    "p99_tpot_ms": 20.290716582630562,
    "p99_e2e_ms": 2761.147342771292
  },
  "average": {
    "count": 119,
    "avg_ttft_ms": 426.58763134679873,
    "avg_tpot_ms": 11.116901045972721,
    "avg_e2e_ms": 6841.656137257814,
    "p50_ttft_ms": 99.28710386157036,
    "p50_tpot_ms": 10.194810239348824,
    "p50_e2e_ms": 9155.010242015123,
    "p99_ttft_ms": 4675.601060390471,
    "p99_tpot_ms": 20.177419290650548,
    "p99_e2e_ms": 15953.051583766937
  },
  "throughput": {
    "requests_per_sec": 4.1563727874962595,
    "tokens_per_sec": 2409.718246680184
  },
  "success_rate": 99.16666666666667,
  "total_requests": 120,
  "failed_requests": 1,
  "duration_sec": 28.630733113735914,
  "timestamp": "2026-01-19T02:41:00.471215",
  "error": "Server disconnected"
}