{
  "config": "2R_1P_1pD",
  "workload": "small_short_gen",
  "qps": 1,
  "turn1": {
    "count": 10,
    "avg_ttft_ms": 53.21793779730797,
    "avg_tpot_ms": 7.9726998144247405,
    "avg_e2e_ms": 1065.75081422925,
    "p50_ttft_ms": 45.096442103385925,
    "p50_tpot_ms": 7.952109037891148,
    "p50_e2e_ms": 1045.2593266963959,
    "p99_ttft_ms": 95.85164602845907,
    "p99_tpot_ms": 8.547102680767145,
    "p99_e2e_ms": 1134.3030981346965
  },
  "turn2": {
    "count": 10,
    "avg_ttft_ms": 36.766792461276054,
    "avg_tpot_ms": 8.266764492088674,
    "avg_e2e_ms": 2144.7917379438877,
    "p50_ttft_ms": 29.123561456799507,
    "p50_tpot_ms": 7.986588440105027,
    "p50_e2e_ms": 2067.8309369832277,
    "p99_ttft_ms": 95.1820668205619,
    "p99_tpot_ms": 9.454935897068651,
    "p99_e2e_ms": 2450.619985461235
  },
  "average": {
    "count": 20,
    "avg_ttft_ms": 44.99236512929201,
    "avg_tpot_ms": 8.119732153256706,
    "avg_e2e_ms": 1605.2712760865688,
    "p50_ttft_ms": 31.845947727560997,
    "p50_tpot_ms": 7.977732174214673,
    "p50_e2e_ms": 1566.3861148059368,
    "p99_ttft_ms": 99.82601996511221,
    "p99_tpot_ms": 9.436849789438295,
    "p99_e2e_ms": 2444.618055522442
  },
  "throughput": {
    "requests_per_sec": 1.7474559137162646,
    "tokens_per_sec": 335.5115354335228
  },
  "success_rate": 100.0,
  "total_requests": 20,
  "failed_requests": 0,
  "duration_sec": 11.445210058242083,
  "timestamp": "2026-01-19T01:43:12.404435",
  "error": null
}