{
  "config": "2R_1P_1pD",
  "workload": "large_mid_paste",
  "qps": 6,
  "turn1": {
    "count": 54,
    "avg_ttft_ms": 262.2359710986967,
    "avg_tpot_ms": 12.793783563361877,
    "avg_e2e_ms": 13350.276556417897,
    "p50_ttft_ms": 120.0014092028141,
    "p50_tpot_ms": 9.838992201760483,
    "p50_e2e_ms": 10374.874135479331,
    "p99_ttft_ms": 2116.4833772554994,
    "p99_tpot_ms": 17.258499247383394,
    "p99_e2e_ms": 17883.502530306578
  },
  "turn2": {
    "count": 53,
    "avg_ttft_ms": 109.24084871163907,
    "avg_tpot_ms": 12.169406056743284,
    "avg_e2e_ms": 875.913430286466,
    "p50_ttft_ms": 76.99603214859962,
    "p50_tpot_ms": 10.165343741102824,
    "p50_e2e_ms": 724.255844950676,
    "p99_ttft_ms": 378.5911679267883,
    "p99_tpot_ms": 22.024700986960575,
    "p99_e2e_ms": 1597.408455461263
  },
  "average": {
    "count": 107,
    "avg_ttft_ms": 186.4533403836121,
    "avg_tpot_ms": 12.484512461952667,
    "avg_e2e_ms": 7171.386409829432,
    "p50_ttft_ms": 101.40374302864075,
    "p50_tpot_ms": 9.97889857916605,
    "p50_e2e_ms": 9079.56738770008,
    "p99_ttft_ms": 2064.178668633103,
    "p99_tpot_ms": 21.434080491936392,
    "p99_e2e_ms": 17863.193533346057
  },
  "throughput": {
    "requests_per_sec": 3.7382167206950307,
    "tokens_per_sec": 2050.359466393925
  },
  "success_rate": 99.07407407407408,
  "total_requests": 108,
  "failed_requests": 1,
  "duration_sec": 28.623273607343435,
  "timestamp": "2026-01-19T02:47:00.679527",
  "error": "Server disconnected"
}