{
  "config": "2R_1P_1pD",
  "workload": "large_huge_paste",
  "qps": 1,
  "turn1": {
    "count": 10,
    "avg_ttft_ms": 112.28562518954277,
    "avg_tpot_ms": 9.023670178864474,
    "avg_e2e_ms": 9343.500218167901,
    "p50_ttft_ms": 126.15101039409637,
    "p50_tpot_ms": 8.55871766099191,
    "p50_e2e_ms": 8905.651105567813,
    "p99_ttft_ms": 159.6173482015729,
    "p99_tpot_ms": 10.716277520670277,
    "p99_e2e_ms": 11086.077694557607
  },
  "turn2": {
    "count": 10,
    "avg_ttft_ms": 121.16739153862,
    "avg_tpot_ms": 9.08156405052831,
    "avg_e2e_ms": 402.69587710499763,
    "p50_ttft_ms": 94.45819072425365,
    "p50_tpot_ms": 8.716329631786191,
    "p50_e2e_ms": 363.3756749331951,
    "p99_ttft_ms": 241.5403176099062,
    "p99_tpot_ms": 10.957276044834044,
    "p99_e2e_ms": 560.4667113348842
  },
  "average": {
    "count": 20,
    "avg_ttft_ms": 116.72650836408138,
    "avg_tpot_ms": 9.052617114696393,
    "avg_e2e_ms": 4873.098047636449,
    "p50_ttft_ms": 99.5774045586586,
    "p50_tpot_ms": 8.592616972437934,
    "p50_e2e_ms": 4407.044157385826,
    "p99_ttft_ms": 240.60887210071087,
    "p99_tpot_ms": 10.940458835125376,
    "p99_e2e_ms": 11074.244492836297
  },
  "throughput": {
    "requests_per_sec": 1.1141283507991622,
    "tokens_per_sec": 588.2597692219576
  },
  "success_rate": 100.0,
  "total_requests": 20,
  "failed_requests": 0,
  "duration_sec": 17.951253090053797,
  "timestamp": "2026-01-19T02:57:44.442015",
  "error": null
}