{
  "config": "2R_1P_1pD",
  "workload": "small_tiny",
  "qps": 20,
  "turn1": {
    "count": 184,
    "avg_ttft_ms": 70.97541939710145,
    "avg_tpot_ms": 10.08915809343114,
    "avg_e2e_ms": 1352.2984972628562,
    "p50_ttft_ms": 56.86158500611782,
    "p50_tpot_ms": 9.181573371014258,
    "p50_e2e_ms": 1272.9965690523386,
    "p99_ttft_ms": 234.89630490541452,
    "p99_tpot_ms": 14.403692573074279,
    "p99_e2e_ms": 1879.2700943350792
  },
  "turn2": {
    "count": 184,
    "avg_ttft_ms": 46.83263211146645,
    "avg_tpot_ms": 10.11522713758647,
    "avg_e2e_ms": 360.40467337664705,
    "p50_ttft_ms": 40.40182940661907,
    "p50_tpot_ms": 9.320693991837963,
    "p50_e2e_ms": 339.1428831964731,
    "p99_ttft_ms": 133.87041650712484,
    "p99_tpot_ms": 15.963944443050892,
    "p99_e2e_ms": 540.1177480071783
  },
  "average": {
    "count": 368,
    "avg_ttft_ms": 58.90402575428395,
    "avg_tpot_ms": 10.102192615508804,
    "avg_e2e_ms": 856.3515853197516,
    "p50_ttft_ms": 43.640732765197754,
    "p50_tpot_ms": 9.243181055274022,
    "p50_e2e_ms": 814.5796526223421,
    "p99_ttft_ms": 198.88889778405394,
    "p99_tpot_ms": 15.115015741077158,
    "p99_e2e_ms": 1845.4624504223464
  },
  "throughput": {
    "requests_per_sec": 31.80920265732892,
    "tokens_per_sec": 2544.7362125863137
  },
  "success_rate": 100.0,
  "total_requests": 368,
  "failed_requests": 0,
  "duration_sec": 11.56897907704115,
  "timestamp": "2026-01-19T01:42:48.282734",
  "error": null
}