{
  "config": "2R_1P_1pD",
  "workload": "large_huge_paste",
  "qps": 20,
  "turn1": {
    "count": 190,
    "avg_ttft_ms": 17787.72558858128,
    "avg_tpot_ms": 13.422538493802815,
    "avg_e2e_ms": 31518.98246774156,
    "p50_ttft_ms": 18757.903553545475,
    "p50_tpot_ms": 10.543141071616379,
    "p50_e2e_ms": 30713.80541846156,
    "p99_ttft_ms": 40302.14976005256,
    "p99_tpot_ms": 24.087257008682766,
    "p99_e2e_ms": 56805.81932161003
  },
  "turn2": {
    "count": 190,
    "avg_ttft_ms": 213.74390674264808,
    "avg_tpot_ms": 17.83063085417695,
    "avg_e2e_ms": 766.4934632221335,
    "p50_ttft_ms": 133.71571153402328,
    "p50_tpot_ms": 11.581192093510783,
    "p50_e2e_ms": 499.34548139572144,
    "p99_ttft_ms": 831.6907132789476,
    "p99_tpot_ms": 73.2769579115894,
    "p99_e2e_ms": 2551.2045244499986
  },
  "average": {
    "count": 380,
    "avg_ttft_ms": 9000.734747661963,
    "avg_tpot_ms": 15.626584673989884,
    "avg_e2e_ms": 16142.737965481845,
    "p50_ttft_ms": 259.95909050107,
    "p50_tpot_ms": 10.75812412620698,
    "p50_e2e_ms": 6442.853467538953,
    "p99_ttft_ms": 40059.846371076994,
    "p99_tpot_ms": 60.118552870567626,
    "p99_e2e_ms": 56307.27478574961
  },
  "throughput": {
    "requests_per_sec": 5.679185329867239,
    "tokens_per_sec": 2998.609854169902
  },
  "success_rate": 100.0,
  "total_requests": 380,
  "failed_requests": 0,
  "duration_sec": 66.91100535169244,
  "timestamp": "2026-01-19T03:03:03.317635",
  "error": null
}