{
  "config": "2R_1P_1pD",
  "workload": "large_huge_paste",
  "qps": 2,
  "turn1": {
    "count": 20,
    "avg_ttft_ms": 102.10997071117163,
    "avg_tpot_ms": 9.808554119072701,
    "avg_e2e_ms": 10136.260834522545,
    "p50_ttft_ms": 87.38432452082634,
    "p50_tpot_ms": 9.351057786119416,
    "p50_e2e_ms": 9641.451690346003,
    "p99_ttft_ms": 180.85683051496738,
    "p99_tpot_ms": 11.988246909771497,
    "p99_e2e_ms": 12392.73007299751
  },
  "turn2": {
    "count": 20,
    "avg_ttft_ms": 132.98170920461416,
    "avg_tpot_ms": 10.023722256864271,
    "avg_e2e_ms": 443.71709916740656,
    "p50_ttft_ms": 98.4723586589098,
    "p50_tpot_ms": 9.62265646986423,
    "p50_e2e_ms": 407.79376961290836,
    "p99_ttft_ms": 359.2268729209898,
    "p99_tpot_ms": 13.97871539837891,
    "p99_e2e_ms": 726.3759126141666
  },
  "average": {
    "count": 40,
    "avg_ttft_ms": 117.5458399578929,
    "avg_tpot_ms": 9.916138187968487,
    "avg_e2e_ms": 5289.988966844976,
    "p50_ttft_ms": 97.42412343621254,
    "p50_tpot_ms": 9.364744923273257,
    "p50_e2e_ms": 4728.4165266901255,
    "p99_ttft_ms": 334.96865868568415,
    "p99_tpot_ms": 13.911769984950942,
    "p99_e2e_ms": 12373.551248125732
  },
  "throughput": {
    "requests_per_sec": 2.0703749255933883,
    "tokens_per_sec": 1093.157960713309
  },
  "success_rate": 100.0,
  "total_requests": 40,
  "failed_requests": 0,
  "duration_sec": 19.320172160863876,
  "timestamp": "2026-01-19T02:58:03.802765",
  "error": null
}