{
  "config": "2R_1P_1pD",
  "workload": "large_very_long_gen",
  "qps": 8,
  "turn1": {
    "count": 73,
    "avg_ttft_ms": 4890.341985970736,
    "avg_tpot_ms": 11.993697448353949,
    "avg_e2e_ms": 17159.894475636826,
    "p50_ttft_ms": 140.80753177404404,
    "p50_tpot_ms": 10.664064684775335,
    "p50_e2e_ms": 14949.332930147648,
    "p99_ttft_ms": 15951.294070333242,
    "p99_tpot_ms": 17.3290989462756,
    "p99_e2e_ms": 33119.45518180728
  },
  "turn2": {
    "count": 73,
    "avg_ttft_ms": 98.88165581920376,
    "avg_tpot_ms": 12.241057481212028,
    "avg_e2e_ms": 12621.483459099107,
    "p50_ttft_ms": 75.34850761294365,
    "p50_tpot_ms": 11.59434595517632,
    "p50_e2e_ms": 11935.93131378293,
    "p99_ttft_ms": 344.51373964548117,
    "p99_tpot_ms": 17.92318270746564,
    "p99_e2e_ms": 18614.973355084658
  },
  "average": {
    "count": 146,
    "avg_ttft_ms": 2494.6118208949697,
    "avg_tpot_ms": 12.117377464782988,
    "avg_e2e_ms": 14890.688967367965,
    "p50_ttft_ms": 95.39381600916386,
    "p50_tpot_ms": 11.111717986148706,
    "p50_e2e_ms": 11981.67598247528,
    "p99_ttft_ms": 15855.198151804509,
    "p99_tpot_ms": 17.87186720165427,
    "p99_e2e_ms": 32946.1115218699
  },
  "throughput": {
    "requests_per_sec": 2.6148156460438052,
    "tokens_per_sec": 2677.5712215488566
  },
  "success_rate": 100.0,
  "total_requests": 146,
  "failed_requests": 0,
  "duration_sec": 55.83567630127072,
  "timestamp": "2026-01-19T02:27:12.250773",
  "error": null
}