{
  "config": "2R_1P_1pD",
  "workload": "large_very_long_gen",
  "qps": 6,
  "turn1": {
    "count": 60,
    "avg_ttft_ms": 2789.717941234509,
    "avg_tpot_ms": 11.916007931684392,
    "avg_e2e_ms": 14979.794055347642,
    "p50_ttft_ms": 136.64554990828037,
    "p50_tpot_ms": 10.927527898946233,
    "p50_e2e_ms": 11534.299567341805,
    "p99_ttft_ms": 16670.29469847679,
    "p99_tpot_ms": 16.531700860137228,
    "p99_e2e_ms": 29026.11757986245
  },
  "turn2": {
    "count": 60,
    "avg_ttft_ms": 92.42139744261901,
    "avg_tpot_ms": 12.524049913491865,
    "avg_e2e_ms": 12904.524458944798,
    "p50_ttft_ms": 73.35667870938778,
    "p50_tpot_ms": 11.102866199330034,
    "p50_e2e_ms": 11447.759978473186,
    "p99_ttft_ms": 263.1175070255995,
    "p99_tpot_ms": 18.521177031005116,
    "p99_e2e_ms": 19044.869583174586
  },
  "average": {
    "count": 120,
    "avg_ttft_ms": 1441.0696693385642,
    "avg_tpot_ms": 12.220028922588126,
    "avg_e2e_ms": 13942.159257146219,
    "p50_ttft_ms": 83.75461027026176,
    "p50_tpot_ms": 10.972134643329902,
    "p50_e2e_ms": 11515.898091718554,
    "p99_ttft_ms": 16648.390231393278,
    "p99_tpot_ms": 18.505424488142847,
    "p99_e2e_ms": 26025.572780184448
  },
  "throughput": {
    "requests_per_sec": 2.3738861163064384,
    "tokens_per_sec": 2430.859383097793
  },
  "success_rate": 100.0,
  "total_requests": 120,
  "failed_requests": 0,
  "duration_sec": 50.550023935735226,
  "timestamp": "2026-01-19T02:26:16.372188",
  "error": null
}