{
  "config": "2R_1P_1pD",
  "workload": "small_tiny",
  "qps": 10,
  "turn1": {
    "count": 92,
    "avg_ttft_ms": 56.60107181124065,
    "avg_tpot_ms": 8.830163621486193,
    "avg_e2e_ms": 1178.0318517399871,
    "p50_ttft_ms": 42.72595979273319,
    "p50_tpot_ms": 8.526271165121258,
    "p50_e2e_ms": 1154.5781642198563,
    "p99_ttft_ms": 109.8589314520359,
    "p99_tpot_ms": 10.791065929325548,
    "p99_e2e_ms": 1404.625787101686
  },
  "turn2": {
    "count": 92,
    "avg_ttft_ms": 36.50905677805776,
    "avg_tpot_ms": 8.924193083351742,
    "avg_e2e_ms": 313.1590423619618,
    "p50_ttft_ms": 33.139847218990326,
    "p50_tpot_ms": 8.635891661528618,
    "p50_e2e_ms": 300.045033916831,
    "p99_ttft_ms": 92.92315877974043,
    "p99_tpot_ms": 10.940690373461093,
    "p99_e2e_ms": 385.93143232166767
  },
  "average": {
    "count": 184,
    "avg_ttft_ms": 46.555064294649206,
    "avg_tpot_ms": 8.877178352418968,
    "avg_e2e_ms": 745.5954470509744,
    "p50_ttft_ms": 34.42457504570484,
    "p50_tpot_ms": 8.564199290929302,
    "p50_e2e_ms": 734.9514737725258,
    "p99_ttft_ms": 110.00034466385839,
    "p99_tpot_ms": 10.840008719697696,
    "p99_e2e_ms": 1381.3392143324015
  },
  "throughput": {
    "requests_per_sec": 16.25984367510396,
    "tokens_per_sec": 1300.7874940083168
  },
  "success_rate": 100.0,
  "total_requests": 184,
  "failed_requests": 0,
  "duration_sec": 11.316221956163645,
  "timestamp": "2026-01-19T01:42:13.596901",
  "error": null
}