{
  "config": "2R_1P_1pD",
  "workload": "small_mid_bal",
  "qps": 8,
  "turn1": {
    "count": 72,
    "avg_ttft_ms": 59.770417761885454,
    "avg_tpot_ms": 9.407283715848353,
    "avg_e2e_ms": 1254.4954496746261,
    "p50_ttft_ms": 47.66836017370224,
    "p50_tpot_ms": 8.708089927402067,
    "p50_e2e_ms": 1174.3877958506346,
    "p99_ttft_ms": 108.57058253139262,
    "p99_tpot_ms": 13.587570365840996,
    "p99_e2e_ms": 1787.9185317456725
  },
  "turn2": {
    "count": 72,
    "avg_ttft_ms": 44.17838187267383,
    "avg_tpot_ms": 9.570265991396532,
    "avg_e2e_ms": 1259.6021627800333,
    "p50_ttft_ms": 41.71047545969486,
    "p50_tpot_ms": 8.658718816408022,
    "p50_e2e_ms": 1138.7125831097364,
    "p99_ttft_ms": 99.35517217963945,
    "p99_tpot_ms": 14.41753670191906,
    "p99_e2e_ms": 1876.590188033879
  },
  "average": {
    "count": 144,
    "avg_ttft_ms": 51.97439981727965,
    "avg_tpot_ms": 9.488774853622441,
    "avg_e2e_ms": 1257.0488062273298,
    "p50_ttft_ms": 43.65457780659199,
    "p50_tpot_ms": 8.666567973733887,
    "p50_e2e_ms": 1164.0504077076912,
    "p99_ttft_ms": 109.2655190825462,
    "p99_tpot_ms": 14.061145120131684,
    "p99_e2e_ms": 1841.9760020822284
  },
  "throughput": {
    "requests_per_sec": 11.395316909881933,
    "tokens_per_sec": 1458.6005644648874
  },
  "success_rate": 100.0,
  "total_requests": 144,
  "failed_requests": 0,
  "duration_sec": 12.636770099401474,
  "timestamp": "2026-01-19T01:56:44.427971",
  "error": null
}