{
  "config": "2R_1P_1pD",
  "workload": "small_short_gen",
  "qps": 10,
  "turn1": {
    "count": 89,
    "avg_ttft_ms": 64.04142454266548,
    "avg_tpot_ms": 9.717024912863065,
    "avg_e2e_ms": 1298.1035884762748,
    "p50_ttft_ms": 49.18062686920166,
    "p50_tpot_ms": 9.026345100224487,
    "p50_e2e_ms": 1230.5224016308784,
    "p99_ttft_ms": 133.77785518765458,
    "p99_tpot_ms": 12.492554802594222,
    "p99_e2e_ms": 1642.167602479458
  },
  "turn2": {
    "count": 89,
    "avg_ttft_ms": 43.101791836572495,
    "avg_tpot_ms": 10.048666145339835,
    "avg_e2e_ms": 2605.5116588982305,
    "p50_ttft_ms": 38.63193839788437,
    "p50_tpot_ms": 9.113779401077943,
    "p50_e2e_ms": 2372.2539879381657,
    "p99_ttft_ms": 118.91002580523495,
    "p99_tpot_ms": 12.568952955451666,
    "p99_e2e_ms": 3250.6974244117737
  },
  "average": {
    "count": 178,
    "avg_ttft_ms": 53.57160818961899,
    "avg_tpot_ms": 9.882845529101449,
    "avg_e2e_ms": 1951.8076236872525,
    "p50_ttft_ms": 41.019195690751076,
    "p50_tpot_ms": 9.077821905706443,
    "p50_e2e_ms": 1879.1717998683453,
    "p99_ttft_ms": 127.44127690792078,
    "p99_tpot_ms": 12.514226748257924,
    "p99_e2e_ms": 3227.2315978631373
  },
  "throughput": {
    "requests_per_sec": 12.610952794494796,
    "tokens_per_sec": 2421.302936543001
  },
  "success_rate": 100.0,
  "total_requests": 178,
  "failed_requests": 0,
  "duration_sec": 14.11471463739872,
  "timestamp": "2026-01-19T01:44:20.158978",
  "error": null
}