{
  "config": "2R_1P_1pD",
  "workload": "small_mid_paste",
  "qps": 8,
  "turn1": {
    "count": 80,
    "avg_ttft_ms": 54.59325984120369,
    "avg_tpot_ms": 9.502758730686907,
    "avg_e2e_ms": 1261.443618638441,
    "p50_ttft_ms": 42.38257743418217,
    "p50_tpot_ms": 8.589628526544946,
    "p50_e2e_ms": 1165.6964384019375,
    "p99_ttft_ms": 105.56255556643009,
    "p99_tpot_ms": 11.916419756342107,
    "p99_e2e_ms": 1551.8935882672668
  },
  "turn2": {
    "count": 80,
    "avg_ttft_ms": 58.332818653434515,
    "avg_tpot_ms": 9.573541130752318,
    "avg_e2e_ms": 661.4659098908305,
    "p50_ttft_ms": 48.8937646150589,
    "p50_tpot_ms": 8.716014672129873,
    "p50_e2e_ms": 604.8957109451294,
    "p99_ttft_ms": 155.91564252972594,
    "p99_tpot_ms": 13.221606119048028,
    "p99_e2e_ms": 881.4016307145357
  },
  "average": {
    "count": 160,
    "avg_ttft_ms": 56.4630392473191,
    "avg_tpot_ms": 9.538149930719612,
    "avg_e2e_ms": 961.4547642646357,
    "p50_ttft_ms": 46.7169638723135,
    "p50_tpot_ms": 8.629307854832627,
    "p50_e2e_ms": 978.1267046928406,
    "p99_ttft_ms": 149.2912947013974,
    "p99_tpot_ms": 13.043956447924884,
    "p99_e2e_ms": 1540.5340436846018
  },
  "throughput": {
    "requests_per_sec": 14.018048936486526,
    "tokens_per_sec": 1345.7326979027064
  },
  "success_rate": 100.0,
  "total_requests": 160,
  "failed_requests": 0,
  "duration_sec": 11.413856573402882,
  "timestamp": "2026-01-19T01:58:44.026231",
  "error": null
}