{
  "config": "2R_1P_1pD",
  "workload": "large_huge_paste",
  "qps": 6,
  "turn1": {
    "count": 60,
    "avg_ttft_ms": 553.6202068130175,
    "avg_tpot_ms": 11.982888771714471,
    "avg_e2e_ms": 12812.11542027692,
    "p50_ttft_ms": 128.83387319743633,
    "p50_tpot_ms": 10.155866201147656,
    "p50_e2e_ms": 10664.836646988988,
    "p99_ttft_ms": 3253.987013287841,
    "p99_tpot_ms": 16.97037907024137,
    "p99_e2e_ms": 19339.904876202345
  },
  "turn2": {
    "count": 60,
    "avg_ttft_ms": 183.15320877979198,
    "avg_tpot_ms": 12.464297502752276,
    "avg_e2e_ms": 569.5464313651124,
    "p50_ttft_ms": 112.87061125040054,
    "p50_tpot_ms": 11.058822694805361,
    "p50_e2e_ms": 466.2492983043194,
    "p99_ttft_ms": 678.580640219152,
    "p99_tpot_ms": 26.91986933951416,
    "p99_e2e_ms": 1190.7726808637378
  },
  "average": {
    "count": 120,
    "avg_ttft_ms": 368.3867077964048,
    "avg_tpot_ms": 12.22359313723337,
    "avg_e2e_ms": 6690.8309258210165,
    "p50_ttft_ms": 125.68733468651772,
    "p50_tpot_ms": 10.335598596146845,
    "p50_e2e_ms": 5320.331824943423,
    "p99_ttft_ms": 3108.1220138445497,
    "p99_tpot_ms": 26.421828292790924,
    "p99_e2e_ms": 19179.901033490896
  },
  "throughput": {
    "requests_per_sec": 4.148406363649033,
    "tokens_per_sec": 2190.3585600066895
  },
  "success_rate": 100.0,
  "total_requests": 120,
  "failed_requests": 0,
  "duration_sec": 28.92677078396082,
  "timestamp": "2026-01-19T02:58:57.381264",
  "error": null
}