{
  "config": "2R_1P_1pD",
  "workload": "small_very_long_gen",
  "qps": 4,
  "turn1": {
    "count": 40,
    "avg_ttft_ms": 56.307704001665115,
    "avg_tpot_ms": 9.072257181644204,
    "avg_e2e_ms": 1208.4843660704792,
    "p50_ttft_ms": 48.41252416372299,
    "p50_tpot_ms": 8.818037279947536,
    "p50_e2e_ms": 1195.3784823417664,
    "p99_ttft_ms": 94.96682167053223,
    "p99_tpot_ms": 11.759740098665548,
    "p99_e2e_ms": 1525.682290457189
  },
  "turn2": {
    "count": 40,
    "avg_ttft_ms": 39.83296435326338,
    "avg_tpot_ms": 9.448973720261458,
    "avg_e2e_ms": 9706.133080180734,
    "p50_ttft_ms": 34.284213557839394,
    "p50_tpot_ms": 8.969298725035532,
    "p50_e2e_ms": 9220.64640186727,
    "p99_ttft_ms": 82.7317177131772,
    "p99_tpot_ms": 11.33122084139758,
    "p99_e2e_ms": 11623.42636398971
  },
  "average": {
    "count": 80,
    "avg_ttft_ms": 48.07033417746425,
    "avg_tpot_ms": 9.26061545095283,
    "avg_e2e_ms": 5457.308723125607,
    "p50_ttft_ms": 38.44524547457695,
    "p50_tpot_ms": 8.856251557159611,
    "p50_e2e_ms": 4942.79782474041,
    "p99_ttft_ms": 94.65951800346375,
    "p99_tpot_ms": 11.719887506246096,
    "p99_e2e_ms": 11623.025627061725
  },
  "throughput": {
    "requests_per_sec": 3.6691771483488638,
    "tokens_per_sec": 2113.4460374489454
  },
  "success_rate": 100.0,
  "total_requests": 80,
  "failed_requests": 0,
  "duration_sec": 21.803253635764122,
  "timestamp": "2026-01-19T01:49:38.906721",
  "error": null
}