{
  "config": "2R_1P_1pD",
  "workload": "small_mid_paste",
  "qps": 1,
  "turn1": {
    "count": 7,
    "avg_ttft_ms": 34.73607450723648,
    "avg_tpot_ms": 7.871769393791096,
    "avg_e2e_ms": 1034.4507875187057,
    "p50_ttft_ms": 31.15236386656761,
    "p50_tpot_ms": 7.868753086159549,
    "p50_e2e_ms": 1033.0319106578827,
    "p99_ttft_ms": 47.762769386172295,
    "p99_tpot_ms": 8.037176939446155,
    "p99_e2e_ms": 1054.3457257002592
  },
  "turn2": {
    "count": 7,
    "avg_ttft_ms": 64.34988336903709,
    "avg_tpot_ms": 7.925051807208397,
    "avg_e2e_ms": 563.628147223166,
    "p50_ttft_ms": 33.91600772738457,
    "p50_tpot_ms": 7.900741010431259,
    "p50_e2e_ms": 532.1865007281303,
    "p99_ttft_ms": 156.15274533629415,
    "p99_tpot_ms": 8.101979060068963,
    "p99_e2e_ms": 654.9413254857063
  },
  "average": {
    "count": 14,
    "avg_ttft_ms": 49.542978938136784,
    "avg_tpot_ms": 7.898410600499746,
    "avg_e2e_ms": 799.0394673709359,
    "p50_ttft_ms": 33.61128084361553,
    "p50_tpot_ms": 7.888336077988066,
    "p50_e2e_ms": 835.4496750980616,
    "p99_ttft_ms": 153.89631018042562,
    "p99_tpot_ms": 8.10193808284879,
    "p99_e2e_ms": 1053.8190116360784
  },
  "throughput": {
    "requests_per_sec": 1.3680270615546521,
    "tokens_per_sec": 131.33059790924662
  },
  "success_rate": 100.0,
  "total_requests": 14,
  "failed_requests": 0,
  "duration_sec": 10.233715686947107,
  "timestamp": "2026-01-19T01:58:00.519824",
  "error": null
}