{
  "config": "2R_1P_1pD",
  "workload": "small_small_bal",
  "qps": 10,
  "turn1": {
    "count": 100,
    "avg_ttft_ms": 55.20075470209122,
    "avg_tpot_ms": 9.462700227172824,
    "avg_e2e_ms": 1256.96368355304,
    "p50_ttft_ms": 40.83056561648846,
    "p50_tpot_ms": 8.57420887534074,
    "p50_e2e_ms": 1168.6811931431293,
    "p99_ttft_ms": 136.27427130937605,
    "p99_tpot_ms": 12.26811765187134,
    "p99_e2e_ms": 1603.428655192256
  },
  "turn2": {
    "count": 100,
    "avg_ttft_ms": 46.74722012132406,
    "avg_tpot_ms": 9.51287261491257,
    "avg_e2e_ms": 646.058194860816,
    "p50_ttft_ms": 40.50852730870247,
    "p50_tpot_ms": 8.616962130107577,
    "p50_e2e_ms": 606.0771010816097,
    "p99_ttft_ms": 137.8137366101146,
    "p99_tpot_ms": 13.176673323152556,
    "p99_e2e_ms": 872.1224910765886
  },
  "average": {
    "count": 200,
    "avg_ttft_ms": 50.97398741170764,
    "avg_tpot_ms": 9.487786421042697,
    "avg_e2e_ms": 951.510939206928,
    "p50_ttft_ms": 40.637431666255,
    "p50_tpot_ms": 8.592816706201596,
    "p50_e2e_ms": 962.2881803661585,
    "p99_ttft_ms": 137.81373661011452,
    "p99_tpot_ms": 12.68667057925273,
    "p99_e2e_ms": 1598.201731108129
  },
  "throughput": {
    "requests_per_sec": 16.837130233403947,
    "tokens_per_sec": 1616.364502406779
  },
  "success_rate": 100.0,
  "total_requests": 200,
  "failed_requests": 0,
  "duration_sec": 11.878508821129799,
  "timestamp": "2026-01-19T01:54:53.222643",
  "error": null
}