{
  "config": "2R_1P_1pD",
  "workload": "small_tiny",
  "qps": 1,
  "turn1": {
    "count": 8,
    "avg_ttft_ms": 55.35929882898927,
    "avg_tpot_ms": 7.824404183481857,
    "avg_e2e_ms": 1049.058630131185,
    "p50_ttft_ms": 44.77835074067116,
    "p50_tpot_ms": 7.8054372602560385,
    "p50_e2e_ms": 1045.8839517086744,
    "p99_ttft_ms": 103.0960152298212,
    "p99_tpot_ms": 8.00184348935452,
    "p99_e2e_ms": 1093.9417649805546
  },
  "turn2": {
    "count": 8,
    "avg_ttft_ms": 40.34113930538297,
    "avg_tpot_ms": 7.8612847794448175,
    "avg_e2e_ms": 284.0409674681723,
    "p50_ttft_ms": 30.60901165008545,
    "p50_tpot_ms": 7.838561349818783,
    "p50_e2e_ms": 274.6758833527565,
    "p99_ttft_ms": 97.01606519520281,
    "p99_tpot_ms": 8.158087741223074,
    "p99_e2e_ms": 348.78272633999586
  },
  "average": {
    "count": 16,
    "avg_ttft_ms": 47.85021906718612,
    "avg_tpot_ms": 7.842844481463337,
    "avg_e2e_ms": 666.5497987996787,
    "p50_ttft_ms": 39.26347382366657,
    "p50_tpot_ms": 7.821673207062587,
    "p50_e2e_ms": 682.3820564895868,
    "p99_ttft_ms": 103.13952434808016,
    "p99_tpot_ms": 8.145761952525186,
    "p99_e2e_ms": 1093.2293213903904
  },
  "throughput": {
    "requests_per_sec": 1.9520133668203148,
    "tokens_per_sec": 156.16106934562518
  },
  "success_rate": 100.0,
  "total_requests": 16,
  "failed_requests": 0,
  "duration_sec": 8.196665182709694,
  "timestamp": "2026-01-19T01:41:17.700476",
  "error": null
}