{
  "config": "2R_1P_1pD",
  "workload": "small_short_gen",
  "qps": 16,
  "turn1": {
    "count": 160,
    "avg_ttft_ms": 1227.243939624168,
    "avg_tpot_ms": 10.332145108511364,
    "avg_e2e_ms": 2539.426368405111,
    "p50_ttft_ms": 853.8084737956524,
    "p50_tpot_ms": 9.361327075817453,
    "p50_e2e_ms": 2201.9947320222855,
    "p99_ttft_ms": 3370.0983842462297,
    "p99_tpot_ms": 15.60141522613332,
    "p99_e2e_ms": 4765.338619500399
  },
  "turn2": {
    "count": 160,
    "avg_ttft_ms": 51.95654188282788,
    "avg_tpot_ms": 10.318346771356813,
    "avg_e2e_ms": 2683.1349685788155,
    "p50_ttft_ms": 44.05989870429039,
    "p50_tpot_ms": 9.28742244255309,
    "p50_e2e_ms": 2449.2090828716755,
    "p99_ttft_ms": 121.43970921635628,
    "p99_tpot_ms": 14.709567326687129,
    "p99_e2e_ms": 3835.2219836413856
  },
  "average": {
    "count": 320,
    "avg_ttft_ms": 639.6002407534979,
    "avg_tpot_ms": 10.325245939934089,
    "avg_e2e_ms": 2611.2806684919633,
    "p50_ttft_ms": 63.27930465340614,
    "p50_tpot_ms": 9.3098100453675,
    "p50_e2e_ms": 2412.9221998155117,
    "p99_ttft_ms": 3297.8869466483593,
    "p99_tpot_ms": 14.966315759017187,
    "p99_e2e_ms": 4597.339760735631
  },
  "throughput": {
    "requests_per_sec": 19.07817222927447,
    "tokens_per_sec": 3663.0090680206986
  },
  "success_rate": 100.0,
  "total_requests": 320,
  "failed_requests": 0,
  "duration_sec": 16.7730952501297,
  "timestamp": "2026-01-19T01:44:51.214240",
  "error": null
}