{
  "config": "2R_1P_1pD",
  "workload": "large_small_bal",
  "qps": 10,
  "turn1": {
    "count": 100,
    "avg_ttft_ms": 3787.261542379856,
    "avg_tpot_ms": 11.152086079681432,
    "avg_e2e_ms": 15195.845601893961,
    "p50_ttft_ms": 2816.7725540697575,
    "p50_tpot_ms": 10.230149747849326,
    "p50_e2e_ms": 16002.512361854315,
    "p99_ttft_ms": 10649.874557666484,
    "p99_tpot_ms": 15.348029433224326,
    "p99_e2e_ms": 22324.255430400375
  },
  "turn2": {
    "count": 100,
    "avg_ttft_ms": 85.85396897047758,
    "avg_tpot_ms": 11.376922891608304,
    "avg_e2e_ms": 802.6001111418009,
    "p50_ttft_ms": 68.32155212759972,
    "p50_tpot_ms": 10.620565996283577,
    "p50_e2e_ms": 755.1321350038052,
    "p99_ttft_ms": 265.97126878798014,
    "p99_tpot_ms": 22.35354354220724,
    "p99_e2e_ms": 1552.2167453914883
  },
  "average": {
    "count": 200,
    "avg_ttft_ms": 1936.5577556751668,
    "avg_tpot_ms": 11.26450448564487,
    "avg_e2e_ms": 7999.222856517881,
    "p50_ttft_ms": 99.942397326231,
    "p50_tpot_ms": 10.262552080789973,
    "p50_e2e_ms": 5629.702443256974,
    "p99_ttft_ms": 10254.928234927353,
    "p99_tpot_ms": 21.209432684949455,
    "p99_e2e_ms": 22259.84182909131
  },
  "throughput": {
    "requests_per_sec": 6.012662605843367,
    "tokens_per_sec": 3270.888457578792
  },
  "success_rate": 100.0,
  "total_requests": 200,
  "failed_requests": 0,
  "duration_sec": 33.26313367486,
  "timestamp": "2026-01-19T02:36:17.733019",
  "error": null
}