{
  "config": "2R_1P_1pD",
  "workload": "large_tiny",
  "qps": 2,
  "turn1": {
    "count": 13,
    "avg_ttft_ms": 108.95711527420924,
    "avg_tpot_ms": 9.793088458861092,
    "avg_e2e_ms": 10127.286608689106,
    "p50_ttft_ms": 117.84233152866364,
    "p50_tpot_ms": 10.84033244690937,
    "p50_e2e_ms": 11183.997225016356,
    "p99_ttft_ms": 147.8941161930561,
    "p99_tpot_ms": 11.2230933199064,
    "p99_e2e_ms": 11590.473715662956
  },
  "turn2": {
    "count": 13,
    "avg_ttft_ms": 68.65848056398906,
    "avg_tpot_ms": 9.093444720465254,
    "avg_e2e_ms": 350.55526689841196,
    "p50_ttft_ms": 60.890182852745056,
    "p50_tpot_ms": 8.48537671469873,
    "p50_e2e_ms": 327.70728692412376,
    "p99_ttft_ms": 136.5194064378738,
    "p99_tpot_ms": 12.113653330072278,
    "p99_e2e_ms": 433.9838434755802
  },
  "average": {
    "count": 26,
    "avg_ttft_ms": 88.80779791909914,
    "avg_tpot_ms": 9.443266589663175,
    "avg_e2e_ms": 5238.92093779376,
    "p50_ttft_ms": 81.82394318282604,
    "p50_tpot_ms": 8.582258941141392,
    "p50_e2e_ms": 4399.4973208755255,
    "p99_ttft_ms": 147.76202477514744,
    "p99_tpot_ms": 12.03612190464608,
    "p99_e2e_ms": 11583.948980085552
  },
  "throughput": {
    "requests_per_sec": 1.2189576732999319,
    "tokens_per_sec": 643.609651502364
  },
  "success_rate": 100.0,
  "total_requests": 26,
  "failed_requests": 0,
  "duration_sec": 21.329698782414198,
  "timestamp": "2026-01-19T02:04:32.043712",
  "error": null
}