{
  "config": "2R_1P_1pD",
  "workload": "large_long_gen",
  "qps": 20,
  "turn1": {
    "count": 200,
    "avg_ttft_ms": 27053.36773443967,
    "avg_tpot_ms": 13.494782977603661,
    "avg_e2e_ms": 40858.530720528215,
    "p50_ttft_ms": 26970.132291316986,
    "p50_tpot_ms": 9.760363783071934,
    "p50_e2e_ms": 37040.08992575109,
    "p99_ttft_ms": 65354.20396752655,
    "p99_tpot_ms": 22.521395299543613,
    "p99_e2e_ms": 83687.67338912934
  },
  "turn2": {
    "count": 200,
    "avg_ttft_ms": 953.8891397602856,
    "avg_tpot_ms": 13.71102345888658,
    "avg_e2e_ms": 7960.222127251327,
    "p50_ttft_ms": 76.54374837875366,
    "p50_tpot_ms": 10.239889480742223,
    "p50_e2e_ms": 5299.264078959823,
    "p99_ttft_ms": 56038.330664262176,
    "p99_tpot_ms": 22.799309842186428,
    "p99_e2e_ms": 65916.52709554881
  },
  "average": {
    "count": 400,
    "avg_ttft_ms": 14003.628437099978,
    "avg_tpot_ms": 13.60290321824512,
    "avg_e2e_ms": 24409.37642388977,
    "p50_ttft_ms": 159.32568907737732,
    "p50_tpot_ms": 10.175813062304043,
    "p50_e2e_ms": 11425.786154344678,
    "p99_ttft_ms": 65194.53584834933,
    "p99_tpot_ms": 22.735472350014984,
    "p99_e2e_ms": 77670.14853451401
  },
  "throughput": {
    "requests_per_sec": 4.004044833172892,
    "tokens_per_sec": 3075.1064318767812
  },
  "success_rate": 100.0,
  "total_requests": 400,
  "failed_requests": 0,
  "duration_sec": 99.89898132160306,
  "timestamp": "2026-01-19T02:23:19.217919",
  "error": null
}