{
  "config": "2R_1P_1pD",
  "workload": "large_mid_bal",
  "qps": 1,
  "turn1": {
    "count": 10,
    "avg_ttft_ms": 91.55645743012428,
    "avg_tpot_ms": 9.236939367952003,
    "avg_e2e_ms": 9540.945430845022,
    "p50_ttft_ms": 97.18968905508518,
    "p50_tpot_ms": 8.379181845155513,
    "p50_e2e_ms": 8638.28588835895,
    "p99_ttft_ms": 128.3709567412734,
    "p99_tpot_ms": 10.873122805090418,
    "p99_e2e_ms": 11238.630607016385
  },
  "turn2": {
    "count": 10,
    "avg_ttft_ms": 65.243224427104,
    "avg_tpot_ms": 9.28821070633066,
    "avg_e2e_ms": 1244.8459841310978,
    "p50_ttft_ms": 58.06028097867966,
    "p50_tpot_ms": 8.502130990657282,
    "p50_e2e_ms": 1131.4431354403496,
    "p99_ttft_ms": 121.34586308151484,
    "p99_tpot_ms": 11.238826459317696,
    "p99_e2e_ms": 1531.6310438141227
  },
  "average": {
    "count": 20,
    "avg_ttft_ms": 78.39984092861414,
    "avg_tpot_ms": 9.26257503714133,
    "avg_e2e_ms": 5392.89570748806,
    "p50_ttft_ms": 66.9887438416481,
    "p50_tpot_ms": 8.393286164715832,
    "p50_e2e_ms": 4964.526297524571,
    "p99_ttft_ms": 128.02411694079638,
    "p99_tpot_ms": 11.215100701399676,
    "p99_e2e_ms": 11237.823414467275
  },
  "throughput": {
    "requests_per_sec": 0.9881905262857003,
    "tokens_per_sec": 569.1977431405634
  },
  "success_rate": 100.0,
  "total_requests": 20,
  "failed_requests": 0,
  "duration_sec": 20.239012081176043,
  "timestamp": "2026-01-19T02:39:44.167563",
  "error": null
}