{
  "config": "2R_1P_1pD",
  "workload": "large_short_gen",
  "qps": 16,
  "turn1": {
    "count": 152,
    "avg_ttft_ms": 15048.0947639352,
    "avg_tpot_ms": 13.161075282589888,
    "avg_e2e_ms": 28511.874778024656,
    "p50_ttft_ms": 10970.645548775792,
    "p50_tpot_ms": 10.023870628294357,
    "p50_e2e_ms": 31560.065114870667,
    "p99_ttft_ms": 34157.142007648945,
    "p99_tpot_ms": 22.613969440858735,
    "p99_e2e_ms": 50058.23249138892
  },
  "turn2": {
    "count": 152,
    "avg_ttft_ms": 111.7355627939105,
    "avg_tpot_ms": 13.670293920864694,
    "avg_e2e_ms": 3597.6605126144073,
    "p50_ttft_ms": 79.93404939770699,
    "p50_tpot_ms": 10.521232460935911,
    "p50_e2e_ms": 2767.5413731485605,
    "p99_ttft_ms": 457.44283825159096,
    "p99_tpot_ms": 27.498403628813286,
    "p99_e2e_ms": 7245.066991746426
  },
  "average": {
    "count": 304,
    "avg_ttft_ms": 7579.915163364555,
    "avg_tpot_ms": 13.41568460172729,
    "avg_e2e_ms": 16054.76764531953,
    "p50_ttft_ms": 140.7140176743269,
    "p50_tpot_ms": 10.153321405455747,
    "p50_e2e_ms": 8333.46557058394,
    "p99_ttft_ms": 34102.88787968457,
    "p99_tpot_ms": 27.441322528848463,
    "p99_e2e_ms": 49991.40884343535
  },
  "throughput": {
    "requests_per_sec": 4.820180526809959,
    "tokens_per_sec": 3084.915537158374
  },
  "success_rate": 100.0,
  "total_requests": 304,
  "failed_requests": 0,
  "duration_sec": 63.06817728281021,
  "timestamp": "2026-01-19T02:14:24.294517",
  "error": null
}