{
  "config": "2R_1P_1pD",
  "workload": "large_big_paste",
  "qps": 6,
  "turn1": {
    "count": 57,
    "avg_ttft_ms": 387.6599417182437,
    "avg_tpot_ms": 11.750155604956799,
    "avg_e2e_ms": 12408.069125589049,
    "p50_ttft_ms": 129.71074879169464,
    "p50_tpot_ms": 10.540687225081705,
    "p50_e2e_ms": 10994.429536163807,
    "p99_ttft_ms": 3372.787624299524,
    "p99_tpot_ms": 16.65642463828811,
    "p99_e2e_ms": 18055.01439318061
  },
  "turn2": {
    "count": 57,
    "avg_ttft_ms": 131.76126425203523,
    "avg_tpot_ms": 11.589002132880525,
    "avg_e2e_ms": 861.8683986235084,
    "p50_ttft_ms": 97.4372997879982,
    "p50_tpot_ms": 10.316397817361922,
    "p50_e2e_ms": 747.3703622817993,
    "p99_ttft_ms": 403.49298998713454,
    "p99_tpot_ms": 24.257135003332106,
    "p99_e2e_ms": 1775.87645098567
  },
  "average": {
    "count": 114,
    "avg_ttft_ms": 259.7106029851395,
    "avg_tpot_ms": 11.669578868918663,
    "avg_e2e_ms": 6634.9687621062785,
    "p50_ttft_ms": 119.9086382985115,
    "p50_tpot_ms": 10.453170961962005,
    "p50_e2e_ms": 5184.295320883393,
    "p99_ttft_ms": 2837.751905992631,
    "p99_tpot_ms": 23.550248709581208,
    "p99_e2e_ms": 17726.852410882715
  },
  "throughput": {
    "requests_per_sec": 3.917880080737814,
    "tokens_per_sec": 2131.326763921371
  },
  "success_rate": 100.0,
  "total_requests": 114,
  "failed_requests": 0,
  "duration_sec": 29.097368385642767,
  "timestamp": "2026-01-19T02:52:59.589381",
  "error": null
}