{
  "config": "2R_1P_1pD",
  "workload": "small_small_bal",
  "qps": 12,
  "turn1": {
    "count": 117,
    "avg_ttft_ms": 60.236786388688614,
    "avg_tpot_ms": 9.319184358391613,
    "avg_e2e_ms": 1243.7731999044236,
    "p50_ttft_ms": 46.210408210754395,
    "p50_tpot_ms": 8.725796393522128,
    "p50_e2e_ms": 1186.8504919111729,
    "p99_ttft_ms": 130.26253655552867,
    "p99_tpot_ms": 12.010258632147407,
    "p99_e2e_ms": 1585.2411556243896
  },
  "turn2": {
    "count": 117,
    "avg_ttft_ms": 42.8124951182777,
    "avg_tpot_ms": 9.526466878754947,
    "avg_e2e_ms": 642.9799084798393,
    "p50_ttft_ms": 38.55689615011215,
    "p50_tpot_ms": 8.756265044212341,
    "p50_e2e_ms": 594.8987379670143,
    "p99_ttft_ms": 103.25279295444491,
    "p99_tpot_ms": 13.615313931590036,
    "p99_e2e_ms": 893.894205391407
  },
  "average": {
    "count": 234,
    "avg_ttft_ms": 51.52464075348316,
    "avg_tpot_ms": 9.422825618573281,
    "avg_e2e_ms": 943.3765541921314,
    "p50_ttft_ms": 40.65465368330479,
    "p50_tpot_ms": 8.743126030767833,
    "p50_e2e_ms": 976.418050006032,
    "p99_ttft_ms": 119.57632012665265,
    "p99_tpot_ms": 13.313639023829072,
    "p99_e2e_ms": 1562.8718853741882
  },
  "throughput": {
    "requests_per_sec": 19.611741721128183,
    "tokens_per_sec": 1882.7272052283058
  },
  "success_rate": 100.0,
  "total_requests": 234,
  "failed_requests": 0,
  "duration_sec": 11.931627660989761,
  "timestamp": "2026-01-19T01:55:05.196996",
  "error": null
}