{
  "config": "2R_1P_1pD",
  "workload": "small_short_gen",
  "qps": 4,
  "turn1": {
    "count": 40,
    "avg_ttft_ms": 59.059756714850664,
    "avg_tpot_ms": 9.278362322100035,
    "avg_e2e_ms": 1237.411771621555,
    "p50_ttft_ms": 39.56136107444763,
    "p50_tpot_ms": 8.95140157264518,
    "p50_e2e_ms": 1216.6448757052422,
    "p99_ttft_ms": 157.03126456588507,
    "p99_tpot_ms": 11.192448073484766,
    "p99_e2e_ms": 1456.951851695776
  },
  "turn2": {
    "count": 40,
    "avg_ttft_ms": 42.15866485610604,
    "avg_tpot_ms": 9.221429058222792,
    "avg_e2e_ms": 2393.6230747029185,
    "p50_ttft_ms": 34.81048718094826,
    "p50_tpot_ms": 8.462241825227643,
    "p50_e2e_ms": 2207.491885870695,
    "p99_ttft_ms": 93.75125177204609,
    "p99_tpot_ms": 10.874229456718062,
    "p99_e2e_ms": 2811.5763626247644
  },
  "average": {
    "count": 80,
    "avg_ttft_ms": 50.60921078547835,
    "avg_tpot_ms": 9.249895690161415,
    "avg_e2e_ms": 1815.5174231622368,
    "p50_ttft_ms": 36.203667521476746,
    "p50_tpot_ms": 8.544043334330677,
    "p50_e2e_ms": 1731.6218968480825,
    "p99_ttft_ms": 150.6749492511152,
    "p99_tpot_ms": 11.15216260819923,
    "p99_e2e_ms": 2795.089393034577
  },
  "throughput": {
    "requests_per_sec": 6.07877114659875,
    "tokens_per_sec": 1167.1240601469601
  },
  "success_rate": 100.0,
  "total_requests": 80,
  "failed_requests": 0,
  "duration_sec": 13.16055466979742,
  "timestamp": "2026-01-19T01:43:38.832340",
  "error": null
}