{
  "config": "2R_1P_1pD",
  "workload": "large_very_long_gen",
  "qps": 1,
  "turn1": {
    "count": 6,
    "avg_ttft_ms": 95.08761949837208,
    "avg_tpot_ms": 9.136769368894987,
    "avg_e2e_ms": 9442.002683877945,
    "p50_ttft_ms": 96.47857770323753,
    "p50_tpot_ms": 9.062418890780135,
    "p50_e2e_ms": 9352.745922282338,
    "p99_ttft_ms": 145.1275061815977,
    "p99_tpot_ms": 10.67342879842395,
    "p99_e2e_ms": 11062.744057364762
  },
  "turn2": {
    "count": 6,
    "avg_ttft_ms": 62.999515483776726,
    "avg_tpot_ms": 9.361102424486718,
    "avg_e2e_ms": 9639.40729573369,
    "p50_ttft_ms": 56.42000772058964,
    "p50_tpot_ms": 9.389736885359676,
    "p50_e2e_ms": 9698.19207303226,
    "p99_ttft_ms": 111.56842745840551,
    "p99_tpot_ms": 10.926742491404275,
    "p99_e2e_ms": 11221.116552129388
  },
  "average": {
    "count": 12,
    "avg_ttft_ms": 79.0435674910744,
    "avg_tpot_ms": 9.248935896690854,
    "avg_e2e_ms": 9540.704989805818,
    "p50_ttft_ms": 69.40829381346703,
    "p50_tpot_ms": 9.080960478120186,
    "p50_e2e_ms": 9356.782101094723,
    "p99_ttft_ms": 143.40290077030662,
    "p99_tpot_ms": 10.922273871974104,
    "p99_e2e_ms": 11216.687816008925
  },
  "throughput": {
    "requests_per_sec": 0.4005124717728379,
    "tokens_per_sec": 410.124771095386
  },
  "success_rate": 100.0,
  "total_requests": 12,
  "failed_requests": 0,
  "duration_sec": 29.961613796651363,
  "timestamp": "2026-01-19T02:24:18.095662",
  "error": null
}