{
  "config": "2R_1P_1pD",
  "workload": "small_small_bal",
  "qps": 6,
  "turn1": {
    "count": 60,
    "avg_ttft_ms": 56.77210303644339,
    "avg_tpot_ms": 9.127098753598574,
    "avg_e2e_ms": 1215.9136447434623,
    "p50_ttft_ms": 39.9481114000082,
    "p50_tpot_ms": 8.52445634741952,
    "p50_e2e_ms": 1171.5510319918394,
    "p99_ttft_ms": 121.59684803336857,
    "p99_tpot_ms": 11.48518129567227,
    "p99_e2e_ms": 1497.7316685765982
  },
  "turn2": {
    "count": 60,
    "avg_ttft_ms": 43.32583143065373,
    "avg_tpot_ms": 9.128910628339602,
    "avg_e2e_ms": 618.4472010160486,
    "p50_ttft_ms": 35.2491270750761,
    "p50_tpot_ms": 8.542108926035109,
    "p50_e2e_ms": 583.6811624467373,
    "p99_ttft_ms": 97.93517615646124,
    "p99_tpot_ms": 11.728137542922346,
    "p99_e2e_ms": 777.9755889624356
  },
  "average": {
    "count": 120,
    "avg_ttft_ms": 50.04896723354856,
    "avg_tpot_ms": 9.128004690969089,
    "avg_e2e_ms": 917.1804228797555,
    "p50_ttft_ms": 37.4560821801424,
    "p50_tpot_ms": 8.539562124175557,
    "p50_e2e_ms": 927.0548950880766,
    "p99_ttft_ms": 119.14962094277143,
    "p99_tpot_ms": 11.648188807464155,
    "p99_e2e_ms": 1492.6795867085457
  },
  "throughput": {
    "requests_per_sec": 11.476141410378723,
    "tokens_per_sec": 1101.7095753963574
  },
  "success_rate": 100.0,
  "total_requests": 120,
  "failed_requests": 0,
  "duration_sec": 10.456476241350174,
  "timestamp": "2026-01-19T01:54:29.742004",
  "error": null
}