{
  "config": "2R_1P_1pD",
  "workload": "small_mid_paste",
  "qps": 2,
  "turn1": {
    "count": 19,
    "avg_ttft_ms": 67.12243255031736,
    "avg_tpot_ms": 8.313210674133527,
    "avg_e2e_ms": 1122.9001881652757,
    "p50_ttft_ms": 81.48432895541191,
    "p50_tpot_ms": 8.20361497247313,
    "p50_e2e_ms": 1118.309147655964,
    "p99_ttft_ms": 120.22571921348572,
    "p99_tpot_ms": 10.392491017856937,
    "p99_e2e_ms": 1372.0129648596048
  },
  "turn2": {
    "count": 19,
    "avg_ttft_ms": 37.54416441446856,
    "avg_tpot_ms": 8.761511034112027,
    "avg_e2e_ms": 589.5193595635263,
    "p50_ttft_ms": 36.918122321367264,
    "p50_tpot_ms": 8.369431195278016,
    "p50_e2e_ms": 564.9906396865845,
    "p99_ttft_ms": 52.5797488540411,
    "p99_tpot_ms": 11.944377560700689,
    "p99_e2e_ms": 802.7006617188454
  },
  "average": {
    "count": 38,
    "avg_ttft_ms": 52.33329848239296,
    "avg_tpot_ms": 8.537360854122777,
    "avg_e2e_ms": 856.209773864401,
    "p50_ttft_ms": 37.09705360233784,
    "p50_tpot_ms": 8.287101309365175,
    "p50_e2e_ms": 919.4680359214544,
    "p99_ttft_ms": 120.18706031143665,
    "p99_tpot_ms": 11.802194143926343,
    "p99_e2e_ms": 1333.0142646655445
  },
  "throughput": {
    "requests_per_sec": 3.9106825219414323,
    "tokens_per_sec": 375.4255221063775
  },
  "success_rate": 100.0,
  "total_requests": 38,
  "failed_requests": 0,
  "duration_sec": 9.716973900794983,
  "timestamp": "2026-01-19T01:58:10.279444",
  "error": null
}