{
  "config": "2R_1P_1pD",
  "workload": "small_small_bal",
  "qps": 20,
  "turn1": {
    "count": 194,
    "avg_ttft_ms": 148.42681022188097,
    "avg_tpot_ms": 10.950985159058154,
    "avg_e2e_ms": 1539.2019254222666,
    "p50_ttft_ms": 92.0451320707798,
    "p50_tpot_ms": 9.478298272556207,
    "p50_e2e_ms": 1413.7558955699205,
    "p99_ttft_ms": 679.2792074754834,
    "p99_tpot_ms": 17.991372489729734,
    "p99_e2e_ms": 2494.4274569302797
  },
  "turn2": {
    "count": 194,
    "avg_ttft_ms": 57.06373014554535,
    "avg_tpot_ms": 11.50525715631864,
    "avg_e2e_ms": 781.8949309936197,
    "p50_ttft_ms": 45.32122425734997,
    "p50_tpot_ms": 9.613205930070272,
    "p50_e2e_ms": 653.9646312594414,
    "p99_ttft_ms": 232.464021258055,
    "p99_tpot_ms": 19.137307390097586,
    "p99_e2e_ms": 1268.129641078412
  },
  "average": {
    "count": 388,
    "avg_ttft_ms": 102.74527018371316,
    "avg_tpot_ms": 11.228121157688395,
    "avg_e2e_ms": 1160.548428207943,
    "p50_ttft_ms": 53.545739501714706,
    "p50_tpot_ms": 9.524892503692499,
    "p50_e2e_ms": 1170.0248438864946,
    "p99_ttft_ms": 655.0925790518522,
    "p99_tpot_ms": 18.64534012145466,
    "p99_e2e_ms": 2472.9963059723377
  },
  "throughput": {
    "requests_per_sec": 33.37582615870887,
    "tokens_per_sec": 3204.079311236051
  },
  "success_rate": 100.0,
  "total_requests": 388,
  "failed_requests": 0,
  "duration_sec": 11.625180397182703,
  "timestamp": "2026-01-19T01:55:28.901097",
  "error": null
}