{
  "config": "2R_1P_1pD",
  "workload": "small_short_gen",
  "qps": 12,
  "turn1": {
    "count": 100,
    "avg_ttft_ms": 76.70666728168726,
    "avg_tpot_ms": 9.750368480724614,
    "avg_e2e_ms": 1315.003464333713,
    "p50_ttft_ms": 50.40714144706726,
    "p50_tpot_ms": 9.31238905182035,
    "p50_e2e_ms": 1274.5511140674353,
    "p99_ttft_ms": 366.52136489748966,
    "p99_tpot_ms": 14.644373266363708,
    "p99_e2e_ms": 1932.5437770783903
  },
  "turn2": {
    "count": 100,
    "avg_ttft_ms": 44.56465806812048,
    "avg_tpot_ms": 10.028487432382855,
    "avg_e2e_ms": 2601.8289533257484,
    "p50_ttft_ms": 42.731666937470436,
    "p50_tpot_ms": 9.406840165748315,
    "p50_e2e_ms": 2441.084399819374,
    "p99_ttft_ms": 100.56314557790786,
    "p99_tpot_ms": 13.55839176476002,
    "p99_e2e_ms": 3514.429202489555
  },
  "average": {
    "count": 200,
    "avg_ttft_ms": 60.63566267490387,
    "avg_tpot_ms": 9.889427956553734,
    "avg_e2e_ms": 1958.4162088297307,
    "p50_ttft_ms": 43.49740222096443,
    "p50_tpot_ms": 9.342433664914964,
    "p50_e2e_ms": 2039.642971009016,
    "p99_ttft_ms": 363.4900465235114,
    "p99_tpot_ms": 13.662893297517385,
    "p99_e2e_ms": 3502.6414393261075
  },
  "throughput": {
    "requests_per_sec": 14.093893192083636,
    "tokens_per_sec": 2706.027492880058
  },
  "success_rate": 100.0,
  "total_requests": 200,
  "failed_requests": 0,
  "duration_sec": 14.190543185919523,
  "timestamp": "2026-01-19T01:44:34.393502",
  "error": null
}