{
  "config": "2R_1P_1pD",
  "workload": "small_huge_paste",
  "qps": 2,
  "turn1": {
    "count": 20,
    "avg_ttft_ms": 45.11829111725092,
    "avg_tpot_ms": 8.456520368088418,
    "avg_e2e_ms": 1119.09637786448,
    "p50_ttft_ms": 33.41950662434101,
    "p50_tpot_ms": 8.39217648086116,
    "p50_e2e_ms": 1103.0115615576506,
    "p99_ttft_ms": 112.47642137110232,
    "p99_tpot_ms": 9.661302744286267,
    "p99_e2e_ms": 1318.146432004869
  },
  "turn2": {
    "count": 20,
    "avg_ttft_ms": 75.26089437305927,
    "avg_tpot_ms": 8.721370352131705,
    "avg_e2e_ms": 345.62337528914213,
    "p50_ttft_ms": 66.50032103061676,
    "p50_tpot_ms": 8.391140209090326,
    "p50_e2e_ms": 334.7800765186548,
    "p99_ttft_ms": 145.45031256973738,
    "p99_tpot_ms": 11.056252055831493,
    "p99_e2e_ms": 455.74187874794
  },
  "average": {
    "count": 40,
    "avg_ttft_ms": 60.189592745155096,
    "avg_tpot_ms": 8.588945360110062,
    "avg_e2e_ms": 732.3598765768111,
    "p50_ttft_ms": 58.57512354850769,
    "p50_tpot_ms": 8.391140209090326,
    "p50_e2e_ms": 730.7358756661415,
    "p99_ttft_ms": 138.69371034204957,
    "p99_tpot_ms": 10.837109979362257,
    "p99_e2e_ms": 1302.2078109905124
  },
  "throughput": {
    "requests_per_sec": 4.353330360526299,
    "tokens_per_sec": 348.26642884210395
  },
  "success_rate": 100.0,
  "total_requests": 40,
  "failed_requests": 0,
  "duration_sec": 9.188367683440447,
  "timestamp": "2026-01-19T02:02:05.684385",
  "error": null
}