{
  "config": "2R_1P_1pD",
  "workload": "small_huge_paste",
  "qps": 10,
  "turn1": {
    "count": 100,
    "avg_ttft_ms": 72.08464968949556,
    "avg_tpot_ms": 11.75525575582906,
    "avg_e2e_ms": 1565.0021306797862,
    "p50_ttft_ms": 55.12365698814392,
    "p50_tpot_ms": 9.498655018726673,
    "p50_e2e_ms": 1297.1243970096111,
    "p99_ttft_ms": 196.32267203181993,
    "p99_tpot_ms": 21.984296321692902,
    "p99_e2e_ms": 2828.735366389156
  },
  "turn2": {
    "count": 100,
    "avg_ttft_ms": 108.08688826858997,
    "avg_tpot_ms": 12.804725209791814,
    "avg_e2e_ms": 505.0333697721362,
    "p50_ttft_ms": 82.96532742679119,
    "p50_tpot_ms": 10.280260696045815,
    "p50_e2e_ms": 396.4450117200613,
    "p99_ttft_ms": 370.1952009275557,
    "p99_tpot_ms": 29.362240598326743,
    "p99_e2e_ms": 1143.3566587790847
  },
  "average": {
    "count": 200,
    "avg_ttft_ms": 90.08576897904277,
    "avg_tpot_ms": 12.279990482810435,
    "avg_e2e_ms": 1035.0177502259612,
    "p50_ttft_ms": 74.47681948542595,
    "p50_tpot_ms": 9.790228891730733,
    "p50_e2e_ms": 1106.0064267367125,
    "p99_ttft_ms": 306.89749859273377,
    "p99_tpot_ms": 29.28601491234956,
    "p99_e2e_ms": 2740.4178734496227
  },
  "throughput": {
    "requests_per_sec": 18.26976200304905,
    "tokens_per_sec": 1461.580960243924
  },
  "success_rate": 100.0,
  "total_requests": 200,
  "failed_requests": 0,
  "duration_sec": 10.947050102055073,
  "timestamp": "2026-01-19T02:02:51.086848",
  "error": null
}