{
  "config": "2R_1P_1pD",
  "workload": "large_big_paste",
  "qps": 10,
  "turn1": {
    "count": 85,
    "avg_ttft_ms": 2850.0033528050953,
    "avg_tpot_ms": 12.892239704598746,
    "avg_e2e_ms": 16038.764570609612,
    "p50_ttft_ms": 158.11826288700104,
    "p50_tpot_ms": 10.778987173897779,
    "p50_e2e_ms": 16083.13164114952,
    "p99_ttft_ms": 8830.795691013336,
    "p99_tpot_ms": 18.548898774973924,
    "p99_e2e_ms": 26277.99367725849
  },
  "turn2": {
    "count": 85,
    "avg_ttft_ms": 148.21664366651984,
    "avg_tpot_ms": 13.164549880251498,
    "avg_e2e_ms": 977.5832861223641,
    "p50_ttft_ms": 94.9089266359806,
    "p50_tpot_ms": 11.41040606631173,
    "p50_e2e_ms": 827.9149979352951,
    "p99_ttft_ms": 715.3459411859512,
    "p99_tpot_ms": 30.54979374484408,
    "p99_e2e_ms": 2119.632136672734
  },
  "average": {
    "count": 170,
    "avg_ttft_ms": 1499.1099982358078,
    "avg_tpot_ms": 13.02839479242512,
    "avg_e2e_ms": 8508.173928365988,
    "p50_ttft_ms": 118.5525432229042,
    "p50_tpot_ms": 10.960643025599715,
    "p50_e2e_ms": 6132.530227303505,
    "p99_ttft_ms": 8783.439854718745,
    "p99_tpot_ms": 26.5598135411976,
    "p99_e2e_ms": 26221.828783340752
  },
  "throughput": {
    "requests_per_sec": 4.594189591184808,
    "tokens_per_sec": 2499.2391376045357
  },
  "success_rate": 100.0,
  "total_requests": 170,
  "failed_requests": 0,
  "duration_sec": 37.003261756151915,
  "timestamp": "2026-01-19T02:54:11.231107",
  "error": null
}