{
  "config": "2R_1P_1pD",
  "workload": "small_short_gen",
  "qps": 6,
  "turn1": {
    "count": 58,
    "avg_ttft_ms": 54.28016230720898,
    "avg_tpot_ms": 9.073508776443147,
    "avg_e2e_ms": 1206.6157769154886,
    "p50_ttft_ms": 42.025646194815636,
    "p50_tpot_ms": 8.647644379007534,
    "p50_e2e_ms": 1162.720499560237,
    "p99_ttft_ms": 105.78468434512615,
    "p99_tpot_ms": 11.170814314519795,
    "p99_e2e_ms": 1462.3900841921568
  },
  "turn2": {
    "count": 58,
    "avg_ttft_ms": 42.542522259313486,
    "avg_tpot_ms": 9.157686285357203,
    "avg_e2e_ms": 2377.7525250254007,
    "p50_ttft_ms": 35.43713875114918,
    "p50_tpot_ms": 8.638926661189865,
    "p50_e2e_ms": 2264.743784442544,
    "p99_ttft_ms": 100.06175618618727,
    "p99_tpot_ms": 11.015664287057577,
    "p99_e2e_ms": 2840.615695491433
  },
  "average": {
    "count": 116,
    "avg_ttft_ms": 48.411342283261234,
    "avg_tpot_ms": 9.115597530900175,
    "avg_e2e_ms": 1792.1841509704445,
    "p50_ttft_ms": 37.16008923947811,
    "p50_tpot_ms": 8.64416238996641,
    "p50_e2e_ms": 1751.466553658247,
    "p99_ttft_ms": 101.5650438144803,
    "p99_tpot_ms": 11.158249427483776,
    "p99_e2e_ms": 2837.9615427926183
  },
  "throughput": {
    "requests_per_sec": 8.400657652584478,
    "tokens_per_sec": 1612.9262692962197
  },
  "success_rate": 100.0,
  "total_requests": 116,
  "failed_requests": 0,
  "duration_sec": 13.80844271928072,
  "timestamp": "2026-01-19T01:43:52.683759",
  "error": null
}