{
  "config": "2R_1P_1pD",
  "workload": "small_very_long_gen",
  "qps": 12,
  "turn1": {
    "count": 120,
    "avg_ttft_ms": 5904.038389027119,
    "avg_tpot_ms": 10.975378419314158,
    "avg_e2e_ms": 7297.911448280017,
    "p50_ttft_ms": 7084.687257185578,
    "p50_tpot_ms": 9.058046602006034,
    "p50_e2e_ms": 8210.422249510884,
    "p99_ttft_ms": 17808.283344507217,
    "p99_tpot_ms": 17.811745770392925,
    "p99_e2e_ms": 19093.881368525326
  },
  "turn2": {
    "count": 120,
    "avg_ttft_ms": 49.44402929395437,
    "avg_tpot_ms": 11.372259989139282,
    "avg_e2e_ms": 11683.265998183439,
    "p50_ttft_ms": 43.061183765530586,
    "p50_tpot_ms": 9.165781277904646,
    "p50_e2e_ms": 9464.995866641402,
    "p99_ttft_ms": 103.54330956935883,
    "p99_tpot_ms": 16.042606148173267,
    "p99_e2e_ms": 16460.52074342966
  },
  "average": {
    "count": 240,
    "avg_ttft_ms": 2976.7412091605365,
    "avg_tpot_ms": 11.17381920422672,
    "avg_e2e_ms": 9490.588723231727,
    "p50_ttft_ms": 51.70084722340107,
    "p50_tpot_ms": 9.165036988208836,
    "p50_e2e_ms": 9362.567737698555,
    "p99_ttft_ms": 17293.77550490199,
    "p99_tpot_ms": 17.738178287610765,
    "p99_e2e_ms": 18587.137587033194
  },
  "throughput": {
    "requests_per_sec": 5.647196210916913,
    "tokens_per_sec": 3252.785017488142
  },
  "success_rate": 100.0,
  "total_requests": 240,
  "failed_requests": 0,
  "duration_sec": 42.49896604195237,
  "timestamp": "2026-01-19T01:51:46.966585",
  "error": null
}