{
  "config": "2R_1P_1pD",
  "workload": "small_tiny",
  "qps": 12,
  "turn1": {
    "count": 120,
    "avg_ttft_ms": 59.96207895999154,
    "avg_tpot_ms": 9.249057119414015,
    "avg_e2e_ms": 1234.5923331255715,
    "p50_ttft_ms": 43.26685890555382,
    "p50_tpot_ms": 8.608740849757758,
    "p50_e2e_ms": 1185.6671404093504,
    "p99_ttft_ms": 158.37709620594978,
    "p99_tpot_ms": 11.519360747041665,
    "p99_e2e_ms": 1501.2806222587824
  },
  "turn2": {
    "count": 120,
    "avg_ttft_ms": 40.35381910701593,
    "avg_tpot_ms": 9.451186008030367,
    "avg_e2e_ms": 333.34058535595733,
    "p50_ttft_ms": 35.82972288131714,
    "p50_tpot_ms": 8.891936812189318,
    "p50_e2e_ms": 320.80788165330887,
    "p99_ttft_ms": 95.19424825906754,
    "p99_tpot_ms": 13.167717483255172,
    "p99_e2e_ms": 455.69236543029547
  },
  "average": {
    "count": 240,
    "avg_ttft_ms": 50.15794903350373,
    "avg_tpot_ms": 9.350121563722192,
    "avg_e2e_ms": 783.9664592407644,
    "p50_ttft_ms": 37.65829652547836,
    "p50_tpot_ms": 8.682536405050152,
    "p50_e2e_ms": 740.7994903624058,
    "p99_ttft_ms": 156.71725966036317,
    "p99_tpot_ms": 13.03987236633416,
    "p99_e2e_ms": 1486.9055898115037
  },
  "throughput": {
    "requests_per_sec": 20.981154065128592,
    "tokens_per_sec": 1678.4923252102874
  },
  "success_rate": 100.0,
  "total_requests": 240,
  "failed_requests": 0,
  "duration_sec": 11.438836932182312,
  "timestamp": "2026-01-19T01:42:25.078022",
  "error": null
}