{
  "config": "2R_1P_1pD",
  "workload": "large_very_long_gen",
  "qps": 16,
  "turn1": {
    "count": 155,
    "avg_ttft_ms": 23949.049250925742,
    "avg_tpot_ms": 12.855473175074914,
    "avg_e2e_ms": 37100.19830902738,
    "p50_ttft_ms": 19851.491451263428,
    "p50_tpot_ms": 10.492462005724772,
    "p50_e2e_ms": 37445.21312043071,
    "p99_ttft_ms": 56930.40068902075,
    "p99_tpot_ms": 19.50879073555227,
    "p99_e2e_ms": 74549.35525275768
  },
  "turn2": {
    "count": 155,
    "avg_ttft_ms": 102.6315786905827,
    "avg_tpot_ms": 12.778546777597173,
    "avg_e2e_ms": 13175.08493217249,
    "p50_ttft_ms": 79.64644581079483,
    "p50_tpot_ms": 10.612418002950598,
    "p50_e2e_ms": 10932.650223374367,
    "p99_ttft_ms": 272.53621906042116,
    "p99_tpot_ms": 19.86255116469408,
    "p99_e2e_ms": 20519.15663048625
  },
  "average": {
    "count": 310,
    "avg_ttft_ms": 12025.840414808163,
    "avg_tpot_ms": 12.817009976336044,
    "avg_e2e_ms": 25137.641620599934,
    "p50_ttft_ms": 141.90911315381527,
    "p50_tpot_ms": 10.569707749963158,
    "p50_e2e_ms": 16031.230557709932,
    "p99_ttft_ms": 56899.45189088583,
    "p99_tpot_ms": 19.840128376409922,
    "p99_e2e_ms": 73683.42127632351
  },
  "throughput": {
    "requests_per_sec": 3.088307923523656,
    "tokens_per_sec": 3162.427313688224
  },
  "success_rate": 100.0,
  "total_requests": 310,
  "failed_requests": 0,
  "duration_sec": 100.37859166786075,
  "timestamp": "2026-01-19T02:31:15.146719",
  "error": null
}