{
  "config": "2R_1P_1pD",
  "workload": "small_long_gen",
  "qps": 0.5,
  "turn1": {
    "count": 3,
    "avg_ttft_ms": 30.907603601614635,
    "avg_tpot_ms": 8.064340712047937,
    "avg_e2e_ms": 1055.0788740317028,
    "p50_ttft_ms": 28.03988754749298,
    "p50_tpot_ms": 7.85718963840815,
    "p50_e2e_ms": 1025.902971625328,
    "p99_ttft_ms": 37.29881003499031,
    "p99_tpot_ms": 8.535321161854924,
    "p99_e2e_ms": 1121.2845975905657
  },
  "turn2": {
    "count": 3,
    "avg_ttft_ms": 29.244417945543926,
    "avg_tpot_ms": 8.753872967998888,
    "avg_e2e_ms": 4502.473504592975,
    "p50_ttft_ms": 27.037791907787323,
    "p50_tpot_ms": 8.989979908482669,
    "p50_e2e_ms": 4620.449837297201,
    "p99_ttft_ms": 33.98360654711723,
    "p99_tpot_ms": 9.503065526281318,
    "p99_e2e_ms": 4890.040736719966
  },
  "average": {
    "count": 6,
    "avg_ttft_ms": 30.07601077357928,
    "avg_tpot_ms": 8.409106840023412,
    "avg_e2e_ms": 2778.776189312339,
    "p50_ttft_ms": 27.617521584033966,
    "p50_tpot_ms": 8.203175109554463,
    "p50_e2e_ms": 2557.329623028636,
    "p99_ttft_ms": 37.31964714825153,
    "p99_tpot_ms": 9.487358823695645,
    "p99_e2e_ms": 4881.787954084575
  },
  "throughput": {
    "requests_per_sec": 0.4552940861374626,
    "tokens_per_sec": 145.694107563988
  },
  "success_rate": 100.0,
  "total_requests": 6,
  "failed_requests": 0,
  "duration_sec": 13.178295485675335,
  "timestamp": "2026-01-19T01:45:29.503655",
  "error": null
}