{
  "config": "2R_1P_1pD",
  "workload": "small_mid_paste",
  "qps": 6,
  "turn1": {
    "count": 60,
    "avg_ttft_ms": 54.353118066986404,
    "avg_tpot_ms": 9.578084288619637,
    "avg_e2e_ms": 1270.76982272168,
    "p50_ttft_ms": 44.30588707327843,
    "p50_tpot_ms": 8.623193421467082,
    "p50_e2e_ms": 1170.2550165355206,
    "p99_ttft_ms": 102.9507577046752,
    "p99_tpot_ms": 12.97225959305688,
    "p99_e2e_ms": 1702.5192470848558
  },
  "turn2": {
    "count": 60,
    "avg_ttft_ms": 50.30216214557489,
    "avg_tpot_ms": 9.828281796798507,
    "avg_e2e_ms": 669.4839153438807,
    "p50_ttft_ms": 48.26357029378414,
    "p50_tpot_ms": 8.766094932243938,
    "p50_e2e_ms": 603.2590325921774,
    "p99_ttft_ms": 86.8631489947438,
    "p99_tpot_ms": 13.832154041599658,
    "p99_e2e_ms": 924.3981333822012
  },
  "average": {
    "count": 120,
    "avg_ttft_ms": 52.32764010628065,
    "avg_tpot_ms": 9.70318304270907,
    "avg_e2e_ms": 970.1268690327803,
    "p50_ttft_ms": 47.47074283659458,
    "p50_tpot_ms": 8.669743380035449,
    "p50_e2e_ms": 1000.5885027348995,
    "p99_ttft_ms": 102.46779724955559,
    "p99_tpot_ms": 13.718425769891057,
    "p99_e2e_ms": 1674.0821051597595
  },
  "throughput": {
    "requests_per_sec": 11.27264188647745,
    "tokens_per_sec": 1082.1736211018351
  },
  "success_rate": 100.0,
  "total_requests": 120,
  "failed_requests": 0,
  "duration_sec": 10.645241923630238,
  "timestamp": "2026-01-19T01:58:32.570881",
  "error": null
}