{
  "config": "2R_1P_1pD",
  "workload": "large_big_paste",
  "qps": 16,
  "turn1": {
    "count": 160,
    "avg_ttft_ms": 12285.899947001599,
    "avg_tpot_ms": 13.145110854298196,
    "avg_e2e_ms": 25733.348350948654,
    "p50_ttft_ms": 9794.859481975436,
    "p50_tpot_ms": 10.2863901477755,
    "p50_e2e_ms": 26522.76306040585,
    "p99_ttft_ms": 29108.791880607605,
    "p99_tpot_ms": 21.3748514371854,
    "p99_e2e_ms": 46447.77538444847
  },
  "turn2": {
    "count": 160,
    "avg_ttft_ms": 197.6156962569803,
    "avg_tpot_ms": 14.818413252203118,
    "avg_e2e_ms": 1131.1757311457768,
    "p50_ttft_ms": 98.65315444767475,
    "p50_tpot_ms": 11.060641871558296,
    "p50_e2e_ms": 792.4714647233486,
    "p99_ttft_ms": 1001.3693497702468,
    "p99_tpot_ms": 40.255548974706066,
    "p99_e2e_ms": 2953.5902147740117
  },
  "average": {
    "count": 320,
    "avg_ttft_ms": 6241.7578216292895,
    "avg_tpot_ms": 13.981762053250657,
    "avg_e2e_ms": 13432.262041047215,
    "p50_ttft_ms": 169.2909188568592,
    "p50_tpot_ms": 10.430569115039306,
    "p50_e2e_ms": 8981.115145608783,
    "p99_ttft_ms": 28969.804712049663,
    "p99_tpot_ms": 35.76101261767604,
    "p99_e2e_ms": 45785.01770596951
  },
  "throughput": {
    "requests_per_sec": 5.664484295855031,
    "tokens_per_sec": 3081.479456945137
  },
  "success_rate": 100.0,
  "total_requests": 320,
  "failed_requests": 0,
  "duration_sec": 56.49234480783343,
  "timestamp": "2026-01-19T02:55:52.567352",
  "error": null
}