{
  "config": "2R_1P_1pD",
  "workload": "small_huge_paste",
  "qps": 6,
  "turn1": {
    "count": 55,
    "avg_ttft_ms": 61.47316497835246,
    "avg_tpot_ms": 10.053561577732085,
    "avg_e2e_ms": 1338.275485350327,
    "p50_ttft_ms": 43.488696217536926,
    "p50_tpot_ms": 9.060352454035302,
    "p50_e2e_ms": 1198.2833743095398,
    "p99_ttft_ms": 148.82750652730465,
    "p99_tpot_ms": 14.693685799954444,
    "p99_e2e_ms": 1909.9236008524895
  },
  "turn2": {
    "count": 55,
    "avg_ttft_ms": 102.10822949355298,
    "avg_tpot_ms": 10.776781948430797,
    "avg_e2e_ms": 436.1884698949077,
    "p50_ttft_ms": 94.405148178339,
    "p50_tpot_ms": 9.229682385921478,
    "p50_e2e_ms": 393.15492659807205,
    "p99_ttft_ms": 185.1138485223055,
    "p99_tpot_ms": 21.244817743858984,
    "p99_e2e_ms": 794.8845514655113
  },
  "average": {
    "count": 110,
    "avg_ttft_ms": 81.79069723595272,
    "avg_tpot_ms": 10.415171763081439,
    "avg_e2e_ms": 887.2319776226174,
    "p50_ttft_ms": 77.61764526367188,
    "p50_tpot_ms": 9.082384362574576,
    "p50_e2e_ms": 920.1139733195305,
    "p99_ttft_ms": 180.73565199971193,
    "p99_tpot_ms": 19.888657116361202,
    "p99_e2e_ms": 1903.941790424287
  },
  "throughput": {
    "requests_per_sec": 9.265621900523401,
    "tokens_per_sec": 741.2497520418722
  },
  "success_rate": 100.0,
  "total_requests": 110,
  "failed_requests": 0,
  "duration_sec": 11.871842082589865,
  "timestamp": "2026-01-19T02:02:28.424518",
  "error": null
}