{
  "config": "2R_1P_1pD",
  "workload": "small_tiny",
  "qps": 6,
  "turn1": {
    "count": 60,
    "avg_ttft_ms": 54.39718645066023,
    "avg_tpot_ms": 8.614174243835171,
    "avg_e2e_ms": 1148.3973154177268,
    "p50_ttft_ms": 36.62979044020176,
    "p50_tpot_ms": 8.419709910792628,
    "p50_e2e_ms": 1152.5773517787457,
    "p99_ttft_ms": 153.46188560128206,
    "p99_tpot_ms": 9.62140753249249,
    "p99_e2e_ms": 1266.1892168596385
  },
  "turn2": {
    "count": 60,
    "avg_ttft_ms": 35.01401239385208,
    "avg_tpot_ms": 8.569798272063016,
    "avg_e2e_ms": 300.6777588278055,
    "p50_ttft_ms": 32.48082846403122,
    "p50_tpot_ms": 8.327464242616006,
    "p50_e2e_ms": 293.98360662162304,
    "p99_ttft_ms": 90.72135210037229,
    "p99_tpot_ms": 9.994153184515811,
    "p99_e2e_ms": 370.1098866760731
  },
  "average": {
    "count": 120,
    "avg_ttft_ms": 44.70559942225615,
    "avg_tpot_ms": 8.591986257949092,
    "avg_e2e_ms": 724.5375371227661,
    "p50_ttft_ms": 33.26656296849251,
    "p50_tpot_ms": 8.375995535311706,
    "p50_e2e_ms": 699.5816193521023,
    "p99_ttft_ms": 138.66794895380747,
    "p99_tpot_ms": 9.721856750169396,
    "p99_e2e_ms": 1248.219939917326
  },
  "throughput": {
    "requests_per_sec": 10.915633790498411,
    "tokens_per_sec": 873.2507032398729
  },
  "success_rate": 100.0,
  "total_requests": 120,
  "failed_requests": 0,
  "duration_sec": 10.993406549096107,
  "timestamp": "2026-01-19T01:41:50.767131",
  "error": null
}