{
  "config": "2R_1P_1pD",
  "workload": "small_mid_bal",
  "qps": 12,
  "turn1": {
    "count": 120,
    "avg_ttft_ms": 64.32291669771075,
    "avg_tpot_ms": 10.30940135104919,
    "avg_e2e_ms": 1373.616888280958,
    "p50_ttft_ms": 54.038308560848236,
    "p50_tpot_ms": 9.25718510420773,
    "p50_e2e_ms": 1259.1455895453691,
    "p99_ttft_ms": 123.59968449920416,
    "p99_tpot_ms": 14.759841605023606,
    "p99_e2e_ms": 1934.6146804094315
  },
  "turn2": {
    "count": 120,
    "avg_ttft_ms": 49.84857101614276,
    "avg_tpot_ms": 10.256465691144228,
    "avg_e2e_ms": 1352.4197137914598,
    "p50_ttft_ms": 45.543793588876724,
    "p50_tpot_ms": 9.263221541140961,
    "p50_e2e_ms": 1222.9926101863384,
    "p99_ttft_ms": 103.73060945421457,
    "p99_tpot_ms": 14.500446934692972,
    "p99_e2e_ms": 1919.1121717542412
  },
  "average": {
    "count": 240,
    "avg_ttft_ms": 57.08574385692676,
    "avg_tpot_ms": 10.282933521096709,
    "avg_e2e_ms": 1363.0183010362089,
    "p50_ttft_ms": 47.6815328001976,
    "p50_tpot_ms": 9.258417397972167,
    "p50_e2e_ms": 1235.730092972517,
    "p99_ttft_ms": 122.18776676803827,
    "p99_tpot_ms": 14.646786699203524,
    "p99_e2e_ms": 1929.9954477325082
  },
  "throughput": {
    "requests_per_sec": 20.94243966368926,
    "tokens_per_sec": 2680.6322769522253
  },
  "success_rate": 100.0,
  "total_requests": 240,
  "failed_requests": 0,
  "duration_sec": 11.459982879459858,
  "timestamp": "2026-01-19T01:57:08.007354",
  "error": null
}