{
  "config": "2R_1P_1pD",
  "workload": "large_small_bal",
  "qps": 2,
  "turn1": {
    "count": 17,
    "avg_ttft_ms": 81.14897832274437,
    "avg_tpot_ms": 8.927036510555215,
    "avg_e2e_ms": 9213.507328620728,
    "p50_ttft_ms": 58.95281583070755,
    "p50_tpot_ms": 8.215351246901854,
    "p50_e2e_ms": 8459.440484642982,
    "p99_ttft_ms": 128.452630341053,
    "p99_tpot_ms": 11.15412208545709,
    "p99_e2e_ms": 11530.396562665701
  },
  "turn2": {
    "count": 17,
    "avg_ttft_ms": 82.55793702076463,
    "avg_tpot_ms": 8.841879025839066,
    "avg_e2e_ms": 639.5963156486259,
    "p50_ttft_ms": 63.42489644885063,
    "p50_tpot_ms": 8.311930156889415,
    "p50_e2e_ms": 614.9263121187687,
    "p99_ttft_ms": 210.4621857404709,
    "p99_tpot_ms": 11.611878711079793,
    "p99_e2e_ms": 882.9756288230419
  },
  "average": {
    "count": 34,
    "avg_ttft_ms": 81.8534576717545,
    "avg_tpot_ms": 8.88445776819714,
    "avg_e2e_ms": 4926.551822134677,
    "p50_ttft_ms": 61.18885613977909,
    "p50_tpot_ms": 8.264570313555726,
    "p50_e2e_ms": 4424.921056255698,
    "p99_ttft_ms": 194.5761979371311,
    "p99_tpot_ms": 11.52136175699162,
    "p99_e2e_ms": 11524.530263915658
  },
  "throughput": {
    "requests_per_sec": 1.5470737754622192,
    "tokens_per_sec": 841.6081338514473
  },
  "success_rate": 100.0,
  "total_requests": 34,
  "failed_requests": 0,
  "duration_sec": 21.97697390988469,
  "timestamp": "2026-01-19T02:34:18.399217",
  "error": null
}