{
  "config": "2R_1P_1pD",
  "workload": "large_big_paste",
  "qps": 8,
  "turn1": {
    "count": 80,
    "avg_ttft_ms": 2888.5917351115495,
    "avg_tpot_ms": 13.238060219215185,
    "avg_e2e_ms": 16431.127339368686,
    "p50_ttft_ms": 161.14099510014057,
    "p50_tpot_ms": 11.29945442226159,
    "p50_e2e_ms": 17656.40556998551,
    "p99_ttft_ms": 8522.46773365885,
    "p99_tpot_ms": 19.18316915427368,
    "p99_e2e_ms": 25086.252911165357
  },
  "turn2": {
    "count": 80,
    "avg_ttft_ms": 154.5849486719817,
    "avg_tpot_ms": 12.8198391173981,
    "avg_e2e_ms": 962.2348130680621,
    "p50_ttft_ms": 115.65668880939484,
    "p50_tpot_ms": 11.019822890086779,
    "p50_e2e_ms": 818.5649812221527,
    "p99_ttft_ms": 557.3782850801942,
    "p99_tpot_ms": 23.84248744164194,
    "p99_e2e_ms": 1721.7687443643808
  },
  "average": {
    "count": 160,
    "avg_ttft_ms": 1521.5883418917656,
    "avg_tpot_ms": 13.028949668306643,
    "avg_e2e_ms": 8696.681076218374,
    "p50_ttft_ms": 139.627231284976,
    "p50_tpot_ms": 11.186487439251483,
    "p50_e2e_ms": 5303.871789947152,
    "p99_ttft_ms": 8516.754123866558,
    "p99_tpot_ms": 23.67491252424698,
    "p99_e2e_ms": 25017.11803700775
  },
  "throughput": {
    "requests_per_sec": 4.6317955948844345,
    "tokens_per_sec": 2519.6968036171324
  },
  "success_rate": 100.0,
  "total_requests": 160,
  "failed_requests": 0,
  "duration_sec": 34.5438387170434,
  "timestamp": "2026-01-19T02:53:34.183775",
  "error": null
}