{
  "config": "2R_1P_1pD",
  "workload": "large_small_bal",
  "qps": 6,
  "turn1": {
    "count": 60,
    "avg_ttft_ms": 848.5812473421296,
    "avg_tpot_ms": 12.973307317645377,
    "avg_e2e_ms": 14120.274633293351,
    "p50_ttft_ms": 133.14253091812134,
    "p50_tpot_ms": 9.916050823902454,
    "p50_e2e_ms": 13363.672880455852,
    "p99_ttft_ms": 5197.983038425446,
    "p99_tpot_ms": 18.033256775181545,
    "p99_e2e_ms": 21105.715541243553
  },
  "turn2": {
    "count": 60,
    "avg_ttft_ms": 104.5733160028855,
    "avg_tpot_ms": 13.550380855877563,
    "avg_e2e_ms": 958.247309923172,
    "p50_ttft_ms": 76.17262192070484,
    "p50_tpot_ms": 10.33312389774928,
    "p50_e2e_ms": 736.390957608819,
    "p99_ttft_ms": 281.54809437692165,
    "p99_tpot_ms": 27.393534703860208,
    "p99_e2e_ms": 1812.30682823807
  },
  "average": {
    "count": 120,
    "avg_ttft_ms": 476.5772816725075,
    "avg_tpot_ms": 13.26184408676147,
    "avg_e2e_ms": 7539.260971608262,
    "p50_ttft_ms": 112.63180710375309,
    "p50_tpot_ms": 10.210266336798668,
    "p50_e2e_ms": 5565.754532814026,
    "p99_ttft_ms": 5168.988547585905,
    "p99_tpot_ms": 26.983681869293967,
    "p99_e2e_ms": 20925.21217342466
  },
  "throughput": {
    "requests_per_sec": 3.9138194464875165,
    "tokens_per_sec": 2129.117778889209
  },
  "success_rate": 100.0,
  "total_requests": 120,
  "failed_requests": 0,
  "duration_sec": 30.660586580634117,
  "timestamp": "2026-01-19T02:35:11.134934",
  "error": null
}