{
  "config": "2R_1P_1pD",
  "workload": "large_long_gen",
  "qps": 4,
  "turn1": {
    "count": 40,
    "avg_ttft_ms": 108.9545913040638,
    "avg_tpot_ms": 10.939609580641413,
    "avg_e2e_ms": 11300.17519230023,
    "p50_ttft_ms": 108.69099386036396,
    "p50_tpot_ms": 9.696603261975831,
    "p50_e2e_ms": 10032.440856099129,
    "p99_ttft_ms": 226.2946357578039,
    "p99_tpot_ms": 14.281899500328716,
    "p99_e2e_ms": 14742.259580530226
  },
  "turn2": {
    "count": 40,
    "avg_ttft_ms": 90.16461204737425,
    "avg_tpot_ms": 10.707774194442246,
    "avg_e2e_ms": 5561.837225407362,
    "p50_ttft_ms": 76.10953040421009,
    "p50_tpot_ms": 9.851241579056953,
    "p50_e2e_ms": 5106.088140979409,
    "p99_ttft_ms": 198.9584860950708,
    "p99_tpot_ms": 15.183973870077944,
    "p99_e2e_ms": 7878.553402423859
  },
  "average": {
    "count": 80,
    "avg_ttft_ms": 99.55960167571902,
    "avg_tpot_ms": 10.82369188754183,
    "avg_e2e_ms": 8431.006208853796,
    "p50_ttft_ms": 91.27305261790752,
    "p50_tpot_ms": 9.786757832631572,
    "p50_e2e_ms": 8375.59987232089,
    "p99_ttft_ms": 230.98464611917717,
    "p99_tpot_ms": 15.160960965806256,
    "p99_e2e_ms": 14741.303109265864
  },
  "throughput": {
    "requests_per_sec": 2.6878633324083148,
    "tokens_per_sec": 2064.279039289586
  },
  "success_rate": 100.0,
  "total_requests": 80,
  "failed_requests": 0,
  "duration_sec": 29.763418041169643,
  "timestamp": "2026-01-19T02:17:28.179844",
  "error": null
}