{
  "config": "2R_1P_1pD",
  "workload": "large_big_paste",
  "qps": 2,
  "turn1": {
    "count": 20,
    "avg_ttft_ms": 90.40036182850599,
    "avg_tpot_ms": 9.098874408850048,
    "avg_e2e_ms": 9398.548882082105,
    "p50_ttft_ms": 93.77642720937729,
    "p50_tpot_ms": 8.53379359168391,
    "p50_e2e_ms": 8824.642715975642,
    "p99_ttft_ms": 137.84636992961168,
    "p99_tpot_ms": 11.115843717915572,
    "p99_e2e_ms": 11472.237312495708
  },
  "turn2": {
    "count": 20,
    "avg_ttft_ms": 102.07203570753336,
    "avg_tpot_ms": 8.899720840983921,
    "avg_e2e_ms": 662.7544486895204,
    "p50_ttft_ms": 80.72168566286564,
    "p50_tpot_ms": 8.668353071524983,
    "p50_e2e_ms": 631.214777007699,
    "p99_ttft_ms": 188.49704172462222,
    "p99_tpot_ms": 11.147681951877615,
    "p99_e2e_ms": 847.7499837800859
  },
  "average": {
    "count": 40,
    "avg_ttft_ms": 96.23619876801968,
    "avg_tpot_ms": 8.999297624916984,
    "avg_e2e_ms": 5030.6516653858125,
    "p50_ttft_ms": 85.36618016660213,
    "p50_tpot_ms": 8.627079974859779,
    "p50_e2e_ms": 4623.176790773869,
    "p99_ttft_ms": 185.51849704235792,
    "p99_tpot_ms": 11.223274562661333,
    "p99_e2e_ms": 11465.153619349003
  },
  "throughput": {
    "requests_per_sec": 2.0245192004859676,
    "tokens_per_sec": 1101.3384450643664
  },
  "success_rate": 100.0,
  "total_requests": 40,
  "failed_requests": 0,
  "duration_sec": 19.75777754560113,
  "timestamp": "2026-01-19T02:52:07.648005",
  "error": null
}