{
  "config": "2R_1P_1pD",
  "workload": "large_small_bal",
  "qps": 8,
  "turn1": {
    "count": 79,
    "avg_ttft_ms": 2097.448763968069,
    "avg_tpot_ms": 12.444322425678259,
    "avg_e2e_ms": 14827.990605436926,
    "p50_ttft_ms": 143.35274323821068,
    "p50_tpot_ms": 9.716083711688702,
    "p50_e2e_ms": 14436.562694609165,
    "p99_ttft_ms": 6848.380327522755,
    "p99_tpot_ms": 19.07437900745857,
    "p99_e2e_ms": 23347.270417138934
  },
  "turn2": {
    "count": 77,
    "avg_ttft_ms": 110.35822360933601,
    "avg_tpot_ms": 13.226112738248615,
    "avg_e2e_ms": 943.6033261189987,
    "p50_ttft_ms": 73.81152361631393,
    "p50_tpot_ms": 10.125930938455793,
    "p50_e2e_ms": 720.7375653088093,
    "p99_ttft_ms": 397.31975525617486,
    "p99_tpot_ms": 29.37862531060262,
    "p99_e2e_ms": 2284.7437058389187
  },
  "average": {
    "count": 156,
    "avg_ttft_ms": 1116.6412536627972,
    "avg_tpot_ms": 12.830206105600809,
    "avg_e2e_ms": 7974.799448337692,
    "p50_ttft_ms": 116.03968217968941,
    "p50_tpot_ms": 9.835640048628212,
    "p50_e2e_ms": 9304.908197373152,
    "p99_ttft_ms": 6764.215370826422,
    "p99_tpot_ms": 28.22909519845058,
    "p99_e2e_ms": 23271.81911673397
  },
  "throughput": {
    "requests_per_sec": 4.690162370803141,
    "tokens_per_sec": 2580.3108673833894
  },
  "success_rate": 98.73417721518987,
  "total_requests": 158,
  "failed_requests": 2,
  "duration_sec": 33.26110860705376,
  "timestamp": "2026-01-19T02:35:44.432489",
  "error": "ServerDown: [Errno 104] Connection reset by peer; Server disconnected"
}