{
  "config": "2R_1P_1pD",
  "workload": "large_tiny",
  "qps": 6,
  "turn1": {
    "count": 60,
    "avg_ttft_ms": 559.4027036180099,
    "avg_tpot_ms": 11.363142693118501,
    "avg_e2e_ms": 12183.897678678235,
    "p50_ttft_ms": 134.35936719179153,
    "p50_tpot_ms": 10.600260485287752,
    "p50_e2e_ms": 11073.81453923881,
    "p99_ttft_ms": 2980.182418487966,
    "p99_tpot_ms": 15.176333594677619,
    "p99_e2e_ms": 16733.49100805819
  },
  "turn2": {
    "count": 60,
    "avg_ttft_ms": 85.85475192715724,
    "avg_tpot_ms": 11.219837758890403,
    "avg_e2e_ms": 433.66972245275974,
    "p50_ttft_ms": 69.00238059461117,
    "p50_tpot_ms": 10.480925560958923,
    "p50_e2e_ms": 393.66654120385647,
    "p99_ttft_ms": 257.1904768049716,
    "p99_tpot_ms": 23.257707346591232,
    "p99_e2e_ms": 931.8472345173358
  },
  "average": {
    "count": 120,
    "avg_ttft_ms": 322.62872777258355,
    "avg_tpot_ms": 11.29149022600445,
    "avg_e2e_ms": 6308.783700565497,
    "p50_ttft_ms": 88.49486336112022,
    "p50_tpot_ms": 10.571019283385688,
    "p50_e2e_ms": 5477.810570970178,
    "p99_ttft_ms": 2941.971260868013,
    "p99_tpot_ms": 19.96484941652706,
    "p99_e2e_ms": 16463.49391534925
  },
  "throughput": {
    "requests_per_sec": 4.516619600122137,
    "tokens_per_sec": 2384.7751488644885
  },
  "success_rate": 100.0,
  "total_requests": 120,
  "failed_requests": 0,
  "duration_sec": 26.568542543798685,
  "timestamp": "2026-01-19T02:05:20.791743",
  "error": null
}