{
  "config": "2R_1P_1pD",
  "workload": "small_small_bal",
  "qps": 2,
  "turn1": {
    "count": 18,
    "avg_ttft_ms": 58.56237125893434,
    "avg_tpot_ms": 8.219931994940458,
    "avg_e2e_ms": 1102.4937346163724,
    "p50_ttft_ms": 37.06252947449684,
    "p50_tpot_ms": 8.100705441292815,
    "p50_e2e_ms": 1089.450180530548,
    "p99_ttft_ms": 137.53936812281603,
    "p99_tpot_ms": 9.495109989065822,
    "p99_e2e_ms": 1234.9611478671432
  },
  "turn2": {
    "count": 18,
    "avg_ttft_ms": 34.58770219650533,
    "avg_tpot_ms": 8.22165726669251,
    "avg_e2e_ms": 552.5521099981335,
    "p50_ttft_ms": 32.220471650362015,
    "p50_tpot_ms": 8.032569188683752,
    "p50_e2e_ms": 542.1289764344692,
    "p99_ttft_ms": 83.05798679590215,
    "p99_tpot_ms": 9.813917520500363,
    "p99_e2e_ms": 652.6521939411758
  },
  "average": {
    "count": 36,
    "avg_ttft_ms": 46.575036727719834,
    "avg_tpot_ms": 8.220794630816483,
    "avg_e2e_ms": 827.5229223072529,
    "p50_ttft_ms": 32.60776586830616,
    "p50_tpot_ms": 8.055849455240189,
    "p50_e2e_ms": 842.3674274235964,
    "p99_ttft_ms": 130.08624687790865,
    "p99_tpot_ms": 9.832566675325324,
    "p99_e2e_ms": 1225.5616219714284
  },
  "throughput": {
    "requests_per_sec": 3.511785661317224,
    "tokens_per_sec": 337.13142348645346
  },
  "success_rate": 100.0,
  "total_requests": 36,
  "failed_requests": 0,
  "duration_sec": 10.25119511038065,
  "timestamp": "2026-01-19T01:54:07.459111",
  "error": null
}