{
  "config": "2R_1P_1pD",
  "workload": "small_mid_paste",
  "qps": 10,
  "turn1": {
    "count": 83,
    "avg_ttft_ms": 57.778318962418886,
    "avg_tpot_ms": 9.129843361567596,
    "avg_e2e_ms": 1217.2684258815036,
    "p50_ttft_ms": 41.76301136612892,
    "p50_tpot_ms": 8.381305189113917,
    "p50_e2e_ms": 1144.2140936851501,
    "p99_ttft_ms": 147.51193381845934,
    "p99_tpot_ms": 11.823228152952796,
    "p99_e2e_ms": 1539.7776167839766
  },
  "turn2": {
    "count": 83,
    "avg_ttft_ms": 50.740760268576174,
    "avg_tpot_ms": 9.322084167316417,
    "avg_e2e_ms": 638.0320628095104,
    "p50_ttft_ms": 44.37817633152008,
    "p50_tpot_ms": 8.483095774574885,
    "p50_e2e_ms": 585.3130184113979,
    "p99_ttft_ms": 136.901273727417,
    "p99_tpot_ms": 12.858299994989043,
    "p99_e2e_ms": 862.7069323509929
  },
  "average": {
    "count": 166,
    "avg_ttft_ms": 54.25953961549753,
    "avg_tpot_ms": 9.225963764442005,
    "avg_e2e_ms": 927.650244345507,
    "p50_ttft_ms": 44.285137206315994,
    "p50_tpot_ms": 8.446261286735535,
    "p50_e2e_ms": 958.2796841859818,
    "p99_ttft_ms": 139.2632311210036,
    "p99_tpot_ms": 12.6229917807948,
    "p99_e2e_ms": 1537.934353016317
  },
  "throughput": {
    "requests_per_sec": 14.080764540670868,
    "tokens_per_sec": 1351.7533959044033
  },
  "success_rate": 100.0,
  "total_requests": 166,
  "failed_requests": 0,
  "duration_sec": 11.789132580161095,
  "timestamp": "2026-01-19T01:58:55.857512",
  "error": null
}