{
  "config": "2R_1P_1pD",
  "workload": "large_mid_bal",
  "qps": 8,
  "turn1": {
    "count": 80,
    "avg_ttft_ms": 2704.995550820604,
    "avg_tpot_ms": 11.84749396864729,
    "avg_e2e_ms": 14824.981880746782,
    "p50_ttft_ms": 155.13034164905548,
    "p50_tpot_ms": 10.563973304638065,
    "p50_e2e_ms": 15041.409658268094,
    "p99_ttft_ms": 7551.26650929451,
    "p99_tpot_ms": 16.171741130618873,
    "p99_e2e_ms": 23593.666036911305
  },
  "turn2": {
    "count": 80,
    "avg_ttft_ms": 107.55093623884022,
    "avg_tpot_ms": 12.032114194823414,
    "avg_e2e_ms": 1635.6294389814138,
    "p50_ttft_ms": 78.77462543547153,
    "p50_tpot_ms": 11.402912261917836,
    "p50_e2e_ms": 1537.2174233198166,
    "p99_ttft_ms": 372.1357696130872,
    "p99_tpot_ms": 22.52704039216039,
    "p99_e2e_ms": 2995.5161403119537
  },
  "average": {
    "count": 160,
    "avg_ttft_ms": 1406.273243529722,
    "avg_tpot_ms": 11.939804081735351,
    "avg_e2e_ms": 8230.305659864098,
    "p50_ttft_ms": 117.93553829193115,
    "p50_tpot_ms": 10.853134900448026,
    "p50_e2e_ms": 6647.085847333074,
    "p99_ttft_ms": 7382.488901615142,
    "p99_tpot_ms": 20.77529831870099,
    "p99_e2e_ms": 23454.31794539094
  },
  "throughput": {
    "requests_per_sec": 4.743198661156772,
    "tokens_per_sec": 2732.0824288263
  },
  "success_rate": 100.0,
  "total_requests": 160,
  "failed_requests": 0,
  "duration_sec": 33.73251078650355,
  "timestamp": "2026-01-19T02:41:34.243873",
  "error": null
}