{
  "config": "2R_1P_1pD",
  "workload": "small_big_paste",
  "qps": 20,
  "turn1": {
    "count": 200,
    "avg_ttft_ms": 523.4984031133354,
    "avg_tpot_ms": 13.27500196232453,
    "avg_e2e_ms": 2209.423652328551,
    "p50_ttft_ms": 560.7324633747339,
    "p50_tpot_ms": 10.956290610662595,
    "p50_e2e_ms": 2181.106962263584,
    "p99_ttft_ms": 1183.9560689404602,
    "p99_tpot_ms": 22.695279882883458,
    "p99_e2e_ms": 3803.3052617684
  },
  "turn2": {
    "count": 200,
    "avg_ttft_ms": 101.26006746664643,
    "avg_tpot_ms": 12.930618171831446,
    "avg_e2e_ms": 915.8890122920275,
    "p50_ttft_ms": 75.02749748528004,
    "p50_tpot_ms": 10.83497227066093,
    "p50_e2e_ms": 763.6181116104126,
    "p99_ttft_ms": 292.48828109353303,
    "p99_tpot_ms": 24.466562366320026,
    "p99_e2e_ms": 1647.2067898139358
  },
  "average": {
    "count": 400,
    "avg_ttft_ms": 312.3792352899909,
    "avg_tpot_ms": 13.10281006707799,
    "avg_e2e_ms": 1562.6563323102891,
    "p50_ttft_ms": 113.68167214095592,
    "p50_tpot_ms": 10.881368957814717,
    "p50_e2e_ms": 1376.3380572199821,
    "p99_ttft_ms": 1125.955813080072,
    "p99_tpot_ms": 23.850628583440702,
    "p99_e2e_ms": 3699.690138436853
  },
  "throughput": {
    "requests_per_sec": 30.559946221963152,
    "tokens_per_sec": 2933.7548373084624
  },
  "success_rate": 100.0,
  "total_requests": 400,
  "failed_requests": 0,
  "duration_sec": 13.089028269052505,
  "timestamp": "2026-01-19T02:01:29.962718",
  "error": null
}