{
  "config": "2R_1P_1pD",
  "workload": "small_tiny",
  "qps": 8,
  "turn1": {
    "count": 74,
    "avg_ttft_ms": 56.929741205798614,
    "avg_tpot_ms": 9.32269039674626,
    "avg_e2e_ms": 1240.9114215925738,
    "p50_ttft_ms": 46.0380744189024,
    "p50_tpot_ms": 8.290953318199774,
    "p50_e2e_ms": 1142.854819074273,
    "p99_ttft_ms": 121.49529773741958,
    "p99_tpot_ms": 15.05912125609287,
    "p99_e2e_ms": 1957.0975797623396
  },
  "turn2": {
    "count": 74,
    "avg_ttft_ms": 44.72935003404682,
    "avg_tpot_ms": 9.217338124980278,
    "avg_e2e_ms": 330.46683190843544,
    "p50_ttft_ms": 32.87079930305481,
    "p50_tpot_ms": 8.430192367203773,
    "p50_e2e_ms": 294.07395981252193,
    "p99_ttft_ms": 221.09569121152154,
    "p99_tpot_ms": 15.638884594363548,
    "p99_e2e_ms": 540.3431436792015
  },
  "average": {
    "count": 148,
    "avg_ttft_ms": 50.82954561992271,
    "avg_tpot_ms": 9.270014260863269,
    "avg_e2e_ms": 785.6891267505047,
    "p50_ttft_ms": 35.6011688709259,
    "p50_tpot_ms": 8.39383141623783,
    "p50_e2e_ms": 786.8931852281094,
    "p99_ttft_ms": 172.96339601278316,
    "p99_tpot_ms": 15.360182531155289,
    "p99_e2e_ms": 1947.0640508458018
  },
  "throughput": {
    "requests_per_sec": 12.964002125376696,
    "tokens_per_sec": 1037.1201700301358
  },
  "success_rate": 100.0,
  "total_requests": 148,
  "failed_requests": 0,
  "duration_sec": 11.41622768715024,
  "timestamp": "2026-01-19T01:42:02.225523",
  "error": null
}