{
  "config": "2R_1P_1pD",
  "workload": "large_long_gen",
  "qps": 16,
  "turn1": {
    "count": 145,
    "avg_ttft_ms": 14910.47674407219,
    "avg_tpot_ms": 12.12076300105757,
    "avg_e2e_ms": 27310.017294154084,
    "p50_ttft_ms": 13962.728206068277,
    "p50_tpot_ms": 10.315556654511775,
    "p50_e2e_ms": 25315.26167690754,
    "p99_ttft_ms": 39312.693642526865,
    "p99_tpot_ms": 20.2651535363491,
    "p99_e2e_ms": 51378.87306839228
  },
  "turn2": {
    "count": 144,
    "avg_ttft_ms": 96.58526730102797,
    "avg_tpot_ms": 12.899071343079497,
    "avg_e2e_ms": 6688.010723614651,
    "p50_ttft_ms": 72.62295484542847,
    "p50_tpot_ms": 11.195646442195908,
    "p50_e2e_ms": 5803.009437397122,
    "p99_ttft_ms": 266.91884901374567,
    "p99_tpot_ms": 22.969929338186805,
    "p99_e2e_ms": 11805.925863943994
  },
  "average": {
    "count": 289,
    "avg_ttft_ms": 7529.160575715625,
    "avg_tpot_ms": 12.508570617843581,
    "avg_e2e_ms": 17034.692220944125,
    "p50_ttft_ms": 130.82989677786827,
    "p50_tpot_ms": 10.812471379486812,
    "p50_e2e_ms": 10539.828058332205,
    "p99_ttft_ms": 39105.39967045188,
    "p99_tpot_ms": 22.919396154742884,
    "p99_e2e_ms": 51020.553501844406
  },
  "throughput": {
    "requests_per_sec": 4.187957663466597,
    "tokens_per_sec": 3220.061233507217
  },
  "success_rate": 99.6551724137931,
  "total_requests": 290,
  "failed_requests": 1,
  "duration_sec": 69.00738336518407,
  "timestamp": "2026-01-19T02:21:39.277327",
  "error": "Server disconnected"
}