{
  "config": "2R_1P_1pD",
  "workload": "small_mid_bal",
  "qps": 4,
  "turn1": {
    "count": 38,
    "avg_ttft_ms": 52.22914671819461,
    "avg_tpot_ms": 8.862458005041145,
    "avg_e2e_ms": 1177.7613133584198,
    "p50_ttft_ms": 36.696407943964005,
    "p50_tpot_ms": 8.304203765129479,
    "p50_e2e_ms": 1111.1394669860601,
    "p99_ttft_ms": 141.07294514775285,
    "p99_tpot_ms": 11.432280669238155,
    "p99_e2e_ms": 1486.6153813526037
  },
  "turn2": {
    "count": 38,
    "avg_ttft_ms": 38.88584996916746,
    "avg_tpot_ms": 8.707785074993925,
    "avg_e2e_ms": 1144.774554493396,
    "p50_ttft_ms": 34.93710421025753,
    "p50_tpot_ms": 8.274786951621687,
    "p50_e2e_ms": 1087.4159168452024,
    "p99_ttft_ms": 92.99269493669273,
    "p99_tpot_ms": 11.388352337608659,
    "p99_e2e_ms": 1485.3113083913925
  },
  "average": {
    "count": 76,
    "avg_ttft_ms": 45.55749834368103,
    "avg_tpot_ms": 8.785121540017537,
    "avg_e2e_ms": 1161.2679339259078,
    "p50_ttft_ms": 35.107359290122986,
    "p50_tpot_ms": 8.278243947686173,
    "p50_e2e_ms": 1100.1188270747662,
    "p99_ttft_ms": 130.31675294041634,
    "p99_tpot_ms": 11.54324207014925,
    "p99_e2e_ms": 1505.5921897292137
  },
  "throughput": {
    "requests_per_sec": 6.046798655167867,
    "tokens_per_sec": 773.990227861487
  },
  "success_rate": 100.0,
  "total_requests": 76,
  "failed_requests": 0,
  "duration_sec": 12.568634137511253,
  "timestamp": "2026-01-19T01:56:19.933924",
  "error": null
}