{
  "config": "2R_1P_1pD",
  "workload": "large_mid_bal",
  "qps": 20,
  "turn1": {
    "count": 200,
    "avg_ttft_ms": 19909.309841282666,
    "avg_tpot_ms": 14.144148223469887,
    "avg_e2e_ms": 34378.77347389236,
    "p50_ttft_ms": 17898.43188971281,
    "p50_tpot_ms": 9.902664481180622,
    "p50_e2e_ms": 33269.65033635497,
    "p99_ttft_ms": 50103.5374391824,
    "p99_tpot_ms": 25.10635910972676,
    "p99_e2e_ms": 65029.48074426501
  },
  "turn2": {
    "count": 200,
    "avg_ttft_ms": 110.77920835465193,
    "avg_tpot_ms": 14.122959335635262,
    "avg_e2e_ms": 1904.3950439803302,
    "p50_ttft_ms": 88.50251138210297,
    "p50_tpot_ms": 10.447314243734352,
    "p50_e2e_ms": 1423.3582261949778,
    "p99_ttft_ms": 305.4879005253315,
    "p99_tpot_ms": 28.15629474290711,
    "p99_e2e_ms": 3954.4648200646043
  },
  "average": {
    "count": 400,
    "avg_ttft_ms": 10010.044524818659,
    "avg_tpot_ms": 14.133553779552576,
    "avg_e2e_ms": 18141.584258936346,
    "p50_ttft_ms": 158.4879867732525,
    "p50_tpot_ms": 10.322218350186123,
    "p50_e2e_ms": 7006.850801408291,
    "p99_ttft_ms": 48114.413407593966,
    "p99_tpot_ms": 27.341937499604825,
    "p99_e2e_ms": 63534.63522613047
  },
  "throughput": {
    "requests_per_sec": 5.201049801448261,
    "tokens_per_sec": 2995.804685634198
  },
  "success_rate": 100.0,
  "total_requests": 400,
  "failed_requests": 0,
  "duration_sec": 76.90755045041442,
  "timestamp": "2026-01-19T02:45:11.259495",
  "error": null
}