{
  "config": "2R_1P_1pD",
  "workload": "large_very_long_gen",
  "qps": 10,
  "turn1": {
    "count": 88,
    "avg_ttft_ms": 7923.824178478258,
    "avg_tpot_ms": 11.662040536723833,
    "avg_e2e_ms": 19854.09164754674,
    "p50_ttft_ms": 147.4014576524496,
    "p50_tpot_ms": 10.83233853472526,
    "p50_e2e_ms": 12785.311944782734,
    "p99_ttft_ms": 19324.378615878522,
    "p99_tpot_ms": 17.308015126957105,
    "p99_e2e_ms": 36566.75239272416
  },
  "turn2": {
    "count": 88,
    "avg_ttft_ms": 101.80900478735566,
    "avg_tpot_ms": 12.395305350354333,
    "avg_e2e_ms": 12782.206378199837,
    "p50_ttft_ms": 79.5618686825037,
    "p50_tpot_ms": 11.578292845368734,
    "p50_e2e_ms": 11913.514574989676,
    "p99_ttft_ms": 271.6701064631341,
    "p99_tpot_ms": 16.664982174294668,
    "p99_e2e_ms": 17313.40599436313
  },
  "average": {
    "count": 176,
    "avg_ttft_ms": 4012.8165916328066,
    "avg_tpot_ms": 12.02867294353908,
    "avg_e2e_ms": 16318.149012873288,
    "p50_ttft_ms": 104.6642791479826,
    "p50_tpot_ms": 11.286022640466108,
    "p50_e2e_ms": 11936.026671901345,
    "p99_ttft_ms": 19272.42429740727,
    "p99_tpot_ms": 17.281393930206725,
    "p99_e2e_ms": 36535.169766284525
  },
  "throughput": {
    "requests_per_sec": 2.8769665187011637,
    "tokens_per_sec": 2946.0137151499916
  },
  "success_rate": 100.0,
  "total_requests": 176,
  "failed_requests": 0,
  "duration_sec": 61.17554683238268,
  "timestamp": "2026-01-19T02:28:13.467997",
  "error": null
}