{
  "config": "2R_1P_1pD",
  "workload": "small_mid_paste",
  "qps": 16,
  "turn1": {
    "count": 148,
    "avg_ttft_ms": 66.1143344902509,
    "avg_tpot_ms": 10.828993455642625,
    "avg_e2e_ms": 1441.3965033568643,
    "p50_ttft_ms": 50.568053498864174,
    "p50_tpot_ms": 9.263455501104904,
    "p50_e2e_ms": 1261.5407798439264,
    "p99_ttft_ms": 170.0357558578253,
    "p99_tpot_ms": 17.444793274552804,
    "p99_e2e_ms": 2281.8520897999406
  },
  "turn2": {
    "count": 148,
    "avg_ttft_ms": 58.60093490195435,
    "avg_tpot_ms": 10.90804785841629,
    "avg_e2e_ms": 745.8079499821808,
    "p50_ttft_ms": 47.739846631884575,
    "p50_tpot_ms": 9.424274876004173,
    "p50_e2e_ms": 644.9303794652224,
    "p99_ttft_ms": 157.4508894607425,
    "p99_tpot_ms": 21.975911429358852,
    "p99_e2e_ms": 1454.594217799604
  },
  "average": {
    "count": 296,
    "avg_ttft_ms": 62.35763469610263,
    "avg_tpot_ms": 10.868520657029459,
    "avg_e2e_ms": 1093.6022266695225,
    "p50_ttft_ms": 49.16500858962536,
    "p50_tpot_ms": 9.335109817348128,
    "p50_e2e_ms": 1128.7900246679783,
    "p99_ttft_ms": 166.04359634220623,
    "p99_tpot_ms": 21.594448973025592,
    "p99_e2e_ms": 2257.5086105614905
  },
  "throughput": {
    "requests_per_sec": 23.971709132972435,
    "tokens_per_sec": 2301.284076765354
  },
  "success_rate": 100.0,
  "total_requests": 296,
  "failed_requests": 0,
  "duration_sec": 12.347888853400946,
  "timestamp": "2026-01-19T01:59:20.180422",
  "error": null
}