{
  "config": "2R_1P_1pD",
  "workload": "large_long_gen",
  "qps": 1,
  "turn1": {
    "count": 7,
    "avg_ttft_ms": 115.23496199931417,
    "avg_tpot_ms": 8.671785568103928,
    "avg_e2e_ms": 8986.471598169634,
    "p50_ttft_ms": 134.30357724428177,
    "p50_tpot_ms": 8.12463006796725,
    "p50_e2e_ms": 8445.800136774778,
    "p99_ttft_ms": 141.46202705800533,
    "p99_tpot_ms": 10.548588942120968,
    "p99_e2e_ms": 10928.70203152299
  },
  "turn2": {
    "count": 7,
    "avg_ttft_ms": 93.46290198819977,
    "avg_tpot_ms": 9.112189469980333,
    "avg_e2e_ms": 4749.79172114815,
    "p50_ttft_ms": 62.040988355875015,
    "p50_tpot_ms": 8.387735488946657,
    "p50_e2e_ms": 4326.485827565193,
    "p99_ttft_ms": 225.59336021542543,
    "p99_tpot_ms": 10.87683736694769,
    "p99_e2e_ms": 5783.657254725695
  },
  "average": {
    "count": 14,
    "avg_ttft_ms": 104.34893199375698,
    "avg_tpot_ms": 8.89198751904213,
    "avg_e2e_ms": 6868.131659658892,
    "p50_ttft_ms": 111.89492791891098,
    "p50_tpot_ms": 8.248804065552054,
    "p50_e2e_ms": 6709.165431559086,
    "p99_ttft_ms": 220.7498605921864,
    "p99_tpot_ms": 10.859494150384764,
    "p99_e2e_ms": 10901.09752997756
  },
  "throughput": {
    "requests_per_sec": 0.5944227272665622,
    "tokens_per_sec": 456.51665454071974
  },
  "success_rate": 100.0,
  "total_requests": 14,
  "failed_requests": 0,
  "duration_sec": 23.55226231738925,
  "timestamp": "2026-01-19T02:16:31.559320",
  "error": null
}