{
  "config": "2R_1P_1pD",
  "workload": "small_small_bal",
  "qps": 8,
  "turn1": {
    "count": 77,
    "avg_ttft_ms": 52.710836680678575,
    "avg_tpot_ms": 9.287314555578309,
    "avg_e2e_ms": 1232.1997852391237,
    "p50_ttft_ms": 36.64548695087433,
    "p50_tpot_ms": 8.425633679694078,
    "p50_e2e_ms": 1150.9753800928593,
    "p99_ttft_ms": 129.6027044951915,
    "p99_tpot_ms": 11.643150543838034,
    "p99_e2e_ms": 1518.9311382174492
  },
  "turn2": {
    "count": 77,
    "avg_ttft_ms": 40.415701879696414,
    "avg_tpot_ms": 9.229537094992178,
    "avg_e2e_ms": 621.8765388642039,
    "p50_ttft_ms": 35.87854281067848,
    "p50_tpot_ms": 8.479935309243581,
    "p50_e2e_ms": 571.8840882182121,
    "p99_ttft_ms": 101.89988613128659,
    "p99_tpot_ms": 12.006915952005082,
    "p99_e2e_ms": 800.6209418177605
  },
  "average": {
    "count": 154,
    "avg_ttft_ms": 46.5632692801875,
    "avg_tpot_ms": 9.258425825285244,
    "avg_e2e_ms": 927.0381620516638,
    "p50_ttft_ms": 36.49824485182762,
    "p50_tpot_ms": 8.440693747496667,
    "p50_e2e_ms": 925.444832071662,
    "p99_ttft_ms": 125.83800990134478,
    "p99_tpot_ms": 11.922018028913982,
    "p99_e2e_ms": 1510.6078724563122
  },
  "throughput": {
    "requests_per_sec": 13.368968227259508,
    "tokens_per_sec": 1283.4209498169128
  },
  "success_rate": 100.0,
  "total_requests": 154,
  "failed_requests": 0,
  "duration_sec": 11.519213553518057,
  "timestamp": "2026-01-19T01:54:41.302624",
  "error": null
}