{
  "config": "2R_1P_1pD",
  "workload": "large_tiny",
  "qps": 20,
  "turn1": {
    "count": 188,
    "avg_ttft_ms": 16834.469620514898,
    "avg_tpot_ms": 13.516022160972232,
    "avg_e2e_ms": 30661.360291189496,
    "p50_ttft_ms": 18266.52659289539,
    "p50_tpot_ms": 10.114181548255047,
    "p50_e2e_ms": 29472.363263368607,
    "p99_ttft_ms": 36681.21955424547,
    "p99_tpot_ms": 20.927358883435776,
    "p99_e2e_ms": 53722.19556745142
  },
  "turn2": {
    "count": 188,
    "avg_ttft_ms": 146.3939521976925,
    "avg_tpot_ms": 19.558574958316413,
    "avg_e2e_ms": 752.7097759055014,
    "p50_ttft_ms": 85.93737334012985,
    "p50_tpot_ms": 10.930435371495062,
    "p50_e2e_ms": 445.67384757101536,
    "p99_ttft_ms": 509.7478575631976,
    "p99_tpot_ms": 88.12297954674686,
    "p99_e2e_ms": 3090.1396311447024
  },
  "average": {
    "count": 376,
    "avg_ttft_ms": 8490.431786356296,
    "avg_tpot_ms": 16.537298559644324,
    "avg_e2e_ms": 15707.035033547498,
    "p50_ttft_ms": 258.65969620645046,
    "p50_tpot_ms": 10.572205988630172,
    "p50_e2e_ms": 6421.732334420085,
    "p99_ttft_ms": 36527.57329773158,
    "p99_tpot_ms": 81.18365539778625,
    "p99_e2e_ms": 53692.84772220999
  },
  "throughput": {
    "requests_per_sec": 5.881477848775177,
    "tokens_per_sec": 3105.4203041532933
  },
  "success_rate": 100.0,
  "total_requests": 376,
  "failed_requests": 0,
  "duration_sec": 63.9295105189085,
  "timestamp": "2026-01-19T02:09:06.417432",
  "error": null
}