{
  "config": "2R_1P_1pD",
  "workload": "small_long_gen",
  "qps": 10,
  "turn1": {
    "count": 81,
    "avg_ttft_ms": 105.62480103086543,
    "avg_tpot_ms": 9.762123197786453,
    "avg_e2e_ms": 1345.4144471497448,
    "p50_ttft_ms": 53.64445224404335,
    "p50_tpot_ms": 8.837407117518852,
    "p50_e2e_ms": 1219.4612137973309,
    "p99_ttft_ms": 557.671805471182,
    "p99_tpot_ms": 12.638827413320541,
    "p99_e2e_ms": 2099.435032904148
  },
  "turn2": {
    "count": 81,
    "avg_ttft_ms": 38.468749388868424,
    "avg_tpot_ms": 9.798022065607688,
    "avg_e2e_ms": 5045.2580249143975,
    "p50_ttft_ms": 34.84106808900833,
    "p50_tpot_ms": 8.782701118468305,
    "p50_e2e_ms": 4523.94237741828,
    "p99_ttft_ms": 82.65885338187219,
    "p99_tpot_ms": 12.367477948884908,
    "p99_e2e_ms": 6363.932763040066
  },
  "average": {
    "count": 162,
    "avg_ttft_ms": 72.04677520986692,
    "avg_tpot_ms": 9.78007263169707,
    "avg_e2e_ms": 3195.336236032071,
    "p50_ttft_ms": 39.03397172689438,
    "p50_tpot_ms": 8.83026479736088,
    "p50_e2e_ms": 3204.589856788516,
    "p99_ttft_ms": 530.2494755759831,
    "p99_tpot_ms": 12.618349742760339,
    "p99_e2e_ms": 6353.535342477262
  },
  "throughput": {
    "requests_per_sec": 9.20002894027271,
    "tokens_per_sec": 2944.0092608872674
  },
  "success_rate": 100.0,
  "total_requests": 162,
  "failed_requests": 0,
  "duration_sec": 17.608640260994434,
  "timestamp": "2026-01-19T01:47:01.743939",
  "error": null
}