{
  "config": "2R_1P_1pD",
  "workload": "large_mid_bal",
  "qps": 12,
  "turn1": {
    "count": 111,
    "avg_ttft_ms": 6705.3891412309695,
    "avg_tpot_ms": 12.852175387526156,
    "avg_e2e_ms": 19853.16456267023,
    "p50_ttft_ms": 8185.857128351927,
    "p50_tpot_ms": 9.831459167707468,
    "p50_e2e_ms": 19250.5403123796,
    "p99_ttft_ms": 16478.760943189263,
    "p99_tpot_ms": 21.592422223714557,
    "p99_e2e_ms": 34107.26442113519
  },
  "turn2": {
    "count": 110,
    "avg_ttft_ms": 113.66105665537444,
    "avg_tpot_ms": 14.157673337349484,
    "avg_e2e_ms": 1911.685570498759,
    "p50_ttft_ms": 72.27547839283943,
    "p50_tpot_ms": 10.34727337674832,
    "p50_e2e_ms": 1381.2887724488974,
    "p99_ttft_ms": 382.2691980004307,
    "p99_tpot_ms": 30.58080882450023,
    "p99_e2e_ms": 4180.695377700031
  },
  "average": {
    "count": 221,
    "avg_ttft_ms": 3424.4385108992255,
    "avg_tpot_ms": 13.501970747166727,
    "avg_e2e_ms": 10923.016648014745,
    "p50_ttft_ms": 131.36569783091545,
    "p50_tpot_ms": 10.009359014844149,
    "p50_e2e_ms": 9711.603347212076,
    "p99_ttft_ms": 16390.522316098213,
    "p99_tpot_ms": 29.72662680027054,
    "p99_e2e_ms": 34080.30603453517
  },
  "throughput": {
    "requests_per_sec": 4.939385270851294,
    "tokens_per_sec": 2855.0987875096275
  },
  "success_rate": 99.54954954954955,
  "total_requests": 222,
  "failed_requests": 1,
  "duration_sec": 44.74240981042385,
  "timestamp": "2026-01-19T02:42:56.485353",
  "error": "Server disconnected"
}