{
  "config": "4R",
  "ppd_enabled": false,
  "qps": 2.0,
  "num_conversations": 500,
  "duration_sec": 297.2003310061991,
  "timestamp": "2026-01-21T06:34:21.761746",
  "turn1": {
    "count": 500,
    "avg_ttft_ms": 35.147456258535385,
    "avg_tpot_ms": 9.004112100716855,
    "avg_e2e_ms": 2504.5248591154814,
    "p50_ttft_ms": 32.204777002334595,
    "p50_tpot_ms": 8.719505353576757,
    "p50_e2e_ms": 1574.1882473230362,
    "p90_ttft_ms": 43.94043199717999,
    "p90_tpot_ms": 10.566951072809442,
    "p90_e2e_ms": 6210.565039142969,
    "p99_ttft_ms": 78.62846218049512,
    "p99_tpot_ms": 12.121098565251526,
    "p99_e2e_ms": 11163.663650341328
  },
  "turn2plus": {
    "count": 1556,
    "avg_ttft_ms": 38.10008177366156,
    "avg_tpot_ms": 9.063898977152483,
    "avg_e2e_ms": 2531.1548601007594,
    "p50_ttft_ms": 35.2677758783102,
    "p50_tpot_ms": 8.740546583544974,
    "p50_e2e_ms": 1657.7186062932014,
    "p90_ttft_ms": 48.80816675722599,
    "p90_tpot_ms": 10.777686847003137,
    "p90_e2e_ms": 5935.183245688677,
    "p99_ttft_ms": 81.35682214051491,
    "p99_tpot_ms": 12.146307270704304,
    "p99_e2e_ms": 10907.639938220385
  },
  "all_turns": {
    "count": 2056,
    "avg_ttft_ms": 37.38203082153943,
    "avg_tpot_ms": 9.049426409699056,
    "avg_e2e_ms": 2524.6786925459737,
    "p50_ttft_ms": 34.783562645316124,
    "p50_tpot_ms": 8.73739638232759,
    "p50_e2e_ms": 1638.581819832325,
    "p90_ttft_ms": 48.28745499253273,
    "p90_tpot_ms": 10.748974185278922,
    "p90_e2e_ms": 5986.433679237962,
    "p99_ttft_ms": 81.35682214051491,
    "p99_tpot_ms": 12.133599337784277,
    "p99_e2e_ms": 11044.972345419237
  },
  "throughput": {
    "conversations_per_sec": 1.6823669015010982,
    "requests_per_sec": 6.9178926989725165,
    "tokens_per_sec": 1898.8774275228807
  },
  "success_rate": {
    "turns": 100.0,
    "conversations": 100.0
  },
  "counts": {
    "total_conversations": 500,
    "successful_conversations": 500,
    "total_turns": 2056,
    "turn1_count": 500,
    "turn2plus_count": 1556,
    "successful_turns": 2056
  },
  "slo_attainment": {
    "ttft_100ms": 0.9974293059125964,
    "ttft_200ms": 1.0,
    "ttft_500ms": 1.0,
    "tpot_15ms": 1.0,
    "tpot_30ms": 1.0,
    "e2e_5000ms": 0.8541131105398457,
    "e2e_10000ms": 0.9813624678663239
  }
}