{
  "config": "4R",
  "ppd_enabled": false,
  "qps": 8.0,
  "num_conversations": 500,
  "duration_sec": 158.50056236982346,
  "timestamp": "2026-01-21T06:40:04.858387",
  "turn1": {
    "count": 500,
    "avg_ttft_ms": 16859.376350685954,
    "avg_tpot_ms": 9.926769096516578,
    "avg_e2e_ms": 19666.980727799237,
    "p50_ttft_ms": 15601.226517930627,
    "p50_tpot_ms": 9.594183012904704,
    "p50_e2e_ms": 19235.276071354747,
    "p90_ttft_ms": 36949.738688394435,
    "p90_tpot_ms": 11.807097170543493,
    "p90_e2e_ms": 39266.65617227554,
    "p99_ttft_ms": 39937.746268212795,
    "p99_tpot_ms": 13.312935818906963,
    "p99_e2e_ms": 47193.15114311874
  },
  "turn2plus": {
    "count": 1556,
    "avg_ttft_ms": 82.5978706238892,
    "avg_tpot_ms": 10.001222082394987,
    "avg_e2e_ms": 2824.255415034938,
    "p50_ttft_ms": 43.313052505254745,
    "p50_tpot_ms": 9.589582004330374,
    "p50_e2e_ms": 1809.310670942068,
    "p90_ttft_ms": 57.227848097682,
    "p90_tpot_ms": 12.288227465775476,
    "p90_e2e_ms": 6450.826087966561,
    "p99_ttft_ms": 86.8669629096985,
    "p99_tpot_ms": 13.702892705798153,
    "p99_e2e_ms": 12847.044835798453
  },
  "all_turns": {
    "count": 2056,
    "avg_ttft_ms": 4162.553726670111,
    "avg_tpot_ms": 9.983199300064246,
    "avg_e2e_ms": 6920.248924948434,
    "p50_ttft_ms": 45.704323798418045,
    "p50_tpot_ms": 9.58968698978424,
    "p50_e2e_ms": 2689.245067536831,
    "p90_ttft_ms": 21439.574351534247,
    "p90_tpot_ms": 12.164387075688271,
    "p90_e2e_ms": 25041.35792143643,
    "p99_ttft_ms": 38914.12988323718,
    "p99_tpot_ms": 13.567654295191684,
    "p99_e2e_ms": 42710.77277604491
  },
  "throughput": {
    "conversations_per_sec": 3.1545629398674855,
    "requests_per_sec": 12.971562808735099,
    "tokens_per_sec": 3560.5362628507914
  },
  "success_rate": {
    "turns": 100.0,
    "conversations": 100.0
  },
  "counts": {
    "total_conversations": 500,
    "successful_conversations": 500,
    "total_turns": 2056,
    "turn1_count": 500,
    "turn2plus_count": 1556,
    "successful_turns": 2056
  },
  "slo_attainment": {
    "ttft_100ms": 0.9942159383033419,
    "ttft_200ms": 0.9987146529562982,
    "ttft_500ms": 0.9987146529562982,
    "tpot_15ms": 0.9980682549903412,
    "tpot_30ms": 1.0,
    "e2e_5000ms": 0.8303341902313625,
    "e2e_10000ms": 0.9710796915167095
  }
}