{
  "config": "1P_2D_1pD",
  "ppd_enabled": true,
  "qps": 2.0,
  "num_conversations": 500,
  "duration_sec": 289.08350494131446,
  "timestamp": "2026-01-22T00:55:21.580778",
  "turn1": {
    "count": 500,
    "avg_ttft_ms": 118.45649962127209,
    "avg_tpot_ms": 8.963490416455631,
    "avg_e2e_ms": 2555.6258593052626,
    "p50_ttft_ms": 94.82507407665253,
    "p50_tpot_ms": 8.974091695082182,
    "p50_e2e_ms": 1689.5863432437181,
    "p90_ttft_ms": 155.02346009016037,
    "p90_tpot_ms": 9.504832451542217,
    "p90_e2e_ms": 6140.308838337661,
    "p99_ttft_ms": 288.66972021758545,
    "p99_tpot_ms": 10.006325609154171,
    "p99_e2e_ms": 10061.61099653691
  },
  "turn2plus": {
    "count": 1556,
    "avg_ttft_ms": 90.87425614958558,
    "avg_tpot_ms": 9.010231588505292,
    "avg_e2e_ms": 2554.5538402303746,
    "p50_ttft_ms": 92.51982346177101,
    "p50_tpot_ms": 9.031341876834631,
    "p50_e2e_ms": 1691.4518009871244,
    "p90_ttft_ms": 154.30214069783688,
    "p90_tpot_ms": 9.560162950134757,
    "p90_e2e_ms": 6034.163780510426,
    "p99_ttft_ms": 224.14791844785228,
    "p99_tpot_ms": 9.953335575357164,
    "p99_e2e_ms": 9964.776650071146
  },
  "all_turns": {
    "count": 2056,
    "avg_ttft_ms": 97.5820001845288,
    "avg_tpot_ms": 8.998916985607961,
    "avg_e2e_ms": 2554.8145452583144,
    "p50_ttft_ms": 93.54822337627411,
    "p50_tpot_ms": 9.020159606422697,
    "p50_e2e_ms": 1691.2454292178154,
    "p90_ttft_ms": 154.3963197618723,
    "p90_tpot_ms": 9.556222958467561,
    "p90_e2e_ms": 6091.342870146036,
    "p99_ttft_ms": 244.3455763161184,
    "p99_tpot_ms": 9.998222772425752,
    "p99_e2e_ms": 10035.27855090797
  },
  "throughput": {
    "conversations_per_sec": 1.7296040467667042,
    "requests_per_sec": 7.112131840304688,
    "tokens_per_sec": 1952.1937099612983
  },
  "success_rate": {
    "turns": 100.0,
    "conversations": 100.0
  },
  "counts": {
    "total_conversations": 500,
    "successful_conversations": 500,
    "total_turns": 2056,
    "turn1_count": 500,
    "turn2plus_count": 1556,
    "successful_turns": 2056
  },
  "slo_attainment": {
    "ttft_100ms": 0.6008997429305912,
    "ttft_200ms": 0.9749357326478149,
    "ttft_500ms": 1.0,
    "tpot_15ms": 1.0,
    "tpot_30ms": 1.0,
    "e2e_5000ms": 0.8547557840616966,
    "e2e_10000ms": 0.9903598971722365
  }
}