{
  "config": "2P_2D",
  "ppd_enabled": true,
  "qps": 2.0,
  "num_conversations": 500,
  "duration_sec": 283.2683620490134,
  "timestamp": "2026-01-21T21:06:06.252281",
  "turn1": {
    "count": 500,
    "avg_ttft_ms": 105.18020183593035,
    "avg_tpot_ms": 9.393257874705364,
    "avg_e2e_ms": 2873.0533456727862,
    "p50_ttft_ms": 101.0767575353384,
    "p50_tpot_ms": 9.404941058503383,
    "p50_e2e_ms": 2723.24575483799,
    "p90_ttft_ms": 133.57430994510656,
    "p90_tpot_ms": 9.84848179715745,
    "p90_e2e_ms": 5352.730254828932,
    "p99_ttft_ms": 181.46946519613263,
    "p99_tpot_ms": 10.585069761921957,
    "p99_e2e_ms": 8170.572901964187
  },
  "turn2plus": {
    "count": 1704,
    "avg_ttft_ms": 41.38296861157801,
    "avg_tpot_ms": 9.447688246904132,
    "avg_e2e_ms": 2975.9825333043445,
    "p50_ttft_ms": 38.748372346162796,
    "p50_tpot_ms": 9.480109318923779,
    "p50_e2e_ms": 2770.619472488761,
    "p90_ttft_ms": 50.001221150159836,
    "p90_tpot_ms": 9.873810335758979,
    "p90_e2e_ms": 5522.808236628771,
    "p99_ttft_ms": 74.97420676052575,
    "p99_tpot_ms": 10.29705257862417,
    "p99_e2e_ms": 8233.315147422256
  },
  "all_turns": {
    "count": 2204,
    "avg_ttft_ms": 55.8560251506779,
    "avg_tpot_ms": 9.435333495147072,
    "avg_e2e_ms": 2952.6319916456423,
    "p50_ttft_ms": 42.434971779584885,
    "p50_tpot_ms": 9.47142982407199,
    "p50_e2e_ms": 2764.727706089616,
    "p90_ttft_ms": 103.09740714728832,
    "p90_tpot_ms": 9.867392698691347,
    "p90_e2e_ms": 5517.843732610345,
    "p99_ttft_ms": 159.72871240228406,
    "p99_tpot_ms": 10.31633738381199,
    "p99_e2e_ms": 8231.806125789872
  },
  "throughput": {
    "conversations_per_sec": 1.7651106406068955,
    "requests_per_sec": 7.780607703795195,
    "tokens_per_sec": 2403.752381927439
  },
  "success_rate": {
    "turns": 100.0,
    "conversations": 100.0
  },
  "counts": {
    "total_conversations": 500,
    "successful_conversations": 500,
    "total_turns": 2204,
    "turn1_count": 500,
    "turn2plus_count": 1704,
    "successful_turns": 2204
  },
  "slo_attainment": {
    "ttft_100ms": 1.0,
    "ttft_200ms": 1.0,
    "ttft_500ms": 1.0,
    "tpot_15ms": 1.0,
    "tpot_30ms": 1.0,
    "e2e_5000ms": 0.8562206572769953,
    "e2e_10000ms": 0.9988262910798122
  }
}