{
  "config": "2P_2D",
  "ppd_enabled": true,
  "qps": 4.0,
  "num_conversations": 500,
  "duration_sec": 167.47569728270173,
  "timestamp": "2026-01-21T21:08:54.073317",
  "turn1": {
    "count": 500,
    "avg_ttft_ms": 11396.629878260195,
    "avg_tpot_ms": 10.159265838849517,
    "avg_e2e_ms": 14390.075489275157,
    "p50_ttft_ms": 13533.053176477551,
    "p50_tpot_ms": 10.210809366316038,
    "p50_e2e_ms": 14924.527326598763,
    "p90_ttft_ms": 21821.17544785142,
    "p90_tpot_ms": 10.907333391178556,
    "p90_e2e_ms": 25565.994393080473,
    "p99_ttft_ms": 24672.28031631559,
    "p99_tpot_ms": 11.538902228835399,
    "p99_e2e_ms": 29508.51046986878
  },
  "turn2plus": {
    "count": 1704,
    "avg_ttft_ms": 47.392280549335645,
    "avg_tpot_ms": 10.194700761320977,
    "avg_e2e_ms": 3213.6188508164437,
    "p50_ttft_ms": 46.73093929886818,
    "p50_tpot_ms": 10.255064378114913,
    "p50_e2e_ms": 2981.5981201827526,
    "p90_ttft_ms": 60.165826603770256,
    "p90_tpot_ms": 10.923397779024603,
    "p90_e2e_ms": 6040.248753130436,
    "p99_ttft_ms": 75.3013235703111,
    "p99_tpot_ms": 11.345880941084141,
    "p99_e2e_ms": 9063.946153670555
  },
  "all_turns": {
    "count": 2204,
    "avg_ttft_ms": 2622.0832056198574,
    "avg_tpot_ms": 10.18665764765152,
    "avg_e2e_ms": 5749.112643570235,
    "p50_ttft_ms": 48.69287833571434,
    "p50_tpot_ms": 10.240851069276843,
    "p50_e2e_ms": 3521.72664180398,
    "p90_ttft_ms": 14559.096390381455,
    "p90_tpot_ms": 10.9212730117592,
    "p90_e2e_ms": 18168.29704195261,
    "p99_ttft_ms": 23996.307692788538,
    "p99_tpot_ms": 11.380153267557334,
    "p99_e2e_ms": 27342.453703805797
  },
  "throughput": {
    "conversations_per_sec": 2.985507796728213,
    "requests_per_sec": 13.160118367977963,
    "tokens_per_sec": 4065.7063146936343
  },
  "success_rate": {
    "turns": 100.0,
    "conversations": 100.0
  },
  "counts": {
    "total_conversations": 500,
    "successful_conversations": 500,
    "total_turns": 2204,
    "turn1_count": 500,
    "turn2plus_count": 1704,
    "successful_turns": 2204
  },
  "slo_attainment": {
    "ttft_100ms": 0.9982394366197183,
    "ttft_200ms": 1.0,
    "ttft_500ms": 1.0,
    "tpot_15ms": 0.9988207547169812,
    "tpot_30ms": 1.0,
    "e2e_5000ms": 0.8110328638497653,
    "e2e_10000ms": 0.9947183098591549
  }
}