{
  "config": "1P_3pD",
  "ppd_enabled": false,
  "qps": 12.0,
  "num_conversations": 500,
  "duration_sec": 151.54677391797304,
  "timestamp": "2026-01-21T08:52:54.194041",
  "turn1": {
    "count": 500,
    "avg_ttft_ms": 25904.727097980678,
    "avg_tpot_ms": 9.865107796946575,
    "avg_e2e_ms": 28720.866086162627,
    "p50_ttft_ms": 24631.25321827829,
    "p50_tpot_ms": 9.63502045666826,
    "p50_e2e_ms": 28537.06106171012,
    "p90_ttft_ms": 53875.03348030151,
    "p90_tpot_ms": 10.960085970711184,
    "p90_e2e_ms": 56517.5973225385,
    "p99_ttft_ms": 60869.732911363244,
    "p99_tpot_ms": 11.744586957907035,
    "p99_e2e_ms": 64386.20364110916
  },
  "turn2plus": {
    "count": 1556,
    "avg_ttft_ms": 159.420073013226,
    "avg_tpot_ms": 9.936135205822989,
    "avg_e2e_ms": 2871.1577416936316,
    "p50_ttft_ms": 45.70450447499752,
    "p50_tpot_ms": 9.728748060831236,
    "p50_e2e_ms": 1830.3059227764606,
    "p90_ttft_ms": 61.01905554533005,
    "p90_tpot_ms": 11.030226098877707,
    "p90_e2e_ms": 6551.682807505131,
    "p99_ttft_ms": 83.44829138368377,
    "p99_tpot_ms": 11.705252337067023,
    "p99_e2e_ms": 11875.659806840125
  },
  "all_turns": {
    "count": 2056,
    "avg_ttft_ms": 6420.4383183846885,
    "avg_tpot_ms": 9.918941650526406,
    "avg_e2e_ms": 9157.565413013912,
    "p50_ttft_ms": 48.50696213543415,
    "p50_tpot_ms": 9.70982275903225,
    "p50_e2e_ms": 2665.5216198414564,
    "p90_ttft_ms": 31987.32036165893,
    "p90_tpot_ms": 11.009986985517063,
    "p90_e2e_ms": 35408.73587317765,
    "p99_ttft_ms": 58740.811526961625,
    "p99_tpot_ms": 11.726748552052216,
    "p99_e2e_ms": 61318.63725241274
  },
  "throughput": {
    "conversations_per_sec": 3.2993114077811545,
    "requests_per_sec": 13.566768508796107,
    "tokens_per_sec": 3723.9129900941425
  },
  "success_rate": {
    "turns": 100.0,
    "conversations": 100.0
  },
  "counts": {
    "total_conversations": 500,
    "successful_conversations": 500,
    "total_turns": 2056,
    "turn1_count": 500,
    "turn2plus_count": 1556,
    "successful_turns": 2056
  },
  "slo_attainment": {
    "ttft_100ms": 0.9974293059125964,
    "ttft_200ms": 0.9974293059125964,
    "ttft_500ms": 0.9974293059125964,
    "tpot_15ms": 0.9987121699935608,
    "tpot_30ms": 1.0,
    "e2e_5000ms": 0.8284061696658098,
    "e2e_10000ms": 0.9768637532133676
  }
}