{
  "config": "1P_3pD",
  "ppd_enabled": false,
  "qps": 2.0,
  "num_conversations": 500,
  "duration_sec": 285.81013701856136,
  "timestamp": "2026-01-21T08:44:53.314058",
  "turn1": {
    "count": 500,
    "avg_ttft_ms": 95.10966540127993,
    "avg_tpot_ms": 8.958699213021895,
    "avg_e2e_ms": 2545.838823378086,
    "p50_ttft_ms": 92.27914549410343,
    "p50_tpot_ms": 8.90821002958739,
    "p50_e2e_ms": 1609.126789495349,
    "p90_ttft_ms": 118.63412782549858,
    "p90_tpot_ms": 9.69148555499227,
    "p90_e2e_ms": 6282.191725075246,
    "p99_ttft_ms": 170.2679947763681,
    "p99_tpot_ms": 10.189059675435155,
    "p99_e2e_ms": 9869.711616337298
  },
  "turn2plus": {
    "count": 1556,
    "avg_ttft_ms": 39.599777393253724,
    "avg_tpot_ms": 8.999810773050424,
    "avg_e2e_ms": 2505.029479688115,
    "p50_ttft_ms": 37.04445622861385,
    "p50_tpot_ms": 8.943591810142001,
    "p50_e2e_ms": 1664.3309332430363,
    "p90_ttft_ms": 51.3437744230032,
    "p90_tpot_ms": 9.752863286691355,
    "p90_e2e_ms": 6031.564086675644,
    "p99_ttft_ms": 75.85208080708982,
    "p99_tpot_ms": 10.192026942968369,
    "p99_e2e_ms": 9931.062396615744
  },
  "all_turns": {
    "count": 2056,
    "avg_ttft_ms": 53.09926377652858,
    "avg_tpot_ms": 8.989858926406132,
    "avg_e2e_ms": 2514.9539309745865,
    "p50_ttft_ms": 39.823539555072784,
    "p50_tpot_ms": 8.93397711035682,
    "p50_e2e_ms": 1647.552203387022,
    "p90_ttft_ms": 94.69323605298996,
    "p90_tpot_ms": 9.740526463304247,
    "p90_e2e_ms": 6079.263461753726,
    "p99_ttft_ms": 149.39098246395594,
    "p99_tpot_ms": 10.192044917494059,
    "p99_e2e_ms": 9931.062396615744
  },
  "throughput": {
    "conversations_per_sec": 1.7494131076517014,
    "requests_per_sec": 7.193586698663796,
    "tokens_per_sec": 1974.5520781278294
  },
  "success_rate": {
    "turns": 100.0,
    "conversations": 100.0
  },
  "counts": {
    "total_conversations": 500,
    "successful_conversations": 500,
    "total_turns": 2056,
    "turn1_count": 500,
    "turn2plus_count": 1556,
    "successful_turns": 2056
  },
  "slo_attainment": {
    "ttft_100ms": 0.9993573264781491,
    "ttft_200ms": 1.0,
    "ttft_500ms": 1.0,
    "tpot_15ms": 1.0,
    "tpot_30ms": 1.0,
    "e2e_5000ms": 0.852827763496144,
    "e2e_10000ms": 0.9903598971722365
  }
}