{
  "config": "1P_3pD",
  "ppd_enabled": false,
  "qps": 4.0,
  "num_conversations": 500,
  "duration_sec": 175.4156729094684,
  "timestamp": "2026-01-21T08:47:49.249057",
  "turn1": {
    "count": 500,
    "avg_ttft_ms": 344.4660262092948,
    "avg_tpot_ms": 9.545036308845722,
    "avg_e2e_ms": 2958.698610216379,
    "p50_ttft_ms": 40.9034863114357,
    "p50_tpot_ms": 9.534558104105233,
    "p50_e2e_ms": 2123.3780700713396,
    "p90_ttft_ms": 1546.6795329004526,
    "p90_tpot_ms": 10.562559535499982,
    "p90_e2e_ms": 6945.529977977276,
    "p99_ttft_ms": 2352.0386197790504,
    "p99_tpot_ms": 11.449793625735875,
    "p99_e2e_ms": 11702.362670600412
  },
  "turn2plus": {
    "count": 1555,
    "avg_ttft_ms": 45.806896264913384,
    "avg_tpot_ms": 9.6403641140216,
    "avg_e2e_ms": 2681.681270039733,
    "p50_ttft_ms": 43.63534599542618,
    "p50_tpot_ms": 9.689348580168087,
    "p50_e2e_ms": 1776.5500247478485,
    "p90_ttft_ms": 59.01660546660424,
    "p90_tpot_ms": 10.681800903311293,
    "p90_e2e_ms": 6411.664217710498,
    "p99_ttft_ms": 81.71352043747905,
    "p99_tpot_ms": 11.337373528559132,
    "p99_e2e_ms": 10620.884203389289
  },
  "all_turns": {
    "count": 2055,
    "avg_ttft_ms": 118.47335123921543,
    "avg_tpot_ms": 9.617276911205565,
    "avg_e2e_ms": 2749.0820827347807,
    "p50_ttft_ms": 43.0649071931839,
    "p50_tpot_ms": 9.65681666654239,
    "p50_e2e_ms": 1860.7076182961464,
    "p90_ttft_ms": 64.46659341454506,
    "p90_tpot_ms": 10.659080284751571,
    "p90_e2e_ms": 6587.189061939717,
    "p99_ttft_ms": 1921.8113680928946,
    "p99_tpot_ms": 11.344632830265834,
    "p99_e2e_ms": 11223.146546781065
  },
  "throughput": {
    "conversations_per_sec": 2.850372442250635,
    "requests_per_sec": 11.72073148253461,
    "tokens_per_sec": 3212.7687945583807
  },
  "success_rate": {
    "turns": 99.95136186770428,
    "conversations": 99.8
  },
  "counts": {
    "total_conversations": 500,
    "successful_conversations": 499,
    "total_turns": 2056,
    "turn1_count": 500,
    "turn2plus_count": 1556,
    "successful_turns": 2055
  },
  "slo_attainment": {
    "ttft_100ms": 0.9980707395498393,
    "ttft_200ms": 0.9987138263665595,
    "ttft_500ms": 0.9993569131832798,
    "tpot_15ms": 0.9993556701030928,
    "tpot_30ms": 1.0,
    "e2e_5000ms": 0.8366559485530547,
    "e2e_10000ms": 0.9826366559485531
  }
}