{
  "config": "1P_1D_2pD",
  "workload": "small_mid_paste",
  "qps": 8,
  "turn1": {
    "count": 78,
    "avg_ttft_ms": 115.85082963873178,
    "avg_tpot_ms": 8.606038810134343,
    "avg_e2e_ms": 1208.8177585257934,
    "p50_ttft_ms": 100.19647516310215,
    "p50_tpot_ms": 8.527728134956885,
    "p50_e2e_ms": 1195.8255358040333,
    "p99_ttft_ms": 201.1580931395293,
    "p99_tpot_ms": 9.22000803053379,
    "p99_e2e_ms": 1359.1654702275991
  },
  "turn2": {
    "count": 78,
    "avg_ttft_ms": 76.27655804539339,
    "avg_tpot_ms": 8.637744539156163,
    "avg_e2e_ms": 620.4544640122316,
    "p50_ttft_ms": 54.226018488407135,
    "p50_tpot_ms": 8.566508187897622,
    "p50_e2e_ms": 615.9275304526091,
    "p99_ttft_ms": 192.18958131968975,
    "p99_tpot_ms": 9.483100213701762,
    "p99_e2e_ms": 740.7317692041399
  },
  "average": {
    "count": 156,
    "avg_ttft_ms": 96.06369384206258,
    "avg_tpot_ms": 8.621891674645253,
    "avg_e2e_ms": 914.6361112690125,
    "p50_ttft_ms": 92.7166324108839,
    "p50_tpot_ms": 8.55314616291296,
    "p50_e2e_ms": 947.432080283761,
    "p99_ttft_ms": 194.73392609506843,
    "p99_tpot_ms": 9.446122328795138,
    "p99_e2e_ms": 1341.6720019653437
  },
  "throughput": {
    "requests_per_sec": 13.268575818142844,
    "tokens_per_sec": 1273.7832785417131
  },
  "success_rate": 100.0,
  "total_requests": 156,
  "failed_requests": 0,
  "duration_sec": 11.75710205361247,
  "timestamp": "2026-01-18T07:07:25.394460",
  "error": null
}