{
  "config": "1P_1D_2pD",
  "workload": "large_long_gen",
  "qps": 2,
  "turn1": {
    "count": 20,
    "avg_ttft_ms": 141.09854735434055,
    "avg_tpot_ms": 8.870841884477572,
    "avg_e2e_ms": 9215.969795174897,
    "p50_ttft_ms": 135.07584668695927,
    "p50_tpot_ms": 8.940854190847858,
    "p50_e2e_ms": 9297.12364450097,
    "p99_ttft_ms": 198.46122488379478,
    "p99_tpot_ms": 9.16642077423756,
    "p99_e2e_ms": 9484.836246073246
  },
  "turn2": {
    "count": 20,
    "avg_ttft_ms": 94.59792710840702,
    "avg_tpot_ms": 8.941364652110872,
    "avg_e2e_ms": 4663.635264337063,
    "p50_ttft_ms": 65.80929271876812,
    "p50_tpot_ms": 8.948508209007592,
    "p50_e2e_ms": 4725.111611187458,
    "p99_ttft_ms": 172.24018942564726,
    "p99_tpot_ms": 9.31842131456342,
    "p99_e2e_ms": 4832.094262205064
  },
  "average": {
    "count": 40,
    "avg_ttft_ms": 117.84823723137379,
    "avg_tpot_ms": 8.906103268294222,
    "avg_e2e_ms": 6939.80252975598,
    "p50_ttft_ms": 128.2531376928091,
    "p50_tpot_ms": 8.948508209007592,
    "p50_e2e_ms": 6780.314976349473,
    "p99_ttft_ms": 198.06065186858177,
    "p99_tpot_ms": 9.308973218728068,
    "p99_e2e_ms": 9484.6589371562
  },
  "throughput": {
    "requests_per_sec": 1.8631966998013334,
    "tokens_per_sec": 1430.9350654474242
  },
  "success_rate": 100.0,
  "total_requests": 40,
  "failed_requests": 0,
  "duration_sec": 21.46847941726446,
  "timestamp": "2026-01-18T07:26:32.533203",
  "error": null
}