{
  "config": "1P_1D_2pD",
  "workload": "small_short_gen",
  "qps": 0.5,
  "turn1": {
    "count": 4,
    "avg_ttft_ms": 96.0240475833416,
    "avg_tpot_ms": 7.781938539715263,
    "avg_e2e_ms": 1084.33024212718,
    "p50_ttft_ms": 92.42766536772251,
    "p50_tpot_ms": 7.783782851742947,
    "p50_e2e_ms": 1085.8560111373663,
    "p99_ttft_ms": 111.38741049915552,
    "p99_tpot_ms": 7.87649945627282,
    "p99_e2e_ms": 1093.236243762076
  },
  "turn2": {
    "count": 4,
    "avg_ttft_ms": 57.56640341132879,
    "avg_tpot_ms": 7.79808702714303,
    "avg_e2e_ms": 2046.0785953328013,
    "p50_ttft_ms": 53.74155007302761,
    "p50_tpot_ms": 7.809580402339206,
    "p50_e2e_ms": 2043.900789692998,
    "p99_ttft_ms": 96.6627910733223,
    "p99_tpot_ms": 7.82264135938649,
    "p99_e2e_ms": 2091.4363377168775
  },
  "average": {
    "count": 8,
    "avg_ttft_ms": 76.7952254973352,
    "avg_tpot_ms": 7.790012783429146,
    "avg_e2e_ms": 1565.2044187299907,
    "p50_ttft_ms": 89.64516408741474,
    "p50_tpot_ms": 7.806406901384074,
    "p50_e2e_ms": 1548.9607974886894,
    "p99_ttft_ms": 110.92754170298576,
    "p99_tpot_ms": 7.874584046024378,
    "p99_e2e_ms": 2090.679845549166
  },
  "throughput": {
    "requests_per_sec": 0.7311928959855715,
    "tokens_per_sec": 140.38903602922971
  },
  "success_rate": 100.0,
  "total_requests": 8,
  "failed_requests": 0,
  "duration_sec": 10.941025335341692,
  "timestamp": "2026-01-18T06:52:34.147777",
  "error": null
}