{
  "config": "1P_1D_2pD",
  "workload": "large_long_gen",
  "qps": 8,
  "turn1": {
    "count": 71,
    "avg_ttft_ms": 2591.699472038259,
    "avg_tpot_ms": 10.06678203657185,
    "avg_e2e_ms": 12890.017495451259,
    "p50_ttft_ms": 170.24973407387733,
    "p50_tpot_ms": 9.98818485807347,
    "p50_e2e_ms": 10656.272120773792,
    "p99_ttft_ms": 8767.909428849816,
    "p99_tpot_ms": 11.30496000293879,
    "p99_e2e_ms": 18934.100092574954
  },
  "turn2": {
    "count": 71,
    "avg_ttft_ms": 104.95289787650108,
    "avg_tpot_ms": 10.197550901357987,
    "avg_e2e_ms": 5315.901408470432,
    "p50_ttft_ms": 81.96618407964706,
    "p50_tpot_ms": 10.322705990181044,
    "p50_e2e_ms": 5375.19858404994,
    "p99_ttft_ms": 244.5539303123949,
    "p99_tpot_ms": 11.650248944992656,
    "p99_e2e_ms": 6058.505218103528
  },
  "average": {
    "count": 142,
    "avg_ttft_ms": 1348.32618495738,
    "avg_tpot_ms": 10.132166468964916,
    "avg_e2e_ms": 9102.959451960845,
    "p50_ttft_ms": 138.35840113461018,
    "p50_tpot_ms": 10.141381092609898,
    "p50_e2e_ms": 7891.143776476383,
    "p99_ttft_ms": 8745.151951052248,
    "p99_tpot_ms": 11.63074155485735,
    "p99_e2e_ms": 18883.16563691944
  },
  "throughput": {
    "requests_per_sec": 4.262605416051542,
    "tokens_per_sec": 3273.6809595275845
  },
  "success_rate": 100.0,
  "total_requests": 142,
  "failed_requests": 0,
  "duration_sec": 33.312959127128124,
  "timestamp": "2026-01-18T07:28:01.641117",
  "error": null
}