{
  "config": "1P_1D_2pD",
  "workload": "small_tiny",
  "qps": 2,
  "turn1": {
    "count": 20,
    "avg_ttft_ms": 100.09299274533987,
    "avg_tpot_ms": 8.041672525912759,
    "avg_e2e_ms": 1121.3854035362601,
    "p50_ttft_ms": 95.58231197297573,
    "p50_tpot_ms": 8.054534427997634,
    "p50_e2e_ms": 1119.0081238746643,
    "p99_ttft_ms": 123.57143826782703,
    "p99_tpot_ms": 8.255442719701238,
    "p99_e2e_ms": 1161.8380902335048
  },
  "turn2": {
    "count": 20,
    "avg_ttft_ms": 63.05846311151981,
    "avg_tpot_ms": 8.10281565833476,
    "avg_e2e_ms": 314.24574851989746,
    "p50_ttft_ms": 73.34800250828266,
    "p50_tpot_ms": 8.088917862023077,
    "p50_e2e_ms": 322.3392851650715,
    "p99_ttft_ms": 125.86177337914702,
    "p99_tpot_ms": 8.456620975367485,
    "p99_e2e_ms": 375.9716695174575
  },
  "average": {
    "count": 40,
    "avg_ttft_ms": 81.57572792842984,
    "avg_tpot_ms": 8.07224409212376,
    "avg_e2e_ms": 717.8155760280788,
    "p50_ttft_ms": 89.43098038434982,
    "p50_tpot_ms": 8.084037047610963,
    "p50_e2e_ms": 730.4968144744635,
    "p99_ttft_ms": 127.39199686795473,
    "p99_tpot_ms": 8.432577374962069,
    "p99_e2e_ms": 1160.1451283320785
  },
  "throughput": {
    "requests_per_sec": 4.678428764320234,
    "tokens_per_sec": 374.2743011456187
  },
  "success_rate": 100.0,
  "total_requests": 40,
  "failed_requests": 0,
  "duration_sec": 8.549879033118486,
  "timestamp": "2026-01-18T06:50:58.328106",
  "error": null
}