{
  "config": "1P_1D_2pD",
  "workload": "large_mid_paste",
  "qps": 20,
  "turn1": {
    "count": 200,
    "avg_ttft_ms": 16342.367681786418,
    "avg_tpot_ms": 10.339455516209584,
    "avg_e2e_ms": 26919.630674868822,
    "p50_ttft_ms": 15645.78928053379,
    "p50_tpot_ms": 10.38226521849807,
    "p50_e2e_ms": 26622.930405661464,
    "p99_ttft_ms": 34435.687473751605,
    "p99_tpot_ms": 11.03605807220831,
    "p99_e2e_ms": 44600.68482071161
  },
  "turn2": {
    "count": 200,
    "avg_ttft_ms": 538.7343694083393,
    "avg_tpot_ms": 10.409638533693931,
    "avg_e2e_ms": 1194.5415970310569,
    "p50_ttft_ms": 145.4252451658249,
    "p50_tpot_ms": 10.366519233064047,
    "p50_e2e_ms": 794.312946498394,
    "p99_ttft_ms": 2911.5930294616896,
    "p99_tpot_ms": 12.343852690288,
    "p99_e2e_ms": 3574.506026171037
  },
  "average": {
    "count": 400,
    "avg_ttft_ms": 8440.551025597379,
    "avg_tpot_ms": 10.374547024951758,
    "avg_e2e_ms": 14057.08613594994,
    "p50_ttft_ms": 992.9113443940878,
    "p50_tpot_ms": 10.374850004489005,
    "p50_e2e_ms": 9914.840349927545,
    "p99_ttft_ms": 34213.403703048825,
    "p99_tpot_ms": 12.1516755400669,
    "p99_e2e_ms": 44420.07673330605
  },
  "throughput": {
    "requests_per_sec": 7.2372793844278664,
    "tokens_per_sec": 3937.0799851287593
  },
  "success_rate": 100.0,
  "total_requests": 400,
  "failed_requests": 0,
  "duration_sec": 55.26938767358661,
  "timestamp": "2026-01-18T07:54:25.100505",
  "error": null
}