{
  "config": "1P_1D_2pD",
  "workload": "small_small_bal",
  "qps": 2,
  "turn1": {
    "count": 20,
    "avg_ttft_ms": 101.57191306352615,
    "avg_tpot_ms": 8.072421104302556,
    "avg_e2e_ms": 1126.7693933099508,
    "p50_ttft_ms": 99.17690232396126,
    "p50_tpot_ms": 8.113564498077228,
    "p50_e2e_ms": 1129.6124905347824,
    "p99_ttft_ms": 150.86368963122365,
    "p99_tpot_ms": 8.324036291382445,
    "p99_e2e_ms": 1180.302255153656
  },
  "turn2": {
    "count": 20,
    "avg_ttft_ms": 56.41310717910528,
    "avg_tpot_ms": 8.088040133080785,
    "avg_e2e_ms": 565.9596355631948,
    "p50_ttft_ms": 35.15750728547573,
    "p50_tpot_ms": 8.094756050951897,
    "p50_e2e_ms": 551.9118942320347,
    "p99_ttft_ms": 121.00113533437249,
    "p99_tpot_ms": 8.27164412963958,
    "p99_e2e_ms": 623.9564115181565
  },
  "average": {
    "count": 40,
    "avg_ttft_ms": 78.99251012131572,
    "avg_tpot_ms": 8.080230618691669,
    "avg_e2e_ms": 846.3645144365728,
    "p50_ttft_ms": 93.31498481333256,
    "p50_tpot_ms": 8.109693152280826,
    "p50_e2e_ms": 844.886364415288,
    "p99_ttft_ms": 146.4603428542614,
    "p99_tpot_ms": 8.318017829708227,
    "p99_e2e_ms": 1176.3598042726517
  },
  "throughput": {
    "requests_per_sec": 4.409524850221643,
    "tokens_per_sec": 423.3143856212777
  },
  "success_rate": 100.0,
  "total_requests": 40,
  "failed_requests": 0,
  "duration_sec": 9.071272157132626,
  "timestamp": "2026-01-18T07:02:49.912904",
  "error": null
}