{
  "config": "1P_1D_2pD",
  "workload": "small_mid_paste",
  "qps": 10,
  "turn1": {
    "count": 99,
    "avg_ttft_ms": 120.68286519309487,
    "avg_tpot_ms": 8.708836103226627,
    "avg_e2e_ms": 1226.7050503028763,
    "p50_ttft_ms": 105.83795607089996,
    "p50_tpot_ms": 8.683149064854375,
    "p50_e2e_ms": 1215.4365926980972,
    "p99_ttft_ms": 257.2314223647116,
    "p99_tpot_ms": 9.272977214042596,
    "p99_e2e_ms": 1365.5027282238004
  },
  "turn2": {
    "count": 99,
    "avg_ttft_ms": 79.39948596888118,
    "avg_tpot_ms": 8.712776762630305,
    "avg_e2e_ms": 628.3044220145905,
    "p50_ttft_ms": 57.92643129825592,
    "p50_tpot_ms": 8.698829050574984,
    "p50_e2e_ms": 616.0316653549671,
    "p99_ttft_ms": 256.2976779043674,
    "p99_tpot_ms": 9.328888718570981,
    "p99_e2e_ms": 790.3209323436022
  },
  "average": {
    "count": 198,
    "avg_ttft_ms": 100.04117558098802,
    "avg_tpot_ms": 8.710806432928466,
    "avg_e2e_ms": 927.5047361587334,
    "p50_ttft_ms": 97.97857701778412,
    "p50_tpot_ms": 8.688721399339434,
    "p50_e2e_ms": 966.1468453705311,
    "p99_ttft_ms": 256.62700306624174,
    "p99_tpot_ms": 9.29094265482937,
    "p99_e2e_ms": 1361.8230975046754
  },
  "throughput": {
    "requests_per_sec": 16.904551508570396,
    "tokens_per_sec": 1622.836944822758
  },
  "success_rate": 100.0,
  "total_requests": 198,
  "failed_requests": 0,
  "duration_sec": 11.712821833789349,
  "timestamp": "2026-01-18T07:07:37.145815",
  "error": null
}