{
  "config": "1P_1D_2pD",
  "workload": "large_long_gen",
  "qps": 1,
  "turn1": {
    "count": 7,
    "avg_ttft_ms": 128.47613117524557,
    "avg_tpot_ms": 8.157899884426167,
    "avg_e2e_ms": 8474.007712943214,
    "p50_ttft_ms": 126.437459141016,
    "p50_tpot_ms": 8.17260577662949,
    "p50_e2e_ms": 8478.537853807211,
    "p99_ttft_ms": 142.67420500516891,
    "p99_tpot_ms": 8.402606804262508,
    "p99_e2e_ms": 8713.807238042355
  },
  "turn2": {
    "count": 7,
    "avg_ttft_ms": 79.92962428501674,
    "avg_tpot_ms": 8.229757260519731,
    "avg_e2e_ms": 4285.335584410599,
    "p50_ttft_ms": 61.741381883621216,
    "p50_tpot_ms": 8.253490125829693,
    "p50_e2e_ms": 4258.287593722343,
    "p99_ttft_ms": 153.76843556761742,
    "p99_tpot_ms": 8.49257628103525,
    "p99_e2e_ms": 4489.067240431905
  },
  "average": {
    "count": 14,
    "avg_ttft_ms": 104.20287773013115,
    "avg_tpot_ms": 8.193828572472947,
    "avg_e2e_ms": 6379.671648676906,
    "p50_ttft_ms": 121.9637282192707,
    "p50_tpot_ms": 8.187449195823712,
    "p50_e2e_ms": 6374.630589038134,
    "p99_ttft_ms": 153.26872542500496,
    "p99_tpot_ms": 8.487436756229215,
    "p99_e2e_ms": 8706.299353837967
  },
  "throughput": {
    "requests_per_sec": 0.643897792304232,
    "tokens_per_sec": 494.51350448965024
  },
  "success_rate": 100.0,
  "total_requests": 14,
  "failed_requests": 0,
  "duration_sec": 21.742581147700548,
  "timestamp": "2026-01-18T07:26:11.020501",
  "error": null
}