{
  "config": "1P_1D_2pD",
  "workload": "small_short_gen",
  "qps": 6,
  "turn1": {
    "count": 60,
    "avg_ttft_ms": 108.57622530311346,
    "avg_tpot_ms": 8.602268026843472,
    "avg_e2e_ms": 1201.0642647122343,
    "p50_ttft_ms": 97.97933138906956,
    "p50_tpot_ms": 8.546989968442542,
    "p50_e2e_ms": 1200.0021021813154,
    "p99_ttft_ms": 214.4438391551375,
    "p99_tpot_ms": 9.2142384161982,
    "p99_e2e_ms": 1350.8918622881174
  },
  "turn2": {
    "count": 60,
    "avg_ttft_ms": 68.89002118259668,
    "avg_tpot_ms": 8.638470617969054,
    "avg_e2e_ms": 2271.7000287647047,
    "p50_ttft_ms": 61.25208176672459,
    "p50_tpot_ms": 8.664920071468632,
    "p50_e2e_ms": 2273.8599814474583,
    "p99_ttft_ms": 164.01642605662332,
    "p99_tpot_ms": 9.05949144912701,
    "p99_e2e_ms": 2465.6401462852955
  },
  "average": {
    "count": 120,
    "avg_ttft_ms": 88.73312324285507,
    "avg_tpot_ms": 8.620369322406264,
    "avg_e2e_ms": 1736.3821467384696,
    "p50_ttft_ms": 90.44137969613075,
    "p50_tpot_ms": 8.608588962362047,
    "p50_e2e_ms": 1741.862066090107,
    "p99_ttft_ms": 206.16294182837015,
    "p99_tpot_ms": 9.20243316102685,
    "p99_e2e_ms": 2440.0603388622403
  },
  "throughput": {
    "requests_per_sec": 9.343024909199043,
    "tokens_per_sec": 1793.8607825662164
  },
  "success_rate": 100.0,
  "total_requests": 120,
  "failed_requests": 0,
  "duration_sec": 12.843806065618992,
  "timestamp": "2026-01-18T06:53:26.075682",
  "error": null
}