{
  "config": "1P_1D_2pD",
  "workload": "small_very_long_gen",
  "qps": 20,
  "turn1": {
    "count": 200,
    "avg_ttft_ms": 13802.551703806967,
    "avg_tpot_ms": 9.650860892564763,
    "avg_e2e_ms": 15028.211037162691,
    "p50_ttft_ms": 13906.110176816583,
    "p50_tpot_ms": 9.687820053476049,
    "p50_e2e_ms": 15110.670572146773,
    "p99_ttft_ms": 28204.832955412567,
    "p99_tpot_ms": 10.58327650900666,
    "p99_e2e_ms": 29445.245205760002
  },
  "turn2": {
    "count": 200,
    "avg_ttft_ms": 218.05675411596894,
    "avg_tpot_ms": 9.58639840436107,
    "avg_e2e_ms": 10024.942321777344,
    "p50_ttft_ms": 95.92629224061966,
    "p50_tpot_ms": 9.563729980867627,
    "p50_e2e_ms": 9913.518749177456,
    "p99_ttft_ms": 942.5022640823552,
    "p99_tpot_ms": 9.937534824610921,
    "p99_e2e_ms": 10758.287289068028
  },
  "average": {
    "count": 400,
    "avg_ttft_ms": 7010.304228961468,
    "avg_tpot_ms": 9.618629648462917,
    "avg_e2e_ms": 12526.576679470018,
    "p50_ttft_ms": 300.49868673086166,
    "p50_tpot_ms": 9.617112725146185,
    "p50_e2e_ms": 10037.119245156646,
    "p99_ttft_ms": 27954.867716096338,
    "p99_tpot_ms": 10.488485494467218,
    "p99_e2e_ms": 29174.598790854216
  },
  "throughput": {
    "requests_per_sec": 8.193399032011275,
    "tokens_per_sec": 4719.397842438494
  },
  "success_rate": 100.0,
  "total_requests": 400,
  "failed_requests": 0,
  "duration_sec": 48.81978754326701,
  "timestamp": "2026-01-18T07:02:18.597093",
  "error": null
}