{
  "config": "1P_1D_2pD",
  "workload": "large_very_long_gen",
  "qps": 1,
  "turn1": {
    "count": 7,
    "avg_ttft_ms": 120.57215188230786,
    "avg_tpot_ms": 7.8501937139169105,
    "avg_e2e_ms": 8151.320321219308,
    "p50_ttft_ms": 113.47024142742157,
    "p50_tpot_ms": 8.063917730152898,
    "p50_e2e_ms": 8399.723496288061,
    "p99_ttft_ms": 149.62645456194878,
    "p99_tpot_ms": 8.191215658117947,
    "p99_e2e_ms": 8484.362450391054
  },
  "turn2": {
    "count": 7,
    "avg_ttft_ms": 86.28934887903077,
    "avg_tpot_ms": 7.886943516992952,
    "avg_e2e_ms": 8154.632566762822,
    "p50_ttft_ms": 103.87570038437843,
    "p50_tpot_ms": 7.789289103575117,
    "p50_e2e_ms": 8080.652289092541,
    "p99_ttft_ms": 112.76055760681629,
    "p99_tpot_ms": 8.24273497783893,
    "p99_e2e_ms": 8544.578409790993
  },
  "average": {
    "count": 14,
    "avg_ttft_ms": 103.43075038066932,
    "avg_tpot_ms": 7.868568615454932,
    "avg_e2e_ms": 8152.976443991065,
    "p50_ttft_ms": 105.23826256394386,
    "p50_tpot_ms": 7.926603416864007,
    "p50_e2e_ms": 8240.187892690301,
    "p99_ttft_ms": 148.7990501523018,
    "p99_tpot_ms": 8.242503661564019,
    "p99_e2e_ms": 8543.717371225357
  },
  "throughput": {
    "requests_per_sec": 0.5540509079096897,
    "tokens_per_sec": 567.3481296995222
  },
  "success_rate": 100.0,
  "total_requests": 14,
  "failed_requests": 0,
  "duration_sec": 25.268436167389154,
  "timestamp": "2026-01-18T07:32:41.924135",
  "error": null
}