{
  "config": "1P_1D_2pD",
  "workload": "large_huge_paste",
  "qps": 10,
  "turn1": {
    "count": 95,
    "avg_ttft_ms": 3862.5654242148526,
    "avg_tpot_ms": 10.326830626558285,
    "avg_e2e_ms": 14426.91315518398,
    "p50_ttft_ms": 486.4378795027733,
    "p50_tpot_ms": 10.459489876428075,
    "p50_e2e_ms": 11651.594549417496,
    "p99_ttft_ms": 10178.626176714897,
    "p99_tpot_ms": 11.07727740502544,
    "p99_e2e_ms": 20471.28853634
  },
  "turn2": {
    "count": 95,
    "avg_ttft_ms": 467.2444780014063,
    "avg_tpot_ms": 10.394054730952494,
    "avg_e2e_ms": 789.4601746609336,
    "p50_ttft_ms": 128.3155418932438,
    "p50_tpot_ms": 10.258225543845084,
    "p50_e2e_ms": 472.9056768119335,
    "p99_ttft_ms": 3005.109475702048,
    "p99_tpot_ms": 14.58592215853353,
    "p99_e2e_ms": 3345.736926496029
  },
  "average": {
    "count": 190,
    "avg_ttft_ms": 2164.9049511081294,
    "avg_tpot_ms": 10.360442678755389,
    "avg_e2e_ms": 7608.186664922457,
    "p50_ttft_ms": 175.4430439323187,
    "p50_tpot_ms": 10.409462596139601,
    "p50_e2e_ms": 6613.3211851119995,
    "p99_ttft_ms": 10141.456578709185,
    "p99_tpot_ms": 14.193291846782923,
    "p99_e2e_ms": 20462.492009960115
  },
  "throughput": {
    "requests_per_sec": 6.169532735420441,
    "tokens_per_sec": 3257.5132843019933
  },
  "success_rate": 100.0,
  "total_requests": 190,
  "failed_requests": 0,
  "duration_sec": 30.796497587114573,
  "timestamp": "2026-01-18T08:04:08.288086",
  "error": null
}