{
  "config": "1P_1D_2pD",
  "workload": "large_very_long_gen",
  "qps": 0.5,
  "turn1": {
    "count": 2,
    "avg_ttft_ms": 136.8659920990467,
    "avg_tpot_ms": 7.83896623206628,
    "avg_e2e_ms": 8156.1284475028515,
    "p50_ttft_ms": 136.8659920990467,
    "p50_tpot_ms": 7.83896623206628,
    "p50_e2e_ms": 8156.1284475028515,
    "p99_ttft_ms": 145.9019210189581,
    "p99_tpot_ms": 7.853726981861383,
    "p99_e2e_ms": 8162.192765623331
  },
  "turn2": {
    "count": 2,
    "avg_ttft_ms": 52.88492329418659,
    "avg_tpot_ms": 7.7092488690526135,
    "avg_e2e_ms": 7939.4465163350105,
    "p50_ttft_ms": 52.88492329418659,
    "p50_tpot_ms": 7.7092488690526135,
    "p50_e2e_ms": 7939.4465163350105,
    "p99_ttft_ms": 62.356958501040936,
    "p99_tpot_ms": 7.90564221593088,
    "p99_e2e_ms": 8130.884874984622
  },
  "average": {
    "count": 4,
    "avg_ttft_ms": 94.87545769661665,
    "avg_tpot_ms": 7.774107550559447,
    "avg_e2e_ms": 8047.787481918931,
    "p50_ttft_ms": 95.09796090424061,
    "p50_tpot_ms": 7.83896623206628,
    "p50_e2e_ms": 8142.366074025631,
    "p99_ttft_ms": 145.5331075936556,
    "p99_tpot_ms": 7.907981582765239,
    "p99_e2e_ms": 8161.94524243474
  },
  "throughput": {
    "requests_per_sec": 0.15599620168156217,
    "tokens_per_sec": 159.74011052191966
  },
  "success_rate": 100.0,
  "total_requests": 4,
  "failed_requests": 0,
  "duration_sec": 25.641649968922138,
  "timestamp": "2026-01-18T07:32:16.622855",
  "error": null
}