{
  "config": "1P_1D_2pD",
  "workload": "large_short_gen",
  "qps": 0.5,
  "turn1": {
    "count": 3,
    "avg_ttft_ms": 143.78737037380537,
    "avg_tpot_ms": 8.160118182344831,
    "avg_e2e_ms": 8491.588270912567,
    "p50_ttft_ms": 141.57383888959885,
    "p50_tpot_ms": 8.221933139326053,
    "p50_e2e_ms": 8550.643008202314,
    "p99_ttft_ms": 150.01068502664566,
    "p99_tpot_ms": 8.254500342458341,
    "p99_e2e_ms": 8585.888320580125
  },
  "turn2": {
    "count": 3,
    "avg_ttft_ms": 155.03611291448274,
    "avg_tpot_ms": 8.18360700618987,
    "avg_e2e_ms": 2241.8558994928994,
    "p50_ttft_ms": 155.93798458576202,
    "p50_tpot_ms": 8.28391374910579,
    "p50_e2e_ms": 2270.7485891878605,
    "p99_ttft_ms": 158.30233119428158,
    "p99_tpot_ms": 8.32414072693563,
    "p99_e2e_ms": 2278.64212192595
  },
  "average": {
    "count": 6,
    "avg_ttft_ms": 149.41174164414406,
    "avg_tpot_ms": 8.17186259426735,
    "avg_e2e_ms": 5366.722085202734,
    "p50_ttft_ms": 150.5013182759285,
    "p50_tpot_ms": 8.238549059291506,
    "p50_e2e_ms": 5308.158703148365,
    "p99_ttft_ms": 158.22995323687792,
    "p99_tpot_ms": 8.3229092888388,
    "p99_e2e_ms": 8584.80938244611
  },
  "throughput": {
    "requests_per_sec": 0.29524001603668176,
    "tokens_per_sec": 188.95361026347632
  },
  "success_rate": 100.0,
  "total_requests": 6,
  "failed_requests": 0,
  "duration_sec": 20.322448428720236,
  "timestamp": "2026-01-18T07:20:26.358188",
  "error": null
}