{
  "config": "1P_1D_2pD",
  "workload": "large_short_gen",
  "qps": 6,
  "turn1": {
    "count": 60,
    "avg_ttft_ms": 869.7575254365802,
    "avg_tpot_ms": 10.243646243727335,
    "avg_e2e_ms": 11349.007632769644,
    "p50_ttft_ms": 151.62280201911926,
    "p50_tpot_ms": 10.423932872705329,
    "p50_e2e_ms": 11204.27735708654,
    "p99_ttft_ms": 4735.619461312889,
    "p99_tpot_ms": 11.335756299563867,
    "p99_e2e_ms": 15180.419904179871
  },
  "turn2": {
    "count": 60,
    "avg_ttft_ms": 93.57339857767026,
    "avg_tpot_ms": 10.274627734389572,
    "avg_e2e_ms": 2713.6034708470106,
    "p50_ttft_ms": 80.42873442173004,
    "p50_tpot_ms": 10.43867438155062,
    "p50_e2e_ms": 2742.8412232548,
    "p99_ttft_ms": 168.0477203801274,
    "p99_tpot_ms": 11.936489932677325,
    "p99_e2e_ms": 3136.9998128712177
  },
  "average": {
    "count": 120,
    "avg_ttft_ms": 481.6654620071252,
    "avg_tpot_ms": 10.259136989058453,
    "avg_e2e_ms": 7031.305551808327,
    "p50_ttft_ms": 126.75902619957924,
    "p50_tpot_ms": 10.423932872705329,
    "p50_e2e_ms": 6241.871107369661,
    "p99_ttft_ms": 4654.261633716524,
    "p99_tpot_ms": 11.883694071833995,
    "p99_e2e_ms": 15148.724628388882
  },
  "throughput": {
    "requests_per_sec": 4.476499613059197,
    "tokens_per_sec": 2864.9597523578864
  },
  "success_rate": 100.0,
  "total_requests": 120,
  "failed_requests": 0,
  "duration_sec": 26.806659303605556,
  "timestamp": "2026-01-18T07:21:55.913771",
  "error": null
}