{
  "config": "1P_1D_2pD",
  "workload": "large_tiny",
  "qps": 16,
  "turn1": {
    "count": 160,
    "avg_ttft_ms": 11701.52750944253,
    "avg_tpot_ms": 10.317004758355736,
    "avg_e2e_ms": 22255.82337724045,
    "p50_ttft_ms": 12154.462875798345,
    "p50_tpot_ms": 10.219173438533893,
    "p50_e2e_ms": 23056.171653792262,
    "p99_ttft_ms": 25428.231602422893,
    "p99_tpot_ms": 11.451504229625298,
    "p99_e2e_ms": 35573.3929907158
  },
  "turn2": {
    "count": 160,
    "avg_ttft_ms": 517.6489935955033,
    "avg_tpot_ms": 10.354845605099635,
    "avg_e2e_ms": 838.6492073535919,
    "p50_ttft_ms": 132.77862966060638,
    "p50_tpot_ms": 10.29593978197344,
    "p50_e2e_ms": 447.9453582316637,
    "p99_ttft_ms": 8879.357430376094,
    "p99_tpot_ms": 13.471995325338456,
    "p99_e2e_ms": 9212.637222707253
  },
  "average": {
    "count": 320,
    "avg_ttft_ms": 6109.588251519017,
    "avg_tpot_ms": 10.335925181727685,
    "avg_e2e_ms": 11547.23629229702,
    "p50_ttft_ms": 1028.0596911907196,
    "p50_tpot_ms": 10.258129035884684,
    "p50_e2e_ms": 9884.302716702223,
    "p99_ttft_ms": 25252.962213866413,
    "p99_tpot_ms": 13.258143722289994,
    "p99_e2e_ms": 35365.21148111671
  },
  "throughput": {
    "requests_per_sec": 7.03870586623865,
    "tokens_per_sec": 3716.4366973740075
  },
  "success_rate": 100.0,
  "total_requests": 320,
  "failed_requests": 0,
  "duration_sec": 45.46290270984173,
  "timestamp": "2026-01-18T07:19:08.121406",
  "error": null
}