{
  "config": "1P_1D_2pD",
  "workload": "small_mid_bal",
  "qps": 6,
  "turn1": {
    "count": 54,
    "avg_ttft_ms": 131.3332800787908,
    "avg_tpot_ms": 8.323667846896031,
    "avg_e2e_ms": 1188.4390966345866,
    "p50_ttft_ms": 101.00756585597992,
    "p50_tpot_ms": 8.351018578987421,
    "p50_e2e_ms": 1166.4146780967712,
    "p99_ttft_ms": 319.59919001907105,
    "p99_tpot_ms": 8.602914347306012,
    "p99_e2e_ms": 1404.0910643711686
  },
  "turn2": {
    "count": 54,
    "avg_ttft_ms": 78.22218054422626,
    "avg_tpot_ms": 8.399348970003956,
    "avg_e2e_ms": 1144.9394997347283,
    "p50_ttft_ms": 86.00128069519997,
    "p50_tpot_ms": 8.390825021806664,
    "p50_e2e_ms": 1140.7999359071255,
    "p99_ttft_ms": 248.46699200570578,
    "p99_tpot_ms": 8.814676379652942,
    "p99_e2e_ms": 1322.3502598702908
  },
  "average": {
    "count": 108,
    "avg_ttft_ms": 104.77773031150853,
    "avg_tpot_ms": 8.36150840844999,
    "avg_e2e_ms": 1166.6892981846574,
    "p50_ttft_ms": 93.26275251805782,
    "p50_tpot_ms": 8.379565155881597,
    "p50_e2e_ms": 1155.7801719754934,
    "p99_ttft_ms": 288.0624836310744,
    "p99_tpot_ms": 8.801735586772752,
    "p99_e2e_ms": 1371.403376199305
  },
  "throughput": {
    "requests_per_sec": 9.033080611521399,
    "tokens_per_sec": 1156.234318274739
  },
  "success_rate": 100.0,
  "total_requests": 108,
  "failed_requests": 0,
  "duration_sec": 11.956054046750069,
  "timestamp": "2026-01-18T07:05:11.347764",
  "error": null
}