{
  "config": "1P_1D_2pD",
  "workload": "small_huge_paste",
  "qps": 6,
  "turn1": {
    "count": 60,
    "avg_ttft_ms": 157.3111688097318,
    "avg_tpot_ms": 8.647382957983048,
    "avg_e2e_ms": 1255.528804473579,
    "p50_ttft_ms": 120.35522796213627,
    "p50_tpot_ms": 8.554384215023575,
    "p50_e2e_ms": 1226.0907031595707,
    "p99_ttft_ms": 485.6624872982502,
    "p99_tpot_ms": 9.61553198468732,
    "p99_e2e_ms": 1610.2944708988066
  },
  "turn2": {
    "count": 60,
    "avg_ttft_ms": 119.60136623432238,
    "avg_tpot_ms": 8.833274952266168,
    "avg_e2e_ms": 393.4328897545735,
    "p50_ttft_ms": 76.89021900296211,
    "p50_tpot_ms": 8.700202549657513,
    "p50_e2e_ms": 368.8082695007324,
    "p99_ttft_ms": 427.9766790196299,
    "p99_tpot_ms": 10.343551293255821,
    "p99_e2e_ms": 701.9997900724411
  },
  "average": {
    "count": 120,
    "avg_ttft_ms": 138.4562675220271,
    "avg_tpot_ms": 8.740328955124607,
    "avg_e2e_ms": 824.4808471140763,
    "p50_ttft_ms": 111.70833930373192,
    "p50_tpot_ms": 8.584558861110153,
    "p50_e2e_ms": 913.6445317417383,
    "p99_ttft_ms": 475.2062022313477,
    "p99_tpot_ms": 10.310647613819569,
    "p99_e2e_ms": 1566.6244322061539
  },
  "throughput": {
    "requests_per_sec": 12.28754621050883,
    "tokens_per_sec": 983.0036968407064
  },
  "success_rate": 100.0,
  "total_requests": 120,
  "failed_requests": 0,
  "duration_sec": 9.765985652804375,
  "timestamp": "2026-01-18T07:11:14.775055",
  "error": null
}