{
  "config": "1P_1D_2pD",
  "workload": "large_mid_bal",
  "qps": 10,
  "turn1": {
    "count": 94,
    "avg_ttft_ms": 3598.9433252351714,
    "avg_tpot_ms": 10.227904145902356,
    "avg_e2e_ms": 14062.089266493282,
    "p50_ttft_ms": 597.3420012742281,
    "p50_tpot_ms": 10.241711200856743,
    "p50_e2e_ms": 11682.972963899374,
    "p99_ttft_ms": 8873.854563422501,
    "p99_tpot_ms": 10.981446172484905,
    "p99_e2e_ms": 19205.300493985415
  },
  "turn2": {
    "count": 94,
    "avg_ttft_ms": 268.0797800421715,
    "avg_tpot_ms": 10.202772478800979,
    "avg_e2e_ms": 1563.831884849896,
    "p50_ttft_ms": 109.69237238168716,
    "p50_tpot_ms": 10.369578083082448,
    "p50_e2e_ms": 1438.9373026788235,
    "p99_ttft_ms": 1719.4923931360238,
    "p99_tpot_ms": 11.797750969454059,
    "p99_e2e_ms": 3039.900521226227
  },
  "average": {
    "count": 188,
    "avg_ttft_ms": 1933.5115526386714,
    "avg_tpot_ms": 10.215338312351667,
    "avg_e2e_ms": 7812.960575671589,
    "p50_ttft_ms": 176.06359533965588,
    "p50_tpot_ms": 10.287262535274664,
    "p50_e2e_ms": 6532.984914258122,
    "p99_ttft_ms": 8816.216876730323,
    "p99_tpot_ms": 11.752220810809003,
    "p99_e2e_ms": 19130.430171489716
  },
  "throughput": {
    "requests_per_sec": 6.2244074342682945,
    "tokens_per_sec": 3585.2586821385376
  },
  "success_rate": 100.0,
  "total_requests": 188,
  "failed_requests": 0,
  "duration_sec": 30.203678339719772,
  "timestamp": "2026-01-18T07:47:21.855385",
  "error": null
}