{
  "config": "1P_1D_2pD",
  "workload": "large_mid_bal",
  "qps": 0.5,
  "turn1": {
    "count": 4,
    "avg_ttft_ms": 142.75664184242487,
    "avg_tpot_ms": 8.037737527004609,
    "avg_e2e_ms": 8365.36213196814,
    "p50_ttft_ms": 141.51293598115444,
    "p50_tpot_ms": 8.030693941655862,
    "p50_e2e_ms": 8363.152172416449,
    "p99_ttft_ms": 154.49410486966372,
    "p99_tpot_ms": 8.180555631411156,
    "p99_e2e_ms": 8502.492728456855
  },
  "turn2": {
    "count": 4,
    "avg_ttft_ms": 104.09969091415405,
    "avg_tpot_ms": 8.07631976433157,
    "avg_e2e_ms": 1129.7923009842634,
    "p50_ttft_ms": 104.87623140215874,
    "p50_tpot_ms": 8.050374584052506,
    "p50_e2e_ms": 1136.8311289697886,
    "p99_ttft_ms": 163.95866684615612,
    "p99_tpot_ms": 8.347946408050737,
    "p99_e2e_ms": 1205.8700728416443
  },
  "average": {
    "count": 8,
    "avg_ttft_ms": 123.42816637828946,
    "avg_tpot_ms": 8.05702864566809,
    "avg_e2e_ms": 4747.577216476202,
    "p50_ttft_ms": 141.51293598115444,
    "p50_tpot_ms": 8.050374584052506,
    "p50_e2e_ms": 4719.00306455791,
    "p99_ttft_ms": 163.85565146803856,
    "p99_tpot_ms": 8.343748778206344,
    "p99_e2e_ms": 8500.811414048076
  },
  "throughput": {
    "requests_per_sec": 0.4552486740907011,
    "tokens_per_sec": 262.2232362762438
  },
  "success_rate": 100.0,
  "total_requests": 8,
  "failed_requests": 0,
  "duration_sec": 17.572813399136066,
  "timestamp": "2026-01-18T07:45:08.335647",
  "error": null
}