{
  "config": "1P_1D_2pD",
  "workload": "small_long_gen",
  "qps": 12,
  "turn1": {
    "count": 108,
    "avg_ttft_ms": 1015.3995908589827,
    "avg_tpot_ms": 9.237156403037785,
    "avg_e2e_ms": 2188.5184540447813,
    "p50_ttft_ms": 1018.53321865201,
    "p50_tpot_ms": 9.300093467193326,
    "p50_e2e_ms": 2218.019336462021,
    "p99_ttft_ms": 3228.5552422702312,
    "p99_tpot_ms": 9.760599016087262,
    "p99_e2e_ms": 4413.619740456343
  },
  "turn2": {
    "count": 108,
    "avg_ttft_ms": 79.69939308585944,
    "avg_tpot_ms": 9.28105498493504,
    "avg_e2e_ms": 4822.3184903876645,
    "p50_ttft_ms": 45.8447951823473,
    "p50_tpot_ms": 9.327411644321131,
    "p50_e2e_ms": 4842.577133327723,
    "p99_ttft_ms": 299.1621960327029,
    "p99_tpot_ms": 9.688674007522383,
    "p99_e2e_ms": 5069.985248707235
  },
  "average": {
    "count": 216,
    "avg_ttft_ms": 547.549491972421,
    "avg_tpot_ms": 9.259105693986413,
    "avg_e2e_ms": 3505.418472216223,
    "p50_ttft_ms": 114.82833325862885,
    "p50_tpot_ms": 9.316493408962238,
    "p50_e2e_ms": 4373.422948643565,
    "p99_ttft_ms": 3220.3047269955277,
    "p99_tpot_ms": 9.74374266825323,
    "p99_e2e_ms": 5052.630119211972
  },
  "throughput": {
    "requests_per_sec": 11.73470738491741,
    "tokens_per_sec": 3755.1063631735715
  },
  "success_rate": 100.0,
  "total_requests": 216,
  "failed_requests": 0,
  "duration_sec": 18.406935334205627,
  "timestamp": "2026-01-18T06:56:44.762873",
  "error": null
}