{
  "config": "1P_1D_2pD",
  "workload": "large_mid_bal",
  "qps": 1,
  "turn1": {
    "count": 10,
    "avg_ttft_ms": 154.57940325140953,
    "avg_tpot_ms": 8.182385685477671,
    "avg_e2e_ms": 8525.159959495068,
    "p50_ttft_ms": 154.70034256577492,
    "p50_tpot_ms": 8.17582237726316,
    "p50_e2e_ms": 8514.229698106647,
    "p99_ttft_ms": 193.05743146687746,
    "p99_tpot_ms": 8.320956207440396,
    "p99_e2e_ms": 8650.467458926141
  },
  "turn2": {
    "count": 10,
    "avg_ttft_ms": 89.71800208091736,
    "avg_tpot_ms": 7.964895272583473,
    "avg_e2e_ms": 1101.2597016990185,
    "p50_ttft_ms": 63.41801397502422,
    "p50_tpot_ms": 8.034006978465817,
    "p50_e2e_ms": 1097.5778810679913,
    "p99_ttft_ms": 146.02447420358658,
    "p99_tpot_ms": 8.238983645917862,
    "p99_e2e_ms": 1168.781307786703
  },
  "average": {
    "count": 20,
    "avg_ttft_ms": 122.14870266616344,
    "avg_tpot_ms": 8.073640479030573,
    "avg_e2e_ms": 4813.209830597043,
    "p50_ttft_ms": 139.78186435997486,
    "p50_tpot_ms": 8.112545406495022,
    "p50_e2e_ms": 4771.927148103714,
    "p99_ttft_ms": 189.66104146093124,
    "p99_tpot_ms": 8.320060266019778,
    "p99_e2e_ms": 8649.953985400498
  },
  "throughput": {
    "requests_per_sec": 1.338698944556504,
    "tokens_per_sec": 771.0905920645464
  },
  "success_rate": 100.0,
  "total_requests": 20,
  "failed_requests": 0,
  "duration_sec": 14.939878813922405,
  "timestamp": "2026-01-18T07:45:23.314665",
  "error": null
}