{
  "config": "1P_1D_2pD",
  "workload": "small_mid_bal",
  "qps": 16,
  "turn1": {
    "count": 158,
    "avg_ttft_ms": 240.5180120015446,
    "avg_tpot_ms": 9.488182855465709,
    "avg_e2e_ms": 1445.5172346456895,
    "p50_ttft_ms": 250.62390603125095,
    "p50_tpot_ms": 9.604882536910651,
    "p50_e2e_ms": 1467.983454465866,
    "p99_ttft_ms": 474.4529635831714,
    "p99_tpot_ms": 10.067643105514406,
    "p99_e2e_ms": 1728.8361230492592
  },
  "turn2": {
    "count": 158,
    "avg_ttft_ms": 150.7495767849533,
    "avg_tpot_ms": 9.482489664508197,
    "avg_e2e_ms": 1355.0257641774945,
    "p50_ttft_ms": 92.2198947519064,
    "p50_tpot_ms": 9.624997432541658,
    "p50_e2e_ms": 1309.5259759575129,
    "p99_ttft_ms": 517.2552746534349,
    "p99_tpot_ms": 10.120027798308632,
    "p99_e2e_ms": 1786.2888003885746
  },
  "average": {
    "count": 316,
    "avg_ttft_ms": 195.63379439324896,
    "avg_tpot_ms": 9.485336259986953,
    "avg_e2e_ms": 1400.271499411592,
    "p50_ttft_ms": 171.17383889853954,
    "p50_tpot_ms": 9.607466876389473,
    "p50_e2e_ms": 1377.0574275404215,
    "p99_ttft_ms": 507.2462046518929,
    "p99_tpot_ms": 10.10687487478566,
    "p99_e2e_ms": 1763.802410289646
  },
  "throughput": {
    "requests_per_sec": 24.99438704200421,
    "tokens_per_sec": 3199.281541376539
  },
  "success_rate": 100.0,
  "total_requests": 316,
  "failed_requests": 0,
  "duration_sec": 12.642838548868895,
  "timestamp": "2026-01-18T07:06:00.220666",
  "error": null
}