{
  "config": "1P_1D_2pD",
  "workload": "small_big_paste",
  "qps": 0.5,
  "turn1": {
    "count": 5,
    "avg_ttft_ms": 98.61378148198128,
    "avg_tpot_ms": 7.857231525924261,
    "avg_e2e_ms": 1096.4821852743626,
    "p50_ttft_ms": 98.7243689596653,
    "p50_tpot_ms": 7.843454669075688,
    "p50_e2e_ms": 1100.267942994833,
    "p99_ttft_ms": 107.01704651117325,
    "p99_tpot_ms": 7.925864300859256,
    "p99_e2e_ms": 1100.742767304182
  },
  "turn2": {
    "count": 5,
    "avg_ttft_ms": 83.33112820982933,
    "avg_tpot_ms": 7.892732949010909,
    "avg_e2e_ms": 580.5733039975166,
    "p50_ttft_ms": 58.93702432513237,
    "p50_tpot_ms": 7.8874008641356514,
    "p50_e2e_ms": 555.8432787656784,
    "p99_ttft_ms": 129.60195019841194,
    "p99_tpot_ms": 7.922846613422273,
    "p99_e2e_ms": 626.017854064703
  },
  "average": {
    "count": 10,
    "avg_ttft_ms": 90.9724548459053,
    "avg_tpot_ms": 7.874982237467587,
    "avg_e2e_ms": 838.5277446359396,
    "p50_ttft_ms": 95.6733487546444,
    "p50_tpot_ms": 7.88309821297252,
    "p50_e2e_ms": 854.8347111791372,
    "p99_ttft_ms": 129.4363545253873,
    "p99_tpot_ms": 7.9270848488965235,
    "p99_e2e_ms": 1100.7356691360474
  },
  "throughput": {
    "requests_per_sec": 0.9186165950033953,
    "tokens_per_sec": 88.18719312032594
  },
  "success_rate": 100.0,
  "total_requests": 10,
  "failed_requests": 0,
  "duration_sec": 10.88593440875411,
  "timestamp": "2026-01-18T07:08:29.392676",
  "error": null
}