{
  "config": "1P_1D_2pD",
  "workload": "small_mid_bal",
  "qps": 20,
  "turn1": {
    "count": 191,
    "avg_ttft_ms": 687.8419811422913,
    "avg_tpot_ms": 9.56821691979087,
    "avg_e2e_ms": 1903.0055299557316,
    "p50_ttft_ms": 454.2310796678066,
    "p50_tpot_ms": 9.538489767885583,
    "p50_e2e_ms": 1704.2513377964497,
    "p99_ttft_ms": 2101.0024037212133,
    "p99_tpot_ms": 10.458106028400067,
    "p99_e2e_ms": 3271.747040376067
  },
  "turn2": {
    "count": 191,
    "avg_ttft_ms": 204.36816670351627,
    "avg_tpot_ms": 9.582978345663523,
    "avg_e2e_ms": 1421.4064166027838,
    "p50_ttft_ms": 76.24972239136696,
    "p50_tpot_ms": 9.653934343593328,
    "p50_e2e_ms": 1343.6239771544933,
    "p99_ttft_ms": 619.7376973927015,
    "p99_tpot_ms": 10.473957059420938,
    "p99_e2e_ms": 1908.7835192680354
  },
  "average": {
    "count": 382,
    "avg_ttft_ms": 446.1050739229037,
    "avg_tpot_ms": 9.575597632727197,
    "avg_e2e_ms": 1662.2059732792577,
    "p50_ttft_ms": 343.3196134865284,
    "p50_tpot_ms": 9.580266199947342,
    "p50_e2e_ms": 1551.05291120708,
    "p99_ttft_ms": 2001.559518314898,
    "p99_tpot_ms": 10.465982500610389,
    "p99_e2e_ms": 3133.1242083758116
  },
  "throughput": {
    "requests_per_sec": 26.785370929685467,
    "tokens_per_sec": 3428.5274789997397
  },
  "success_rate": 100.0,
  "total_requests": 382,
  "failed_requests": 0,
  "duration_sec": 14.261516146361828,
  "timestamp": "2026-01-18T07:06:14.521981",
  "error": null
}