{
  "config": "1P_1D_2pD",
  "workload": "small_big_paste",
  "qps": 10,
  "turn1": {
    "count": 100,
    "avg_ttft_ms": 152.6450940221548,
    "avg_tpot_ms": 8.98848851160036,
    "avg_e2e_ms": 1294.183134995401,
    "p50_ttft_ms": 124.97038953006268,
    "p50_tpot_ms": 8.90754657526185,
    "p50_e2e_ms": 1281.7609291523695,
    "p99_ttft_ms": 343.0248884856702,
    "p99_tpot_ms": 9.770314742730358,
    "p99_e2e_ms": 1532.453274689615
  },
  "turn2": {
    "count": 100,
    "avg_ttft_ms": 116.00695516914129,
    "avg_tpot_ms": 8.978882274102597,
    "avg_e2e_ms": 681.6765384376049,
    "p50_ttft_ms": 85.4849275201559,
    "p50_tpot_ms": 8.941925263830594,
    "p50_e2e_ms": 666.8834015727043,
    "p99_ttft_ms": 329.22753002494613,
    "p99_tpot_ms": 10.255162161257532,
    "p99_e2e_ms": 895.5675237625843
  },
  "average": {
    "count": 200,
    "avg_ttft_ms": 134.32602459564805,
    "avg_tpot_ms": 8.98368539285148,
    "avg_e2e_ms": 987.9298367165029,
    "p50_ttft_ms": 113.75175416469574,
    "p50_tpot_ms": 8.93446584306066,
    "p50_e2e_ms": 1049.9696731567383,
    "p99_ttft_ms": 343.02488848566986,
    "p99_tpot_ms": 10.043132760458521,
    "p99_e2e_ms": 1528.0122077837586
  },
  "throughput": {
    "requests_per_sec": 16.956538361247677,
    "tokens_per_sec": 1627.827682679777
  },
  "success_rate": 100.0,
  "total_requests": 200,
  "failed_requests": 0,
  "duration_sec": 11.794860232621431,
  "timestamp": "2026-01-18T07:09:38.335746",
  "error": null
}