{
  "config": "1P_1D_2pD",
  "workload": "small_small_bal",
  "qps": 6,
  "turn1": {
    "count": 60,
    "avg_ttft_ms": 107.02537912875414,
    "avg_tpot_ms": 8.432913456708583,
    "avg_e2e_ms": 1178.0053881307442,
    "p50_ttft_ms": 98.70930388569832,
    "p50_tpot_ms": 8.392347037557542,
    "p50_e2e_ms": 1178.8586992770433,
    "p99_ttft_ms": 172.65685107558966,
    "p99_tpot_ms": 9.092117834278918,
    "p99_e2e_ms": 1270.3762780874965
  },
  "turn2": {
    "count": 60,
    "avg_ttft_ms": 65.2558870613575,
    "avg_tpot_ms": 8.465631738817565,
    "avg_e2e_ms": 598.5906866068641,
    "p50_ttft_ms": 43.18767972290516,
    "p50_tpot_ms": 8.393671747947497,
    "p50_e2e_ms": 592.6931407302618,
    "p99_ttft_ms": 149.97709572315216,
    "p99_tpot_ms": 9.34167182220826,
    "p99_e2e_ms": 684.6945593506098
  },
  "average": {
    "count": 120,
    "avg_ttft_ms": 86.14063309505582,
    "avg_tpot_ms": 8.449272597763075,
    "avg_e2e_ms": 888.2980373688042,
    "p50_ttft_ms": 91.02442488074303,
    "p50_tpot_ms": 8.392347037557542,
    "p50_e2e_ms": 894.742377102375,
    "p99_ttft_ms": 170.78853588551283,
    "p99_tpot_ms": 9.232959538756862,
    "p99_e2e_ms": 1247.5617555901408
  },
  "throughput": {
    "requests_per_sec": 10.580702020368582,
    "tokens_per_sec": 1015.7473939553838
  },
  "success_rate": 100.0,
  "total_requests": 120,
  "failed_requests": 0,
  "duration_sec": 11.341402467340231,
  "timestamp": "2026-01-18T07:03:11.285350",
  "error": null
}