{
  "config": "1P_1D_2pD",
  "workload": "small_big_paste",
  "qps": 4,
  "turn1": {
    "count": 34,
    "avg_ttft_ms": 107.39740608807872,
    "avg_tpot_ms": 8.253245000633008,
    "avg_e2e_ms": 1155.5595211684704,
    "p50_ttft_ms": 98.86588901281357,
    "p50_tpot_ms": 8.220618869375993,
    "p50_e2e_ms": 1146.101325750351,
    "p99_ttft_ms": 190.21083544939762,
    "p99_tpot_ms": 8.941290816218833,
    "p99_e2e_ms": 1274.3482818454504
  },
  "turn2": {
    "count": 34,
    "avg_ttft_ms": 81.21880877982167,
    "avg_tpot_ms": 8.317647272256576,
    "avg_e2e_ms": 605.230586931986,
    "p50_ttft_ms": 68.42181645333767,
    "p50_tpot_ms": 8.173622664005038,
    "p50_e2e_ms": 601.6483176499605,
    "p99_ttft_ms": 147.9565449431539,
    "p99_tpot_ms": 9.301336274615355,
    "p99_e2e_ms": 703.0804520845413
  },
  "average": {
    "count": 68,
    "avg_ttft_ms": 94.3081074339502,
    "avg_tpot_ms": 8.28544613644479,
    "avg_e2e_ms": 880.3950540502282,
    "p50_ttft_ms": 95.01384757459164,
    "p50_tpot_ms": 8.210765784533006,
    "p50_e2e_ms": 887.7235036343336,
    "p99_ttft_ms": 181.27155546098942,
    "p99_tpot_ms": 9.281637709410418,
    "p99_e2e_ms": 1260.142564252019
  },
  "throughput": {
    "requests_per_sec": 6.250334220323876,
    "tokens_per_sec": 600.0320851510921
  },
  "success_rate": 100.0,
  "total_requests": 68,
  "failed_requests": 0,
  "duration_sec": 10.879418220371008,
  "timestamp": "2026-01-18T07:09:03.181844",
  "error": null
}