{
  "config": "1P_1D_2pD",
  "workload": "small_tiny",
  "qps": 6,
  "turn1": {
    "count": 60,
    "avg_ttft_ms": 117.26085872699817,
    "avg_tpot_ms": 8.33091181886243,
    "avg_e2e_ms": 1175.2866597225268,
    "p50_ttft_ms": 104.36037927865982,
    "p50_tpot_ms": 8.353087376421831,
    "p50_e2e_ms": 1168.7396559864283,
    "p99_ttft_ms": 205.30169527977705,
    "p99_tpot_ms": 8.706303885661242,
    "p99_e2e_ms": 1278.9095391333103
  },
  "turn2": {
    "count": 60,
    "avg_ttft_ms": 68.54354503254096,
    "avg_tpot_ms": 8.441197571735227,
    "avg_e2e_ms": 330.22066975633305,
    "p50_ttft_ms": 36.56192123889923,
    "p50_tpot_ms": 8.400436010091536,
    "p50_e2e_ms": 309.6489664167166,
    "p99_ttft_ms": 191.06118667870757,
    "p99_tpot_ms": 9.057098678763836,
    "p99_e2e_ms": 450.9593051671982
  },
  "average": {
    "count": 120,
    "avg_ttft_ms": 92.90220187976956,
    "avg_tpot_ms": 8.38605469529883,
    "avg_e2e_ms": 752.75366473943,
    "p50_ttft_ms": 90.12536145746708,
    "p50_tpot_ms": 8.359238593362448,
    "p50_e2e_ms": 775.2848174422979,
    "p99_ttft_ms": 203.56108050793412,
    "p99_tpot_ms": 8.997238334869186,
    "p99_e2e_ms": 1275.1939932629466
  },
  "throughput": {
    "requests_per_sec": 11.940089701442297,
    "tokens_per_sec": 955.2071761153837
  },
  "success_rate": 100.0,
  "total_requests": 120,
  "failed_requests": 0,
  "duration_sec": 10.050175752490759,
  "timestamp": "2026-01-18T06:51:19.850382",
  "error": null
}