{
  "config": "1P_1D_2pD",
  "workload": "large_very_long_gen",
  "qps": 8,
  "turn1": {
    "count": 78,
    "avg_ttft_ms": 5967.560060322285,
    "avg_tpot_ms": 10.11031458669878,
    "avg_e2e_ms": 16310.411882515136,
    "p50_ttft_ms": 252.09788046777248,
    "p50_tpot_ms": 9.960980969367373,
    "p50_e2e_ms": 11132.959060370922,
    "p99_ttft_ms": 16695.348891317844,
    "p99_tpot_ms": 11.210031102020894,
    "p99_e2e_ms": 27463.15596960485
  },
  "turn2": {
    "count": 78,
    "avg_ttft_ms": 115.07353425408022,
    "avg_tpot_ms": 10.69525824818421,
    "avg_e2e_ms": 11056.322722146526,
    "p50_ttft_ms": 112.11208067834377,
    "p50_tpot_ms": 11.030443254876463,
    "p50_e2e_ms": 11418.341111391783,
    "p99_ttft_ms": 218.76309186220186,
    "p99_tpot_ms": 11.887617285271427,
    "p99_e2e_ms": 12322.611948773265
  },
  "average": {
    "count": 156,
    "avg_ttft_ms": 3041.3167972881824,
    "avg_tpot_ms": 10.402786417441495,
    "avg_e2e_ms": 13683.367302330831,
    "p50_ttft_ms": 152.12649665772915,
    "p50_tpot_ms": 10.000858994843558,
    "p50_e2e_ms": 11249.064709991217,
    "p99_ttft_ms": 16673.70050344616,
    "p99_tpot_ms": 11.885576248023284,
    "p99_e2e_ms": 27439.268661662936
  },
  "throughput": {
    "requests_per_sec": 3.3675037877248486,
    "tokens_per_sec": 3448.323878630245
  },
  "success_rate": 100.0,
  "total_requests": 156,
  "failed_requests": 0,
  "duration_sec": 46.32511493191123,
  "timestamp": "2026-01-18T07:35:05.183022",
  "error": null
}