{
  "config": "1P_1D_2pD",
  "workload": "small_huge_paste",
  "qps": 12,
  "turn1": {
    "count": 120,
    "avg_ttft_ms": 874.6093838475645,
    "avg_tpot_ms": 9.526554977135083,
    "avg_e2e_ms": 2084.48186594372,
    "p50_ttft_ms": 852.1121498197317,
    "p50_tpot_ms": 9.341193568401449,
    "p50_e2e_ms": 2096.5260043740273,
    "p99_ttft_ms": 1865.5784400552511,
    "p99_tpot_ms": 11.37763532861246,
    "p99_e2e_ms": 3111.5502214059234
  },
  "turn2": {
    "count": 120,
    "avg_ttft_ms": 459.41058720151585,
    "avg_tpot_ms": 9.525800894905803,
    "avg_e2e_ms": 754.7104149435958,
    "p50_ttft_ms": 170.6473007798195,
    "p50_tpot_ms": 9.395173961116422,
    "p50_e2e_ms": 466.0768751055002,
    "p99_ttft_ms": 1838.4730084612966,
    "p99_tpot_ms": 12.543488684440812,
    "p99_e2e_ms": 2157.672661691904
  },
  "average": {
    "count": 240,
    "avg_ttft_ms": 667.0099855245402,
    "avg_tpot_ms": 9.526177936020444,
    "avg_e2e_ms": 1419.5961404436578,
    "p50_ttft_ms": 498.5370244830847,
    "p50_tpot_ms": 9.348978090473986,
    "p50_e2e_ms": 1337.7152252942324,
    "p99_ttft_ms": 1864.1520666331053,
    "p99_tpot_ms": 12.436837633290596,
    "p99_e2e_ms": 3101.2854486331344
  },
  "throughput": {
    "requests_per_sec": 19.022103495598596,
    "tokens_per_sec": 1521.7682796478878
  },
  "success_rate": 100.0,
  "total_requests": 240,
  "failed_requests": 0,
  "duration_sec": 12.61690117791295,
  "timestamp": "2026-01-18T07:11:49.950200",
  "error": null
}