{
  "config": "1P_1D_2pD",
  "workload": "small_big_paste",
  "qps": 2,
  "turn1": {
    "count": 20,
    "avg_ttft_ms": 96.83288261294365,
    "avg_tpot_ms": 8.10017790352031,
    "avg_e2e_ms": 1125.555476360023,
    "p50_ttft_ms": 91.99001267552376,
    "p50_tpot_ms": 8.108946986085787,
    "p50_e2e_ms": 1118.0733554065228,
    "p99_ttft_ms": 159.16761152446267,
    "p99_tpot_ms": 8.578662820688383,
    "p99_e2e_ms": 1223.8292916119099
  },
  "turn2": {
    "count": 20,
    "avg_ttft_ms": 83.32160152494907,
    "avg_tpot_ms": 8.117654390396579,
    "avg_e2e_ms": 594.7338281199336,
    "p50_ttft_ms": 58.34883823990822,
    "p50_tpot_ms": 8.025926552594655,
    "p50_e2e_ms": 582.5851261615753,
    "p99_ttft_ms": 150.99872674793005,
    "p99_tpot_ms": 8.750191588132154,
    "p99_e2e_ms": 675.272654928267
  },
  "average": {
    "count": 40,
    "avg_ttft_ms": 90.07724206894636,
    "avg_tpot_ms": 8.108916146958444,
    "avg_e2e_ms": 860.1446522399783,
    "p50_ttft_ms": 91.17707051336765,
    "p50_tpot_ms": 8.060334038947122,
    "p50_e2e_ms": 864.6559026092291,
    "p99_ttft_ms": 158.93368899822235,
    "p99_tpot_ms": 8.722639344497601,
    "p99_e2e_ms": 1214.0386207401752
  },
  "throughput": {
    "requests_per_sec": 3.5037849550327733,
    "tokens_per_sec": 336.3633556831462
  },
  "success_rate": 100.0,
  "total_requests": 40,
  "failed_requests": 0,
  "duration_sec": 11.416225742548704,
  "timestamp": "2026-01-18T07:08:52.264070",
  "error": null
}