{
  "config": "1P_1D_2pD",
  "workload": "large_mid_paste",
  "qps": 16,
  "turn1": {
    "count": 160,
    "avg_ttft_ms": 12470.879452093504,
    "avg_tpot_ms": 10.299244366872069,
    "avg_e2e_ms": 23007.00643940363,
    "p50_ttft_ms": 12671.602750197053,
    "p50_tpot_ms": 10.328379862979126,
    "p50_e2e_ms": 23326.8093559891,
    "p99_ttft_ms": 26742.589833810925,
    "p99_tpot_ms": 10.819066098489719,
    "p99_e2e_ms": 36996.778552383184
  },
  "turn2": {
    "count": 160,
    "avg_ttft_ms": 337.8868290921673,
    "avg_tpot_ms": 10.394059589857028,
    "avg_e2e_ms": 992.7125832531601,
    "p50_ttft_ms": 145.8763461560011,
    "p50_tpot_ms": 10.476500416795412,
    "p50_e2e_ms": 809.6150029450655,
    "p99_ttft_ms": 2174.0889155119658,
    "p99_tpot_ms": 11.917702148239762,
    "p99_e2e_ms": 2780.9048910811543
  },
  "average": {
    "count": 320,
    "avg_ttft_ms": 6404.383140592836,
    "avg_tpot_ms": 10.346651978364548,
    "avg_e2e_ms": 11999.859511328395,
    "p50_ttft_ms": 929.9204889684916,
    "p50_tpot_ms": 10.394668703728762,
    "p50_e2e_ms": 9752.191932871938,
    "p99_ttft_ms": 26703.804477378726,
    "p99_tpot_ms": 11.776890761204182,
    "p99_e2e_ms": 36683.52997582406
  },
  "throughput": {
    "requests_per_sec": 6.881842618146282,
    "tokens_per_sec": 3743.722384271578
  },
  "success_rate": 100.0,
  "total_requests": 320,
  "failed_requests": 0,
  "duration_sec": 46.499174386262894,
  "timestamp": "2026-01-18T07:53:29.790906",
  "error": null
}