{
  "config": "1P_1D_2pD",
  "workload": "large_small_bal",
  "qps": 20,
  "turn1": {
    "count": 199,
    "avg_ttft_ms": 15384.93706475026,
    "avg_tpot_ms": 10.349080953199797,
    "avg_e2e_ms": 25972.046879873655,
    "p50_ttft_ms": 13395.417023450136,
    "p50_tpot_ms": 10.293464728959728,
    "p50_e2e_ms": 24467.449598014355,
    "p99_ttft_ms": 32172.5440248102,
    "p99_tpot_ms": 10.977583737608741,
    "p99_e2e_ms": 42344.08006310463
  },
  "turn2": {
    "count": 199,
    "avg_ttft_ms": 631.8830971666916,
    "avg_tpot_ms": 10.489624903489124,
    "avg_e2e_ms": 1292.7294660865061,
    "p50_ttft_ms": 114.86631259322166,
    "p50_tpot_ms": 10.431811213493347,
    "p50_e2e_ms": 794.6986332535744,
    "p99_ttft_ms": 20606.43149159857,
    "p99_tpot_ms": 12.986089599037928,
    "p99_e2e_ms": 21267.929992154324
  },
  "average": {
    "count": 398,
    "avg_ttft_ms": 8008.410080958476,
    "avg_tpot_ms": 10.419352928344459,
    "avg_e2e_ms": 13632.38817298008,
    "p50_ttft_ms": 754.2444504797459,
    "p50_tpot_ms": 10.366567178380805,
    "p50_e2e_ms": 10287.712698802352,
    "p99_ttft_ms": 31964.07343447208,
    "p99_tpot_ms": 12.295550010980111,
    "p99_e2e_ms": 42221.0005267337
  },
  "throughput": {
    "requests_per_sec": 7.478342589809441,
    "tokens_per_sec": 4068.218368856336
  },
  "success_rate": 100.0,
  "total_requests": 398,
  "failed_requests": 0,
  "duration_sec": 53.22034865617752,
  "timestamp": "2026-01-18T07:44:45.710629",
  "error": null
}