{
  "config": "1P_1D_2pD",
  "workload": "large_long_gen",
  "qps": 6,
  "turn1": {
    "count": 58,
    "avg_ttft_ms": 1128.5163555294275,
    "avg_tpot_ms": 10.118225334989402,
    "avg_e2e_ms": 11479.460873223585,
    "p50_ttft_ms": 147.09570817649364,
    "p50_tpot_ms": 10.083577951611195,
    "p50_e2e_ms": 10644.60038766265,
    "p99_ttft_ms": 7595.970275439322,
    "p99_tpot_ms": 11.20196273552212,
    "p99_e2e_ms": 17231.98460675776
  },
  "turn2": {
    "count": 58,
    "avg_ttft_ms": 117.77329823837198,
    "avg_tpot_ms": 10.20622348718431,
    "avg_e2e_ms": 5333.153500189555,
    "p50_ttft_ms": 105.64127005636692,
    "p50_tpot_ms": 10.30016034010455,
    "p50_e2e_ms": 5412.374675273895,
    "p99_ttft_ms": 331.00383523851633,
    "p99_tpot_ms": 11.67119243533994,
    "p99_e2e_ms": 6134.70730997622
  },
  "average": {
    "count": 116,
    "avg_ttft_ms": 623.1448268838998,
    "avg_tpot_ms": 10.162224411086855,
    "avg_e2e_ms": 8406.30718670657,
    "p50_ttft_ms": 137.59049959480762,
    "p50_tpot_ms": 10.186246782905428,
    "p50_e2e_ms": 7758.461801335216,
    "p99_ttft_ms": 7538.471735641359,
    "p99_tpot_ms": 11.655887506479386,
    "p99_e2e_ms": 17118.94029006362
  },
  "throughput": {
    "requests_per_sec": 3.6883606177799364,
    "tokens_per_sec": 2832.660954454991
  },
  "success_rate": 100.0,
  "total_requests": 116,
  "failed_requests": 0,
  "duration_sec": 31.450287003070116,
  "timestamp": "2026-01-18T07:27:28.287074",
  "error": null
}