{
  "config": "1P_1D_2pD",
  "workload": "small_huge_paste",
  "qps": 4,
  "turn1": {
    "count": 40,
    "avg_ttft_ms": 116.878258343786,
    "avg_tpot_ms": 8.435838507473703,
    "avg_e2e_ms": 1188.2297487929463,
    "p50_ttft_ms": 100.55573470890522,
    "p50_tpot_ms": 8.390978389368282,
    "p50_e2e_ms": 1175.5068935453892,
    "p99_ttft_ms": 239.9605721980333,
    "p99_tpot_ms": 9.271416727189473,
    "p99_e2e_ms": 1328.4434544667602
  },
  "turn2": {
    "count": 40,
    "avg_ttft_ms": 113.10358289629221,
    "avg_tpot_ms": 8.456046813197673,
    "avg_e2e_ms": 375.2410341054201,
    "p50_ttft_ms": 114.59500528872013,
    "p50_tpot_ms": 8.427322511711429,
    "p50_e2e_ms": 370.2615015208721,
    "p99_ttft_ms": 219.43195920437574,
    "p99_tpot_ms": 9.160681686574414,
    "p99_e2e_ms": 477.539621964097
  },
  "average": {
    "count": 80,
    "avg_ttft_ms": 114.9909206200391,
    "avg_tpot_ms": 8.445942660335689,
    "avg_e2e_ms": 781.7353914491832,
    "p50_ttft_ms": 101.24275088310242,
    "p50_tpot_ms": 8.402369036449223,
    "p50_e2e_ms": 783.9541714638472,
    "p99_ttft_ms": 228.98201737552864,
    "p99_tpot_ms": 9.240807426418254,
    "p99_e2e_ms": 1318.3207574114201
  },
  "throughput": {
    "requests_per_sec": 9.810172668192733,
    "tokens_per_sec": 784.8138134554187
  },
  "success_rate": 100.0,
  "total_requests": 80,
  "failed_requests": 0,
  "duration_sec": 8.154800400137901,
  "timestamp": "2026-01-18T07:11:04.969433",
  "error": null
}