{
  "config": "1P_1D_2pD",
  "workload": "small_tiny",
  "qps": 20,
  "turn1": {
    "count": 200,
    "avg_ttft_ms": 1682.204115036875,
    "avg_tpot_ms": 9.115850633142268,
    "avg_e2e_ms": 2839.917145445943,
    "p50_ttft_ms": 1461.0094595700502,
    "p50_tpot_ms": 9.121822603926883,
    "p50_e2e_ms": 2650.1540075987577,
    "p99_ttft_ms": 3436.7896632477637,
    "p99_tpot_ms": 9.688378107242697,
    "p99_e2e_ms": 4626.60944018513
  },
  "turn2": {
    "count": 200,
    "avg_ttft_ms": 443.83391907438636,
    "avg_tpot_ms": 9.19383612912028,
    "avg_e2e_ms": 728.8428390771151,
    "p50_ttft_ms": 107.69475065171719,
    "p50_tpot_ms": 9.239223455229112,
    "p50_e2e_ms": 398.61814491450787,
    "p99_ttft_ms": 1715.5622671917079,
    "p99_tpot_ms": 10.120698278469423,
    "p99_e2e_ms": 2003.5444806516168
  },
  "average": {
    "count": 400,
    "avg_ttft_ms": 1063.0190170556307,
    "avg_tpot_ms": 9.154843381131275,
    "avg_e2e_ms": 1784.379992261529,
    "p50_ttft_ms": 861.7842216044664,
    "p50_tpot_ms": 9.182174669487361,
    "p50_e2e_ms": 1336.4570681005716,
    "p99_ttft_ms": 3354.998101145029,
    "p99_tpot_ms": 10.058946372760879,
    "p99_e2e_ms": 4493.376954458654
  },
  "throughput": {
    "requests_per_sec": 29.608277767941182,
    "tokens_per_sec": 2368.6622214352947
  },
  "success_rate": 100.0,
  "total_requests": 400,
  "failed_requests": 0,
  "duration_sec": 13.509735457599163,
  "timestamp": "2026-01-18T06:52:18.153962",
  "error": null
}