{
  "config": "1P_1D_2pD",
  "workload": "small_mid_paste",
  "qps": 2,
  "turn1": {
    "count": 19,
    "avg_ttft_ms": 98.92392648678077,
    "avg_tpot_ms": 8.010281665946158,
    "avg_e2e_ms": 1116.229698061943,
    "p50_ttft_ms": 96.58945724368095,
    "p50_tpot_ms": 7.9793565737919545,
    "p50_e2e_ms": 1113.4332716464996,
    "p99_ttft_ms": 141.2476272881031,
    "p99_tpot_ms": 8.297599037801188,
    "p99_e2e_ms": 1163.838414773345
  },
  "turn2": {
    "count": 19,
    "avg_ttft_ms": 82.7508647190897,
    "avg_tpot_ms": 8.072532865910503,
    "avg_e2e_ms": 591.3204352714514,
    "p50_ttft_ms": 96.93542867898941,
    "p50_tpot_ms": 8.128608089117776,
    "p50_e2e_ms": 604.5387163758278,
    "p99_ttft_ms": 119.83327947556973,
    "p99_tpot_ms": 8.369561574525303,
    "p99_e2e_ms": 634.1704754531384
  },
  "average": {
    "count": 38,
    "avg_ttft_ms": 90.83739560293525,
    "avg_tpot_ms": 8.04140726592833,
    "avg_e2e_ms": 853.7750666666972,
    "p50_ttft_ms": 96.76244296133518,
    "p50_tpot_ms": 8.055597469918341,
    "p50_e2e_ms": 849.0037899464369,
    "p99_ttft_ms": 137.07438543438917,
    "p99_tpot_ms": 8.36848138521115,
    "p99_e2e_ms": 1160.2361685410142
  },
  "throughput": {
    "requests_per_sec": 3.479047484540438,
    "tokens_per_sec": 333.98855851588206
  },
  "success_rate": 100.0,
  "total_requests": 38,
  "failed_requests": 0,
  "duration_sec": 10.922529850155115,
  "timestamp": "2026-01-18T07:06:50.846703",
  "error": null
}