{
  "config": "1P_1D_2pD",
  "workload": "large_big_paste",
  "qps": 6,
  "turn1": {
    "count": 59,
    "avg_ttft_ms": 524.313999939773,
    "avg_tpot_ms": 10.177554595307386,
    "avg_e2e_ms": 10935.95235093923,
    "p50_ttft_ms": 151.1697694659233,
    "p50_tpot_ms": 10.09139039518197,
    "p50_e2e_ms": 10531.029984354973,
    "p99_ttft_ms": 2834.5839635282755,
    "p99_tpot_ms": 11.266577981288599,
    "p99_e2e_ms": 13523.161422535777
  },
  "turn2": {
    "count": 59,
    "avg_ttft_ms": 121.74641625103304,
    "avg_tpot_ms": 10.137289351582496,
    "avg_e2e_ms": 760.3956454007302,
    "p50_ttft_ms": 88.35260942578316,
    "p50_tpot_ms": 10.02009656457674,
    "p50_e2e_ms": 767.0511640608311,
    "p99_ttft_ms": 320.8231552690268,
    "p99_tpot_ms": 12.218583479287133,
    "p99_e2e_ms": 1000.3256809711459
  },
  "average": {
    "count": 118,
    "avg_ttft_ms": 323.03020809540305,
    "avg_tpot_ms": 10.15742197344494,
    "avg_e2e_ms": 5848.17399816998,
    "p50_ttft_ms": 141.981840133667,
    "p50_tpot_ms": 10.071573559454393,
    "p50_e2e_ms": 5113.933516666293,
    "p99_ttft_ms": 2785.9306854009624,
    "p99_tpot_ms": 12.192880145850635,
    "p99_e2e_ms": 13462.39120874554
  },
  "throughput": {
    "requests_per_sec": 5.036329395448197,
    "tokens_per_sec": 2739.763191123819
  },
  "success_rate": 100.0,
  "total_requests": 118,
  "failed_requests": 0,
  "duration_sec": 23.429762180894613,
  "timestamp": "2026-01-18T07:56:07.174974",
  "error": null
}