{
  "config": "1P_1D_2pD",
  "workload": "small_mid_bal",
  "qps": 12,
  "turn1": {
    "count": 102,
    "avg_ttft_ms": 142.71011634492407,
    "avg_tpot_ms": 8.911607462912224,
    "avg_e2e_ms": 1274.4842641347764,
    "p50_ttft_ms": 112.24796622991562,
    "p50_tpot_ms": 8.942522401884784,
    "p50_e2e_ms": 1251.3362485915422,
    "p99_ttft_ms": 422.8955948352812,
    "p99_tpot_ms": 9.462888058656313,
    "p99_e2e_ms": 1593.962982818484
  },
  "turn2": {
    "count": 102,
    "avg_ttft_ms": 80.47545029252183,
    "avg_tpot_ms": 8.899277912115489,
    "avg_e2e_ms": 1210.6837451311887,
    "p50_ttft_ms": 52.08355933427811,
    "p50_tpot_ms": 8.938889994513332,
    "p50_e2e_ms": 1208.0682665109634,
    "p99_ttft_ms": 388.0201043188567,
    "p99_tpot_ms": 9.3921470251961,
    "p99_e2e_ms": 1495.9788905829187
  },
  "average": {
    "count": 204,
    "avg_ttft_ms": 111.59278331872295,
    "avg_tpot_ms": 8.905442687513855,
    "avg_e2e_ms": 1242.5840046329824,
    "p50_ttft_ms": 98.34894351661205,
    "p50_tpot_ms": 8.939109302646532,
    "p50_e2e_ms": 1228.6929562687874,
    "p99_ttft_ms": 410.1833963394165,
    "p99_tpot_ms": 9.460533532336003,
    "p99_e2e_ms": 1564.4708896055818
  },
  "throughput": {
    "requests_per_sec": 16.678229842337675,
    "tokens_per_sec": 2134.8134198192224
  },
  "success_rate": 100.0,
  "total_requests": 204,
  "failed_requests": 0,
  "duration_sec": 12.231513891369104,
  "timestamp": "2026-01-18T07:05:47.537861",
  "error": null
}