{
  "config": "1P_1D_2pD",
  "workload": "large_long_gen",
  "qps": 0.5,
  "turn1": {
    "count": 5,
    "avg_ttft_ms": 147.08606973290443,
    "avg_tpot_ms": 8.062135085885943,
    "avg_e2e_ms": 8394.650262594223,
    "p50_ttft_ms": 157.2199948132038,
    "p50_tpot_ms": 8.084495705739029,
    "p50_e2e_ms": 8399.56409856677,
    "p99_ttft_ms": 171.1723916232586,
    "p99_tpot_ms": 8.300432501358953,
    "p99_e2e_ms": 8610.70148691535
  },
  "turn2": {
    "count": 5,
    "avg_ttft_ms": 94.53119784593582,
    "avg_tpot_ms": 8.082556437314606,
    "avg_e2e_ms": 4224.7175373137,
    "p50_ttft_ms": 64.2094798386097,
    "p50_tpot_ms": 7.999639214543214,
    "p50_e2e_ms": 4196.160804480314,
    "p99_ttft_ms": 169.01182949543,
    "p99_tpot_ms": 8.390630920164272,
    "p99_e2e_ms": 4418.199640214443
  },
  "average": {
    "count": 10,
    "avg_ttft_ms": 120.80863378942013,
    "avg_tpot_ms": 8.072345761600275,
    "avg_e2e_ms": 6309.683899953961,
    "p50_ttft_ms": 131.23898580670357,
    "p50_tpot_ms": 8.042067460141121,
    "p50_e2e_ms": 6310.861170291901,
    "p99_ttft_ms": 171.52474850416183,
    "p99_tpot_ms": 8.39041423550442,
    "p99_e2e_ms": 8608.192676752806
  },
  "throughput": {
    "requests_per_sec": 0.5420832264219272,
    "tokens_per_sec": 416.31991789204005
  },
  "success_rate": 100.0,
  "total_requests": 10,
  "failed_requests": 0,
  "duration_sec": 18.447351831942797,
  "timestamp": "2026-01-18T07:25:49.239550",
  "error": null
}