{
  "config": "1P_1D_2pD",
  "workload": "small_mid_paste",
  "qps": 0.5,
  "turn1": {
    "count": 3,
    "avg_ttft_ms": 99.75312650203705,
    "avg_tpot_ms": 7.799084261646421,
    "avg_e2e_ms": 1090.2368277311325,
    "p50_ttft_ms": 99.89450871944427,
    "p50_tpot_ms": 7.824504586655324,
    "p50_e2e_ms": 1093.6065912246704,
    "p99_ttft_ms": 102.62448139488697,
    "p99_tpot_ms": 7.826612325399879,
    "p99_e2e_ms": 1096.6042467206717
  },
  "turn2": {
    "count": 3,
    "avg_ttft_ms": 108.83704697092374,
    "avg_tpot_ms": 7.809246599516541,
    "avg_e2e_ms": 600.8195827404658,
    "p50_ttft_ms": 109.08671468496323,
    "p50_tpot_ms": 7.775991682022337,
    "p50_e2e_ms": 598.9741906523705,
    "p99_ttft_ms": 116.05108626186848,
    "p99_tpot_ms": 8.02978008039414,
    "p99_e2e_ms": 607.2644650936127
  },
  "average": {
    "count": 6,
    "avg_ttft_ms": 104.2950867364804,
    "avg_tpot_ms": 7.804165430581481,
    "avg_e2e_ms": 845.5282052357992,
    "p50_ttft_ms": 101.9557025283575,
    "p50_tpot_ms": 7.80024813433883,
    "p50_e2e_ms": 843.9360614866018,
    "p99_ttft_ms": 115.83789121359587,
    "p99_tpot_ms": 8.02454423071362,
    "p99_e2e_ms": 1096.5124817565084
  },
  "throughput": {
    "requests_per_sec": 0.6147608005022821,
    "tokens_per_sec": 59.01703684821908
  },
  "success_rate": 100.0,
  "total_requests": 6,
  "failed_requests": 0,
  "duration_sec": 9.759893596172333,
  "timestamp": "2026-01-18T07:06:29.335094",
  "error": null
}