{
  "config": "1P_1D_2pD",
  "workload": "large_big_paste",
  "qps": 10,
  "turn1": {
    "count": 100,
    "avg_ttft_ms": 4529.569489620626,
    "avg_tpot_ms": 10.241379255751188,
    "avg_e2e_ms": 15006.50046825409,
    "p50_ttft_ms": 3624.159773811698,
    "p50_tpot_ms": 10.273589788119464,
    "p50_e2e_ms": 14188.725287094712,
    "p99_ttft_ms": 10506.031851358712,
    "p99_tpot_ms": 10.87608335927522,
    "p99_e2e_ms": 21120.800615139306
  },
  "turn2": {
    "count": 100,
    "avg_ttft_ms": 449.5440661162138,
    "avg_tpot_ms": 10.201015919446943,
    "avg_e2e_ms": 1092.2080690413713,
    "p50_ttft_ms": 131.23401626944542,
    "p50_tpot_ms": 10.080731340817042,
    "p50_e2e_ms": 795.6430613994598,
    "p99_ttft_ms": 2532.2843389585614,
    "p99_tpot_ms": 12.091742440585106,
    "p99_e2e_ms": 3118.81628446281
  },
  "average": {
    "count": 200,
    "avg_ttft_ms": 2489.55677786842,
    "avg_tpot_ms": 10.221197587599065,
    "avg_e2e_ms": 8049.35426864773,
    "p50_ttft_ms": 293.85300166904926,
    "p50_tpot_ms": 10.209010529612739,
    "p50_e2e_ms": 6609.116742387414,
    "p99_ttft_ms": 10436.822767816484,
    "p99_tpot_ms": 12.038662809109876,
    "p99_e2e_ms": 20870.282158404585
  },
  "throughput": {
    "requests_per_sec": 6.454950271492413,
    "tokens_per_sec": 3511.4929476918724
  },
  "success_rate": 100.0,
  "total_requests": 200,
  "failed_requests": 0,
  "duration_sec": 30.98397223651409,
  "timestamp": "2026-01-18T07:57:01.868627",
  "error": null
}