{
  "config": "1P_1D_2pD",
  "workload": "small_small_bal",
  "qps": 4,
  "turn1": {
    "count": 40,
    "avg_ttft_ms": 100.66582839936018,
    "avg_tpot_ms": 8.221351459446385,
    "avg_e2e_ms": 1144.777463749051,
    "p50_ttft_ms": 98.47801178693771,
    "p50_tpot_ms": 8.234119453416096,
    "p50_e2e_ms": 1149.1450443863869,
    "p99_ttft_ms": 138.27454186975956,
    "p99_tpot_ms": 8.647476065991901,
    "p99_e2e_ms": 1210.819635540247
  },
  "turn2": {
    "count": 40,
    "avg_ttft_ms": 62.07670122385025,
    "avg_tpot_ms": 8.215303930439173,
    "avg_e2e_ms": 579.6408488415182,
    "p50_ttft_ms": 36.39046289026737,
    "p50_tpot_ms": 8.265387326005905,
    "p50_e2e_ms": 565.2150213718414,
    "p99_ttft_ms": 114.35507077723742,
    "p99_tpot_ms": 8.62697272783234,
    "p99_e2e_ms": 649.3156319111586
  },
  "average": {
    "count": 80,
    "avg_ttft_ms": 81.37126481160522,
    "avg_tpot_ms": 8.21832769494278,
    "avg_e2e_ms": 862.2091562952846,
    "p50_ttft_ms": 92.84844063222408,
    "p50_tpot_ms": 8.254040955683319,
    "p50_e2e_ms": 858.7300293147564,
    "p99_ttft_ms": 134.24590863287443,
    "p99_tpot_ms": 8.641037368105621,
    "p99_e2e_ms": 1201.9246853888033
  },
  "throughput": {
    "requests_per_sec": 8.037042500839842,
    "tokens_per_sec": 771.556080080625
  },
  "success_rate": 100.0,
  "total_requests": 80,
  "failed_requests": 0,
  "duration_sec": 9.953910283744335,
  "timestamp": "2026-01-18T07:02:59.905348",
  "error": null
}