{
  "config": "1P_1D_2pD",
  "workload": "large_short_gen",
  "qps": 4,
  "turn1": {
    "count": 33,
    "avg_ttft_ms": 130.98810387380195,
    "avg_tpot_ms": 9.417732942111932,
    "avg_e2e_ms": 9765.328903654308,
    "p50_ttft_ms": 124.84265491366386,
    "p50_tpot_ms": 9.61749071759679,
    "p50_e2e_ms": 9957.667011767626,
    "p99_ttft_ms": 178.07925879955292,
    "p99_tpot_ms": 9.859695559402132,
    "p99_e2e_ms": 10241.849433332682
  },
  "turn2": {
    "count": 33,
    "avg_ttft_ms": 94.79386528784579,
    "avg_tpot_ms": 9.304527767927818,
    "avg_e2e_ms": 2467.4484461094394,
    "p50_ttft_ms": 69.82508674263954,
    "p50_tpot_ms": 9.487688030097999,
    "p50_e2e_ms": 2471.609115600586,
    "p99_ttft_ms": 163.45582902431488,
    "p99_tpot_ms": 10.388713415346894,
    "p99_e2e_ms": 2773.1765623390675
  },
  "average": {
    "count": 66,
    "avg_ttft_ms": 112.89098458082387,
    "avg_tpot_ms": 9.361130355019876,
    "avg_e2e_ms": 6116.388674881874,
    "p50_ttft_ms": 121.9854336231947,
    "p50_tpot_ms": 9.55983998212064,
    "p50_e2e_ms": 5757.038865238428,
    "p99_ttft_ms": 172.56686855107537,
    "p99_tpot_ms": 10.367320566346832,
    "p99_e2e_ms": 10224.283595196903
  },
  "throughput": {
    "requests_per_sec": 3.046981326382265,
    "tokens_per_sec": 1950.0680488846494
  },
  "success_rate": 100.0,
  "total_requests": 66,
  "failed_requests": 0,
  "duration_sec": 21.66078256815672,
  "timestamp": "2026-01-18T07:21:29.068308",
  "error": null
}