{
  "config": "1P_1D_2pD",
  "workload": "large_huge_paste",
  "qps": 4,
  "turn1": {
    "count": 40,
    "avg_ttft_ms": 143.7039758078754,
    "avg_tpot_ms": 9.454477263681904,
    "avg_e2e_ms": 9815.634216554463,
    "p50_ttft_ms": 137.72187754511833,
    "p50_tpot_ms": 9.473795222367944,
    "p50_e2e_ms": 9837.028613314033,
    "p99_ttft_ms": 208.56031924486157,
    "p99_tpot_ms": 9.852942817590453,
    "p99_e2e_ms": 10215.202664546669
  },
  "turn2": {
    "count": 40,
    "avg_ttft_ms": 131.69347243383527,
    "avg_tpot_ms": 9.42965442495,
    "avg_e2e_ms": 424.01275960728526,
    "p50_ttft_ms": 134.0575311332941,
    "p50_tpot_ms": 9.515634407439538,
    "p50_e2e_ms": 428.39191295206547,
    "p99_ttft_ms": 216.96769207715988,
    "p99_tpot_ms": 11.297671858581804,
    "p99_e2e_ms": 525.3698963671923
  },
  "average": {
    "count": 80,
    "avg_ttft_ms": 137.69872412085533,
    "avg_tpot_ms": 9.442065844315952,
    "avg_e2e_ms": 5119.823488080874,
    "p50_ttft_ms": 137.72187754511833,
    "p50_tpot_ms": 9.491912193982365,
    "p50_e2e_ms": 4730.472108349204,
    "p99_ttft_ms": 224.3271431326866,
    "p99_tpot_ms": 11.178731703229486,
    "p99_e2e_ms": 10204.730576984584
  },
  "throughput": {
    "requests_per_sec": 4.151090157469235,
    "tokens_per_sec": 2191.775603143756
  },
  "success_rate": 100.0,
  "total_requests": 80,
  "failed_requests": 0,
  "duration_sec": 19.272045888006687,
  "timestamp": "2026-01-18T08:02:50.937818",
  "error": null
}