{
  "config": "1P_1D_2pD",
  "workload": "small_huge_paste",
  "qps": 8,
  "turn1": {
    "count": 80,
    "avg_ttft_ms": 180.4221288766712,
    "avg_tpot_ms": 8.8855287309472,
    "avg_e2e_ms": 1308.8842777069658,
    "p50_ttft_ms": 140.82791842520237,
    "p50_tpot_ms": 8.846000892909494,
    "p50_e2e_ms": 1281.4882416278124,
    "p99_ttft_ms": 428.1586250290274,
    "p99_tpot_ms": 9.717612852027097,
    "p99_e2e_ms": 1577.4115685001013
  },
  "turn2": {
    "count": 80,
    "avg_ttft_ms": 151.83684532530606,
    "avg_tpot_ms": 8.961537900951601,
    "avg_e2e_ms": 429.6445202548057,
    "p50_ttft_ms": 137.2979450970888,
    "p50_tpot_ms": 8.838511763080474,
    "p50_e2e_ms": 416.6593383997679,
    "p99_ttft_ms": 455.93636598438,
    "p99_tpot_ms": 10.782456388396596,
    "p99_e2e_ms": 729.1103058680889
  },
  "average": {
    "count": 160,
    "avg_ttft_ms": 166.12948710098863,
    "avg_tpot_ms": 8.9235333159494,
    "avg_e2e_ms": 869.2643989808857,
    "p50_ttft_ms": 140.0530319660902,
    "p50_tpot_ms": 8.839864900266122,
    "p50_e2e_ms": 939.000504091382,
    "p99_ttft_ms": 445.8339189738035,
    "p99_tpot_ms": 10.493997423158536,
    "p99_e2e_ms": 1568.8419813662767
  },
  "throughput": {
    "requests_per_sec": 15.021997138473477,
    "tokens_per_sec": 1201.7597710778782
  },
  "success_rate": 100.0,
  "total_requests": 160,
  "failed_requests": 0,
  "duration_sec": 10.65104716271162,
  "timestamp": "2026-01-18T07:11:25.466910",
  "error": null
}