{
  "config": "1P_1D_2pD",
  "workload": "small_tiny",
  "qps": 10,
  "turn1": {
    "count": 100,
    "avg_ttft_ms": 119.17974080890417,
    "avg_tpot_ms": 8.540654886425951,
    "avg_e2e_ms": 1203.8429113849998,
    "p50_ttft_ms": 100.32299533486366,
    "p50_tpot_ms": 8.546835383561653,
    "p50_e2e_ms": 1200.6710283458233,
    "p99_ttft_ms": 213.742185868323,
    "p99_tpot_ms": 8.868144214681285,
    "p99_e2e_ms": 1312.0287063717842
  },
  "turn2": {
    "count": 100,
    "avg_ttft_ms": 75.50442855805159,
    "avg_tpot_ms": 8.550405311247994,
    "avg_e2e_ms": 340.5669932067394,
    "p50_ttft_ms": 76.91723108291626,
    "p50_tpot_ms": 8.527443533943545,
    "p50_e2e_ms": 337.93370239436626,
    "p99_ttft_ms": 177.83476591110247,
    "p99_tpot_ms": 9.262097528384578,
    "p99_e2e_ms": 449.83273573219793
  },
  "average": {
    "count": 200,
    "avg_ttft_ms": 97.34208468347788,
    "avg_tpot_ms": 8.545530098836974,
    "avg_e2e_ms": 772.2049522958696,
    "p50_ttft_ms": 91.59034676849842,
    "p50_tpot_ms": 8.538995803458484,
    "p50_e2e_ms": 794.8223296552896,
    "p99_ttft_ms": 210.94708837568757,
    "p99_tpot_ms": 9.14734216707368,
    "p99_e2e_ms": 1293.2714111730454
  },
  "throughput": {
    "requests_per_sec": 17.877783866909915,
    "tokens_per_sec": 1430.2227093527933
  },
  "success_rate": 100.0,
  "total_requests": 200,
  "failed_requests": 0,
  "duration_sec": 11.187068905681372,
  "timestamp": "2026-01-18T06:51:41.365203",
  "error": null
}