{
  "config": "1P_1D_2pD",
  "workload": "large_very_long_gen",
  "qps": 20,
  "turn1": {
    "count": 200,
    "avg_ttft_ms": 31200.656445212662,
    "avg_tpot_ms": 10.469410689702421,
    "avg_e2e_ms": 41910.86358077824,
    "p50_ttft_ms": 30887.888472527266,
    "p50_tpot_ms": 10.439503124076602,
    "p50_e2e_ms": 42054.10458147526,
    "p99_ttft_ms": 64105.83818644285,
    "p99_tpot_ms": 11.35862534379592,
    "p99_e2e_ms": 75340.28471425176
  },
  "turn2": {
    "count": 200,
    "avg_ttft_ms": 129.92837246507406,
    "avg_tpot_ms": 11.117143426072271,
    "avg_e2e_ms": 11502.766097337008,
    "p50_ttft_ms": 126.58313661813736,
    "p50_tpot_ms": 11.096830182105215,
    "p50_e2e_ms": 11538.395220413804,
    "p99_ttft_ms": 319.83545038849115,
    "p99_tpot_ms": 12.348581621876734,
    "p99_e2e_ms": 12889.858492948115
  },
  "average": {
    "count": 400,
    "avg_ttft_ms": 15665.292408838868,
    "avg_tpot_ms": 10.793277057887346,
    "avg_e2e_ms": 26706.814839057624,
    "p50_ttft_ms": 320.17277739942074,
    "p50_tpot_ms": 10.723845667241257,
    "p50_e2e_ms": 12008.38633812964,
    "p99_ttft_ms": 64081.10060095787,
    "p99_tpot_ms": 12.303358239075305,
    "p99_e2e_ms": 74249.83650539069
  },
  "throughput": {
    "requests_per_sec": 4.207331880563886,
    "tokens_per_sec": 4308.307845697419
  },
  "success_rate": 100.0,
  "total_requests": 400,
  "failed_requests": 0,
  "duration_sec": 95.07212916761637,
  "timestamp": "2026-01-18T07:40:01.614654",
  "error": null
}