{
  "config": "1P_1D_2pD",
  "workload": "small_big_paste",
  "qps": 20,
  "turn1": {
    "count": 199,
    "avg_ttft_ms": 2095.106097883615,
    "avg_tpot_ms": 9.502803315790116,
    "avg_e2e_ms": 3301.9621189889594,
    "p50_ttft_ms": 2002.089649438858,
    "p50_tpot_ms": 9.358044919066542,
    "p50_e2e_ms": 3194.5981569588184,
    "p99_ttft_ms": 4554.05181631446,
    "p99_tpot_ms": 11.007257531008385,
    "p99_e2e_ms": 5814.064166173339
  },
  "turn2": {
    "count": 199,
    "avg_ttft_ms": 730.1724228876919,
    "avg_tpot_ms": 9.54948762226563,
    "avg_e2e_ms": 1331.7901430904267,
    "p50_ttft_ms": 280.7273082435131,
    "p50_tpot_ms": 9.401227273638286,
    "p50_e2e_ms": 903.8229808211327,
    "p99_ttft_ms": 3366.840912550688,
    "p99_tpot_ms": 12.30474119739873,
    "p99_e2e_ms": 4001.900025010109
  },
  "average": {
    "count": 398,
    "avg_ttft_ms": 1412.6392603856534,
    "avg_tpot_ms": 9.526145469027872,
    "avg_e2e_ms": 2316.876131039693,
    "p50_ttft_ms": 913.8607196509838,
    "p50_tpot_ms": 9.371313479120337,
    "p50_e2e_ms": 1848.4275247901678,
    "p99_ttft_ms": 4484.139534905552,
    "p99_tpot_ms": 11.177020282854164,
    "p99_e2e_ms": 5785.373814105987
  },
  "throughput": {
    "requests_per_sec": 24.647852806476273,
    "tokens_per_sec": 2366.1938694217224
  },
  "success_rate": 100.0,
  "total_requests": 398,
  "failed_requests": 0,
  "duration_sec": 16.14745118469,
  "timestamp": "2026-01-18T07:10:19.741772",
  "error": null
}