{
  "config": "1P_1D_2pD",
  "workload": "small_very_long_gen",
  "qps": 2,
  "turn1": {
    "count": 14,
    "avg_ttft_ms": 94.35812357280936,
    "avg_tpot_ms": 8.115802450509925,
    "avg_e2e_ms": 1125.0650347875696,
    "p50_ttft_ms": 91.05506911873817,
    "p50_tpot_ms": 8.191430119900254,
    "p50_e2e_ms": 1124.6577706187963,
    "p99_ttft_ms": 118.68610944598913,
    "p99_tpot_ms": 8.508519567549229,
    "p99_e2e_ms": 1168.2342555373907
  },
  "turn2": {
    "count": 14,
    "avg_ttft_ms": 56.55733762042863,
    "avg_tpot_ms": 8.182531402436835,
    "avg_e2e_ms": 8427.286962313312,
    "p50_ttft_ms": 41.33375734090805,
    "p50_tpot_ms": 8.205293037747474,
    "p50_e2e_ms": 8446.88095152378,
    "p99_ttft_ms": 94.8741352185607,
    "p99_tpot_ms": 8.390746166417967,
    "p99_e2e_ms": 8629.004903845489
  },
  "average": {
    "count": 28,
    "avg_ttft_ms": 75.45773059661899,
    "avg_tpot_ms": 8.149166926473379,
    "avg_e2e_ms": 4776.17599855044,
    "p50_ttft_ms": 85.4072105139494,
    "p50_tpot_ms": 8.194509794832546,
    "p50_e2e_ms": 4625.280583277345,
    "p99_ttft_ms": 118.20092383772135,
    "p99_tpot_ms": 8.507501154727354,
    "p99_e2e_ms": 8626.789849288762
  },
  "throughput": {
    "requests_per_sec": 1.4485111557074897,
    "tokens_per_sec": 834.342425687514
  },
  "success_rate": 100.0,
  "total_requests": 28,
  "failed_requests": 0,
  "duration_sec": 19.330192860215902,
  "timestamp": "2026-01-18T06:58:36.690688",
  "error": null
}