{
  "config": "1P_1D_2pD",
  "workload": "small_very_long_gen",
  "qps": 0.5,
  "turn1": {
    "count": 2,
    "avg_ttft_ms": 101.88029147684574,
    "avg_tpot_ms": 7.888720994155238,
    "avg_e2e_ms": 1103.747857734561,
    "p50_ttft_ms": 101.88029147684574,
    "p50_tpot_ms": 7.888720994155238,
    "p50_e2e_ms": 1103.747857734561,
    "p99_ttft_ms": 105.05777914077044,
    "p99_tpot_ms": 7.990431045218716,
    "p99_e2e_ms": 1113.487546555698
  },
  "turn2": {
    "count": 2,
    "avg_ttft_ms": 32.78839401900768,
    "avg_tpot_ms": 7.790111544253422,
    "avg_e2e_ms": 8002.072503790259,
    "p50_ttft_ms": 32.78839401900768,
    "p50_tpot_ms": 7.790111544253422,
    "p50_e2e_ms": 8002.072503790259,
    "p99_ttft_ms": 36.209779642522335,
    "p99_tpot_ms": 7.794176783787773,
    "p99_e2e_ms": 8002.809858210385
  },
  "average": {
    "count": 4,
    "avg_ttft_ms": 67.33434274792671,
    "avg_tpot_ms": 7.839416269204331,
    "avg_e2e_ms": 4552.91018076241,
    "p50_ttft_ms": 67.45878048241138,
    "p50_tpot_ms": 7.790111544253422,
    "p50_e2e_ms": 4557.503208518028,
    "p99_ttft_ms": 104.92808576673269,
    "p99_tpot_ms": 7.986559350165942,
    "p99_e2e_ms": 8002.779762111604
  },
  "throughput": {
    "requests_per_sec": 0.2217598874925074,
    "tokens_per_sec": 127.73369519568426
  },
  "success_rate": 100.0,
  "total_requests": 4,
  "failed_requests": 0,
  "duration_sec": 18.037527188658714,
  "timestamp": "2026-01-18T06:57:59.911912",
  "error": null
}