{
  "config": "1P_1D_2pD",
  "workload": "small_huge_paste",
  "qps": 16,
  "turn1": {
    "count": 134,
    "avg_ttft_ms": 1576.4607117970043,
    "avg_tpot_ms": 9.663215078232236,
    "avg_e2e_ms": 2803.689026732498,
    "p50_ttft_ms": 1657.0535190403461,
    "p50_tpot_ms": 9.473003681719772,
    "p50_e2e_ms": 2862.04544454813,
    "p99_ttft_ms": 3661.3458910211907,
    "p99_tpot_ms": 12.338916459597469,
    "p99_e2e_ms": 4771.143198162316
  },
  "turn2": {
    "count": 113,
    "avg_ttft_ms": 793.0412597426798,
    "avg_tpot_ms": 9.840915683053952,
    "avg_e2e_ms": 1098.1096459173523,
    "p50_ttft_ms": 188.60040232539177,
    "p50_tpot_ms": 9.536659044604148,
    "p50_e2e_ms": 529.6307168900967,
    "p99_ttft_ms": 3362.434620857236,
    "p99_tpot_ms": 13.655740926342624,
    "p99_e2e_ms": 3652.9505936801406
  },
  "average": {
    "count": 247,
    "avg_ttft_ms": 1218.0542418288317,
    "avg_tpot_ms": 9.744511306349054,
    "avg_e2e_ms": 2023.4037229587675,
    "p50_ttft_ms": 957.9940885305405,
    "p50_tpot_ms": 9.49600915754995,
    "p50_e2e_ms": 1881.1265043914318,
    "p99_ttft_ms": 3553.3780454844227,
    "p99_tpot_ms": 13.169887926309336,
    "p99_e2e_ms": 4628.888742551206
  },
  "throughput": {
    "requests_per_sec": 3.4428292160872482,
    "tokens_per_sec": 289.47642574777313
  },
  "success_rate": 84.01360544217688,
  "total_requests": 294,
  "failed_requests": 47,
  "duration_sec": 71.7433205358684,
  "timestamp": "2026-01-18T07:13:01.733186",
  "error": "Response payload is not completed: <TransferEncodi"
}