{
  "config": "1P_1D_2pD",
  "workload": "large_tiny",
  "qps": 12,
  "turn1": {
    "count": 120,
    "avg_ttft_ms": 6598.103422330071,
    "avg_tpot_ms": 10.197318197735097,
    "avg_e2e_ms": 17029.959938613076,
    "p50_ttft_ms": 7506.903160363436,
    "p50_tpot_ms": 10.143650258697374,
    "p50_e2e_ms": 18167.75804385543,
    "p99_ttft_ms": 14814.422680661082,
    "p99_tpot_ms": 10.783171278378132,
    "p99_e2e_ms": 24989.47063509375
  },
  "turn2": {
    "count": 120,
    "avg_ttft_ms": 389.39725526918966,
    "avg_tpot_ms": 10.216422571289923,
    "avg_e2e_ms": 706.1063549791774,
    "p50_ttft_ms": 136.2615041434765,
    "p50_tpot_ms": 10.255663144973017,
    "p50_e2e_ms": 436.92431040108204,
    "p99_ttft_ms": 8469.200190268477,
    "p99_tpot_ms": 11.860959067219689,
    "p99_e2e_ms": 8762.600913532098
  },
  "average": {
    "count": 240,
    "avg_ttft_ms": 3493.7503387996308,
    "avg_tpot_ms": 10.206870384512511,
    "avg_e2e_ms": 8868.033146796128,
    "p50_ttft_ms": 448.6087206751108,
    "p50_tpot_ms": 10.184726942756658,
    "p50_e2e_ms": 9982.143534347415,
    "p99_ttft_ms": 14777.27194506675,
    "p99_tpot_ms": 11.770775989899713,
    "p99_e2e_ms": 24932.858031503856
  },
  "throughput": {
    "requests_per_sec": 6.861117888987532,
    "tokens_per_sec": 3622.670245385417
  },
  "success_rate": 100.0,
  "total_requests": 240,
  "failed_requests": 0,
  "duration_sec": 34.979722529649734,
  "timestamp": "2026-01-18T07:18:22.618328",
  "error": null
}