{
  "config": "1P_1D_2pD",
  "workload": "small_very_long_gen",
  "qps": 1,
  "turn1": {
    "count": 10,
    "avg_ttft_ms": 83.52672792971134,
    "avg_tpot_ms": 7.839896482980157,
    "avg_e2e_ms": 1079.1935812681913,
    "p50_ttft_ms": 79.78906854987144,
    "p50_tpot_ms": 7.841918412155993,
    "p50_e2e_ms": 1071.555696427822,
    "p99_ttft_ms": 115.65341718494892,
    "p99_tpot_ms": 8.260243034034264,
    "p99_e2e_ms": 1144.1898817196488
  },
  "turn2": {
    "count": 10,
    "avg_ttft_ms": 64.34114426374435,
    "avg_tpot_ms": 7.929773287135719,
    "avg_e2e_ms": 8176.499217003584,
    "p50_ttft_ms": 76.94548182189465,
    "p50_tpot_ms": 7.972287003202172,
    "p50_e2e_ms": 8216.12242795527,
    "p99_ttft_ms": 95.11870957911015,
    "p99_tpot_ms": 8.124333966854788,
    "p99_e2e_ms": 8393.554624058306
  },
  "average": {
    "count": 20,
    "avg_ttft_ms": 73.93393609672785,
    "avg_tpot_ms": 7.884834885057939,
    "avg_e2e_ms": 4627.846399135888,
    "p50_ttft_ms": 76.94548182189465,
    "p50_tpot_ms": 7.872776312815507,
    "p50_e2e_ms": 4511.987142264843,
    "p99_ttft_ms": 114.43015925586222,
    "p99_tpot_ms": 8.247437774498776,
    "p99_e2e_ms": 8392.900400869548
  },
  "throughput": {
    "requests_per_sec": 1.1510188218387096,
    "tokens_per_sec": 662.9868413790967
  },
  "success_rate": 100.0,
  "total_requests": 20,
  "failed_requests": 0,
  "duration_sec": 17.375910472124815,
  "timestamp": "2026-01-18T06:58:17.321294",
  "error": null
}