{
  "config": "1P_1D_2pD",
  "workload": "large_huge_paste",
  "qps": 8,
  "turn1": {
    "count": 66,
    "avg_ttft_ms": 1037.808014475035,
    "avg_tpot_ms": 10.095525874713436,
    "avg_e2e_ms": 11365.530984306877,
    "p50_ttft_ms": 154.1069746017456,
    "p50_tpot_ms": 10.032574925662718,
    "p50_e2e_ms": 10836.349660530686,
    "p99_ttft_ms": 4432.211997546255,
    "p99_tpot_ms": 10.948466861717046,
    "p99_e2e_ms": 14345.292648114264
  },
  "turn2": {
    "count": 65,
    "avg_ttft_ms": 190.8360787309133,
    "avg_tpot_ms": 10.334843824208521,
    "avg_e2e_ms": 511.2162372813775,
    "p50_ttft_ms": 123.83854389190674,
    "p50_tpot_ms": 10.103792673157107,
    "p50_e2e_ms": 465.08123353123665,
    "p99_ttft_ms": 708.6790484189986,
    "p99_tpot_ms": 13.835732566733514,
    "p99_e2e_ms": 1054.8360291123388
  },
  "average": {
    "count": 131,
    "avg_ttft_ms": 617.5547639149746,
    "avg_tpot_ms": 10.214271422172828,
    "avg_e2e_ms": 5979.802293034682,
    "p50_ttft_ms": 151.0651260614395,
    "p50_tpot_ms": 10.055348877945255,
    "p50_e2e_ms": 9581.864163279533,
    "p99_ttft_ms": 4351.9729655236,
    "p99_tpot_ms": 13.565677019857587,
    "p99_e2e_ms": 14299.443322420118
  },
  "throughput": {
    "requests_per_sec": 5.430041641794468,
    "tokens_per_sec": 2887.621533847098
  },
  "success_rate": 99.24242424242425,
  "total_requests": 132,
  "failed_requests": 1,
  "duration_sec": 24.12504519149661,
  "timestamp": "2026-01-18T08:03:37.452480",
  "error": "Server disconnected"
}