{
  "config": "1P_1D_2pD",
  "workload": "small_mid_paste",
  "qps": 6,
  "turn1": {
    "count": 49,
    "avg_ttft_ms": 101.9897780248097,
    "avg_tpot_ms": 8.270267773705164,
    "avg_e2e_ms": 1152.3137852853658,
    "p50_ttft_ms": 92.47424826025963,
    "p50_tpot_ms": 8.249492773155527,
    "p50_e2e_ms": 1144.3633511662483,
    "p99_ttft_ms": 194.55944597721097,
    "p99_tpot_ms": 8.712467070170275,
    "p99_e2e_ms": 1281.8512830138204
  },
  "turn2": {
    "count": 49,
    "avg_ttft_ms": 67.57363950719639,
    "avg_tpot_ms": 8.32236682857979,
    "avg_e2e_ms": 591.8827497077232,
    "p50_ttft_ms": 40.12751951813698,
    "p50_tpot_ms": 8.316006807107774,
    "p50_e2e_ms": 577.6246413588524,
    "p99_ttft_ms": 192.2083757817745,
    "p99_tpot_ms": 8.827722578767746,
    "p99_e2e_ms": 708.9811587333679
  },
  "average": {
    "count": 98,
    "avg_ttft_ms": 84.78170876600305,
    "avg_tpot_ms": 8.296317301142476,
    "avg_e2e_ms": 872.0982674965445,
    "p50_ttft_ms": 88.85366097092628,
    "p50_tpot_ms": 8.277893513385214,
    "p50_e2e_ms": 897.2110096365213,
    "p99_ttft_ms": 195.92834141105413,
    "p99_tpot_ms": 8.798603429089463,
    "p99_e2e_ms": 1257.018858641386
  },
  "throughput": {
    "requests_per_sec": 8.486349856498896,
    "tokens_per_sec": 814.6895862238939
  },
  "success_rate": 100.0,
  "total_requests": 98,
  "failed_requests": 0,
  "duration_sec": 11.547956619411707,
  "timestamp": "2026-01-18T07:07:13.599161",
  "error": null
}