{
  "config": "1P_1D_2pD",
  "workload": "small_long_gen",
  "qps": 16,
  "turn1": {
    "count": 160,
    "avg_ttft_ms": 3850.824456010014,
    "avg_tpot_ms": 9.483128825136586,
    "avg_e2e_ms": 5055.18181680236,
    "p50_ttft_ms": 3585.6563206762075,
    "p50_tpot_ms": 9.485658390198168,
    "p50_e2e_ms": 4807.860592380166,
    "p99_ttft_ms": 10031.272350624204,
    "p99_tpot_ms": 10.078994974963308,
    "p99_e2e_ms": 11186.881971135736
  },
  "turn2": {
    "count": 160,
    "avg_ttft_ms": 118.62651139963418,
    "avg_tpot_ms": 9.319947421944422,
    "avg_e2e_ms": 4881.1196440132335,
    "p50_ttft_ms": 63.482433557510376,
    "p50_tpot_ms": 9.377320561332013,
    "p50_e2e_ms": 4910.254133865237,
    "p99_ttft_ms": 596.9420731440187,
    "p99_tpot_ms": 9.6883634226342,
    "p99_e2e_ms": 5324.337309338152
  },
  "average": {
    "count": 320,
    "avg_ttft_ms": 1984.725483704824,
    "avg_tpot_ms": 9.401538123540503,
    "avg_e2e_ms": 4968.150730407797,
    "p50_ttft_ms": 213.62366899847984,
    "p50_tpot_ms": 9.418840505431758,
    "p50_e2e_ms": 4896.332522854209,
    "p99_ttft_ms": 9988.31832561642,
    "p99_tpot_ms": 10.056001249788784,
    "p99_e2e_ms": 11140.658054091036
  },
  "throughput": {
    "requests_per_sec": 12.853245838973761,
    "tokens_per_sec": 4113.038668471603
  },
  "success_rate": 100.0,
  "total_requests": 320,
  "failed_requests": 0,
  "duration_sec": 24.896435033529997,
  "timestamp": "2026-01-18T06:57:09.708083",
  "error": null
}