{
  "config": "1P_1D_2pD",
  "workload": "large_mid_paste",
  "qps": 6,
  "turn1": {
    "count": 55,
    "avg_ttft_ms": 276.8425199795853,
    "avg_tpot_ms": 9.948820835625789,
    "avg_e2e_ms": 10454.486234824766,
    "p50_ttft_ms": 154.61449697613716,
    "p50_tpot_ms": 10.019023426583551,
    "p50_e2e_ms": 10570.45678794384,
    "p99_ttft_ms": 1453.4878219664097,
    "p99_tpot_ms": 10.688201522387251,
    "p99_e2e_ms": 11390.562730804086
  },
  "turn2": {
    "count": 55,
    "avg_ttft_ms": 117.97850531610575,
    "avg_tpot_ms": 9.783674342205689,
    "avg_e2e_ms": 734.349988875064,
    "p50_ttft_ms": 135.33637672662735,
    "p50_tpot_ms": 9.753680773197658,
    "p50_e2e_ms": 736.308466643095,
    "p99_ttft_ms": 192.44382083415985,
    "p99_tpot_ms": 11.764448189309665,
    "p99_e2e_ms": 862.7652453631163
  },
  "average": {
    "count": 110,
    "avg_ttft_ms": 197.41051264784554,
    "avg_tpot_ms": 9.866247588915735,
    "avg_e2e_ms": 5594.418111849915,
    "p50_ttft_ms": 143.60013231635094,
    "p50_tpot_ms": 9.902451894870435,
    "p50_e2e_ms": 5124.989302828908,
    "p99_ttft_ms": 1404.2250188067555,
    "p99_tpot_ms": 11.633651908191423,
    "p99_e2e_ms": 11326.053465679288
  },
  "throughput": {
    "requests_per_sec": 5.002279291488596,
    "tokens_per_sec": 2721.2399345697963
  },
  "success_rate": 100.0,
  "total_requests": 110,
  "failed_requests": 0,
  "duration_sec": 21.989975687116385,
  "timestamp": "2026-01-18T07:51:12.774225",
  "error": null
}