{
  "config": "1P_1D_2pD",
  "workload": "small_short_gen",
  "qps": 10,
  "turn1": {
    "count": 100,
    "avg_ttft_ms": 173.01343251019716,
    "avg_tpot_ms": 9.190684476588654,
    "avg_e2e_ms": 1340.2303610369563,
    "p50_ttft_ms": 125.14705397188663,
    "p50_tpot_ms": 9.187864858334459,
    "p50_e2e_ms": 1304.9517292529345,
    "p99_ttft_ms": 492.2545921429993,
    "p99_tpot_ms": 9.840269856682912,
    "p99_e2e_ms": 1716.3993254303932
  },
  "turn2": {
    "count": 100,
    "avg_ttft_ms": 120.83161860704422,
    "avg_tpot_ms": 9.176129835055155,
    "avg_e2e_ms": 2460.7447265461087,
    "p50_ttft_ms": 94.4010466337204,
    "p50_tpot_ms": 9.210191294550896,
    "p50_e2e_ms": 2430.178802460432,
    "p99_ttft_ms": 438.5813223198057,
    "p99_tpot_ms": 9.756064695908742,
    "p99_e2e_ms": 2882.136353813112
  },
  "average": {
    "count": 200,
    "avg_ttft_ms": 146.9225255586207,
    "avg_tpot_ms": 9.183407155821905,
    "avg_e2e_ms": 1900.4875437915325,
    "p50_ttft_ms": 112.4678235501051,
    "p50_tpot_ms": 9.199162831960479,
    "p50_e2e_ms": 1912.3465046286583,
    "p99_ttft_ms": 447.13039860129317,
    "p99_tpot_ms": 9.820075067948169,
    "p99_e2e_ms": 2834.59367275238
  },
  "throughput": {
    "requests_per_sec": 15.839295642662576,
    "tokens_per_sec": 3041.1447633912144
  },
  "success_rate": 100.0,
  "total_requests": 200,
  "failed_requests": 0,
  "duration_sec": 12.626824103295803,
  "timestamp": "2026-01-18T06:53:51.701849",
  "error": null
}