{
  "config": "1P_1D_2pD",
  "workload": "large_tiny",
  "qps": 20,
  "turn1": {
    "count": 200,
    "avg_ttft_ms": 15802.82513525337,
    "avg_tpot_ms": 10.314595312943439,
    "avg_e2e_ms": 26354.65614039451,
    "p50_ttft_ms": 15268.015179783106,
    "p50_tpot_ms": 10.254022842846657,
    "p50_e2e_ms": 26080.789593979716,
    "p99_ttft_ms": 33193.56283143163,
    "p99_tpot_ms": 11.198422683444774,
    "p99_e2e_ms": 43077.252699323
  },
  "turn2": {
    "count": 200,
    "avg_ttft_ms": 201.78467756137252,
    "avg_tpot_ms": 10.382088913672392,
    "avg_e2e_ms": 523.6294338852167,
    "p50_ttft_ms": 100.67587532103062,
    "p50_tpot_ms": 10.322508131784776,
    "p50_e2e_ms": 432.6555449515581,
    "p99_ttft_ms": 1081.2965800240634,
    "p99_tpot_ms": 11.981639649358483,
    "p99_e2e_ms": 1421.1687060073018
  },
  "average": {
    "count": 400,
    "avg_ttft_ms": 8002.304906407371,
    "avg_tpot_ms": 10.348342113307915,
    "avg_e2e_ms": 13439.142787139863,
    "p50_ttft_ms": 711.5421257913113,
    "p50_tpot_ms": 10.284019883572764,
    "p50_e2e_ms": 5751.057270914316,
    "p99_ttft_ms": 33065.05239240825,
    "p99_tpot_ms": 11.845090186163302,
    "p99_e2e_ms": 42882.533478587866
  },
  "throughput": {
    "requests_per_sec": 7.573107209990666,
    "tokens_per_sec": 3998.6006068750717
  },
  "success_rate": 100.0,
  "total_requests": 400,
  "failed_requests": 0,
  "duration_sec": 52.81847845390439,
  "timestamp": "2026-01-18T07:20:00.983102",
  "error": null
}