{
  "config": "1P_1D_2pD",
  "workload": "large_long_gen",
  "qps": 20,
  "turn1": {
    "count": 200,
    "avg_ttft_ms": 22117.052184138447,
    "avg_tpot_ms": 10.443427394711406,
    "avg_e2e_ms": 32800.678408928216,
    "p50_ttft_ms": 20831.598594784737,
    "p50_tpot_ms": 10.444576781924052,
    "p50_e2e_ms": 31732.805406674743,
    "p99_ttft_ms": 45933.4673974663,
    "p99_tpot_ms": 11.219685375654045,
    "p99_e2e_ms": 56922.218769453466
  },
  "turn2": {
    "count": 200,
    "avg_ttft_ms": 371.9983023405075,
    "avg_tpot_ms": 10.856416725212755,
    "avg_e2e_ms": 5919.627248924226,
    "p50_ttft_ms": 120.23699097335339,
    "p50_tpot_ms": 10.920282748551518,
    "p50_e2e_ms": 5701.3331186026335,
    "p99_ttft_ms": 312.6176416873932,
    "p99_tpot_ms": 11.728784710081356,
    "p99_e2e_ms": 6175.236997827887
  },
  "average": {
    "count": 400,
    "avg_ttft_ms": 11244.525243239477,
    "avg_tpot_ms": 10.649922059962082,
    "avg_e2e_ms": 19360.15282892622,
    "p50_ttft_ms": 290.9299675375223,
    "p50_tpot_ms": 10.689215592581156,
    "p50_e2e_ms": 9937.085025012493,
    "p99_ttft_ms": 45870.96386730671,
    "p99_tpot_ms": 11.718519690816533,
    "p99_e2e_ms": 56205.12279119342
  },
  "throughput": {
    "requests_per_sec": 5.592002763306902,
    "tokens_per_sec": 4294.658122219701
  },
  "success_rate": 100.0,
  "total_requests": 400,
  "failed_requests": 0,
  "duration_sec": 71.53072287887335,
  "timestamp": "2026-01-18T07:31:45.928597",
  "error": null
}