{
  "config": "1P_1D_2pD",
  "workload": "small_tiny",
  "qps": 16,
  "turn1": {
    "count": 150,
    "avg_ttft_ms": 265.5292873084545,
    "avg_tpot_ms": 8.877850783661282,
    "avg_e2e_ms": 1393.0163368334372,
    "p50_ttft_ms": 222.92903251945972,
    "p50_tpot_ms": 8.862330262937885,
    "p50_e2e_ms": 1377.9900763183832,
    "p99_ttft_ms": 635.1009433344004,
    "p99_tpot_ms": 9.457077667645112,
    "p99_e2e_ms": 1769.5206125080585
  },
  "turn2": {
    "count": 150,
    "avg_ttft_ms": 151.35722252229849,
    "avg_tpot_ms": 8.904567854378813,
    "avg_e2e_ms": 427.3988260080417,
    "p50_ttft_ms": 62.98534199595451,
    "p50_tpot_ms": 8.887118029017602,
    "p50_e2e_ms": 344.1531378775835,
    "p99_ttft_ms": 617.2672935575243,
    "p99_tpot_ms": 9.993782042255324,
    "p99_e2e_ms": 913.6227862909436
  },
  "average": {
    "count": 300,
    "avg_ttft_ms": 208.4432549153765,
    "avg_tpot_ms": 8.891209319020048,
    "avg_e2e_ms": 910.2075814207395,
    "p50_ttft_ms": 161.6537645459175,
    "p50_tpot_ms": 8.87871569683475,
    "p50_e2e_ms": 1050.3111220896244,
    "p99_ttft_ms": 634.5725141093134,
    "p99_tpot_ms": 9.913247422345222,
    "p99_e2e_ms": 1760.4219962656498
  },
  "throughput": {
    "requests_per_sec": 25.708605858868008,
    "tokens_per_sec": 2056.6884687094407
  },
  "success_rate": 100.0,
  "total_requests": 300,
  "failed_requests": 0,
  "duration_sec": 11.669244207441807,
  "timestamp": "2026-01-18T06:52:04.609334",
  "error": null
}