{
  "config": "1P_1D_2pD",
  "workload": "large_small_bal",
  "qps": 12,
  "turn1": {
    "count": 115,
    "avg_ttft_ms": 6456.122215513302,
    "avg_tpot_ms": 10.253282195588309,
    "avg_e2e_ms": 16945.22990160014,
    "p50_ttft_ms": 7851.161014288664,
    "p50_tpot_ms": 10.192617009287355,
    "p50_e2e_ms": 18601.49758681655,
    "p99_ttft_ms": 14793.259772211313,
    "p99_tpot_ms": 10.989867213782095,
    "p99_e2e_ms": 24652.7811589092
  },
  "turn2": {
    "count": 115,
    "avg_ttft_ms": 395.17131820321083,
    "avg_tpot_ms": 10.326280217589469,
    "avg_e2e_ms": 1045.7269719113474,
    "p50_ttft_ms": 106.94573074579239,
    "p50_tpot_ms": 10.24884529530056,
    "p50_e2e_ms": 780.2739441394806,
    "p99_ttft_ms": 8524.250878542656,
    "p99_tpot_ms": 12.376660051799956,
    "p99_e2e_ms": 9174.20210629701
  },
  "average": {
    "count": 230,
    "avg_ttft_ms": 3425.6467668582563,
    "avg_tpot_ms": 10.28978120658889,
    "avg_e2e_ms": 8995.478436755746,
    "p50_ttft_ms": 551.331453025341,
    "p50_tpot_ms": 10.24199046549343,
    "p50_e2e_ms": 10182.838113978505,
    "p99_ttft_ms": 14780.768429152668,
    "p99_tpot_ms": 12.30620079806873,
    "p99_e2e_ms": 24622.311089523137
  },
  "throughput": {
    "requests_per_sec": 6.546396858641033,
    "tokens_per_sec": 3561.2398911007217
  },
  "success_rate": 100.0,
  "total_requests": 230,
  "failed_requests": 0,
  "duration_sec": 35.13383086398244,
  "timestamp": "2026-01-18T07:43:06.481582",
  "error": null
}