{
  "config": "1P_1D_2pD",
  "workload": "small_short_gen",
  "qps": 1,
  "turn1": {
    "count": 9,
    "avg_ttft_ms": 96.21724610527356,
    "avg_tpot_ms": 7.9291954714795105,
    "avg_e2e_ms": 1103.2250709831715,
    "p50_ttft_ms": 94.66870501637459,
    "p50_tpot_ms": 7.916525035627245,
    "p50_e2e_ms": 1105.0637364387512,
    "p99_ttft_ms": 106.9219297170639,
    "p99_tpot_ms": 8.051052228437634,
    "p99_e2e_ms": 1119.7141614556313
  },
  "turn2": {
    "count": 9,
    "avg_ttft_ms": 79.9562128053771,
    "avg_tpot_ms": 7.937964615219299,
    "avg_e2e_ms": 2104.1371896862984,
    "p50_ttft_ms": 89.79605883359909,
    "p50_tpot_ms": 8.002525144347958,
    "p50_e2e_ms": 2074.611984193325,
    "p99_ttft_ms": 103.34904447197914,
    "p99_tpot_ms": 8.094250585518632,
    "p99_e2e_ms": 2160.728868842125
  },
  "average": {
    "count": 18,
    "avg_ttft_ms": 88.08672945532534,
    "avg_tpot_ms": 7.933580043349405,
    "avg_e2e_ms": 1603.681130334735,
    "p50_ttft_ms": 93.28925795853138,
    "p50_tpot_ms": 7.977689623715371,
    "p50_e2e_ms": 1593.3981779962778,
    "p99_ttft_ms": 106.73609018325806,
    "p99_tpot_ms": 8.091850904973594,
    "p99_e2e_ms": 2159.802539460361
  },
  "throughput": {
    "requests_per_sec": 1.4057232669808095,
    "tokens_per_sec": 269.89886726031546
  },
  "success_rate": 100.0,
  "total_requests": 18,
  "failed_requests": 0,
  "duration_sec": 12.804796237498522,
  "timestamp": "2026-01-18T06:52:46.989890",
  "error": null
}