{
  "config": "1P_1D_2pD",
  "workload": "large_very_long_gen",
  "qps": 10,
  "turn1": {
    "count": 96,
    "avg_ttft_ms": 8343.526829499751,
    "avg_tpot_ms": 10.35442358215451,
    "avg_e2e_ms": 18936.102154043812,
    "p50_ttft_ms": 570.6253387033939,
    "p50_tpot_ms": 10.2399172514444,
    "p50_e2e_ms": 11423.327036201954,
    "p99_ttft_ms": 18245.141689665616,
    "p99_tpot_ms": 11.006092178550634,
    "p99_e2e_ms": 29416.95089507848
  },
  "turn2": {
    "count": 96,
    "avg_ttft_ms": 114.52527383031945,
    "avg_tpot_ms": 11.018346719989724,
    "avg_e2e_ms": 11386.293968379809,
    "p50_ttft_ms": 105.77027499675751,
    "p50_tpot_ms": 10.993843373796107,
    "p50_e2e_ms": 11377.1230597049,
    "p99_ttft_ms": 220.84214836359024,
    "p99_tpot_ms": 11.694837713710607,
    "p99_e2e_ms": 12103.538068011403
  },
  "average": {
    "count": 192,
    "avg_ttft_ms": 4229.026051665035,
    "avg_tpot_ms": 10.686385151072116,
    "avg_e2e_ms": 15161.198061211811,
    "p50_ttft_ms": 152.7762059122324,
    "p50_tpot_ms": 10.824043768023815,
    "p50_e2e_ms": 11382.484320551157,
    "p99_ttft_ms": 18207.875967659056,
    "p99_tpot_ms": 11.690191440284252,
    "p99_e2e_ms": 29089.98581930995
  },
  "throughput": {
    "requests_per_sec": 3.8628570424045354,
    "tokens_per_sec": 3955.5656114222443
  },
  "success_rate": 100.0,
  "total_requests": 192,
  "failed_requests": 0,
  "duration_sec": 49.704143304377794,
  "timestamp": "2026-01-18T07:35:54.927357",
  "error": null
}