{
  "config": "1P_1D_2pD",
  "workload": "large_mid_bal",
  "qps": 12,
  "turn1": {
    "count": 117,
    "avg_ttft_ms": 6782.199154902472,
    "avg_tpot_ms": 10.244112209107714,
    "avg_e2e_ms": 17261.925944819664,
    "p50_ttft_ms": 8527.1254517138,
    "p50_tpot_ms": 10.278782351188296,
    "p50_e2e_ms": 19204.051341861486,
    "p99_ttft_ms": 17203.69663566351,
    "p99_tpot_ms": 11.150136326793817,
    "p99_e2e_ms": 26575.00285565853
  },
  "turn2": {
    "count": 117,
    "avg_ttft_ms": 188.083799667338,
    "avg_tpot_ms": 10.52333563300456,
    "avg_e2e_ms": 1524.547425058917,
    "p50_ttft_ms": 107.1557030081749,
    "p50_tpot_ms": 10.54463591279946,
    "p50_e2e_ms": 1487.4751418828964,
    "p99_ttft_ms": 1032.6649084687247,
    "p99_tpot_ms": 12.299981316712898,
    "p99_e2e_ms": 2327.9789400100717
  },
  "average": {
    "count": 234,
    "avg_ttft_ms": 3485.1414772849052,
    "avg_tpot_ms": 10.383723921056138,
    "avg_e2e_ms": 9393.236684939291,
    "p50_ttft_ms": 454.29426431655884,
    "p50_tpot_ms": 10.417279151003381,
    "p50_e2e_ms": 6034.818457439542,
    "p99_ttft_ms": 17097.084099426866,
    "p99_tpot_ms": 12.2725812246011,
    "p99_e2e_ms": 26483.612529933453
  },
  "throughput": {
    "requests_per_sec": 6.208462799031956,
    "tokens_per_sec": 3576.0745722424067
  },
  "success_rate": 100.0,
  "total_requests": 234,
  "failed_requests": 0,
  "duration_sec": 37.69048918783665,
  "timestamp": "2026-01-18T07:47:59.586460",
  "error": null
}