{
  "config": "1P_1D_2pD",
  "workload": "small_mid_paste",
  "qps": 4,
  "turn1": {
    "count": 40,
    "avg_ttft_ms": 103.74759938567877,
    "avg_tpot_ms": 8.223804694373072,
    "avg_e2e_ms": 1148.170795571059,
    "p50_ttft_ms": 95.09773552417755,
    "p50_tpot_ms": 8.250969322764966,
    "p50_e2e_ms": 1146.6613877564669,
    "p99_ttft_ms": 198.8881642743945,
    "p99_tpot_ms": 8.470702106206437,
    "p99_e2e_ms": 1227.5644020363688
  },
  "turn2": {
    "count": 40,
    "avg_ttft_ms": 59.37203401699662,
    "avg_tpot_ms": 8.132606988684053,
    "avg_e2e_ms": 571.7262743040919,
    "p50_ttft_ms": 41.05269908905029,
    "p50_tpot_ms": 8.125993822302139,
    "p50_e2e_ms": 570.007037371397,
    "p99_ttft_ms": 108.42043690383434,
    "p99_tpot_ms": 8.643118886957094,
    "p99_e2e_ms": 620.1466160267591
  },
  "average": {
    "count": 80,
    "avg_ttft_ms": 81.5598167013377,
    "avg_tpot_ms": 8.178205841528563,
    "avg_e2e_ms": 859.9485349375755,
    "p50_ttft_ms": 87.37437799572945,
    "p50_tpot_ms": 8.160112124672533,
    "p50_e2e_ms": 849.7105352580547,
    "p99_ttft_ms": 190.56066971272216,
    "p99_tpot_ms": 8.619684658589817,
    "p99_e2e_ms": 1225.4931063577533
  },
  "throughput": {
    "requests_per_sec": 7.189921515474638,
    "tokens_per_sec": 690.2324654855652
  },
  "success_rate": 100.0,
  "total_requests": 80,
  "failed_requests": 0,
  "duration_sec": 11.126686129719019,
  "timestamp": "2026-01-18T07:07:02.012159",
  "error": null
}