{
  "config": "1P_1D_2pD",
  "workload": "large_big_paste",
  "qps": 16,
  "turn1": {
    "count": 154,
    "avg_ttft_ms": 10233.635447290424,
    "avg_tpot_ms": 10.379654848739678,
    "avg_e2e_ms": 20852.022357551115,
    "p50_ttft_ms": 9683.558551594615,
    "p50_tpot_ms": 10.45872631572908,
    "p50_e2e_ms": 20226.814094930887,
    "p99_ttft_ms": 25134.564299806952,
    "p99_tpot_ms": 11.23682917198594,
    "p99_e2e_ms": 34875.60192130506
  },
  "turn2": {
    "count": 154,
    "avg_ttft_ms": 1005.6201439689506,
    "avg_tpot_ms": 10.481535325180474,
    "avg_e2e_ms": 1665.9568694553204,
    "p50_ttft_ms": 152.36784517765045,
    "p50_tpot_ms": 10.55807966206755,
    "p50_e2e_ms": 846.2799582630396,
    "p99_ttft_ms": 20737.349546328187,
    "p99_tpot_ms": 12.903316021556892,
    "p99_e2e_ms": 21452.018565796316
  },
  "average": {
    "count": 308,
    "avg_ttft_ms": 5619.627795629687,
    "avg_tpot_ms": 10.430595086960077,
    "avg_e2e_ms": 11258.989613503218,
    "p50_ttft_ms": 753.2892152667046,
    "p50_tpot_ms": 10.502224525272283,
    "p50_e2e_ms": 10092.43512712419,
    "p99_ttft_ms": 24664.832831472177,
    "p99_tpot_ms": 12.740247905963944,
    "p99_e2e_ms": 34338.7406634167
  },
  "throughput": {
    "requests_per_sec": 6.778335307702143,
    "tokens_per_sec": 3687.414407389966
  },
  "success_rate": 100.0,
  "total_requests": 308,
  "failed_requests": 0,
  "duration_sec": 45.43888521566987,
  "timestamp": "2026-01-18T07:58:25.160794",
  "error": null
}