{
  "config": "1P_1D_2pD",
  "workload": "large_short_gen",
  "qps": 12,
  "turn1": {
    "count": 107,
    "avg_ttft_ms": 6066.84295317837,
    "avg_tpot_ms": 10.300341494509869,
    "avg_e2e_ms": 16604.092302061967,
    "p50_ttft_ms": 8425.212927162647,
    "p50_tpot_ms": 10.2716209121114,
    "p50_e2e_ms": 19082.63671770692,
    "p99_ttft_ms": 17713.76781590283,
    "p99_tpot_ms": 10.941682893160152,
    "p99_e2e_ms": 27642.383068725467
  },
  "turn2": {
    "count": 107,
    "avg_ttft_ms": 186.11137175532144,
    "avg_tpot_ms": 10.478754240295183,
    "avg_e2e_ms": 2858.193703030593,
    "p50_ttft_ms": 134.83361154794693,
    "p50_tpot_ms": 10.468673486919965,
    "p50_e2e_ms": 2944.513000547886,
    "p99_ttft_ms": 1004.1753150522709,
    "p99_tpot_ms": 11.819958271349178,
    "p99_e2e_ms": 3599.087880775332
  },
  "average": {
    "count": 214,
    "avg_ttft_ms": 3126.4771624668456,
    "avg_tpot_ms": 10.389547867402525,
    "avg_e2e_ms": 9731.14300254628,
    "p50_ttft_ms": 247.81793169677258,
    "p50_tpot_ms": 10.371600502586668,
    "p50_e2e_ms": 6921.818681061268,
    "p99_ttft_ms": 17692.938919514418,
    "p99_tpot_ms": 11.785734510158791,
    "p99_e2e_ms": 27610.806761346757
  },
  "throughput": {
    "requests_per_sec": 5.365377501376449,
    "tokens_per_sec": 3433.841600880927
  },
  "success_rate": 100.0,
  "total_requests": 214,
  "failed_requests": 0,
  "duration_sec": 39.8853575438261,
  "timestamp": "2026-01-18T07:23:38.858016",
  "error": null
}