{
  "config": "1P_1D_2pD",
  "workload": "small_tiny",
  "qps": 4,
  "turn1": {
    "count": 40,
    "avg_ttft_ms": 99.16444504633546,
    "avg_tpot_ms": 8.106893044346432,
    "avg_e2e_ms": 1128.739861678332,
    "p50_ttft_ms": 91.62553586065769,
    "p50_tpot_ms": 8.119937369790602,
    "p50_e2e_ms": 1122.6742696017027,
    "p99_ttft_ms": 146.9002478569746,
    "p99_tpot_ms": 8.58023379203372,
    "p99_e2e_ms": 1214.7362040355802
  },
  "turn2": {
    "count": 40,
    "avg_ttft_ms": 63.75452317297459,
    "avg_tpot_ms": 8.154039469457441,
    "avg_e2e_ms": 316.5297467261553,
    "p50_ttft_ms": 79.03828658163548,
    "p50_tpot_ms": 8.070680402940319,
    "p50_e2e_ms": 324.12361539900303,
    "p99_ttft_ms": 141.5089416131377,
    "p99_tpot_ms": 8.801200952260725,
    "p99_e2e_ms": 398.6041601002216
  },
  "average": {
    "count": 80,
    "avg_ttft_ms": 81.45948410965502,
    "avg_tpot_ms": 8.130466256901936,
    "avg_e2e_ms": 722.6348042022437,
    "p50_ttft_ms": 86.11058257520199,
    "p50_tpot_ms": 8.095370521846991,
    "p50_e2e_ms": 748.8227188587189,
    "p99_ttft_ms": 151.36902142316094,
    "p99_tpot_ms": 8.771413434897699,
    "p99_e2e_ms": 1198.023531027138
  },
  "throughput": {
    "requests_per_sec": 7.037190988512055,
    "tokens_per_sec": 562.9752790809645
  },
  "success_rate": 100.0,
  "total_requests": 80,
  "failed_requests": 0,
  "duration_sec": 11.368172347545624,
  "timestamp": "2026-01-18T06:51:09.747966",
  "error": null
}