{
  "config": "1P_1D_2pD",
  "workload": "small_small_bal",
  "qps": 0.5,
  "turn1": {
    "count": 5,
    "avg_ttft_ms": 94.29763033986092,
    "avg_tpot_ms": 7.831292558373429,
    "avg_e2e_ms": 1088.8717852532864,
    "p50_ttft_ms": 95.00967338681221,
    "p50_tpot_ms": 7.816054308273661,
    "p50_e2e_ms": 1087.9133976995945,
    "p99_ttft_ms": 105.75715154409409,
    "p99_tpot_ms": 7.8980043237134225,
    "p99_e2e_ms": 1098.3553592860699
  },
  "turn2": {
    "count": 5,
    "avg_ttft_ms": 44.14465129375458,
    "avg_tpot_ms": 7.84549108809895,
    "avg_e2e_ms": 538.4105898439884,
    "p50_ttft_ms": 29.497157782316208,
    "p50_tpot_ms": 7.768841489912972,
    "p50_e2e_ms": 524.5164558291435,
    "p99_ttft_ms": 98.61767783761024,
    "p99_tpot_ms": 8.075670919248035,
    "p99_e2e_ms": 587.5539475679398
  },
  "average": {
    "count": 10,
    "avg_ttft_ms": 69.22114081680775,
    "avg_tpot_ms": 7.838391823236189,
    "avg_e2e_ms": 813.6411875486374,
    "p50_ttft_ms": 85.92245541512966,
    "p50_tpot_ms": 7.80305134381835,
    "p50_e2e_ms": 836.3356236368418,
    "p99_ttft_ms": 105.63356563448906,
    "p99_tpot_ms": 8.067862149181328,
    "p99_e2e_ms": 1097.9305445030332
  },
  "throughput": {
    "requests_per_sec": 1.3489091683525816,
    "tokens_per_sec": 129.49528016184783
  },
  "success_rate": 100.0,
  "total_requests": 10,
  "failed_requests": 0,
  "duration_sec": 7.41339760646224,
  "timestamp": "2026-01-18T07:02:31.059376",
  "error": null
}