{
  "config": "1P_1D_2pD",
  "workload": "large_small_bal",
  "qps": 4,
  "turn1": {
    "count": 40,
    "avg_ttft_ms": 146.98280608281493,
    "avg_tpot_ms": 9.606996891912681,
    "avg_e2e_ms": 9974.940626509488,
    "p50_ttft_ms": 142.63952150940895,
    "p50_tpot_ms": 9.553058036509263,
    "p50_e2e_ms": 9904.018007218838,
    "p99_ttft_ms": 217.10724465548992,
    "p99_tpot_ms": 10.387253412031884,
    "p99_e2e_ms": 10765.189238339663
  },
  "turn2": {
    "count": 40,
    "avg_ttft_ms": 104.34945225715637,
    "avg_tpot_ms": 9.64773524375189,
    "avg_e2e_ms": 712.1567726135254,
    "p50_ttft_ms": 83.39430764317513,
    "p50_tpot_ms": 9.6950608172587,
    "p50_e2e_ms": 719.1412914544344,
    "p99_ttft_ms": 169.6440040692687,
    "p99_tpot_ms": 11.087408101274853,
    "p99_e2e_ms": 831.6008676961064
  },
  "average": {
    "count": 80,
    "avg_ttft_ms": 125.66612916998565,
    "avg_tpot_ms": 9.627366067832286,
    "avg_e2e_ms": 5343.5486995615065,
    "p50_ttft_ms": 134.02711413800716,
    "p50_tpot_ms": 9.577838449082533,
    "p50_e2e_ms": 4890.299253165722,
    "p99_ttft_ms": 216.15848474204537,
    "p99_tpot_ms": 11.050708386160078,
    "p99_e2e_ms": 10760.271271020174
  },
  "throughput": {
    "requests_per_sec": 4.099281664624357,
    "tokens_per_sec": 2230.00922555565
  },
  "success_rate": 100.0,
  "total_requests": 80,
  "failed_requests": 0,
  "duration_sec": 19.515614330768585,
  "timestamp": "2026-01-18T07:41:14.504297",
  "error": null
}