{
  "config": "1P_1D_2pD",
  "workload": "large_mid_paste",
  "qps": 8,
  "turn1": {
    "count": 80,
    "avg_ttft_ms": 3495.9269632119685,
    "avg_tpot_ms": 10.130562240490917,
    "avg_e2e_ms": 13859.492135234177,
    "p50_ttft_ms": 2088.88497389853,
    "p50_tpot_ms": 10.095607187100054,
    "p50_e2e_ms": 13019.389409571886,
    "p99_ttft_ms": 8117.122018672525,
    "p99_tpot_ms": 11.124703247074624,
    "p99_e2e_ms": 18293.925250321623
  },
  "turn2": {
    "count": 80,
    "avg_ttft_ms": 170.17371049150825,
    "avg_tpot_ms": 10.147988080741868,
    "avg_e2e_ms": 809.4969595782459,
    "p50_ttft_ms": 138.109739869833,
    "p50_tpot_ms": 9.944792393417586,
    "p50_e2e_ms": 776.559941470623,
    "p99_ttft_ms": 619.6810669451951,
    "p99_tpot_ms": 12.646048032929972,
    "p99_e2e_ms": 1313.5373539105058
  },
  "average": {
    "count": 160,
    "avg_ttft_ms": 1833.0503368517384,
    "avg_tpot_ms": 10.139275160616393,
    "avg_e2e_ms": 7334.4945474062115,
    "p50_ttft_ms": 279.95632216334343,
    "p50_tpot_ms": 10.017775516239663,
    "p50_e2e_ms": 5428.65620739758,
    "p99_ttft_ms": 7990.308566801249,
    "p99_tpot_ms": 12.237338973652747,
    "p99_e2e_ms": 18140.33991970122
  },
  "throughput": {
    "requests_per_sec": 5.999813665741739,
    "tokens_per_sec": 3263.898634163506
  },
  "success_rate": 100.0,
  "total_requests": 160,
  "failed_requests": 0,
  "duration_sec": 26.66749484464526,
  "timestamp": "2026-01-18T07:51:39.481016",
  "error": null
}