{
  "config": "1P_1D_2pD",
  "workload": "large_small_bal",
  "qps": 8,
  "turn1": {
    "count": 80,
    "avg_ttft_ms": 2159.643947565928,
    "avg_tpot_ms": 10.112706795043493,
    "avg_e2e_ms": 12504.942998895422,
    "p50_ttft_ms": 207.90087804198265,
    "p50_tpot_ms": 10.255959882735041,
    "p50_e2e_ms": 11192.094970494509,
    "p99_ttft_ms": 6728.3583303540945,
    "p99_tpot_ms": 11.039662412017263,
    "p99_e2e_ms": 16348.86783208698
  },
  "turn2": {
    "count": 80,
    "avg_ttft_ms": 182.37916873767972,
    "avg_tpot_ms": 10.134578149558768,
    "avg_e2e_ms": 820.8575921598822,
    "p50_ttft_ms": 122.50708043575287,
    "p50_tpot_ms": 9.991531127265521,
    "p50_e2e_ms": 755.9744454920292,
    "p99_ttft_ms": 1073.1664121150966,
    "p99_tpot_ms": 12.168412948293344,
    "p99_e2e_ms": 1787.5850714370604
  },
  "average": {
    "count": 160,
    "avg_ttft_ms": 1171.011558151804,
    "avg_tpot_ms": 10.123642472301132,
    "avg_e2e_ms": 6662.900295527652,
    "p50_ttft_ms": 151.22033283114433,
    "p50_tpot_ms": 10.17791714096324,
    "p50_e2e_ms": 5605.005951598287,
    "p99_ttft_ms": 6661.32976975292,
    "p99_tpot_ms": 12.094049409977973,
    "p99_e2e_ms": 16338.696667067707
  },
  "throughput": {
    "requests_per_sec": 6.126600768101824,
    "tokens_per_sec": 3332.870817847392
  },
  "success_rate": 100.0,
  "total_requests": 160,
  "failed_requests": 0,
  "duration_sec": 26.1156236641109,
  "timestamp": "2026-01-18T07:42:03.377733",
  "error": null
}