{
  "config": "1P_2D_1pD",
  "workload": "small_short_gen",
  "qps": 12,
  "turn1": {
    "count": 120,
    "avg_ttft_ms": 393.66661747917533,
    "avg_tpot_ms": 9.286622307813309,
    "avg_e2e_ms": 1573.0676505714655,
    "p50_ttft_ms": 306.54144287109375,
    "p50_tpot_ms": 9.382058008331953,
    "p50_e2e_ms": 1499.3401356041431,
    "p99_ttft_ms": 968.404544852674,
    "p99_tpot_ms": 9.970045782860339,
    "p99_e2e_ms": 2160.690402686596
  },
  "turn2": {
    "count": 120,
    "avg_ttft_ms": 181.58946884796023,
    "avg_tpot_ms": 9.334458796538753,
    "avg_e2e_ms": 2561.8764619653425,
    "p50_ttft_ms": 143.0444810539484,
    "p50_tpot_ms": 9.449978611048529,
    "p50_e2e_ms": 2552.9535729438066,
    "p99_ttft_ms": 545.2616689354181,
    "p99_tpot_ms": 9.896700104369836,
    "p99_e2e_ms": 3023.0188488587737
  },
  "average": {
    "count": 240,
    "avg_ttft_ms": 287.6280431635678,
    "avg_tpot_ms": 9.31054055217603,
    "avg_e2e_ms": 2067.472056268404,
    "p50_ttft_ms": 191.07461906969547,
    "p50_tpot_ms": 9.401711070631432,
    "p50_e2e_ms": 2174.860967323184,
    "p99_ttft_ms": 960.9339611977339,
    "p99_tpot_ms": 9.943596232887797,
    "p99_e2e_ms": 2959.505401365459
  },
  "throughput": {
    "requests_per_sec": 17.39720743036069,
    "tokens_per_sec": 3340.263826629253
  },
  "success_rate": 100.0,
  "total_requests": 240,
  "failed_requests": 0,
  "duration_sec": 13.795317493379116,
  "timestamp": "2026-01-18T05:34:29.116054",
  "error": null
}