{
  "config": "1P_2D_1pD",
  "workload": "large_tiny",
  "qps": 4,
  "turn1": {
    "count": 39,
    "avg_ttft_ms": 166.52938561179698,
    "avg_tpot_ms": 9.380111923349274,
    "avg_e2e_ms": 9762.383883198103,
    "p50_ttft_ms": 145.721934735775,
    "p50_tpot_ms": 9.418482552642114,
    "p50_e2e_ms": 9795.372352004051,
    "p99_ttft_ms": 282.68371775746346,
    "p99_tpot_ms": 9.730281829542662,
    "p99_e2e_ms": 10215.67102432251
  },
  "turn2": {
    "count": 39,
    "avg_ttft_ms": 138.41824816205562,
    "avg_tpot_ms": 9.28240921117236,
    "avg_e2e_ms": 426.1729337083988,
    "p50_ttft_ms": 144.13581416010857,
    "p50_tpot_ms": 9.45847217113741,
    "p50_e2e_ms": 440.31136855483055,
    "p99_ttft_ms": 255.74754633009422,
    "p99_tpot_ms": 10.629512706110555,
    "p99_e2e_ms": 570.1090820878742
  },
  "average": {
    "count": 78,
    "avg_ttft_ms": 152.4738168869263,
    "avg_tpot_ms": 9.331260567260816,
    "avg_e2e_ms": 5094.27840845325,
    "p50_ttft_ms": 145.5312091857195,
    "p50_tpot_ms": 9.419073400798665,
    "p50_e2e_ms": 4822.307789698243,
    "p99_ttft_ms": 279.44490209221846,
    "p99_tpot_ms": 10.546022749716236,
    "p99_e2e_ms": 10203.695584237576
  },
  "throughput": {
    "requests_per_sec": 3.882060836956346,
    "tokens_per_sec": 2049.728121912951
  },
  "success_rate": 100.0,
  "total_requests": 78,
  "failed_requests": 0,
  "duration_sec": 20.09242082387209,
  "timestamp": "2026-01-18T05:57:45.856181",
  "error": null
}