{
  "config": "1P_2D_1pD",
  "workload": "large_short_gen",
  "qps": 1,
  "turn1": {
    "count": 10,
    "avg_ttft_ms": 145.41444554924965,
    "avg_tpot_ms": 8.342163509098432,
    "avg_e2e_ms": 8679.447715356946,
    "p50_ttft_ms": 143.08339729905128,
    "p50_tpot_ms": 8.401075827789914,
    "p50_e2e_ms": 8734.260255470872,
    "p99_ttft_ms": 172.06896055489779,
    "p99_tpot_ms": 8.602945417063793,
    "p99_e2e_ms": 8948.078986182809
  },
  "turn2": {
    "count": 10,
    "avg_ttft_ms": 132.45476074516773,
    "avg_tpot_ms": 8.435746348079514,
    "avg_e2e_ms": 2283.5700795054436,
    "p50_ttft_ms": 131.5770074725151,
    "p50_tpot_ms": 8.404390046409532,
    "p50_e2e_ms": 2305.792110040784,
    "p99_ttft_ms": 165.46910356730223,
    "p99_tpot_ms": 9.046913700945238,
    "p99_e2e_ms": 2464.0396300703287
  },
  "average": {
    "count": 20,
    "avg_ttft_ms": 138.9346031472087,
    "avg_tpot_ms": 8.388954928588971,
    "avg_e2e_ms": 5481.508897431195,
    "p50_ttft_ms": 141.18430577218533,
    "p50_tpot_ms": 8.401075827789914,
    "p50_e2e_ms": 5349.628984928131,
    "p99_ttft_ms": 172.68937520682812,
    "p99_tpot_ms": 9.044500267973133,
    "p99_e2e_ms": 8936.365042552352
  },
  "throughput": {
    "requests_per_sec": 1.0303230729367092,
    "tokens_per_sec": 659.4067666794939
  },
  "success_rate": 100.0,
  "total_requests": 20,
  "failed_requests": 0,
  "duration_sec": 19.411387093365192,
  "timestamp": "2026-01-18T06:02:02.732740",
  "error": null
}