{
  "config": "1P_2D_1pD",
  "workload": "small_very_long_gen",
  "qps": 10,
  "turn1": {
    "count": 100,
    "avg_ttft_ms": 4165.580391027033,
    "avg_tpot_ms": 9.37325628811684,
    "avg_e2e_ms": 5355.983939617872,
    "p50_ttft_ms": 3559.6131701022387,
    "p50_tpot_ms": 9.444171430792395,
    "p50_e2e_ms": 4758.57188180089,
    "p99_ttft_ms": 9046.173363365233,
    "p99_tpot_ms": 10.261343750428027,
    "p99_e2e_ms": 10254.030257351696
  },
  "turn2": {
    "count": 100,
    "avg_ttft_ms": 182.75642275810242,
    "avg_tpot_ms": 9.530327522932376,
    "avg_e2e_ms": 9932.281478717923,
    "p50_ttft_ms": 114.59267884492874,
    "p50_tpot_ms": 9.51096404959263,
    "p50_e2e_ms": 9957.216393202543,
    "p99_ttft_ms": 586.5203624218702,
    "p99_tpot_ms": 9.942915808129055,
    "p99_e2e_ms": 10753.318899720907
  },
  "average": {
    "count": 200,
    "avg_ttft_ms": 2174.168406892568,
    "avg_tpot_ms": 9.45179190552461,
    "avg_e2e_ms": 7644.132709167898,
    "p50_ttft_ms": 186.63675524294376,
    "p50_tpot_ms": 9.497499585020577,
    "p50_e2e_ms": 9668.604684993625,
    "p99_ttft_ms": 8995.73236554861,
    "p99_tpot_ms": 10.248334244128287,
    "p99_e2e_ms": 10740.905164964497
  },
  "throughput": {
    "requests_per_sec": 7.210552412828053,
    "tokens_per_sec": 4153.278189788959
  },
  "success_rate": 100.0,
  "total_requests": 200,
  "failed_requests": 0,
  "duration_sec": 27.737125888466835,
  "timestamp": "2026-01-18T05:40:34.513201",
  "error": null
}