{
  "config": "1P_2D_1pD",
  "workload": "small_big_paste",
  "qps": 8,
  "turn1": {
    "count": 71,
    "avg_ttft_ms": 149.70088802592855,
    "avg_tpot_ms": 8.57753587397739,
    "avg_e2e_ms": 1239.047944021057,
    "p50_ttft_ms": 114.35111984610558,
    "p50_tpot_ms": 8.595234149788308,
    "p50_e2e_ms": 1223.7071134150028,
    "p99_ttft_ms": 364.91815783083433,
    "p99_tpot_ms": 9.184194854863986,
    "p99_e2e_ms": 1462.9123013466594
  },
  "turn2": {
    "count": 71,
    "avg_ttft_ms": 146.63533152828754,
    "avg_tpot_ms": 8.596401206904178,
    "avg_e2e_ms": 688.2086075632506,
    "p50_ttft_ms": 133.42572003602982,
    "p50_tpot_ms": 8.59122256201411,
    "p50_e2e_ms": 672.4356040358543,
    "p99_ttft_ms": 325.0932350754738,
    "p99_tpot_ms": 9.248170434009461,
    "p99_e2e_ms": 884.1208100318908
  },
  "average": {
    "count": 142,
    "avg_ttft_ms": 148.16810977710804,
    "avg_tpot_ms": 8.586968540440783,
    "avg_e2e_ms": 963.6282757921538,
    "p50_ttft_ms": 123.19505773484707,
    "p50_tpot_ms": 8.59176269954159,
    "p50_e2e_ms": 1002.6009026914835,
    "p99_ttft_ms": 351.57057303935295,
    "p99_tpot_ms": 9.230103142514832,
    "p99_e2e_ms": 1444.216948747635
  },
  "throughput": {
    "requests_per_sec": 12.130362708448805,
    "tokens_per_sec": 1164.5148200110855
  },
  "success_rate": 100.0,
  "total_requests": 142,
  "failed_requests": 0,
  "duration_sec": 11.706162743270397,
  "timestamp": "2026-01-18T05:49:56.832770",
  "error": null
}