{
  "config": "1P_2D_1pD",
  "workload": "large_short_gen",
  "qps": 4,
  "turn1": {
    "count": 40,
    "avg_ttft_ms": 137.6224066130817,
    "avg_tpot_ms": 9.722287297241559,
    "avg_e2e_ms": 10083.522311691195,
    "p50_ttft_ms": 133.42654891312122,
    "p50_tpot_ms": 9.568397702243203,
    "p50_e2e_ms": 9922.513887286186,
    "p99_ttft_ms": 228.3645438402891,
    "p99_tpot_ms": 10.473035657969563,
    "p99_e2e_ms": 10839.153286293149
  },
  "turn2": {
    "count": 40,
    "avg_ttft_ms": 130.20533611997962,
    "avg_tpot_ms": 9.511983850057803,
    "avg_e2e_ms": 2555.7612178847194,
    "p50_ttft_ms": 136.19514182209969,
    "p50_tpot_ms": 9.435984718741155,
    "p50_e2e_ms": 2520.788775756955,
    "p99_ttft_ms": 189.22156039625406,
    "p99_tpot_ms": 11.207091889983298,
    "p99_e2e_ms": 3024.0972163528204
  },
  "average": {
    "count": 80,
    "avg_ttft_ms": 133.91387136653066,
    "avg_tpot_ms": 9.61713557364968,
    "avg_e2e_ms": 6319.641764787957,
    "p50_ttft_ms": 134.44188982248306,
    "p50_tpot_ms": 9.528666929517556,
    "p50_e2e_ms": 6017.713716253638,
    "p99_ttft_ms": 207.50457815825905,
    "p99_tpot_ms": 11.204705255726973,
    "p99_e2e_ms": 10839.070963338017
  },
  "throughput": {
    "requests_per_sec": 3.718900496969437,
    "tokens_per_sec": 2380.0963180604394
  },
  "success_rate": 100.0,
  "total_requests": 80,
  "failed_requests": 0,
  "duration_sec": 21.51173446699977,
  "timestamp": "2026-01-18T06:02:45.694580",
  "error": null
}