{
  "config": "1P_2D_1pD",
  "workload": "small_very_long_gen",
  "qps": 6,
  "turn1": {
    "count": 60,
    "avg_ttft_ms": 492.99703737099964,
    "avg_tpot_ms": 9.044762884616226,
    "avg_e2e_ms": 1641.6819237172604,
    "p50_ttft_ms": 116.74103699624538,
    "p50_tpot_ms": 8.998398236402377,
    "p50_e2e_ms": 1279.5872520655394,
    "p99_ttft_ms": 2514.919593408704,
    "p99_tpot_ms": 10.032195605513618,
    "p99_e2e_ms": 3727.485312707722
  },
  "turn2": {
    "count": 60,
    "avg_ttft_ms": 89.09374736249447,
    "avg_tpot_ms": 9.273160502263584,
    "avg_e2e_ms": 9575.536941178143,
    "p50_ttft_ms": 92.82584860920906,
    "p50_tpot_ms": 9.253774999931295,
    "p50_e2e_ms": 9553.804084658623,
    "p99_ttft_ms": 199.23100456595418,
    "p99_tpot_ms": 9.74240712293461,
    "p99_e2e_ms": 10081.03946056217
  },
  "average": {
    "count": 120,
    "avg_ttft_ms": 291.0453923667471,
    "avg_tpot_ms": 9.158961693439908,
    "avg_e2e_ms": 5608.609432447702,
    "p50_ttft_ms": 103.78820635378361,
    "p50_tpot_ms": 9.240892694813299,
    "p50_e2e_ms": 6258.324846625328,
    "p99_ttft_ms": 2490.249924995005,
    "p99_tpot_ms": 10.02330232294291,
    "p99_e2e_ms": 10074.112785160542
  },
  "throughput": {
    "requests_per_sec": 5.447661027131182,
    "tokens_per_sec": 3137.852751627561
  },
  "success_rate": 100.0,
  "total_requests": 120,
  "failed_requests": 0,
  "duration_sec": 22.027802281081676,
  "timestamp": "2026-01-18T05:39:41.363498",
  "error": null
}