{
  "config": "1P_2D_1pD",
  "workload": "small_mid_paste",
  "qps": 0.5,
  "turn1": {
    "count": 3,
    "avg_ttft_ms": 110.9942855934302,
    "avg_tpot_ms": 7.834375667290424,
    "avg_e2e_ms": 1105.9599953393142,
    "p50_ttft_ms": 106.9309413433075,
    "p50_tpot_ms": 7.849409501618288,
    "p50_e2e_ms": 1104.6745665371418,
    "p99_ttft_ms": 120.25133237242699,
    "p99_tpot_ms": 7.856112226961166,
    "p99_e2e_ms": 1117.1437114477158
  },
  "turn2": {
    "count": 3,
    "avg_ttft_ms": 101.2848677734534,
    "avg_tpot_ms": 7.834463759704872,
    "avg_e2e_ms": 594.8560846348604,
    "p50_ttft_ms": 100.11615231633186,
    "p50_tpot_ms": 7.837634001459394,
    "p50_e2e_ms": 593.8870944082737,
    "p99_ttft_ms": 106.95900388062,
    "p99_tpot_ms": 7.8696687661466145,
    "p99_e2e_ms": 598.1245636194944
  },
  "average": {
    "count": 6,
    "avg_ttft_ms": 106.1395766834418,
    "avg_tpot_ms": 7.834419713497649,
    "avg_e2e_ms": 850.4080399870872,
    "p50_ttft_ms": 106.22983984649181,
    "p50_tpot_ms": 7.843521751538841,
    "p50_e2e_ms": 847.0091391354799,
    "p99_ttft_ms": 119.85195092856884,
    "p99_tpot_ms": 7.869618860875506,
    "p99_e2e_ms": 1116.7620029300451
  },
  "throughput": {
    "requests_per_sec": 0.5384112365543212,
    "tokens_per_sec": 51.68747870921483
  },
  "success_rate": 100.0,
  "total_requests": 6,
  "failed_requests": 0,
  "duration_sec": 11.14389818161726,
  "timestamp": "2026-01-18T05:47:07.172017",
  "error": null
}