{
  "config": "1P_2D_1pD",
  "workload": "small_mid_bal",
  "qps": 4,
  "turn1": {
    "count": 40,
    "avg_ttft_ms": 101.59822599962354,
    "avg_tpot_ms": 8.368645648758008,
    "avg_e2e_ms": 1164.4162233918905,
    "p50_ttft_ms": 94.34049762785435,
    "p50_tpot_ms": 8.408091801006023,
    "p50_e2e_ms": 1163.620376959443,
    "p99_ttft_ms": 173.97348821163177,
    "p99_tpot_ms": 8.680197446071727,
    "p99_e2e_ms": 1252.319589741528
  },
  "turn2": {
    "count": 40,
    "avg_ttft_ms": 86.4284054376185,
    "avg_tpot_ms": 8.36513298673658,
    "avg_e2e_ms": 1148.800294753164,
    "p50_ttft_ms": 89.74785543978214,
    "p50_tpot_ms": 8.387954773630682,
    "p50_e2e_ms": 1163.7925375252962,
    "p99_ttft_ms": 202.65895172953606,
    "p99_tpot_ms": 8.68943107497739,
    "p99_e2e_ms": 1274.85760897398
  },
  "average": {
    "count": 80,
    "avg_ttft_ms": 94.01331571862102,
    "avg_tpot_ms": 8.366889317747294,
    "avg_e2e_ms": 1156.6082590725273,
    "p50_ttft_ms": 91.95178560912609,
    "p50_tpot_ms": 8.403152374066705,
    "p50_e2e_ms": 1163.620376959443,
    "p99_ttft_ms": 201.86413571238518,
    "p99_tpot_ms": 8.69641682470408,
    "p99_e2e_ms": 1267.7888692542908
  },
  "throughput": {
    "requests_per_sec": 6.937465463737715,
    "tokens_per_sec": 887.9955793584276
  },
  "success_rate": 100.0,
  "total_requests": 80,
  "failed_requests": 0,
  "duration_sec": 11.531588938087225,
  "timestamp": "2026-01-18T05:45:31.811803",
  "error": null
}