{
  "config": "1P_2D_1pD",
  "workload": "small_very_long_gen",
  "qps": 2,
  "turn1": {
    "count": 15,
    "avg_ttft_ms": 93.83567819992702,
    "avg_tpot_ms": 8.13733481476939,
    "avg_e2e_ms": 1127.2771996756394,
    "p50_ttft_ms": 91.57499670982361,
    "p50_tpot_ms": 8.042469532705667,
    "p50_e2e_ms": 1111.6861626505852,
    "p99_ttft_ms": 113.72966937720776,
    "p99_tpot_ms": 8.535184152717665,
    "p99_e2e_ms": 1192.391335144639
  },
  "turn2": {
    "count": 15,
    "avg_ttft_ms": 65.8968744178613,
    "avg_tpot_ms": 8.267816491170128,
    "avg_e2e_ms": 8523.873144884905,
    "p50_ttft_ms": 83.18711444735527,
    "p50_tpot_ms": 8.237979261027986,
    "p50_e2e_ms": 8500.4837885499,
    "p99_ttft_ms": 96.54347538948059,
    "p99_tpot_ms": 8.506879421972458,
    "p99_e2e_ms": 8773.650029450655
  },
  "average": {
    "count": 30,
    "avg_ttft_ms": 79.86627630889416,
    "avg_tpot_ms": 8.20257565296976,
    "avg_e2e_ms": 4825.5751722802715,
    "p50_ttft_ms": 88.02284114062786,
    "p50_tpot_ms": 8.219568869089917,
    "p50_e2e_ms": 4697.243774309754,
    "p99_ttft_ms": 113.19885406643152,
    "p99_tpot_ms": 8.533257960569202,
    "p99_e2e_ms": 8766.092763617635
  },
  "throughput": {
    "requests_per_sec": 1.558428432662331,
    "tokens_per_sec": 897.6547772135026
  },
  "success_rate": 100.0,
  "total_requests": 30,
  "failed_requests": 0,
  "duration_sec": 19.25016213208437,
  "timestamp": "2026-01-18T05:39:01.140977",
  "error": null
}