{
  "config": "1P_2D_1pD",
  "workload": "small_small_bal",
  "qps": 4,
  "turn1": {
    "count": 40,
    "avg_ttft_ms": 106.82229921221733,
    "avg_tpot_ms": 8.26900681612764,
    "avg_e2e_ms": 1156.9861648604274,
    "p50_ttft_ms": 98.53274375200272,
    "p50_tpot_ms": 8.245315974739594,
    "p50_e2e_ms": 1155.505832284689,
    "p99_ttft_ms": 180.32396469265223,
    "p99_tpot_ms": 8.640063420583413,
    "p99_e2e_ms": 1247.7816803380847
  },
  "turn2": {
    "count": 40,
    "avg_ttft_ms": 85.7640472240746,
    "avg_tpot_ms": 8.212165218142289,
    "avg_e2e_ms": 603.1304559670389,
    "p50_ttft_ms": 86.70766651630402,
    "p50_tpot_ms": 8.243805329714503,
    "p50_e2e_ms": 603.5929508507252,
    "p99_ttft_ms": 165.769486092031,
    "p99_tpot_ms": 8.571291313994498,
    "p99_e2e_ms": 684.7686254605651
  },
  "average": {
    "count": 80,
    "avg_ttft_ms": 96.29317321814597,
    "avg_tpot_ms": 8.240586017134964,
    "avg_e2e_ms": 880.0583104137331,
    "p50_ttft_ms": 92.3334751278162,
    "p50_tpot_ms": 8.243805329714503,
    "p50_e2e_ms": 885.2106761187315,
    "p99_ttft_ms": 175.8245158568024,
    "p99_tpot_ms": 8.62350758517117,
    "p99_e2e_ms": 1242.5331411883235
  },
  "throughput": {
    "requests_per_sec": 7.485056164151856,
    "tokens_per_sec": 718.5653917585781
  },
  "success_rate": 100.0,
  "total_requests": 80,
  "failed_requests": 0,
  "duration_sec": 10.687962554395199,
  "timestamp": "2026-01-18T05:43:29.915392",
  "error": null
}