{
  "config": "1P_2D_1pD",
  "workload": "small_big_paste",
  "qps": 1,
  "turn1": {
    "count": 10,
    "avg_ttft_ms": 102.79853194952011,
    "avg_tpot_ms": 7.969231616089663,
    "avg_e2e_ms": 1114.8909471929073,
    "p50_ttft_ms": 100.79624876379967,
    "p50_tpot_ms": 7.934267170668587,
    "p50_e2e_ms": 1111.3184429705143,
    "p99_ttft_ms": 126.36214956641197,
    "p99_tpot_ms": 8.21719660064367,
    "p99_e2e_ms": 1154.2806562036276
  },
  "turn2": {
    "count": 10,
    "avg_ttft_ms": 107.3415920138359,
    "avg_tpot_ms": 7.900856458951557,
    "avg_e2e_ms": 605.095548927784,
    "p50_ttft_ms": 112.0923850685358,
    "p50_tpot_ms": 7.891616444029506,
    "p50_e2e_ms": 614.8247364908457,
    "p99_ttft_ms": 150.20285449922085,
    "p99_tpot_ms": 8.180966089287448,
    "p99_e2e_ms": 662.6322462782264
  },
  "average": {
    "count": 20,
    "avg_ttft_ms": 105.07006198167801,
    "avg_tpot_ms": 7.93504403752061,
    "avg_e2e_ms": 859.9932480603456,
    "p50_ttft_ms": 106.62144422531128,
    "p50_tpot_ms": 7.934267170668587,
    "p50_e2e_ms": 871.1395170539618,
    "p99_ttft_ms": 150.16194559633732,
    "p99_tpot_ms": 8.218924051525258,
    "p99_e2e_ms": 1154.0938589721918
  },
  "throughput": {
    "requests_per_sec": 2.5498843679487293,
    "tokens_per_sec": 244.78889932307803
  },
  "success_rate": 100.0,
  "total_requests": 20,
  "failed_requests": 0,
  "duration_sec": 7.843492925167084,
  "timestamp": "2026-01-18T05:49:12.782641",
  "error": null
}