{
  "config": "1P_2D_1pD",
  "workload": "small_tiny",
  "qps": 8,
  "turn1": {
    "count": 80,
    "avg_ttft_ms": 152.20267768017948,
    "avg_tpot_ms": 8.453971105737715,
    "avg_e2e_ms": 1225.8570081088692,
    "p50_ttft_ms": 121.31668627262115,
    "p50_tpot_ms": 8.45281682967201,
    "p50_e2e_ms": 1210.4595322161913,
    "p99_ttft_ms": 332.48760480433697,
    "p99_tpot_ms": 9.120769481372646,
    "p99_e2e_ms": 1410.1193474978209
  },
  "turn2": {
    "count": 80,
    "avg_ttft_ms": 129.97736288234591,
    "avg_tpot_ms": 8.507380355149508,
    "avg_e2e_ms": 393.70615389198065,
    "p50_ttft_ms": 96.04501724243164,
    "p50_tpot_ms": 8.498364218300388,
    "p50_e2e_ms": 367.624556645751,
    "p99_ttft_ms": 436.2557360902427,
    "p99_tpot_ms": 9.307344810616586,
    "p99_e2e_ms": 725.4002528265117
  },
  "average": {
    "count": 160,
    "avg_ttft_ms": 141.0900202812627,
    "avg_tpot_ms": 8.480675730443611,
    "avg_e2e_ms": 809.7815810004249,
    "p50_ttft_ms": 108.87973569333553,
    "p50_tpot_ms": 8.466654325389971,
    "p50_e2e_ms": 916.169548407197,
    "p99_ttft_ms": 375.53808532655205,
    "p99_tpot_ms": 9.286478843179442,
    "p99_e2e_ms": 1404.10680398345
  },
  "throughput": {
    "requests_per_sec": 14.09315281637489,
    "tokens_per_sec": 1127.4522253099913
  },
  "success_rate": 100.0,
  "total_requests": 160,
  "failed_requests": 0,
  "duration_sec": 11.353030942380428,
  "timestamp": "2026-01-18T05:31:50.987017",
  "error": null
}