{
  "config": "1P_2D_1pD",
  "workload": "large_huge_paste",
  "qps": 16,
  "turn1": {
    "count": 160,
    "avg_ttft_ms": 14801.39428016264,
    "avg_tpot_ms": 10.160651730550116,
    "avg_e2e_ms": 25195.74100051541,
    "p50_ttft_ms": 16675.114700570703,
    "p50_tpot_ms": 10.188660730961946,
    "p50_e2e_ms": 26988.81738446653,
    "p99_ttft_ms": 32878.29402782023,
    "p99_tpot_ms": 10.919664135514116,
    "p99_e2e_ms": 42381.93963102996
  },
  "turn2": {
    "count": 160,
    "avg_ttft_ms": 2434.028351912275,
    "avg_tpot_ms": 10.101671558955022,
    "avg_e2e_ms": 2747.1801702398807,
    "p50_ttft_ms": 1511.158401146531,
    "p50_tpot_ms": 10.095559961853489,
    "p50_e2e_ms": 1827.6578430086374,
    "p99_ttft_ms": 29718.46454046666,
    "p99_tpot_ms": 12.4278456801849,
    "p99_e2e_ms": 30073.107893206172
  },
  "average": {
    "count": 320,
    "avg_ttft_ms": 8617.711316037457,
    "avg_tpot_ms": 10.13116164475257,
    "avg_e2e_ms": 13971.460585377645,
    "p50_ttft_ms": 3040.900679305196,
    "p50_tpot_ms": 10.184396376955311,
    "p50_e2e_ms": 10700.632253661752,
    "p99_ttft_ms": 32597.69215285778,
    "p99_tpot_ms": 11.979535702736147,
    "p99_e2e_ms": 42294.69590526074
  },
  "throughput": {
    "requests_per_sec": 6.057918892814865,
    "tokens_per_sec": 3198.581175406249
  },
  "success_rate": 100.0,
  "total_requests": 320,
  "failed_requests": 0,
  "duration_sec": 52.823420990258455,
  "timestamp": "2026-01-18T06:46:52.897730",
  "error": null
}