{
  "config": "1P_2D_1pD",
  "workload": "small_long_gen",
  "qps": 16,
  "turn1": {
    "count": 147,
    "avg_ttft_ms": 3472.4431995834625,
    "avg_tpot_ms": 9.452951221068188,
    "avg_e2e_ms": 4672.968004659122,
    "p50_ttft_ms": 3814.621612429619,
    "p50_tpot_ms": 9.533034358906933,
    "p50_e2e_ms": 5043.140649795532,
    "p99_ttft_ms": 6809.032741710544,
    "p99_tpot_ms": 9.998326648877361,
    "p99_e2e_ms": 8008.502973392606
  },
  "turn2": {
    "count": 147,
    "avg_ttft_ms": 223.2595101556405,
    "avg_tpot_ms": 9.426766023902143,
    "avg_e2e_ms": 5040.336948369636,
    "p50_ttft_ms": 128.1510405242443,
    "p50_tpot_ms": 9.448923199727345,
    "p50_e2e_ms": 4991.858273744583,
    "p99_ttft_ms": 702.6272288709873,
    "p99_tpot_ms": 9.778626553437247,
    "p99_e2e_ms": 5643.016006499529
  },
  "average": {
    "count": 294,
    "avg_ttft_ms": 1847.8513548695514,
    "avg_tpot_ms": 9.439858622485167,
    "avg_e2e_ms": 4856.6524765143795,
    "p50_ttft_ms": 324.11892153322697,
    "p50_tpot_ms": 9.521744339639397,
    "p50_e2e_ms": 5001.483537256718,
    "p99_ttft_ms": 6769.137448258698,
    "p99_tpot_ms": 9.964840499552217,
    "p99_e2e_ms": 7998.911090455949
  },
  "throughput": {
    "requests_per_sec": 13.090450944205065,
    "tokens_per_sec": 4188.944302145621
  },
  "success_rate": 100.0,
  "total_requests": 294,
  "failed_requests": 0,
  "duration_sec": 22.459119342267513,
  "timestamp": "2026-01-18T05:37:32.129314",
  "error": null
}