{
  "config": "1P_2D_1pD",
  "workload": "large_huge_paste",
  "qps": 8,
  "turn1": {
    "count": 78,
    "avg_ttft_ms": 2633.2644106199346,
    "avg_tpot_ms": 9.971430125688615,
    "avg_e2e_ms": 12834.037429199387,
    "p50_ttft_ms": 683.4217235445976,
    "p50_tpot_ms": 9.913366136822997,
    "p50_e2e_ms": 11325.642755255103,
    "p99_ttft_ms": 9278.003635033965,
    "p99_tpot_ms": 10.83676527307996,
    "p99_e2e_ms": 18681.454143859446
  },
  "turn2": {
    "count": 78,
    "avg_ttft_ms": 977.1938224633535,
    "avg_tpot_ms": 9.914689742774387,
    "avg_e2e_ms": 1284.5492044893595,
    "p50_ttft_ms": 355.37552647292614,
    "p50_tpot_ms": 10.073776447003887,
    "p50_e2e_ms": 678.5883586853743,
    "p99_ttft_ms": 3398.974518999458,
    "p99_tpot_ms": 11.664437200994263,
    "p99_e2e_ms": 3702.136145420373
  },
  "average": {
    "count": 156,
    "avg_ttft_ms": 1805.2291165416439,
    "avg_tpot_ms": 9.943059934231501,
    "avg_e2e_ms": 7059.293316844373,
    "p50_ttft_ms": 624.9346137046814,
    "p50_tpot_ms": 10.001971279858145,
    "p50_e2e_ms": 6826.146366074681,
    "p99_ttft_ms": 8919.856224395327,
    "p99_tpot_ms": 11.526980930038036,
    "p99_e2e_ms": 18392.985199205574
  },
  "throughput": {
    "requests_per_sec": 5.381921480558516,
    "tokens_per_sec": 2841.6545417348966
  },
  "success_rate": 100.0,
  "total_requests": 156,
  "failed_requests": 0,
  "duration_sec": 28.985930129885674,
  "timestamp": "2026-01-18T06:44:45.880479",
  "error": null
}