{
  "config": "1P_2D_1pD",
  "workload": "large_mid_bal",
  "qps": 4,
  "turn1": {
    "count": 40,
    "avg_ttft_ms": 128.92821477726102,
    "avg_tpot_ms": 8.962137425793582,
    "avg_e2e_ms": 9297.194801364094,
    "p50_ttft_ms": 123.48724901676178,
    "p50_tpot_ms": 8.988809299346638,
    "p50_e2e_ms": 9316.077357158065,
    "p99_ttft_ms": 196.34148091077805,
    "p99_tpot_ms": 9.302066916878447,
    "p99_e2e_ms": 9688.65428429097
  },
  "turn2": {
    "count": 40,
    "avg_ttft_ms": 116.40255032107234,
    "avg_tpot_ms": 8.939321700659558,
    "avg_e2e_ms": 1251.6964063048363,
    "p50_ttft_ms": 127.54059210419655,
    "p50_tpot_ms": 9.009231424589796,
    "p50_e2e_ms": 1269.0549977123737,
    "p99_ttft_ms": 213.48179694265127,
    "p99_tpot_ms": 9.735805700261762,
    "p99_e2e_ms": 1357.7647744864225
  },
  "average": {
    "count": 80,
    "avg_ttft_ms": 122.66538254916668,
    "avg_tpot_ms": 8.95072956322657,
    "avg_e2e_ms": 5274.445603834465,
    "p50_ttft_ms": 124.2101825773716,
    "p50_tpot_ms": 8.999762518849955,
    "p50_e2e_ms": 4969.12488900125,
    "p99_ttft_ms": 213.09959556907415,
    "p99_tpot_ms": 9.717512448120305,
    "p99_e2e_ms": 9665.019846074283
  },
  "throughput": {
    "requests_per_sec": 3.922365367929251,
    "tokens_per_sec": 2259.2824519272485
  },
  "success_rate": 100.0,
  "total_requests": 80,
  "failed_requests": 0,
  "duration_sec": 20.395856197923422,
  "timestamp": "2026-01-18T06:28:58.930177",
  "error": null
}