{
  "config": "1P_2D_1pD",
  "workload": "large_mid_paste",
  "qps": 0.5,
  "turn1": {
    "count": 3,
    "avg_ttft_ms": 133.56933618585268,
    "avg_tpot_ms": 7.929750691168313,
    "avg_e2e_ms": 8245.704293251038,
    "p50_ttft_ms": 133.56436043977737,
    "p50_tpot_ms": 7.912317372836675,
    "p50_e2e_ms": 8230.0029322505,
    "p99_ttft_ms": 143.88395994901657,
    "p99_tpot_ms": 7.971610877214989,
    "p99_e2e_ms": 8278.260075002909
  },
  "turn2": {
    "count": 3,
    "avg_ttft_ms": 148.64550655086836,
    "avg_tpot_ms": 8.02779889532498,
    "avg_e2e_ms": 654.3968369563421,
    "p50_ttft_ms": 150.79089626669884,
    "p50_tpot_ms": 7.982245335976283,
    "p50_e2e_ms": 651.0590426623821,
    "p99_ttft_ms": 152.76298068463802,
    "p99_tpot_ms": 8.156824285785358,
    "p99_e2e_ms": 666.5906444936991
  },
  "average": {
    "count": 6,
    "avg_ttft_ms": 141.10742136836052,
    "avg_tpot_ms": 7.978774793246646,
    "avg_e2e_ms": 4450.05056510369,
    "p50_ttft_ms": 143.2184800505638,
    "p50_tpot_ms": 7.956792588617912,
    "p50_e2e_ms": 4447.38632440567,
    "p99_ttft_ms": 152.70261075347662,
    "p99_tpot_ms": 8.151480032219773,
    "p99_e2e_ms": 8276.782815530896
  },
  "throughput": {
    "requests_per_sec": 0.3508913170602113,
    "tokens_per_sec": 190.88487648075497
  },
  "success_rate": 100.0,
  "total_requests": 6,
  "failed_requests": 0,
  "duration_sec": 17.09931169077754,
  "timestamp": "2026-01-18T06:33:07.440789",
  "error": null
}