{
  "config": "1P_2D_1pD",
  "workload": "small_tiny",
  "qps": 16,
  "turn1": {
    "count": 160,
    "avg_ttft_ms": 1148.8039962714538,
    "avg_tpot_ms": 8.982579243611397,
    "avg_e2e_ms": 2289.5915602101013,
    "p50_ttft_ms": 1163.1720922887325,
    "p50_tpot_ms": 9.040161131287185,
    "p50_e2e_ms": 2330.0852235406637,
    "p99_ttft_ms": 2294.461158029735,
    "p99_tpot_ms": 9.421192952908399,
    "p99_e2e_ms": 3469.1418109461665
  },
  "turn2": {
    "count": 160,
    "avg_ttft_ms": 711.2473236396909,
    "avg_tpot_ms": 9.139170223516562,
    "avg_e2e_ms": 994.5616005687043,
    "p50_ttft_ms": 799.5103113353252,
    "p50_tpot_ms": 9.204808141916029,
    "p50_e2e_ms": 1101.5932373702526,
    "p99_ttft_ms": 1658.9796947315333,
    "p99_tpot_ms": 9.941313596021745,
    "p99_e2e_ms": 1952.6557492464779
  },
  "average": {
    "count": 320,
    "avg_ttft_ms": 930.0256599555723,
    "avg_tpot_ms": 9.060874733563981,
    "avg_e2e_ms": 1642.0765803894028,
    "p50_ttft_ms": 951.3304699212313,
    "p50_tpot_ms": 9.085839819603079,
    "p50_e2e_ms": 1491.8437134474516,
    "p99_ttft_ms": 2245.417849011719,
    "p99_tpot_ms": 9.922538028369027,
    "p99_e2e_ms": 3413.4719364717603
  },
  "throughput": {
    "requests_per_sec": 24.505106748797783,
    "tokens_per_sec": 1960.4085399038227
  },
  "success_rate": 100.0,
  "total_requests": 320,
  "failed_requests": 0,
  "duration_sec": 13.058502592146397,
  "timestamp": "2026-01-18T05:32:26.718177",
  "error": null
}