{
  "config": "1P_2D_1pD",
  "workload": "small_small_bal",
  "qps": 1,
  "turn1": {
    "count": 8,
    "avg_ttft_ms": 90.59721184894443,
    "avg_tpot_ms": 7.846834039036918,
    "avg_e2e_ms": 1087.145134806633,
    "p50_ttft_ms": 91.6060283780098,
    "p50_tpot_ms": 7.841644104658149,
    "p50_e2e_ms": 1083.2679830491543,
    "p99_ttft_ms": 102.1874687075615,
    "p99_tpot_ms": 8.054294909137909,
    "p99_e2e_ms": 1120.1507341116667
  },
  "turn2": {
    "count": 8,
    "avg_ttft_ms": 78.50758312270045,
    "avg_tpot_ms": 7.90506127541737,
    "avg_e2e_ms": 576.5264434739947,
    "p50_ttft_ms": 94.36783194541931,
    "p50_tpot_ms": 7.826396042392368,
    "p50_e2e_ms": 584.5688618719578,
    "p99_ttft_ms": 100.58102112263441,
    "p99_tpot_ms": 8.24073874879451,
    "p99_e2e_ms": 602.8034045174718
  },
  "average": {
    "count": 16,
    "avg_ttft_ms": 84.55239748582244,
    "avg_tpot_ms": 7.875947657227144,
    "avg_e2e_ms": 831.8357891403139,
    "p50_ttft_ms": 92.95068494975567,
    "p50_tpot_ms": 7.828713502372194,
    "p50_e2e_ms": 834.0933807194233,
    "p99_ttft_ms": 102.18161549419165,
    "p99_tpot_ms": 8.227422484077412,
    "p99_e2e_ms": 1118.910787627101
  },
  "throughput": {
    "requests_per_sec": 1.4186157875409064,
    "tokens_per_sec": 136.18711560392703
  },
  "success_rate": 100.0,
  "total_requests": 16,
  "failed_requests": 0,
  "duration_sec": 11.278599984943867,
  "timestamp": "2026-01-18T05:43:07.980118",
  "error": null
}