{
  "config": "1P_2D_1pD",
  "workload": "small_mid_bal",
  "qps": 6,
  "turn1": {
    "count": 57,
    "avg_ttft_ms": 104.36194599197621,
    "avg_tpot_ms": 8.39245986048812,
    "avg_e2e_ms": 1170.2043482739675,
    "p50_ttft_ms": 93.04110333323479,
    "p50_tpot_ms": 8.376197874780715,
    "p50_e2e_ms": 1160.336047410965,
    "p99_ttft_ms": 263.9521549642086,
    "p99_tpot_ms": 8.870576652954883,
    "p99_e2e_ms": 1346.8921527266502
  },
  "turn2": {
    "count": 57,
    "avg_ttft_ms": 89.79287364503793,
    "avg_tpot_ms": 8.376047615229975,
    "avg_e2e_ms": 1153.550920779245,
    "p50_ttft_ms": 92.09306538105011,
    "p50_tpot_ms": 8.377983403487468,
    "p50_e2e_ms": 1156.8988002836704,
    "p99_ttft_ms": 237.8750592470165,
    "p99_tpot_ms": 8.855947964773403,
    "p99_e2e_ms": 1316.404863595962
  },
  "average": {
    "count": 114,
    "avg_ttft_ms": 97.07740981850708,
    "avg_tpot_ms": 8.384253737859048,
    "avg_e2e_ms": 1161.8776345266062,
    "p50_ttft_ms": 92.38101914525032,
    "p50_tpot_ms": 8.377090639134092,
    "p50_e2e_ms": 1158.3899520337582,
    "p99_ttft_ms": 264.92983043193817,
    "p99_tpot_ms": 8.883711673378006,
    "p99_e2e_ms": 1355.8455197140574
  },
  "throughput": {
    "requests_per_sec": 9.244148123649046,
    "tokens_per_sec": 1183.2509598270778
  },
  "success_rate": 100.0,
  "total_requests": 114,
  "failed_requests": 0,
  "duration_sec": 12.332126062363386,
  "timestamp": "2026-01-18T05:45:44.184230",
  "error": null
}