{
  "config": "1P_2D_1pD",
  "workload": "large_big_paste",
  "qps": 16,
  "turn1": {
    "count": 133,
    "avg_ttft_ms": 9359.409895578498,
    "avg_tpot_ms": 10.203611375455232,
    "avg_e2e_ms": 19797.704332669204,
    "p50_ttft_ms": 9891.523458063602,
    "p50_tpot_ms": 10.155801691355244,
    "p50_e2e_ms": 20748.770993202925,
    "p99_ttft_ms": 21742.698813676834,
    "p99_tpot_ms": 11.2765014614411,
    "p99_e2e_ms": 31582.039077281952
  },
  "turn2": {
    "count": 133,
    "avg_ttft_ms": 1063.3010859216067,
    "avg_tpot_ms": 10.219549629732796,
    "avg_e2e_ms": 1707.1327125947726,
    "p50_ttft_ms": 343.9979776740074,
    "p50_tpot_ms": 10.276600600235046,
    "p50_e2e_ms": 1000.820517539978,
    "p99_ttft_ms": 17047.32797041536,
    "p99_tpot_ms": 12.624291938448712,
    "p99_e2e_ms": 17754.66588273645
  },
  "average": {
    "count": 266,
    "avg_ttft_ms": 5211.355490750052,
    "avg_tpot_ms": 10.211580502594016,
    "avg_e2e_ms": 10752.418522631988,
    "p50_ttft_ms": 1366.9503517448902,
    "p50_tpot_ms": 10.176769620369353,
    "p50_e2e_ms": 10147.552037611604,
    "p99_ttft_ms": 21503.15266195685,
    "p99_tpot_ms": 11.970536605942828,
    "p99_e2e_ms": 31413.099454529587
  },
  "throughput": {
    "requests_per_sec": 6.197473385871523,
    "tokens_per_sec": 3371.4255219141082
  },
  "success_rate": 100.0,
  "total_requests": 266,
  "failed_requests": 0,
  "duration_sec": 42.92071678861976,
  "timestamp": "2026-01-18T06:41:47.105689",
  "error": null
}