{
  "config": "1P_2D_1pD",
  "workload": "small_big_paste",
  "qps": 6,
  "turn1": {
    "count": 60,
    "avg_ttft_ms": 130.64519638816515,
    "avg_tpot_ms": 8.481836801497485,
    "avg_e2e_ms": 1207.838470178346,
    "p50_ttft_ms": 105.54907657206059,
    "p50_tpot_ms": 8.503629290682124,
    "p50_e2e_ms": 1202.3325525224209,
    "p99_ttft_ms": 295.1336248591541,
    "p99_tpot_ms": 8.940623894509837,
    "p99_e2e_ms": 1400.9050995111463
  },
  "turn2": {
    "count": 60,
    "avg_ttft_ms": 136.75336185842752,
    "avg_tpot_ms": 8.472697931543859,
    "avg_e2e_ms": 670.5333315456907,
    "p50_ttft_ms": 131.2026083469391,
    "p50_tpot_ms": 8.410848056276638,
    "p50_e2e_ms": 661.6050451993942,
    "p99_ttft_ms": 283.3124881982801,
    "p99_tpot_ms": 9.218899508908628,
    "p99_e2e_ms": 824.7527860477564
  },
  "average": {
    "count": 120,
    "avg_ttft_ms": 133.69927912329635,
    "avg_tpot_ms": 8.477267366520673,
    "avg_e2e_ms": 939.1859008620182,
    "p50_ttft_ms": 123.22000972926617,
    "p50_tpot_ms": 8.459174159088741,
    "p50_e2e_ms": 982.85061866045,
    "p99_ttft_ms": 308.18754423409706,
    "p99_tpot_ms": 9.161688198764173,
    "p99_e2e_ms": 1379.251560345292
  },
  "throughput": {
    "requests_per_sec": 10.601391342426885,
    "tokens_per_sec": 1017.7335688729809
  },
  "success_rate": 100.0,
  "total_requests": 120,
  "failed_requests": 0,
  "duration_sec": 11.319268964231014,
  "timestamp": "2026-01-18T05:49:45.088124",
  "error": null
}