{
  "config": "1P_2D_1pD",
  "workload": "large_long_gen",
  "qps": 16,
  "turn1": {
    "count": 160,
    "avg_ttft_ms": 16053.157385136,
    "avg_tpot_ms": 10.339826869802005,
    "avg_e2e_ms": 26630.800272943452,
    "p50_ttft_ms": 14608.32342877984,
    "p50_tpot_ms": 10.3439189009332,
    "p50_e2e_ms": 25315.54389372468,
    "p99_ttft_ms": 40606.93671043962,
    "p99_tpot_ms": 11.099626951152686,
    "p99_e2e_ms": 49829.459211453795
  },
  "turn2": {
    "count": 160,
    "avg_ttft_ms": 397.0651739509776,
    "avg_tpot_ms": 10.668697291502179,
    "avg_e2e_ms": 5848.769489908591,
    "p50_ttft_ms": 146.19874395430088,
    "p50_tpot_ms": 10.799700117245346,
    "p50_e2e_ms": 5700.816271826625,
    "p99_ttft_ms": 625.8599626645445,
    "p99_tpot_ms": 11.57702654731367,
    "p99_e2e_ms": 6244.229278713465
  },
  "average": {
    "count": 320,
    "avg_ttft_ms": 8225.11127954349,
    "avg_tpot_ms": 10.504262080652092,
    "avg_e2e_ms": 16239.784881426021,
    "p50_ttft_ms": 323.19155521690845,
    "p50_tpot_ms": 10.554349237026589,
    "p50_e2e_ms": 9619.071438908577,
    "p99_ttft_ms": 40266.010872386396,
    "p99_tpot_ms": 11.574131035830995,
    "p99_e2e_ms": 49570.753871649504
  },
  "throughput": {
    "requests_per_sec": 4.997822579031705,
    "tokens_per_sec": 3838.3277406963493
  },
  "success_rate": 100.0,
  "total_requests": 320,
  "failed_requests": 0,
  "duration_sec": 64.02788313105702,
  "timestamp": "2026-01-18T06:13:24.557736",
  "error": null
}