{
  "config": "1P_2D_1pD",
  "workload": "large_big_paste",
  "qps": 4,
  "turn1": {
    "count": 40,
    "avg_ttft_ms": 141.28994923084974,
    "avg_tpot_ms": 9.383149673199082,
    "avg_e2e_ms": 9740.252064913511,
    "p50_ttft_ms": 139.98296111822128,
    "p50_tpot_ms": 9.378084046210827,
    "p50_e2e_ms": 9739.115303382277,
    "p99_ttft_ms": 191.85170650482178,
    "p99_tpot_ms": 9.86505875150916,
    "p99_e2e_ms": 10217.03785084188
  },
  "turn2": {
    "count": 40,
    "avg_ttft_ms": 145.43339982628822,
    "avg_tpot_ms": 9.380996990061941,
    "avg_e2e_ms": 736.4362102001905,
    "p50_ttft_ms": 149.72664415836334,
    "p50_tpot_ms": 9.391424142652088,
    "p50_e2e_ms": 736.6809360682964,
    "p99_ttft_ms": 319.2529293522239,
    "p99_tpot_ms": 11.28434319167383,
    "p99_e2e_ms": 953.0187547206879
  },
  "average": {
    "count": 80,
    "avg_ttft_ms": 143.36167452856898,
    "avg_tpot_ms": 9.382073331630512,
    "avg_e2e_ms": 5238.344137556851,
    "p50_ttft_ms": 143.5901392251253,
    "p50_tpot_ms": 9.385330091237812,
    "p50_e2e_ms": 5022.737888619304,
    "p99_ttft_ms": 305.3509699925778,
    "p99_tpot_ms": 10.977379152817381,
    "p99_e2e_ms": 10211.515352353454
  },
  "throughput": {
    "requests_per_sec": 4.000450564258218,
    "tokens_per_sec": 2176.2451069564704
  },
  "success_rate": 100.0,
  "total_requests": 80,
  "failed_requests": 0,
  "duration_sec": 19.99774743244052,
  "timestamp": "2026-01-18T06:39:02.220013",
  "error": null
}