{
  "config": "1P_2D_1pD",
  "workload": "small_huge_paste",
  "qps": 10,
  "turn1": {
    "count": 81,
    "avg_ttft_ms": 169.18736572066942,
    "avg_tpot_ms": 8.664920859098943,
    "avg_e2e_ms": 1269.6323148262354,
    "p50_ttft_ms": 132.48512148857117,
    "p50_tpot_ms": 8.61827254764677,
    "p50_e2e_ms": 1241.334404796362,
    "p99_ttft_ms": 467.3162974417212,
    "p99_tpot_ms": 9.327708630580602,
    "p99_e2e_ms": 1609.097517281771
  },
  "turn2": {
    "count": 81,
    "avg_ttft_ms": 195.24634873241553,
    "avg_tpot_ms": 8.750572322920851,
    "avg_e2e_ms": 466.51409074296186,
    "p50_ttft_ms": 173.2541210949421,
    "p50_tpot_ms": 8.666412123749334,
    "p50_e2e_ms": 452.04175263643265,
    "p99_ttft_ms": 532.0211187005043,
    "p99_tpot_ms": 9.700648991330977,
    "p99_e2e_ms": 817.3474289476871
  },
  "average": {
    "count": 162,
    "avg_ttft_ms": 182.2168572265425,
    "avg_tpot_ms": 8.707746591009897,
    "avg_e2e_ms": 868.0732027845986,
    "p50_ttft_ms": 153.8427472114563,
    "p50_tpot_ms": 8.657249161471622,
    "p50_e2e_ms": 966.8059591203928,
    "p99_ttft_ms": 530.1001732051373,
    "p99_tpot_ms": 9.620529291850904,
    "p99_e2e_ms": 1575.4568272083995
  },
  "throughput": {
    "requests_per_sec": 13.918887512872205,
    "tokens_per_sec": 1113.5110010297765
  },
  "success_rate": 100.0,
  "total_requests": 162,
  "failed_requests": 0,
  "duration_sec": 11.63886121287942,
  "timestamp": "2026-01-18T05:55:24.845944",
  "error": null
}