{
  "config": "1P_2D_1pD",
  "workload": "small_mid_bal",
  "qps": 1,
  "turn1": {
    "count": 10,
    "avg_ttft_ms": 95.44221386313438,
    "avg_tpot_ms": 7.869782401468811,
    "avg_e2e_ms": 1094.9045788496733,
    "p50_ttft_ms": 94.55459006130695,
    "p50_tpot_ms": 7.853973686225771,
    "p50_e2e_ms": 1093.837982043624,
    "p99_ttft_ms": 117.08792887628078,
    "p99_tpot_ms": 8.091813667024683,
    "p99_e2e_ms": 1113.3331494405866
  },
  "turn2": {
    "count": 10,
    "avg_ttft_ms": 75.42661540210247,
    "avg_tpot_ms": 7.891868251397854,
    "avg_e2e_ms": 1077.69388332963,
    "p50_ttft_ms": 88.66133354604244,
    "p50_tpot_ms": 7.849933623563587,
    "p50_e2e_ms": 1082.8969459980726,
    "p99_ttft_ms": 103.06294679641724,
    "p99_tpot_ms": 8.055462246746059,
    "p99_e2e_ms": 1103.0012791976333
  },
  "average": {
    "count": 20,
    "avg_ttft_ms": 85.43441463261843,
    "avg_tpot_ms": 7.880825326433332,
    "avg_e2e_ms": 1086.2992310896516,
    "p50_ttft_ms": 92.3780370503664,
    "p50_tpot_ms": 7.853973686225771,
    "p50_e2e_ms": 1092.5254356116056,
    "p99_ttft_ms": 115.96324957907198,
    "p99_tpot_ms": 8.09111751909331,
    "p99_e2e_ms": 1113.1635313853621
  },
  "throughput": {
    "requests_per_sec": 2.055393814765244,
    "tokens_per_sec": 263.09040828995126
  },
  "success_rate": 100.0,
  "total_requests": 20,
  "failed_requests": 0,
  "duration_sec": 9.730495370924473,
  "timestamp": "2026-01-18T05:45:08.659806",
  "error": null
}