{
  "config": "1P_2D_1pD",
  "workload": "large_huge_paste",
  "qps": 2,
  "turn1": {
    "count": 20,
    "avg_ttft_ms": 147.29849435389042,
    "avg_tpot_ms": 8.923481407512494,
    "avg_e2e_ms": 9276.01997423917,
    "p50_ttft_ms": 140.81827364861965,
    "p50_tpot_ms": 9.047322922030268,
    "p50_e2e_ms": 9387.191470712423,
    "p99_ttft_ms": 194.5348957926035,
    "p99_tpot_ms": 9.397862710218917,
    "p99_e2e_ms": 9756.530413292348
  },
  "turn2": {
    "count": 20,
    "avg_ttft_ms": 193.36000457406044,
    "avg_tpot_ms": 8.822429294307383,
    "avg_e2e_ms": 466.8553126975894,
    "p50_ttft_ms": 166.9879388064146,
    "p50_tpot_ms": 8.747395248182357,
    "p50_e2e_ms": 439.3928460776806,
    "p99_ttft_ms": 364.75283510982985,
    "p99_tpot_ms": 9.912646688040226,
    "p99_e2e_ms": 616.1065767332911
  },
  "average": {
    "count": 40,
    "avg_ttft_ms": 170.32924946397543,
    "avg_tpot_ms": 8.872955350909939,
    "avg_e2e_ms": 4871.43764346838,
    "p50_ttft_ms": 160.27038171887398,
    "p50_tpot_ms": 8.905916137007207,
    "p50_e2e_ms": 4481.278201565146,
    "p99_ttft_ms": 357.2563574463129,
    "p99_tpot_ms": 9.855772681053608,
    "p99_e2e_ms": 9752.75819402188
  },
  "throughput": {
    "requests_per_sec": 2.2073902177307185,
    "tokens_per_sec": 1165.5020349618194
  },
  "success_rate": 100.0,
  "total_requests": 40,
  "failed_requests": 0,
  "duration_sec": 18.12094648182392,
  "timestamp": "2026-01-18T06:43:35.346237",
  "error": null
}