{
  "config": "1P_2D_1pD",
  "workload": "large_long_gen",
  "qps": 8,
  "turn1": {
    "count": 80,
    "avg_ttft_ms": 3986.722277943045,
    "avg_tpot_ms": 10.110576896093429,
    "avg_e2e_ms": 14329.842442646623,
    "p50_ttft_ms": 218.04064698517323,
    "p50_tpot_ms": 9.919636266511791,
    "p50_e2e_ms": 11234.740901738405,
    "p99_ttft_ms": 11598.993681557477,
    "p99_tpot_ms": 10.89976710530466,
    "p99_e2e_ms": 21326.702125295997
  },
  "turn2": {
    "count": 80,
    "avg_ttft_ms": 137.7588358707726,
    "avg_tpot_ms": 10.340610530624739,
    "avg_e2e_ms": 5421.810817020014,
    "p50_ttft_ms": 135.07362827658653,
    "p50_tpot_ms": 10.300078853935645,
    "p50_e2e_ms": 5376.098139211535,
    "p99_ttft_ms": 352.2873417660594,
    "p99_tpot_ms": 11.493193823078723,
    "p99_e2e_ms": 6166.605373509228
  },
  "average": {
    "count": 160,
    "avg_ttft_ms": 2062.2405569069088,
    "avg_tpot_ms": 10.225593713359084,
    "avg_e2e_ms": 9875.826629833318,
    "p50_ttft_ms": 150.8077885955572,
    "p50_tpot_ms": 10.107785188397237,
    "p50_e2e_ms": 7796.621572226286,
    "p99_ttft_ms": 11568.22485178709,
    "p99_tpot_ms": 11.474504634125593,
    "p99_e2e_ms": 21294.885828122497
  },
  "throughput": {
    "requests_per_sec": 4.458461482568207,
    "tokens_per_sec": 3424.0984186123833
  },
  "success_rate": 100.0,
  "total_requests": 160,
  "failed_requests": 0,
  "duration_sec": 35.88681894540787,
  "timestamp": "2026-01-18T06:10:54.056988",
  "error": null
}