{
  "config": "1P_2D_1pD",
  "workload": "small_tiny",
  "qps": 20,
  "turn1": {
    "count": 186,
    "avg_ttft_ms": 1714.460561692875,
    "avg_tpot_ms": 9.052633159395631,
    "avg_e2e_ms": 2864.14497293612,
    "p50_ttft_ms": 1795.483935624361,
    "p50_tpot_ms": 9.113277726638035,
    "p50_e2e_ms": 2951.2765649706125,
    "p99_ttft_ms": 3005.3116908296943,
    "p99_tpot_ms": 9.431804420323823,
    "p99_e2e_ms": 4171.5092381462455
  },
  "turn2": {
    "count": 186,
    "avg_ttft_ms": 710.6140567971173,
    "avg_tpot_ms": 9.193767368679778,
    "avg_e2e_ms": 995.6208452261905,
    "p50_ttft_ms": 687.121206894517,
    "p50_tpot_ms": 9.221865465083429,
    "p50_e2e_ms": 969.8900487273932,
    "p99_ttft_ms": 2725.074594654143,
    "p99_tpot_ms": 10.442977344557162,
    "p99_e2e_ms": 3014.440176449716
  },
  "average": {
    "count": 372,
    "avg_ttft_ms": 1212.537309244996,
    "avg_tpot_ms": 9.123200264037704,
    "avg_e2e_ms": 1929.8829090811553,
    "p50_ttft_ms": 1131.109831854701,
    "p50_tpot_ms": 9.15763264624622,
    "p50_e2e_ms": 1500.9294357150793,
    "p99_ttft_ms": 2971.7298522591595,
    "p99_tpot_ms": 10.406041895189594,
    "p99_e2e_ms": 4110.079650282861
  },
  "throughput": {
    "requests_per_sec": 26.10283185563393,
    "tokens_per_sec": 2088.2265484507143
  },
  "success_rate": 100.0,
  "total_requests": 372,
  "failed_requests": 0,
  "duration_sec": 14.25132729113102,
  "timestamp": "2026-01-18T05:32:41.012532",
  "error": null
}