{
  "config": "1P_2D_1pD",
  "workload": "large_small_bal",
  "qps": 8,
  "turn1": {
    "count": 76,
    "avg_ttft_ms": 1661.21406431653,
    "avg_tpot_ms": 10.04559430510554,
    "avg_e2e_ms": 11937.857038439497,
    "p50_ttft_ms": 269.6078959852457,
    "p50_tpot_ms": 10.07027794240099,
    "p50_e2e_ms": 11047.331741079688,
    "p99_ttft_ms": 5287.629102356732,
    "p99_tpot_ms": 10.860002239144617,
    "p99_e2e_ms": 15123.855754733086
  },
  "turn2": {
    "count": 76,
    "avg_ttft_ms": 166.67849526397492,
    "avg_tpot_ms": 10.076661960672316,
    "avg_e2e_ms": 801.5081987863308,
    "p50_ttft_ms": 137.3366191983223,
    "p50_tpot_ms": 10.079181206131738,
    "p50_e2e_ms": 759.9176671355963,
    "p99_ttft_ms": 637.5030409544706,
    "p99_tpot_ms": 12.08449165440268,
    "p99_e2e_ms": 1305.8900060132146
  },
  "average": {
    "count": 152,
    "avg_ttft_ms": 913.9462797902524,
    "avg_tpot_ms": 10.061128132888927,
    "avg_e2e_ms": 6369.682618612914,
    "p50_ttft_ms": 173.3690034598112,
    "p50_tpot_ms": 10.07027794240099,
    "p50_e2e_ms": 5438.495019450784,
    "p99_ttft_ms": 5270.248757563531,
    "p99_tpot_ms": 12.032388115804347,
    "p99_e2e_ms": 15111.055809184909
  },
  "throughput": {
    "requests_per_sec": 5.931285897218914,
    "tokens_per_sec": 3226.6195280870893
  },
  "success_rate": 100.0,
  "total_requests": 152,
  "failed_requests": 0,
  "duration_sec": 25.626820664852858,
  "timestamp": "2026-01-18T06:24:54.146020",
  "error": null
}