{
  "config": "1P_2D_1pD",
  "workload": "small_small_bal",
  "qps": 0.5,
  "turn1": {
    "count": 2,
    "avg_ttft_ms": 116.02683924138546,
    "avg_tpot_ms": 7.64958849396762,
    "avg_e2e_ms": 1087.5245779752731,
    "p50_ttft_ms": 116.02683924138546,
    "p50_tpot_ms": 7.64958849396762,
    "p50_e2e_ms": 1087.5245779752731,
    "p99_ttft_ms": 124.49507664889097,
    "p99_tpot_ms": 7.6700103643724304,
    "p99_e2e_ms": 1093.3992378413677
  },
  "turn2": {
    "count": 2,
    "avg_ttft_ms": 97.08786755800247,
    "avg_tpot_ms": 7.807789666075555,
    "avg_e2e_ms": 588.9786165207624,
    "p50_ttft_ms": 97.08786755800247,
    "p50_tpot_ms": 7.807789666075555,
    "p50_e2e_ms": 588.9786165207624,
    "p99_ttft_ms": 109.45079654455185,
    "p99_tpot_ms": 7.978052374507699,
    "p99_e2e_ms": 612.0680961385369
  },
  "average": {
    "count": 4,
    "avg_ttft_ms": 106.55735339969397,
    "avg_tpot_ms": 7.728689080021588,
    "avg_e2e_ms": 838.2515972480178,
    "p50_ttft_ms": 108.54444094002247,
    "p50_tpot_ms": 7.652239672864784,
    "p50_e2e_ms": 847.0346685498953,
    "p99_ttft_ms": 124.21895392239094,
    "p99_tpot_ms": 7.972194124066729,
    "p99_e2e_ms": 1093.159455806017
  },
  "throughput": {
    "requests_per_sec": 0.4250143776878203,
    "tokens_per_sec": 40.80138025803075
  },
  "success_rate": 100.0,
  "total_requests": 4,
  "failed_requests": 0,
  "duration_sec": 9.411446318030357,
  "timestamp": "2026-01-18T05:42:56.663329",
  "error": null
}