{
  "config": "1P_2D_1pD",
  "workload": "large_tiny",
  "qps": 6,
  "turn1": {
    "count": 48,
    "avg_ttft_ms": 148.18218653090298,
    "avg_tpot_ms": 9.642927338720902,
    "avg_e2e_ms": 10012.896854042387,
    "p50_ttft_ms": 141.52980968356133,
    "p50_tpot_ms": 9.72983674423902,
    "p50_e2e_ms": 10086.251828819513,
    "p99_ttft_ms": 209.5126448944211,
    "p99_tpot_ms": 10.233999274831305,
    "p99_e2e_ms": 10653.976024352014
  },
  "turn2": {
    "count": 48,
    "avg_ttft_ms": 127.54341975475351,
    "avg_tpot_ms": 9.523320302206983,
    "avg_e2e_ms": 422.76634912316996,
    "p50_ttft_ms": 135.59472747147083,
    "p50_tpot_ms": 9.460669371389574,
    "p50_e2e_ms": 422.51747474074364,
    "p99_ttft_ms": 196.738538518548,
    "p99_tpot_ms": 11.50208557925878,
    "p99_e2e_ms": 528.9572061225772
  },
  "average": {
    "count": 96,
    "avg_ttft_ms": 137.86280314282826,
    "avg_tpot_ms": 9.58312382046394,
    "avg_e2e_ms": 5217.831601582778,
    "p50_ttft_ms": 139.82074707746506,
    "p50_tpot_ms": 9.667036852791163,
    "p50_e2e_ms": 4881.427992135286,
    "p99_ttft_ms": 207.64416623860598,
    "p99_tpot_ms": 11.470795621074014,
    "p99_e2e_ms": 10618.53237207979
  },
  "throughput": {
    "requests_per_sec": 4.724814637399897,
    "tokens_per_sec": 2494.702128547145
  },
  "success_rate": 100.0,
  "total_requests": 96,
  "failed_requests": 0,
  "duration_sec": 20.31825740635395,
  "timestamp": "2026-01-18T05:58:06.213446",
  "error": null
}