{
  "config": "1P_2D_1pD",
  "workload": "small_mid_bal",
  "qps": 20,
  "turn1": {
    "count": 200,
    "avg_ttft_ms": 2456.5452268719673,
    "avg_tpot_ms": 9.385935865107953,
    "avg_e2e_ms": 3648.5590817406774,
    "p50_ttft_ms": 2682.0352897047997,
    "p50_tpot_ms": 9.487536449835996,
    "p50_e2e_ms": 3869.7472475469112,
    "p99_ttft_ms": 5016.197322867811,
    "p99_tpot_ms": 9.913080083279628,
    "p99_e2e_ms": 6222.201690785587
  },
  "turn2": {
    "count": 200,
    "avg_ttft_ms": 587.3315603844821,
    "avg_tpot_ms": 9.380060560913302,
    "avg_e2e_ms": 1778.5992516204715,
    "p50_ttft_ms": 632.407370954752,
    "p50_tpot_ms": 9.495073020106226,
    "p50_e2e_ms": 1820.4997684806585,
    "p99_ttft_ms": 1517.1807234361768,
    "p99_tpot_ms": 9.939317643407762,
    "p99_e2e_ms": 2726.315845325589
  },
  "average": {
    "count": 400,
    "avg_ttft_ms": 1521.9383936282247,
    "avg_tpot_ms": 9.382998213010628,
    "avg_e2e_ms": 2713.5791666805744,
    "p50_ttft_ms": 919.5529613643885,
    "p50_tpot_ms": 9.490688954751324,
    "p50_e2e_ms": 2124.719025567174,
    "p99_ttft_ms": 4984.88242842257,
    "p99_tpot_ms": 9.939200535533935,
    "p99_e2e_ms": 6204.615707844496
  },
  "throughput": {
    "requests_per_sec": 23.343697940222242,
    "tokens_per_sec": 2987.993336348447
  },
  "success_rate": 100.0,
  "total_requests": 400,
  "failed_requests": 0,
  "duration_sec": 17.135245710611343,
  "timestamp": "2026-01-18T05:46:50.977629",
  "error": null
}