{
  "config": "1P_2D_1pD",
  "workload": "small_tiny",
  "qps": 1,
  "turn1": {
    "count": 8,
    "avg_ttft_ms": 107.94239863753319,
    "avg_tpot_ms": 7.923554431089736,
    "avg_e2e_ms": 1114.2338113859296,
    "p50_ttft_ms": 102.80302911996841,
    "p50_tpot_ms": 7.857944860350429,
    "p50_e2e_ms": 1113.4591717272997,
    "p99_ttft_ms": 142.43820812553167,
    "p99_tpot_ms": 8.13315950568736,
    "p99_e2e_ms": 1150.779717154801
  },
  "turn2": {
    "count": 8,
    "avg_ttft_ms": 66.94285338744521,
    "avg_tpot_ms": 7.956562173222341,
    "avg_e2e_ms": 313.5962807573378,
    "p50_ttft_ms": 63.12498822808266,
    "p50_tpot_ms": 7.937971742883805,
    "p50_e2e_ms": 311.0359366983175,
    "p99_ttft_ms": 120.93776565045118,
    "p99_tpot_ms": 8.164758483969395,
    "p99_e2e_ms": 374.04527865350246
  },
  "average": {
    "count": 16,
    "avg_ttft_ms": 87.4426260124892,
    "avg_tpot_ms": 7.9400583021560385,
    "avg_e2e_ms": 713.9150460716337,
    "p50_ttft_ms": 97.08712436258793,
    "p50_tpot_ms": 7.903059093380508,
    "p50_e2e_ms": 726.8495671451092,
    "p99_ttft_ms": 141.3366859778762,
    "p99_tpot_ms": 8.166227685058134,
    "p99_e2e_ms": 1149.7093247249722
  },
  "throughput": {
    "requests_per_sec": 1.5436393850143317,
    "tokens_per_sec": 123.49115080114653
  },
  "success_rate": 100.0,
  "total_requests": 16,
  "failed_requests": 0,
  "duration_sec": 10.36511516571045,
  "timestamp": "2026-01-18T05:31:06.991783",
  "error": null
}