{
  "config": "1P_2D_1pD",
  "workload": "small_mid_paste",
  "qps": 4,
  "turn1": {
    "count": 33,
    "avg_ttft_ms": 104.92331929730646,
    "avg_tpot_ms": 8.161549413973606,
    "avg_e2e_ms": 1141.4400948719544,
    "p50_ttft_ms": 97.34956175088882,
    "p50_tpot_ms": 8.146125236599465,
    "p50_e2e_ms": 1150.9349420666695,
    "p99_ttft_ms": 165.71347564458847,
    "p99_tpot_ms": 8.535234558535373,
    "p99_e2e_ms": 1213.6922645568848
  },
  "turn2": {
    "count": 33,
    "avg_ttft_ms": 91.15104320825952,
    "avg_tpot_ms": 8.261480272360979,
    "avg_e2e_ms": 611.6243003670013,
    "p50_ttft_ms": 93.83466839790344,
    "p50_tpot_ms": 8.2911764463735,
    "p50_e2e_ms": 607.0262640714645,
    "p99_ttft_ms": 181.44663840532303,
    "p99_tpot_ms": 8.610613814422063,
    "p99_e2e_ms": 710.1201918721199
  },
  "average": {
    "count": 66,
    "avg_ttft_ms": 98.037181252783,
    "avg_tpot_ms": 8.211514843167294,
    "avg_e2e_ms": 876.5321976194779,
    "p50_ttft_ms": 94.50868889689445,
    "p50_tpot_ms": 8.251684939577466,
    "p50_e2e_ms": 894.9738033115864,
    "p99_ttft_ms": 176.98579654097549,
    "p99_tpot_ms": 8.60822018058527,
    "p99_e2e_ms": 1204.7991020604966
  },
  "throughput": {
    "requests_per_sec": 5.826238874214044,
    "tokens_per_sec": 559.3189319245482
  },
  "success_rate": 100.0,
  "total_requests": 66,
  "failed_requests": 0,
  "duration_sec": 11.328062824904919,
  "timestamp": "2026-01-18T05:47:40.269437",
  "error": null
}