{
  "config": "1P_2D_1pD",
  "workload": "large_very_long_gen",
  "qps": 16,
  "turn1": {
    "count": 160,
    "avg_ttft_ms": 22296.04858874809,
    "avg_tpot_ms": 10.457848051434542,
    "avg_e2e_ms": 32994.427145365626,
    "p50_ttft_ms": 20584.153976291418,
    "p50_tpot_ms": 10.397846414502766,
    "p50_e2e_ms": 31594.129875302315,
    "p99_ttft_ms": 57989.59513414651,
    "p99_tpot_ms": 11.806524010267715,
    "p99_e2e_ms": 67888.93064536154
  },
  "turn2": {
    "count": 160,
    "avg_ttft_ms": 958.232349366881,
    "avg_tpot_ms": 10.930028058864352,
    "avg_e2e_ms": 12139.651053585112,
    "p50_ttft_ms": 148.276062682271,
    "p50_tpot_ms": 10.859326438528585,
    "p50_e2e_ms": 11378.612771630287,
    "p99_ttft_ms": 29404.033106788836,
    "p99_tpot_ms": 11.965353849652576,
    "p99_e2e_ms": 38603.16624544545
  },
  "average": {
    "count": 320,
    "avg_ttft_ms": 11627.140469057485,
    "avg_tpot_ms": 10.693938055149447,
    "avg_e2e_ms": 22567.03909947537,
    "p50_ttft_ms": 606.9952547550201,
    "p50_tpot_ms": 10.687091630880783,
    "p50_e2e_ms": 12112.594233825803,
    "p99_ttft_ms": 57121.27725929022,
    "p99_tpot_ms": 11.939958720627303,
    "p99_e2e_ms": 67686.42534889281
  },
  "throughput": {
    "requests_per_sec": 3.6678292852444705,
    "tokens_per_sec": 3755.857188090338
  },
  "success_rate": 100.0,
  "total_requests": 320,
  "failed_requests": 0,
  "duration_sec": 87.24506380036473,
  "timestamp": "2026-01-18T06:21:16.074564",
  "error": null
}