{
  "config": "1P_2D_1pD",
  "workload": "large_small_bal",
  "qps": 0.5,
  "turn1": {
    "count": 5,
    "avg_ttft_ms": 174.12397786974907,
    "avg_tpot_ms": 8.05492986172059,
    "avg_e2e_ms": 8414.317226409912,
    "p50_ttft_ms": 163.74331340193748,
    "p50_tpot_ms": 8.148548536490601,
    "p50_e2e_ms": 8492.29633063078,
    "p99_ttft_ms": 207.48762428760529,
    "p99_tpot_ms": 8.228243196406789,
    "p99_e2e_ms": 8616.94060176611
  },
  "turn2": {
    "count": 5,
    "avg_ttft_ms": 148.52116331458092,
    "avg_tpot_ms": 8.02358252898095,
    "avg_e2e_ms": 654.0068626403809,
    "p50_ttft_ms": 147.18768745660782,
    "p50_tpot_ms": 7.940604218414852,
    "p50_e2e_ms": 650.0078029930592,
    "p99_ttft_ms": 159.88360330462456,
    "p99_tpot_ms": 8.318913259676524,
    "p99_e2e_ms": 666.9023671746254
  },
  "average": {
    "count": 10,
    "avg_ttft_ms": 161.322570592165,
    "avg_tpot_ms": 8.03925619535077,
    "avg_e2e_ms": 4534.1620445251465,
    "p50_ttft_ms": 152.71107107400894,
    "p50_tpot_ms": 7.991972157642955,
    "p50_e2e_ms": 4434.700196608901,
    "p99_ttft_ms": 207.17704702168703,
    "p99_tpot_ms": 8.321448802880022,
    "p99_e2e_ms": 8610.834761373699
  },
  "throughput": {
    "requests_per_sec": 0.5971014123030078,
    "tokens_per_sec": 324.82316829283627
  },
  "success_rate": 100.0,
  "total_requests": 10,
  "failed_requests": 0,
  "duration_sec": 16.747573852539062,
  "timestamp": "2026-01-18T06:23:12.625442",
  "error": null
}