{
  "config": "1P_2D_1pD",
  "workload": "small_huge_paste",
  "qps": 20,
  "turn1": {
    "count": 198,
    "avg_ttft_ms": 6490.2473528201535,
    "avg_tpot_ms": 8.774114079500245,
    "avg_e2e_ms": 7604.559840916684,
    "p50_ttft_ms": 6575.831042602658,
    "p50_tpot_ms": 8.71964294727393,
    "p50_e2e_ms": 7679.477887228131,
    "p99_ttft_ms": 13710.18969245255,
    "p99_tpot_ms": 9.810367912406058,
    "p99_e2e_ms": 14832.461021207273
  },
  "turn2": {
    "count": 198,
    "avg_ttft_ms": 2786.9215848469976,
    "avg_tpot_ms": 8.95588345395971,
    "avg_e2e_ms": 3064.5539719197486,
    "p50_ttft_ms": 2650.1439847052097,
    "p50_tpot_ms": 8.909798978317168,
    "p50_e2e_ms": 2927.8488345444202,
    "p99_ttft_ms": 10621.10960505903,
    "p99_tpot_ms": 11.50306068961659,
    "p99_e2e_ms": 10909.409051835539
  },
  "average": {
    "count": 396,
    "avg_ttft_ms": 4638.584468833576,
    "avg_tpot_ms": 8.864998766729977,
    "avg_e2e_ms": 5334.556906418216,
    "p50_ttft_ms": 3171.848062425852,
    "p50_tpot_ms": 8.76630570267341,
    "p50_e2e_ms": 3520.4990915954113,
    "p99_ttft_ms": 13700.220789946616,
    "p99_tpot_ms": 11.173339776935116,
    "p99_e2e_ms": 14800.072531960905
  },
  "throughput": {
    "requests_per_sec": 14.549262273256346,
    "tokens_per_sec": 1163.9409818605077
  },
  "success_rate": 100.0,
  "total_requests": 396,
  "failed_requests": 0,
  "duration_sec": 27.217874869704247,
  "timestamp": "2026-01-18T05:56:27.448866",
  "error": null
}