{
  "config": "1P_2D_1pD",
  "workload": "small_huge_paste",
  "qps": 16,
  "turn1": {
    "count": 141,
    "avg_ttft_ms": 3034.1874953121583,
    "avg_tpot_ms": 8.887330447410216,
    "avg_e2e_ms": 4162.878462133255,
    "p50_ttft_ms": 2364.7653870284557,
    "p50_tpot_ms": 8.752974908886932,
    "p50_e2e_ms": 3526.2018144130707,
    "p99_ttft_ms": 7386.15817800164,
    "p99_tpot_ms": 9.868661765977153,
    "p99_e2e_ms": 8475.062163919209
  },
  "turn2": {
    "count": 141,
    "avg_ttft_ms": 1993.5549383996226,
    "avg_tpot_ms": 8.965267962365969,
    "avg_e2e_ms": 2271.4782452329678,
    "p50_ttft_ms": 1897.411447018385,
    "p50_tpot_ms": 8.877057221628004,
    "p50_e2e_ms": 2180.745918303728,
    "p99_ttft_ms": 6338.151018321514,
    "p99_tpot_ms": 11.745337949645128,
    "p99_e2e_ms": 6607.094437628984
  },
  "average": {
    "count": 282,
    "avg_ttft_ms": 2513.8712168558905,
    "avg_tpot_ms": 8.926299204888092,
    "avg_e2e_ms": 3217.1783536831117,
    "p50_ttft_ms": 2299.6830008924007,
    "p50_tpot_ms": 8.852562322788714,
    "p50_e2e_ms": 3190.185133367777,
    "p99_ttft_ms": 7153.183748871088,
    "p99_tpot_ms": 10.715255257823774,
    "p99_e2e_ms": 8212.873645052314
  },
  "throughput": {
    "requests_per_sec": 14.907748182367834,
    "tokens_per_sec": 1192.6198545894267
  },
  "success_rate": 100.0,
  "total_requests": 282,
  "failed_requests": 0,
  "duration_sec": 18.91633776947856,
  "timestamp": "2026-01-18T05:56:00.191922",
  "error": null
}