{
  "config": "1P_2D_1pD",
  "workload": "small_very_long_gen",
  "qps": 1,
  "turn1": {
    "count": 7,
    "avg_ttft_ms": 102.83150736774716,
    "avg_tpot_ms": 7.947803733721626,
    "avg_e2e_ms": 1112.2025815503937,
    "p50_ttft_ms": 104.12522032856941,
    "p50_tpot_ms": 7.8971979362288796,
    "p50_e2e_ms": 1093.5882702469826,
    "p99_ttft_ms": 118.30498434603214,
    "p99_tpot_ms": 8.247364412729196,
    "p99_e2e_ms": 1165.0938692688942
  },
  "turn2": {
    "count": 7,
    "avg_ttft_ms": 82.3313051036426,
    "avg_tpot_ms": 8.041024520720637,
    "avg_e2e_ms": 8308.299389800855,
    "p50_ttft_ms": 88.45840767025948,
    "p50_tpot_ms": 8.110781794710709,
    "p50_e2e_ms": 8385.788183659315,
    "p99_ttft_ms": 100.8493584394455,
    "p99_tpot_ms": 8.208448597150815,
    "p99_e2e_ms": 8498.092273324728
  },
  "average": {
    "count": 14,
    "avg_ttft_ms": 92.58140623569489,
    "avg_tpot_ms": 7.994414127221133,
    "avg_e2e_ms": 4710.250985675624,
    "p50_ttft_ms": 94.88893114030361,
    "p50_tpot_ms": 8.047164557005981,
    "p50_e2e_ms": 4605.50001822412,
    "p99_ttft_ms": 117.64362048357724,
    "p99_tpot_ms": 8.244857316033757,
    "p99_e2e_ms": 8494.887143224478
  },
  "throughput": {
    "requests_per_sec": 0.7582783148410303,
    "tokens_per_sec": 436.7683093484334
  },
  "success_rate": 100.0,
  "total_requests": 14,
  "failed_requests": 0,
  "duration_sec": 18.462877977639437,
  "timestamp": "2026-01-18T05:38:41.853685",
  "error": null
}