{
  "config": "1P_2D_1pD",
  "workload": "small_short_gen",
  "qps": 20,
  "turn1": {
    "count": 200,
    "avg_ttft_ms": 3157.8922595083714,
    "avg_tpot_ms": 9.47263031068632,
    "avg_e2e_ms": 4360.916308965534,
    "p50_ttft_ms": 2810.4282692074776,
    "p50_tpot_ms": 9.579453236005438,
    "p50_e2e_ms": 4010.485902428627,
    "p99_ttft_ms": 6859.757467471062,
    "p99_tpot_ms": 10.092978197054599,
    "p99_e2e_ms": 8069.900311343371
  },
  "turn2": {
    "count": 200,
    "avg_ttft_ms": 269.42724199965596,
    "avg_tpot_ms": 9.489610302097658,
    "avg_e2e_ms": 2689.2778690345585,
    "p50_ttft_ms": 193.43803636729717,
    "p50_tpot_ms": 9.5760637346436,
    "p50_e2e_ms": 2650.6789717823267,
    "p99_ttft_ms": 932.2868715226643,
    "p99_tpot_ms": 9.998640642446631,
    "p99_e2e_ms": 3372.8674577921624
  },
  "average": {
    "count": 400,
    "avg_ttft_ms": 1713.6597507540137,
    "avg_tpot_ms": 9.481120306391988,
    "avg_e2e_ms": 3525.0970890000463,
    "p50_ttft_ms": 453.25770787894726,
    "p50_tpot_ms": 9.579453236005438,
    "p50_e2e_ms": 2794.450055807829,
    "p99_ttft_ms": 6817.538078948855,
    "p99_tpot_ms": 10.024860087987475,
    "p99_e2e_ms": 8049.725652188063
  },
  "throughput": {
    "requests_per_sec": 20.099348480671473,
    "tokens_per_sec": 3859.074908288923
  },
  "success_rate": 100.0,
  "total_requests": 400,
  "failed_requests": 0,
  "duration_sec": 19.901142586022615,
  "timestamp": "2026-01-18T05:35:04.552598",
  "error": null
}