{
  "config": "1P_2D_1pD",
  "workload": "small_short_gen",
  "qps": 8,
  "turn1": {
    "count": 80,
    "avg_ttft_ms": 143.73834896832705,
    "avg_tpot_ms": 8.924772466833549,
    "avg_e2e_ms": 1277.1844522561878,
    "p50_ttft_ms": 113.68813924491405,
    "p50_tpot_ms": 8.9626266496388,
    "p50_e2e_ms": 1260.25883667171,
    "p99_ttft_ms": 386.5414401516318,
    "p99_tpot_ms": 9.495939621188509,
    "p99_e2e_ms": 1567.9122464358804
  },
  "turn2": {
    "count": 80,
    "avg_ttft_ms": 108.34667356684804,
    "avg_tpot_ms": 8.889761437461072,
    "avg_e2e_ms": 2375.2358401194215,
    "p50_ttft_ms": 99.01960007846355,
    "p50_tpot_ms": 8.94027726322997,
    "p50_e2e_ms": 2368.945363909006,
    "p99_ttft_ms": 308.54194153100246,
    "p99_tpot_ms": 9.452107554265098,
    "p99_e2e_ms": 2670.8732282370324
  },
  "average": {
    "count": 160,
    "avg_ttft_ms": 126.04251126758754,
    "avg_tpot_ms": 8.90726695214731,
    "avg_e2e_ms": 1826.2101461878046,
    "p50_ttft_ms": 105.40875233709812,
    "p50_tpot_ms": 8.943261469111722,
    "p50_e2e_ms": 1854.3250877410173,
    "p99_ttft_ms": 374.60898172110313,
    "p99_tpot_ms": 9.453824629678445,
    "p99_e2e_ms": 2620.112169981003
  },
  "throughput": {
    "requests_per_sec": 13.026756332928548,
    "tokens_per_sec": 2501.137215922281
  },
  "success_rate": 100.0,
  "total_requests": 160,
  "failed_requests": 0,
  "duration_sec": 12.282412897795439,
  "timestamp": "2026-01-18T05:34:01.543521",
  "error": null
}