{
  "config": "1P_2D_1pD",
  "workload": "large_mid_bal",
  "qps": 16,
  "turn1": {
    "count": 160,
    "avg_ttft_ms": 12628.459469904192,
    "avg_tpot_ms": 10.30399913499942,
    "avg_e2e_ms": 23169.4505850086,
    "p50_ttft_ms": 12821.251962333918,
    "p50_tpot_ms": 10.244676391735222,
    "p50_e2e_ms": 23253.475600853562,
    "p99_ttft_ms": 27524.179841540754,
    "p99_tpot_ms": 10.90255472160883,
    "p99_e2e_ms": 37605.79532686621
  },
  "turn2": {
    "count": 160,
    "avg_ttft_ms": 509.23523895908147,
    "avg_tpot_ms": 10.251641315664715,
    "avg_e2e_ms": 1811.1936860485002,
    "p50_ttft_ms": 195.96351496875286,
    "p50_tpot_ms": 10.267227110782947,
    "p50_e2e_ms": 1528.2240435481071,
    "p99_ttft_ms": 4591.516276486197,
    "p99_tpot_ms": 11.478180342067883,
    "p99_e2e_ms": 5872.690378874519
  },
  "average": {
    "count": 320,
    "avg_ttft_ms": 6568.847354431637,
    "avg_tpot_ms": 10.277820225332068,
    "avg_e2e_ms": 12490.32213552855,
    "p50_ttft_ms": 1356.790779158473,
    "p50_tpot_ms": 10.245547241158965,
    "p50_e2e_ms": 9964.048245921731,
    "p99_ttft_ms": 27445.47884542495,
    "p99_tpot_ms": 11.467101548424386,
    "p99_e2e_ms": 37496.19121000171
  },
  "throughput": {
    "requests_per_sec": 6.602865710367835,
    "tokens_per_sec": 3803.250649171873
  },
  "success_rate": 100.0,
  "total_requests": 320,
  "failed_requests": 0,
  "duration_sec": 48.46380557119846,
  "timestamp": "2026-01-18T06:31:47.821705",
  "error": null
}