{
  "config": "1P_2D_1pD",
  "workload": "large_short_gen",
  "qps": 6,
  "turn1": {
    "count": 54,
    "avg_ttft_ms": 396.28305844962597,
    "avg_tpot_ms": 9.955402701116114,
    "avg_e2e_ms": 10580.66002169141,
    "p50_ttft_ms": 152.7868341654539,
    "p50_tpot_ms": 9.978691438251227,
    "p50_e2e_ms": 10596.451573073864,
    "p99_ttft_ms": 3496.4384684339166,
    "p99_tpot_ms": 10.600442481341018,
    "p99_e2e_ms": 13317.243498936296
  },
  "turn2": {
    "count": 54,
    "avg_ttft_ms": 130.99579968386226,
    "avg_tpot_ms": 9.757490380895078,
    "avg_e2e_ms": 2619.155846812107,
    "p50_ttft_ms": 139.8752499371767,
    "p50_tpot_ms": 9.899709322581105,
    "p50_e2e_ms": 2639.4651904702187,
    "p99_ttft_ms": 218.9437674358487,
    "p99_tpot_ms": 10.822861147861854,
    "p99_e2e_ms": 2909.7413758933544
  },
  "average": {
    "count": 108,
    "avg_ttft_ms": 263.6394290667441,
    "avg_tpot_ms": 9.856446541005594,
    "avg_e2e_ms": 6599.907934251759,
    "p50_ttft_ms": 144.11098882555962,
    "p50_tpot_ms": 9.94477456837308,
    "p50_e2e_ms": 6127.1665170788765,
    "p99_ttft_ms": 3433.2020045816885,
    "p99_tpot_ms": 10.81993544949036,
    "p99_e2e_ms": 13185.54957475513
  },
  "throughput": {
    "requests_per_sec": 4.287462094239213,
    "tokens_per_sec": 2743.975740313097
  },
  "success_rate": 100.0,
  "total_requests": 108,
  "failed_requests": 0,
  "duration_sec": 25.18972707539797,
  "timestamp": "2026-01-18T06:03:10.923221",
  "error": null
}