{
  "config": "1P_2D_1pD",
  "workload": "small_mid_bal",
  "qps": 0.5,
  "turn1": {
    "count": 5,
    "avg_ttft_ms": 94.46534588932991,
    "avg_tpot_ms": 7.910582118147002,
    "avg_e2e_ms": 1099.109274893999,
    "p50_ttft_ms": 92.36656129360199,
    "p50_tpot_ms": 7.816251308664563,
    "p50_e2e_ms": 1098.098125308752,
    "p99_ttft_ms": 105.1375225186348,
    "p99_tpot_ms": 8.15980782659035,
    "p99_e2e_ms": 1122.0095473527908
  },
  "turn2": {
    "count": 5,
    "avg_ttft_ms": 67.99248829483986,
    "avg_tpot_ms": 7.884784647094922,
    "avg_e2e_ms": 1069.360138475895,
    "p50_ttft_ms": 84.76225286722183,
    "p50_tpot_ms": 7.862094203083534,
    "p50_e2e_ms": 1088.5922275483608,
    "p99_ttft_ms": 103.43049108982086,
    "p99_tpot_ms": 8.09841922066343,
    "p99_e2e_ms": 1113.8131546974182
  },
  "average": {
    "count": 10,
    "avg_ttft_ms": 81.22891709208488,
    "avg_tpot_ms": 7.897683382620961,
    "avg_e2e_ms": 1084.234706684947,
    "p50_ttft_ms": 90.58920852839947,
    "p50_tpot_ms": 7.852507549829371,
    "p50_e2e_ms": 1093.3451764285564,
    "p99_ttft_ms": 105.30384033918381,
    "p99_tpot_ms": 8.157935497446323,
    "p99_e2e_ms": 1121.8579954653978
  },
  "throughput": {
    "requests_per_sec": 0.9808071538423162,
    "tokens_per_sec": 125.54331569181647
  },
  "success_rate": 100.0,
  "total_requests": 10,
  "failed_requests": 0,
  "duration_sec": 10.19568419829011,
  "timestamp": "2026-01-18T05:44:58.891272",
  "error": null
}