{
  "config": "1P_2D_1pD",
  "workload": "small_mid_bal",
  "qps": 12,
  "turn1": {
    "count": 120,
    "avg_ttft_ms": 311.77432766805094,
    "avg_tpot_ms": 9.195743549096928,
    "avg_e2e_ms": 1479.6337584033608,
    "p50_ttft_ms": 205.00246435403824,
    "p50_tpot_ms": 9.294073266072536,
    "p50_e2e_ms": 1390.8756095916033,
    "p99_ttft_ms": 982.0598946511747,
    "p99_tpot_ms": 10.099163857677322,
    "p99_e2e_ms": 2208.394882567227
  },
  "turn2": {
    "count": 120,
    "avg_ttft_ms": 229.4288088567555,
    "avg_tpot_ms": 9.179435705330976,
    "avg_e2e_ms": 1395.2171434337895,
    "p50_ttft_ms": 177.6277031749487,
    "p50_tpot_ms": 9.178719945310608,
    "p50_e2e_ms": 1346.4582078158855,
    "p99_ttft_ms": 1118.0255357548601,
    "p99_tpot_ms": 10.107388250295102,
    "p99_e2e_ms": 2327.8940202668314
  },
  "average": {
    "count": 240,
    "avg_ttft_ms": 270.6015682624032,
    "avg_tpot_ms": 9.187589627213951,
    "avg_e2e_ms": 1437.425450918575,
    "p50_ttft_ms": 199.3374451994896,
    "p50_tpot_ms": 9.23811689781861,
    "p50_e2e_ms": 1359.121773391962,
    "p99_ttft_ms": 1001.3151587545868,
    "p99_tpot_ms": 10.107280134744062,
    "p99_e2e_ms": 2244.044425971805
  },
  "throughput": {
    "requests_per_sec": 19.481878382560463,
    "tokens_per_sec": 2493.6804329677393
  },
  "success_rate": 100.0,
  "total_requests": 240,
  "failed_requests": 0,
  "duration_sec": 12.319140654057264,
  "timestamp": "2026-01-18T05:46:19.677850",
  "error": null
}