{
  "config": "1P_2D_1pD",
  "workload": "small_mid_paste",
  "qps": 2,
  "turn1": {
    "count": 15,
    "avg_ttft_ms": 93.24679970741272,
    "avg_tpot_ms": 7.931231204762549,
    "avg_e2e_ms": 1100.5131627122562,
    "p50_ttft_ms": 91.32952243089676,
    "p50_tpot_ms": 7.959119740902908,
    "p50_e2e_ms": 1103.9661206305027,
    "p99_ttft_ms": 110.52893862128258,
    "p99_tpot_ms": 8.234665393829346,
    "p99_e2e_ms": 1139.0654407441616
  },
  "turn2": {
    "count": 15,
    "avg_ttft_ms": 89.87337624033292,
    "avg_tpot_ms": 7.993013466949815,
    "avg_e2e_ms": 593.4332246581713,
    "p50_ttft_ms": 95.03155946731567,
    "p50_tpot_ms": 7.915586469665406,
    "p50_e2e_ms": 591.6865319013596,
    "p99_ttft_ms": 110.48797748982906,
    "p99_tpot_ms": 8.390839742053123,
    "p99_e2e_ms": 623.0809299647808
  },
  "average": {
    "count": 30,
    "avg_ttft_ms": 91.56008797387283,
    "avg_tpot_ms": 7.962122335856181,
    "avg_e2e_ms": 846.9731936852137,
    "p50_ttft_ms": 93.45713630318642,
    "p50_tpot_ms": 7.924484404695807,
    "p50_e2e_ms": 844.4455657154322,
    "p99_ttft_ms": 110.99891148507595,
    "p99_tpot_ms": 8.373743524508818,
    "p99_e2e_ms": 1138.4024880826473
  },
  "throughput": {
    "requests_per_sec": 2.6692877537072857,
    "tokens_per_sec": 256.2516243558994
  },
  "success_rate": 100.0,
  "total_requests": 30,
  "failed_requests": 0,
  "duration_sec": 11.238953147083521,
  "timestamp": "2026-01-18T05:47:28.902440",
  "error": null
}