{
  "config": "1P_2D_1pD",
  "workload": "small_very_long_gen",
  "qps": 12,
  "turn1": {
    "count": 120,
    "avg_ttft_ms": 6139.05290896073,
    "avg_tpot_ms": 9.493741438310995,
    "avg_e2e_ms": 7344.758071626226,
    "p50_ttft_ms": 7953.717460855842,
    "p50_tpot_ms": 9.604326002006456,
    "p50_e2e_ms": 9197.789682075381,
    "p99_ttft_ms": 16104.435277469456,
    "p99_tpot_ms": 10.425008927273938,
    "p99_e2e_ms": 17322.05433037132
  },
  "turn2": {
    "count": 120,
    "avg_ttft_ms": 171.07680179178715,
    "avg_tpot_ms": 9.448339873375586,
    "avg_e2e_ms": 9836.728492255012,
    "p50_ttft_ms": 120.55500969290733,
    "p50_tpot_ms": 9.51483681659603,
    "p50_e2e_ms": 9874.834025278687,
    "p99_ttft_ms": 553.4865363314748,
    "p99_tpot_ms": 9.878908821025668,
    "p99_e2e_ms": 10623.751795515418
  },
  "average": {
    "count": 240,
    "avg_ttft_ms": 3155.0648553762585,
    "avg_tpot_ms": 9.471040655843291,
    "avg_e2e_ms": 8590.743281940619,
    "p50_ttft_ms": 239.6260667592287,
    "p50_tpot_ms": 9.536428411626861,
    "p50_e2e_ms": 9754.716984927654,
    "p99_ttft_ms": 16084.62027464062,
    "p99_tpot_ms": 10.29400131012511,
    "p99_e2e_ms": 17292.071307078004
  },
  "throughput": {
    "requests_per_sec": 6.929115571846977,
    "tokens_per_sec": 3991.170569383859
  },
  "success_rate": 100.0,
  "total_requests": 240,
  "failed_requests": 0,
  "duration_sec": 34.63645504415035,
  "timestamp": "2026-01-18T05:41:09.190026",
  "error": null
}