{
  "config": "1P_2D_1pD",
  "workload": "small_long_gen",
  "qps": 1,
  "turn1": {
    "count": 10,
    "avg_ttft_ms": 104.22030501067638,
    "avg_tpot_ms": 8.074010609407125,
    "avg_e2e_ms": 1129.6196524053812,
    "p50_ttft_ms": 100.89060664176941,
    "p50_tpot_ms": 8.082779505708086,
    "p50_e2e_ms": 1123.8803938031197,
    "p99_ttft_ms": 128.36180064827204,
    "p99_tpot_ms": 8.431198867111226,
    "p99_e2e_ms": 1195.5377657711506
  },
  "turn2": {
    "count": 10,
    "avg_ttft_ms": 97.33896218240261,
    "avg_tpot_ms": 8.146297755248392,
    "avg_e2e_ms": 4260.097115114331,
    "p50_ttft_ms": 94.6319866925478,
    "p50_tpot_ms": 8.091780949391264,
    "p50_e2e_ms": 4229.297982528806,
    "p99_ttft_ms": 108.93675308674574,
    "p99_tpot_ms": 8.357640335777385,
    "p99_e2e_ms": 4379.548602066934
  },
  "average": {
    "count": 20,
    "avg_ttft_ms": 100.7796335965395,
    "avg_tpot_ms": 8.110154182327758,
    "avg_e2e_ms": 2694.858383759856,
    "p50_ttft_ms": 98.63967634737492,
    "p50_tpot_ms": 8.082779505708086,
    "p50_e2e_ms": 2669.2658104002476,
    "p99_ttft_ms": 127.21536528319119,
    "p99_tpot_ms": 8.429276268254585,
    "p99_e2e_ms": 4378.765927143395
  },
  "throughput": {
    "requests_per_sec": 1.3974415094896042,
    "tokens_per_sec": 447.18128303667334
  },
  "success_rate": 100.0,
  "total_requests": 20,
  "failed_requests": 0,
  "duration_sec": 14.311869129538536,
  "timestamp": "2026-01-18T05:35:33.559847",
  "error": null
}