{
  "config": "1P_2D_1pD",
  "workload": "large_small_bal",
  "qps": 16,
  "turn1": {
    "count": 160,
    "avg_ttft_ms": 12432.943200063892,
    "avg_tpot_ms": 10.261582076014225,
    "avg_e2e_ms": 22930.541663826443,
    "p50_ttft_ms": 13330.05159907043,
    "p50_tpot_ms": 10.207610339552659,
    "p50_e2e_ms": 23709.075793623924,
    "p99_ttft_ms": 26818.516866751015,
    "p99_tpot_ms": 11.199374210420824,
    "p99_e2e_ms": 36433.37248578668
  },
  "turn2": {
    "count": 160,
    "avg_ttft_ms": 618.7217117287219,
    "avg_tpot_ms": 10.142327698745898,
    "avg_e2e_ms": 1257.6883567497134,
    "p50_ttft_ms": 167.53582656383514,
    "p50_tpot_ms": 10.150733596039196,
    "p50_e2e_ms": 830.3771000355482,
    "p99_ttft_ms": 6152.008959427474,
    "p99_tpot_ms": 11.626752921276623,
    "p99_e2e_ms": 6845.452462248502
  },
  "average": {
    "count": 320,
    "avg_ttft_ms": 6525.832455896307,
    "avg_tpot_ms": 10.20195488738006,
    "avg_e2e_ms": 12094.115010288078,
    "p50_ttft_ms": 1223.2273910194635,
    "p50_tpot_ms": 10.20248739899137,
    "p50_e2e_ms": 9627.693735063076,
    "p99_ttft_ms": 26558.590767495334,
    "p99_tpot_ms": 11.596443110869991,
    "p99_e2e_ms": 36204.708283133805
  },
  "throughput": {
    "requests_per_sec": 6.8855760761925575,
    "tokens_per_sec": 3745.7533854487515
  },
  "success_rate": 100.0,
  "total_requests": 320,
  "failed_requests": 0,
  "duration_sec": 46.47396186739206,
  "timestamp": "2026-01-18T06:26:48.263488",
  "error": null
}