{
  "config": "1P_2D_1pD",
  "workload": "large_tiny",
  "qps": 16,
  "turn1": {
    "count": 160,
    "avg_ttft_ms": 11556.339101190679,
    "avg_tpot_ms": 10.225665732059275,
    "avg_e2e_ms": 22017.195145087317,
    "p50_ttft_ms": 12516.44160039723,
    "p50_tpot_ms": 10.268638458536284,
    "p50_e2e_ms": 23380.774542689323,
    "p99_ttft_ms": 24794.624152332544,
    "p99_tpot_ms": 10.786179015057877,
    "p99_e2e_ms": 34858.951216973364
  },
  "turn2": {
    "count": 160,
    "avg_ttft_ms": 537.835942604579,
    "avg_tpot_ms": 10.206584913295604,
    "avg_e2e_ms": 854.2400749167427,
    "p50_ttft_ms": 149.18251149356365,
    "p50_tpot_ms": 10.350450873374939,
    "p50_e2e_ms": 473.98078441619873,
    "p99_ttft_ms": 2294.7678639367205,
    "p99_tpot_ms": 11.852950713326853,
    "p99_e2e_ms": 2617.0608708262425
  },
  "average": {
    "count": 320,
    "avg_ttft_ms": 6047.087521897629,
    "avg_tpot_ms": 10.216125322677438,
    "avg_e2e_ms": 11435.71761000203,
    "p50_ttft_ms": 969.6199763566256,
    "p50_tpot_ms": 10.287876320112485,
    "p50_e2e_ms": 9990.23206718266,
    "p99_ttft_ms": 24544.469623230398,
    "p99_tpot_ms": 11.593131435013587,
    "p99_e2e_ms": 34608.7146384269
  },
  "throughput": {
    "requests_per_sec": 7.052850347066926,
    "tokens_per_sec": 3723.904983251337
  },
  "success_rate": 100.0,
  "total_requests": 320,
  "failed_requests": 0,
  "duration_sec": 45.37172692641616,
  "timestamp": "2026-01-18T06:00:23.619653",
  "error": null
}