{
  "config": "1P_2D_1pD",
  "workload": "large_short_gen",
  "qps": 10,
  "turn1": {
    "count": 97,
    "avg_ttft_ms": 4942.091175268606,
    "avg_tpot_ms": 10.285492776996083,
    "avg_e2e_ms": 15464.1502861356,
    "p50_ttft_ms": 1051.1093884706497,
    "p50_tpot_ms": 10.06852144981759,
    "p50_e2e_ms": 12220.085203647614,
    "p99_ttft_ms": 11074.055877178906,
    "p99_tpot_ms": 11.013994095291675,
    "p99_e2e_ms": 22238.862470686436
  },
  "turn2": {
    "count": 97,
    "avg_ttft_ms": 478.4581856322043,
    "avg_tpot_ms": 10.214202670327383,
    "avg_e2e_ms": 3083.079866565687,
    "p50_ttft_ms": 174.58796501159668,
    "p50_tpot_ms": 10.177456149283577,
    "p50_e2e_ms": 2883.187510073185,
    "p99_ttft_ms": 2235.69477751848,
    "p99_tpot_ms": 11.63364276231504,
    "p99_e2e_ms": 5022.114812135667
  },
  "average": {
    "count": 194,
    "avg_ttft_ms": 2710.274680450405,
    "avg_tpot_ms": 10.249847723661734,
    "avg_e2e_ms": 9273.615076350643,
    "p50_ttft_ms": 334.91434529423714,
    "p50_tpot_ms": 10.092560289280156,
    "p50_e2e_ms": 9055.350055918097,
    "p99_ttft_ms": 11048.070386759937,
    "p99_tpot_ms": 11.461753745727679,
    "p99_e2e_ms": 22232.24573522806
  },
  "throughput": {
    "requests_per_sec": 5.5812249655842585,
    "tokens_per_sec": 3571.9839779739254
  },
  "success_rate": 100.0,
  "total_requests": 194,
  "failed_requests": 0,
  "duration_sec": 34.75939443334937,
  "timestamp": "2026-01-18T06:04:16.617484",
  "error": null
}