{
  "config": "1P_2D_1pD",
  "workload": "large_mid_paste",
  "qps": 4,
  "turn1": {
    "count": 40,
    "avg_ttft_ms": 138.16476855427027,
    "avg_tpot_ms": 9.038958758232297,
    "avg_e2e_ms": 9385.01957822591,
    "p50_ttft_ms": 127.1358598023653,
    "p50_tpot_ms": 9.021607858519399,
    "p50_e2e_ms": 9377.88737937808,
    "p99_ttft_ms": 257.024322450161,
    "p99_tpot_ms": 9.488370653864575,
    "p99_e2e_ms": 9894.757800735533
  },
  "turn2": {
    "count": 40,
    "avg_ttft_ms": 122.73461315780878,
    "avg_tpot_ms": 8.845441163118396,
    "avg_e2e_ms": 679.9974064342678,
    "p50_ttft_ms": 132.03904032707214,
    "p50_tpot_ms": 8.829084712834586,
    "p50_e2e_ms": 692.2716107219458,
    "p99_ttft_ms": 227.05055061727762,
    "p99_tpot_ms": 9.775579513183661,
    "p99_e2e_ms": 756.3278032466769
  },
  "average": {
    "count": 80,
    "avg_ttft_ms": 130.44969085603952,
    "avg_tpot_ms": 8.942199960675348,
    "avg_e2e_ms": 5032.508492330089,
    "p50_ttft_ms": 128.2413825392723,
    "p50_tpot_ms": 8.990870588409003,
    "p50_e2e_ms": 4798.058144748211,
    "p99_ttft_ms": 256.86261504888535,
    "p99_tpot_ms": 9.7677677804752,
    "p99_e2e_ms": 9848.843858577311
  },
  "throughput": {
    "requests_per_sec": 4.208618963094236,
    "tokens_per_sec": 2289.488715923264
  },
  "success_rate": 100.0,
  "total_requests": 80,
  "failed_requests": 0,
  "duration_sec": 19.00861082971096,
  "timestamp": "2026-01-18T06:34:04.331133",
  "error": null
}