{
  "config": "1P_2D_1pD",
  "workload": "small_mid_bal",
  "qps": 16,
  "turn1": {
    "count": 160,
    "avg_ttft_ms": 1004.2458128882572,
    "avg_tpot_ms": 9.382278806581272,
    "avg_e2e_ms": 2195.7952213240787,
    "p50_ttft_ms": 883.2031786441803,
    "p50_tpot_ms": 9.375399095922944,
    "p50_e2e_ms": 2051.978413015604,
    "p99_ttft_ms": 2281.5381595119834,
    "p99_tpot_ms": 10.061065745869959,
    "p99_e2e_ms": 3458.2172974571586
  },
  "turn2": {
    "count": 160,
    "avg_ttft_ms": 492.500632815063,
    "avg_tpot_ms": 9.3965566245927,
    "avg_e2e_ms": 1685.8633241383359,
    "p50_ttft_ms": 508.41759890317917,
    "p50_tpot_ms": 9.370380616563512,
    "p50_e2e_ms": 1716.8686501681805,
    "p99_ttft_ms": 1086.0805782675743,
    "p99_tpot_ms": 10.095749584532628,
    "p99_e2e_ms": 2314.768363684416
  },
  "average": {
    "count": 320,
    "avg_ttft_ms": 748.3732228516601,
    "avg_tpot_ms": 9.389417715586985,
    "avg_e2e_ms": 1940.8292727312073,
    "p50_ttft_ms": 688.6918004602194,
    "p50_tpot_ms": 9.373740931078206,
    "p50_e2e_ms": 1896.355615928769,
    "p99_ttft_ms": 2221.9534035772085,
    "p99_tpot_ms": 10.094113404767251,
    "p99_e2e_ms": 3398.1531893461943
  },
  "throughput": {
    "requests_per_sec": 22.722072728949417,
    "tokens_per_sec": 2908.4253093055254
  },
  "success_rate": 100.0,
  "total_requests": 320,
  "failed_requests": 0,
  "duration_sec": 14.08322224020958,
  "timestamp": "2026-01-18T05:46:33.801704",
  "error": null
}