{
  "config": "1P_2D_1pD",
  "workload": "large_mid_paste",
  "qps": 6,
  "turn1": {
    "count": 60,
    "avg_ttft_ms": 949.7860395660003,
    "avg_tpot_ms": 9.84847593661695,
    "avg_e2e_ms": 11024.776922725141,
    "p50_ttft_ms": 158.54009240865707,
    "p50_tpot_ms": 9.838071749167824,
    "p50_e2e_ms": 10576.307279989123,
    "p99_ttft_ms": 4137.757771760225,
    "p99_tpot_ms": 10.373951457586514,
    "p99_e2e_ms": 13926.773034520447
  },
  "turn2": {
    "count": 60,
    "avg_ttft_ms": 157.2995038703084,
    "avg_tpot_ms": 9.781077940746275,
    "avg_e2e_ms": 773.5074141373237,
    "p50_ttft_ms": 149.00162257254124,
    "p50_tpot_ms": 9.82314868578835,
    "p50_e2e_ms": 766.404127702117,
    "p99_ttft_ms": 425.38064062595276,
    "p99_tpot_ms": 11.183141273047243,
    "p99_e2e_ms": 1056.6007079929104
  },
  "average": {
    "count": 120,
    "avg_ttft_ms": 553.5427717181543,
    "avg_tpot_ms": 9.814776938681613,
    "avg_e2e_ms": 5899.142168431233,
    "p50_ttft_ms": 150.93977376818657,
    "p50_tpot_ms": 9.824051771380407,
    "p50_e2e_ms": 5343.944454565644,
    "p99_ttft_ms": 4119.366872422397,
    "p99_tpot_ms": 11.159055656975223,
    "p99_e2e_ms": 13884.638097696006
  },
  "throughput": {
    "requests_per_sec": 5.370736934822515,
    "tokens_per_sec": 2921.6808925434484
  },
  "success_rate": 100.0,
  "total_requests": 120,
  "failed_requests": 0,
  "duration_sec": 22.343302503228188,
  "timestamp": "2026-01-18T06:34:26.712448",
  "error": null
}