{
  "config": "1P_2D_1pD",
  "workload": "large_tiny",
  "qps": 1,
  "turn1": {
    "count": 10,
    "avg_ttft_ms": 148.3367506414652,
    "avg_tpot_ms": 8.164506276317473,
    "avg_e2e_ms": 8500.62667131424,
    "p50_ttft_ms": 141.65247231721878,
    "p50_tpot_ms": 8.190180853242282,
    "p50_e2e_ms": 8518.131174147129,
    "p99_ttft_ms": 196.31137188524008,
    "p99_tpot_ms": 8.365109620992738,
    "p99_e2e_ms": 8725.359575077891
  },
  "turn2": {
    "count": 10,
    "avg_ttft_ms": 124.24163520336151,
    "avg_tpot_ms": 8.268889977085973,
    "avg_e2e_ms": 380.57722449302673,
    "p50_ttft_ms": 138.2258515805006,
    "p50_tpot_ms": 8.138740555413307,
    "p50_e2e_ms": 399.11150746047497,
    "p99_ttft_ms": 173.80837369710207,
    "p99_tpot_ms": 8.667283177135452,
    "p99_e2e_ms": 424.994814991951
  },
  "average": {
    "count": 20,
    "avg_ttft_ms": 136.28919292241335,
    "avg_tpot_ms": 8.216698126701724,
    "avg_e2e_ms": 4440.601947903633,
    "p50_ttft_ms": 141.65247231721878,
    "p50_tpot_ms": 8.16743701099184,
    "p50_e2e_ms": 4360.881976783276,
    "p99_ttft_ms": 194.31206252425906,
    "p99_tpot_ms": 8.655935257913605,
    "p99_e2e_ms": 8720.488523319364
  },
  "throughput": {
    "requests_per_sec": 1.1209390592670088,
    "tokens_per_sec": 591.8558232929806
  },
  "success_rate": 100.0,
  "total_requests": 20,
  "failed_requests": 0,
  "duration_sec": 17.842183154076338,
  "timestamp": "2026-01-18T05:57:06.860138",
  "error": null
}