{
  "config": "1P_2D_1pD",
  "workload": "small_big_paste",
  "qps": 20,
  "turn1": {
    "count": 178,
    "avg_ttft_ms": 3083.7767253514758,
    "avg_tpot_ms": 9.097160116275738,
    "avg_e2e_ms": 4239.116060118495,
    "p50_ttft_ms": 3626.303495839238,
    "p50_tpot_ms": 9.051796708871999,
    "p50_e2e_ms": 4821.2363589555025,
    "p99_ttft_ms": 5670.76766256243,
    "p99_tpot_ms": 9.816793208927152,
    "p99_e2e_ms": 6737.905109710991
  },
  "turn2": {
    "count": 155,
    "avg_ttft_ms": 1340.5014263526086,
    "avg_tpot_ms": 9.173505417182394,
    "avg_e2e_ms": 1918.4322676350994,
    "p50_ttft_ms": 1476.2533269822598,
    "p50_tpot_ms": 9.161342999764852,
    "p50_e2e_ms": 2081.0718163847923,
    "p99_ttft_ms": 4936.076113507156,
    "p99_tpot_ms": 10.373435991387518,
    "p99_e2e_ms": 5535.7527879625595
  },
  "average": {
    "count": 333,
    "avg_ttft_ms": 2272.3422768685195,
    "avg_tpot_ms": 9.132696217298355,
    "avg_e2e_ms": 3158.9178984520495,
    "p50_ttft_ms": 1847.5860618054867,
    "p50_tpot_ms": 9.096152489147489,
    "p50_e2e_ms": 2573.5685266554356,
    "p99_ttft_ms": 5473.700896650554,
    "p99_tpot_ms": 10.314669277932909,
    "p99_e2e_ms": 6671.443046182395
  },
  "throughput": {
    "requests_per_sec": 4.323883972744319,
    "tokens_per_sec": 424.64955388777844
  },
  "success_rate": 91.9889502762431,
  "total_requests": 362,
  "failed_requests": 29,
  "duration_sec": 77.01409244537354,
  "timestamp": "2026-01-18T05:51:53.612958",
  "error": "Response payload is not completed: <TransferEncodi"
}