{
  "config": "1P_2D_1pD",
  "workload": "large_mid_bal",
  "qps": 8,
  "turn1": {
    "count": 67,
    "avg_ttft_ms": 1060.208255897707,
    "avg_tpot_ms": 10.097757168654978,
    "avg_e2e_ms": 11390.213839431752,
    "p50_ttft_ms": 179.96084317564964,
    "p50_tpot_ms": 9.923689813878413,
    "p50_e2e_ms": 11131.606336683035,
    "p99_ttft_ms": 4249.876440763474,
    "p99_tpot_ms": 11.214307756222354,
    "p99_e2e_ms": 14222.926712185144
  },
  "turn2": {
    "count": 66,
    "avg_ttft_ms": 131.32469231883684,
    "avg_tpot_ms": 10.056021478203991,
    "avg_e2e_ms": 1408.4394200507438,
    "p50_ttft_ms": 137.46967911720276,
    "p50_tpot_ms": 9.997831862859838,
    "p50_e2e_ms": 1421.5015172958374,
    "p99_ttft_ms": 237.14257422834632,
    "p99_tpot_ms": 11.890146853475589,
    "p99_e2e_ms": 1605.7136530056596
  },
  "average": {
    "count": 133,
    "avg_ttft_ms": 599.258517580373,
    "avg_tpot_ms": 10.077046224521405,
    "avg_e2e_ms": 6436.852097483282,
    "p50_ttft_ms": 146.1508311331272,
    "p50_tpot_ms": 9.958547694007242,
    "p50_e2e_ms": 9184.300940483809,
    "p99_ttft_ms": 4188.247637301683,
    "p99_tpot_ms": 11.853236927995532,
    "p99_e2e_ms": 14118.020156770946
  },
  "throughput": {
    "requests_per_sec": 5.233611245739514,
    "tokens_per_sec": 3032.1890838473983
  },
  "success_rate": 99.25373134328358,
  "total_requests": 134,
  "failed_requests": 1,
  "duration_sec": 25.412663217633963,
  "timestamp": "2026-01-18T06:29:48.075162",
  "error": "Server disconnected"
}