{
  "config": "1P_2D_1pD",
  "workload": "large_very_long_gen",
  "qps": 20,
  "turn1": {
    "count": 200,
    "avg_ttft_ms": 30806.17052378133,
    "avg_tpot_ms": 10.5080898449677,
    "avg_e2e_ms": 41555.94643518329,
    "p50_ttft_ms": 27963.39606307447,
    "p50_tpot_ms": 10.454266901079745,
    "p50_e2e_ms": 38763.76478560269,
    "p99_ttft_ms": 63299.2055080086,
    "p99_tpot_ms": 11.26233080782557,
    "p99_e2e_ms": 74174.31645389646
  },
  "turn2": {
    "count": 200,
    "avg_ttft_ms": 504.3251568824053,
    "avg_tpot_ms": 11.10325790528401,
    "avg_e2e_ms": 11862.957993987948,
    "p50_ttft_ms": 148.42005632817745,
    "p50_tpot_ms": 11.205461453409722,
    "p50_e2e_ms": 11608.679288998246,
    "p99_ttft_ms": 577.4384573101862,
    "p99_tpot_ms": 11.800859471198576,
    "p99_e2e_ms": 12325.041589774186
  },
  "average": {
    "count": 400,
    "avg_ttft_ms": 15655.247840331867,
    "avg_tpot_ms": 10.805673875125853,
    "avg_e2e_ms": 26709.452214585617,
    "p50_ttft_ms": 285.5597250163555,
    "p50_tpot_ms": 10.844224230008507,
    "p50_e2e_ms": 12043.491354212165,
    "p99_ttft_ms": 63290.518561676145,
    "p99_tpot_ms": 11.780428128610144,
    "p99_e2e_ms": 73998.12589265406
  },
  "throughput": {
    "requests_per_sec": 4.223305714360466,
    "tokens_per_sec": 4324.665051505117
  },
  "success_rate": 100.0,
  "total_requests": 400,
  "failed_requests": 0,
  "duration_sec": 94.71253729984164,
  "timestamp": "2026-01-18T06:22:50.826706",
  "error": null
}