{
  "config": "1P_2D_1pD",
  "workload": "large_big_paste",
  "qps": 6,
  "turn1": {
    "count": 55,
    "avg_ttft_ms": 285.14232432300395,
    "avg_tpot_ms": 9.895427800542164,
    "avg_e2e_ms": 10408.164964277636,
    "p50_ttft_ms": 140.57113602757454,
    "p50_tpot_ms": 9.928495798875392,
    "p50_e2e_ms": 10395.30847966671,
    "p99_ttft_ms": 1992.8245356678965,
    "p99_tpot_ms": 10.551586057098612,
    "p99_e2e_ms": 11601.370436996222
  },
  "turn2": {
    "count": 55,
    "avg_ttft_ms": 198.85377775539052,
    "avg_tpot_ms": 9.717434280233467,
    "avg_e2e_ms": 811.0521374100989,
    "p50_ttft_ms": 152.95669436454773,
    "p50_tpot_ms": 9.700655700668456,
    "p50_e2e_ms": 782.0486351847649,
    "p99_ttft_ms": 649.4071280956268,
    "p99_tpot_ms": 11.414361980462832,
    "p99_e2e_ms": 1308.0091002583504
  },
  "average": {
    "count": 110,
    "avg_ttft_ms": 241.99805103919724,
    "avg_tpot_ms": 9.806431040387814,
    "avg_e2e_ms": 5609.608550843867,
    "p50_ttft_ms": 148.1049582362175,
    "p50_tpot_ms": 9.779010832906934,
    "p50_e2e_ms": 5479.427080601454,
    "p99_ttft_ms": 1894.1474596038452,
    "p99_tpot_ms": 11.309382104211382,
    "p99_e2e_ms": 11577.040679603815
  },
  "throughput": {
    "requests_per_sec": 4.945209050518143,
    "tokens_per_sec": 2690.1937234818697
  },
  "success_rate": 100.0,
  "total_requests": 110,
  "failed_requests": 0,
  "duration_sec": 22.243751250207424,
  "timestamp": "2026-01-18T06:39:24.504948",
  "error": null
}