{
  "config": "1P_2D_1pD",
  "workload": "large_small_bal",
  "qps": 10,
  "turn1": {
    "count": 100,
    "avg_ttft_ms": 4453.007043600082,
    "avg_tpot_ms": 10.147982857655279,
    "avg_e2e_ms": 14834.393506981432,
    "p50_ttft_ms": 3789.9927981197834,
    "p50_tpot_ms": 10.051285112431438,
    "p50_e2e_ms": 14513.658786192536,
    "p99_ttft_ms": 9334.958616532385,
    "p99_tpot_ms": 10.70912556036331,
    "p99_e2e_ms": 19983.42024642974
  },
  "turn2": {
    "count": 100,
    "avg_ttft_ms": 578.7682885676622,
    "avg_tpot_ms": 10.069113112394772,
    "avg_e2e_ms": 1213.1224146485329,
    "p50_ttft_ms": 164.7312007844448,
    "p50_tpot_ms": 10.14728941732929,
    "p50_e2e_ms": 804.6424463391304,
    "p99_ttft_ms": 8538.604087419813,
    "p99_tpot_ms": 11.392747071527303,
    "p99_e2e_ms": 9249.284569434827
  },
  "average": {
    "count": 200,
    "avg_ttft_ms": 2515.8876660838723,
    "avg_tpot_ms": 10.108547985025025,
    "avg_e2e_ms": 8023.757960814983,
    "p50_ttft_ms": 903.9707873016596,
    "p50_tpot_ms": 10.05521877500377,
    "p50_e2e_ms": 9781.222285702825,
    "p99_ttft_ms": 9334.958616532385,
    "p99_tpot_ms": 11.349050863867715,
    "p99_e2e_ms": 19929.28971156478
  },
  "throughput": {
    "requests_per_sec": 6.695269247613623,
    "tokens_per_sec": 3642.2264707018107
  },
  "success_rate": 100.0,
  "total_requests": 200,
  "failed_requests": 0,
  "duration_sec": 29.871838249266148,
  "timestamp": "2026-01-18T06:25:24.057169",
  "error": null
}