{
  "config": "1P_2D_1pD",
  "workload": "small_very_long_gen",
  "qps": 8,
  "turn1": {
    "count": 80,
    "avg_ttft_ms": 2336.333372304216,
    "avg_tpot_ms": 9.278995361120447,
    "avg_e2e_ms": 3514.765783166513,
    "p50_ttft_ms": 156.10570274293423,
    "p50_tpot_ms": 9.465995706676498,
    "p50_e2e_ms": 1366.267530247569,
    "p99_ttft_ms": 6525.6029670313,
    "p99_tpot_ms": 9.908980024377191,
    "p99_e2e_ms": 7764.7894198819995
  },
  "turn2": {
    "count": 80,
    "avg_ttft_ms": 111.64257195778191,
    "avg_tpot_ms": 9.357657577507453,
    "avg_e2e_ms": 9684.526273747906,
    "p50_ttft_ms": 102.20508836209774,
    "p50_tpot_ms": 9.447397107034483,
    "p50_e2e_ms": 9767.549185082316,
    "p99_ttft_ms": 311.1203116923569,
    "p99_tpot_ms": 9.72504272641849,
    "p99_e2e_ms": 10057.967374920845
  },
  "average": {
    "count": 160,
    "avg_ttft_ms": 1223.987972130999,
    "avg_tpot_ms": 9.31832646931395,
    "avg_e2e_ms": 6599.6460284572095,
    "p50_ttft_ms": 114.21716958284378,
    "p50_tpot_ms": 9.451095675534113,
    "p50_e2e_ms": 8431.985951960087,
    "p99_ttft_ms": 6502.025680877268,
    "p99_tpot_ms": 9.904834606985407,
    "p99_e2e_ms": 10053.28223593533
  },
  "throughput": {
    "requests_per_sec": 6.316100382213321,
    "tokens_per_sec": 3638.073820154873
  },
  "success_rate": 100.0,
  "total_requests": 160,
  "failed_requests": 0,
  "duration_sec": 25.33208630606532,
  "timestamp": "2026-01-18T05:40:06.737087",
  "error": null
}