{
  "config": "1P_2D_1pD",
  "workload": "large_mid_bal",
  "qps": 1,
  "turn1": {
    "count": 7,
    "avg_ttft_ms": 139.60613097463334,
    "avg_tpot_ms": 8.135144886333274,
    "avg_e2e_ms": 8461.85934969357,
    "p50_ttft_ms": 140.9933939576149,
    "p50_tpot_ms": 8.14847200234964,
    "p50_e2e_ms": 8476.880252361298,
    "p99_ttft_ms": 159.34877261519432,
    "p99_tpot_ms": 8.341443778133112,
    "p99_e2e_ms": 8691.401903778315
  },
  "turn2": {
    "count": 7,
    "avg_ttft_ms": 135.42158316288675,
    "avg_tpot_ms": 8.030115099806084,
    "avg_e2e_ms": 1155.2462008382593,
    "p50_ttft_ms": 150.4240743815899,
    "p50_tpot_ms": 8.22246136275802,
    "p50_e2e_ms": 1194.6766674518585,
    "p99_ttft_ms": 157.68770292401314,
    "p99_tpot_ms": 8.373468133994914,
    "p99_e2e_ms": 1218.2860390096903
  },
  "average": {
    "count": 14,
    "avg_ttft_ms": 137.51385706876005,
    "avg_tpot_ms": 8.082629993069677,
    "avg_e2e_ms": 4808.552775265915,
    "p50_ttft_ms": 142.90502108633518,
    "p50_tpot_ms": 8.18546668255383,
    "p50_e2e_ms": 4692.371277138591,
    "p99_ttft_ms": 159.8553652316332,
    "p99_tpot_ms": 8.3729001741827,
    "p99_e2e_ms": 8685.667661428452
  },
  "throughput": {
    "requests_per_sec": 0.7922336523144766,
    "tokens_per_sec": 456.32658373313853
  },
  "success_rate": 100.0,
  "total_requests": 14,
  "failed_requests": 0,
  "duration_sec": 17.671554293483496,
  "timestamp": "2026-01-18T06:28:19.896028",
  "error": null
}