{
  "config": "1P_2D_1pD",
  "workload": "small_mid_bal",
  "qps": 10,
  "turn1": {
    "count": 92,
    "avg_ttft_ms": 132.4407618249888,
    "avg_tpot_ms": 8.772937440336037,
    "avg_e2e_ms": 1246.6038167476654,
    "p50_ttft_ms": 105.37098161876202,
    "p50_tpot_ms": 8.712334191705299,
    "p50_e2e_ms": 1235.4369033128023,
    "p99_ttft_ms": 338.4516423195601,
    "p99_tpot_ms": 9.43819476335537,
    "p99_e2e_ms": 1457.8627000376582
  },
  "turn2": {
    "count": 92,
    "avg_ttft_ms": 105.69175409719996,
    "avg_tpot_ms": 8.754283485654199,
    "avg_e2e_ms": 1217.4857567752833,
    "p50_ttft_ms": 98.04748371243477,
    "p50_tpot_ms": 8.676121026042878,
    "p50_e2e_ms": 1203.8733139634132,
    "p99_ttft_ms": 290.76507709920423,
    "p99_tpot_ms": 9.45634381156268,
    "p99_e2e_ms": 1404.6775583550336
  },
  "average": {
    "count": 184,
    "avg_ttft_ms": 119.06625796109438,
    "avg_tpot_ms": 8.763610462995118,
    "avg_e2e_ms": 1232.0447867614744,
    "p50_ttft_ms": 101.15054063498974,
    "p50_tpot_ms": 8.688329770339756,
    "p50_e2e_ms": 1216.7104817926884,
    "p99_ttft_ms": 337.55781691521406,
    "p99_tpot_ms": 9.450635976033418,
    "p99_e2e_ms": 1458.8426787778733
  },
  "throughput": {
    "requests_per_sec": 14.90270072587098,
    "tokens_per_sec": 1907.5456929114855
  },
  "success_rate": 100.0,
  "total_requests": 184,
  "failed_requests": 0,
  "duration_sec": 12.346755355596542,
  "timestamp": "2026-01-18T05:46:07.317908",
  "error": null
}