{
  "config": "1P_2D_1pD",
  "workload": "small_short_gen",
  "qps": 0.5,
  "turn1": {
    "count": 5,
    "avg_ttft_ms": 95.60631737112999,
    "avg_tpot_ms": 7.906586125375718,
    "avg_e2e_ms": 1099.7427552938461,
    "p50_ttft_ms": 97.8023149073124,
    "p50_tpot_ms": 7.917745698859372,
    "p50_e2e_ms": 1100.4006080329418,
    "p99_ttft_ms": 106.28686472773552,
    "p99_tpot_ms": 8.015313358522775,
    "p99_e2e_ms": 1115.6639575958252
  },
  "turn2": {
    "count": 5,
    "avg_ttft_ms": 90.23727178573608,
    "avg_tpot_ms": 7.804905883237427,
    "avg_e2e_ms": 2080.48827201128,
    "p50_ttft_ms": 87.13188394904137,
    "p50_tpot_ms": 7.785799076744154,
    "p50_e2e_ms": 2077.1575532853603,
    "p99_ttft_ms": 101.57097548246384,
    "p99_tpot_ms": 7.943619564467785,
    "p99_e2e_ms": 2112.9670852422714
  },
  "average": {
    "count": 10,
    "avg_ttft_ms": 92.92179457843304,
    "avg_tpot_ms": 7.855746004306573,
    "avg_e2e_ms": 1590.115513652563,
    "p50_ttft_ms": 93.2705458253622,
    "p50_tpot_ms": 7.8068165510883665,
    "p50_e2e_ms": 1584.725333377719,
    "p99_ttft_ms": 106.07293728739023,
    "p99_tpot_ms": 8.014655516255559,
    "p99_e2e_ms": 2111.5146040543914
  },
  "throughput": {
    "requests_per_sec": 0.8749292129819938,
    "tokens_per_sec": 167.9864088925428
  },
  "success_rate": 100.0,
  "total_requests": 10,
  "failed_requests": 0,
  "duration_sec": 11.429496068507433,
  "timestamp": "2026-01-18T05:32:57.492714",
  "error": null
}