{
  "config": "1P_2D_1pD",
  "workload": "small_small_bal",
  "qps": 20,
  "turn1": {
    "count": 200,
    "avg_ttft_ms": 2260.1138594932854,
    "avg_tpot_ms": 9.173650688337764,
    "avg_e2e_ms": 3425.1674969121814,
    "p50_ttft_ms": 2083.2439828664064,
    "p50_tpot_ms": 9.120924530301508,
    "p50_e2e_ms": 3289.458230137825,
    "p99_ttft_ms": 4564.154803976416,
    "p99_tpot_ms": 9.975034877599223,
    "p99_e2e_ms": 5770.170720927417
  },
  "turn2": {
    "count": 200,
    "avg_ttft_ms": 728.037639670074,
    "avg_tpot_ms": 9.246801738996828,
    "avg_e2e_ms": 1310.586149226874,
    "p50_ttft_ms": 792.9308246821165,
    "p50_tpot_ms": 9.243879319419936,
    "p50_e2e_ms": 1371.940003708005,
    "p99_ttft_ms": 2131.6339355707155,
    "p99_tpot_ms": 10.349105943644803,
    "p99_e2e_ms": 2653.1659244745947
  },
  "average": {
    "count": 400,
    "avg_ttft_ms": 1494.0757495816797,
    "avg_tpot_ms": 9.210226213667296,
    "avg_e2e_ms": 2367.8768230695277,
    "p50_ttft_ms": 1075.5970776081085,
    "p50_tpot_ms": 9.151536797427891,
    "p50_e2e_ms": 1755.2393358200788,
    "p99_ttft_ms": 4506.383605115115,
    "p99_tpot_ms": 10.193670831384166,
    "p99_e2e_ms": 5707.5027184560895
  },
  "throughput": {
    "requests_per_sec": 25.386998239918245,
    "tokens_per_sec": 2437.1518310321517
  },
  "success_rate": 100.0,
  "total_requests": 400,
  "failed_requests": 0,
  "duration_sec": 15.756096731871367,
  "timestamp": "2026-01-18T05:44:43.645537",
  "error": null
}