{
  "config": "1P_2D_1pD",
  "workload": "small_mid_paste",
  "qps": 16,
  "turn1": {
    "count": 145,
    "avg_ttft_ms": 1029.442917375729,
    "avg_tpot_ms": 9.11452722551866,
    "avg_e2e_ms": 2186.987875016599,
    "p50_ttft_ms": 1168.9469069242477,
    "p50_tpot_ms": 9.16740644400514,
    "p50_e2e_ms": 2319.6118995547295,
    "p99_ttft_ms": 2152.2732479870324,
    "p99_tpot_ms": 9.685136125547679,
    "p99_e2e_ms": 3306.868707686663
  },
  "turn2": {
    "count": 145,
    "avg_ttft_ms": 692.50993795436,
    "avg_tpot_ms": 9.081603650291171,
    "avg_e2e_ms": 1264.650967922704,
    "p50_ttft_ms": 682.4316866695881,
    "p50_tpot_ms": 9.11329538812713,
    "p50_e2e_ms": 1255.9944987297058,
    "p99_ttft_ms": 1722.196592241526,
    "p99_tpot_ms": 9.959859334760242,
    "p99_e2e_ms": 2303.8554035127167
  },
  "average": {
    "count": 290,
    "avg_ttft_ms": 860.9764276650445,
    "avg_tpot_ms": 9.098065437904918,
    "avg_e2e_ms": 1725.8194214696514,
    "p50_ttft_ms": 898.1215879321098,
    "p50_tpot_ms": 9.14452452719614,
    "p50_e2e_ms": 1639.4187863916159,
    "p99_ttft_ms": 1951.0361041873716,
    "p99_tpot_ms": 9.772901644427625,
    "p99_e2e_ms": 3116.6934861615314
  },
  "throughput": {
    "requests_per_sec": 21.812926117911374,
    "tokens_per_sec": 2094.040907319492
  },
  "success_rate": 100.0,
  "total_requests": 290,
  "failed_requests": 0,
  "duration_sec": 13.294869218021631,
  "timestamp": "2026-01-18T05:48:38.330532",
  "error": null
}