{
  "config": "2P_2pD",
  "ppd_enabled": false,
  "qps": 4.0,
  "num_conversations": 500,
  "duration_sec": 179.71885769814253,
  "timestamp": "2026-01-21T10:51:11.042139",
  "turn1": {
    "count": 500,
    "avg_ttft_ms": 757.8307032212615,
    "avg_tpot_ms": 10.156682950178508,
    "avg_e2e_ms": 3521.0864328071475,
    "p50_ttft_ms": 45.604512095451355,
    "p50_tpot_ms": 10.225488868130723,
    "p50_e2e_ms": 2908.776964992285,
    "p90_ttft_ms": 2870.37959881127,
    "p90_tpot_ms": 11.151256908884278,
    "p90_e2e_ms": 7922.8077620267895,
    "p99_ttft_ms": 3885.645081549883,
    "p99_tpot_ms": 11.680083429174765,
    "p99_e2e_ms": 13822.803002297876
  },
  "turn2plus": {
    "count": 1556,
    "avg_ttft_ms": 49.30111395726627,
    "avg_tpot_ms": 10.219539915871707,
    "avg_e2e_ms": 2834.5939036923196,
    "p50_ttft_ms": 47.03665338456631,
    "p50_tpot_ms": 10.293080791163801,
    "p50_e2e_ms": 1890.5196897685528,
    "p90_ttft_ms": 63.44735622406006,
    "p90_tpot_ms": 11.219543634442521,
    "p90_e2e_ms": 6761.459082365036,
    "p99_ttft_ms": 87.00744193047287,
    "p99_tpot_ms": 11.740594468998856,
    "p99_e2e_ms": 11140.556432306768
  },
  "all_turns": {
    "count": 2056,
    "avg_ttft_ms": 221.60889344753747,
    "avg_tpot_ms": 10.204324174054321,
    "avg_e2e_ms": 3001.542475947871,
    "p50_ttft_ms": 46.82903550565243,
    "p50_tpot_ms": 10.274819424773893,
    "p50_e2e_ms": 2058.0531675368547,
    "p90_ttft_ms": 83.49385485053062,
    "p90_tpot_ms": 11.209649477137749,
    "p90_e2e_ms": 6987.232761457562,
    "p99_ttft_ms": 3298.306337557734,
    "p99_tpot_ms": 11.740172952997918,
    "p99_e2e_ms": 11639.584936760366
  },
  "throughput": {
    "conversations_per_sec": 2.7821231806391995,
    "requests_per_sec": 11.44009051878839,
    "tokens_per_sec": 3140.165741248381
  },
  "success_rate": {
    "turns": 100.0,
    "conversations": 100.0
  },
  "counts": {
    "total_conversations": 500,
    "successful_conversations": 500,
    "total_turns": 2056,
    "turn1_count": 500,
    "turn2plus_count": 1556,
    "successful_turns": 2056
  },
  "slo_attainment": {
    "ttft_100ms": 0.9980719794344473,
    "ttft_200ms": 0.9993573264781491,
    "ttft_500ms": 0.9993573264781491,
    "tpot_15ms": 0.9993560849967804,
    "tpot_30ms": 1.0,
    "e2e_5000ms": 0.8181233933161953,
    "e2e_10000ms": 0.9775064267352185
  }
}