{
  "config": "2P_2pD",
  "ppd_enabled": false,
  "qps": 8.0,
  "num_conversations": 50,
  "duration_sec": 49.3759693428874,
  "timestamp": "2026-01-21T03:39:42.191950",
  "turn1": {
    "count": 50,
    "avg_ttft_ms": 39.43233959376812,
    "avg_tpot_ms": 9.280137730398819,
    "avg_e2e_ms": 2088.303872719407,
    "p50_ttft_ms": 39.71785493195057,
    "p50_tpot_ms": 9.334241117050095,
    "p50_e2e_ms": 1757.4871648102999,
    "p90_ttft_ms": 47.34419248998165,
    "p90_tpot_ms": 10.217647869387145,
    "p90_e2e_ms": 4435.328565910459,
    "p99_ttft_ms": 53.40862542390823,
    "p99_tpot_ms": 11.850243838770048,
    "p99_e2e_ms": 7816.301306597885
  },
  "turn2plus": {
    "count": 167,
    "avg_ttft_ms": 51.281065596434885,
    "avg_tpot_ms": 9.358363200324654,
    "avg_e2e_ms": 3242.8385302379816,
    "p50_ttft_ms": 48.563167452812195,
    "p50_tpot_ms": 9.634483629691884,
    "p50_e2e_ms": 2407.5442515313625,
    "p90_ttft_ms": 70.406474173069,
    "p90_tpot_ms": 10.126487763805521,
    "p90_e2e_ms": 6974.614664167167,
    "p99_ttft_ms": 89.96066816151144,
    "p99_tpot_ms": 10.55707512913566,
    "p99_e2e_ms": 13239.464689493181
  },
  "all_turns": {
    "count": 217,
    "avg_ttft_ms": 48.55094439766374,
    "avg_tpot_ms": 9.340338898498423,
    "avg_e2e_ms": 2976.816719749831,
    "p50_ttft_ms": 46.38601839542389,
    "p50_tpot_ms": 9.586034729233328,
    "p50_e2e_ms": 2225.3245413303375,
    "p90_ttft_ms": 67.41189956665039,
    "p90_tpot_ms": 10.172689942311152,
    "p90_e2e_ms": 6636.827101558447,
    "p99_ttft_ms": 88.52173119783401,
    "p99_tpot_ms": 11.193739943384177,
    "p99_e2e_ms": 13091.43648982048
  },
  "throughput": {
    "conversations_per_sec": 1.0126383474677543,
    "requests_per_sec": 4.415103194959409,
    "tokens_per_sec": 1406.736939535255
  },
  "success_rate": {
    "turns": 99.54128440366972,
    "conversations": 98.0
  },
  "counts": {
    "total_conversations": 50,
    "successful_conversations": 49,
    "total_turns": 218,
    "turn1_count": 50,
    "turn2plus_count": 168,
    "successful_turns": 217
  },
  "slo_attainment": {
    "ttft_100ms": 1.0,
    "ttft_200ms": 1.0,
    "ttft_500ms": 1.0,
    "tpot_15ms": 1.0,
    "tpot_30ms": 1.0,
    "e2e_5000ms": 0.8143712574850299,
    "e2e_10000ms": 0.9640718562874252
  }
}