{
  "config": "1P_3D",
  "ppd_enabled": true,
  "qps": 8.0,
  "num_conversations": 500,
  "duration_sec": 154.36214647814631,
  "timestamp": "2026-01-21T21:57:46.369363",
  "turn1": {
    "count": 500,
    "avg_ttft_ms": 28511.378393530846,
    "avg_tpot_ms": 9.706862700149717,
    "avg_e2e_ms": 31387.03181963414,
    "p50_ttft_ms": 30711.59102022648,
    "p50_tpot_ms": 9.754387006097694,
    "p50_e2e_ms": 32244.130911305547,
    "p90_ttft_ms": 55461.80211007595,
    "p90_tpot_ms": 10.236537789700838,
    "p90_e2e_ms": 56954.82289232314,
    "p99_ttft_ms": 63020.78295465559,
    "p99_tpot_ms": 10.881821248791555,
    "p99_e2e_ms": 66590.06729461253
  },
  "turn2plus": {
    "count": 1702,
    "avg_ttft_ms": 47.87490512304595,
    "avg_tpot_ms": 9.731435234609098,
    "avg_e2e_ms": 3078.088177118525,
    "p50_ttft_ms": 46.50685377418995,
    "p50_tpot_ms": 9.775198250239564,
    "p50_e2e_ms": 2863.8429194688797,
    "p90_ttft_ms": 58.446304127573974,
    "p90_tpot_ms": 10.203367610237867,
    "p90_e2e_ms": 5747.752955555919,
    "p99_ttft_ms": 115.35581137984997,
    "p99_tpot_ms": 10.66475415423226,
    "p99_e2e_ms": 8745.061700940132
  },
  "all_turns": {
    "count": 2202,
    "avg_ttft_ms": 6510.977422926815,
    "avg_tpot_ms": 9.725852605886116,
    "avg_e2e_ms": 9506.095362067574,
    "p50_ttft_ms": 48.08836244046688,
    "p50_tpot_ms": 9.769488942458645,
    "p50_e2e_ms": 3423.0143185704947,
    "p90_ttft_ms": 33019.952845945954,
    "p90_tpot_ms": 10.212658482149186,
    "p90_e2e_ms": 36321.26333303751,
    "p99_ttft_ms": 60494.94516257196,
    "p99_tpot_ms": 10.672457942314157,
    "p99_e2e_ms": 63359.065909683624
  },
  "throughput": {
    "conversations_per_sec": 3.239136092674036,
    "requests_per_sec": 14.271633624321801,
    "tokens_per_sec": 4406.650305917465
  },
  "success_rate": {
    "turns": 99.95460735360872,
    "conversations": 99.8
  },
  "counts": {
    "total_conversations": 500,
    "successful_conversations": 499,
    "total_turns": 2203,
    "turn1_count": 500,
    "turn2plus_count": 1703,
    "successful_turns": 2202
  },
  "slo_attainment": {
    "ttft_100ms": 0.9870740305522914,
    "ttft_200ms": 1.0,
    "ttft_500ms": 1.0,
    "tpot_15ms": 1.0,
    "tpot_30ms": 1.0,
    "e2e_5000ms": 0.8396004700352526,
    "e2e_10000ms": 0.9976498237367802
  }
}