{
  "config": "1P_1D_2pD",
  "ppd_enabled": true,
  "qps": 12.0,
  "num_conversations": 500,
  "duration_sec": 155.51290998235345,
  "timestamp": "2026-01-22T01:37:03.252061",
  "turn1": {
    "count": 500,
    "avg_ttft_ms": 26902.296012170613,
    "avg_tpot_ms": 9.933411558335415,
    "avg_e2e_ms": 29733.228591531515,
    "p50_ttft_ms": 25520.484561100602,
    "p50_tpot_ms": 9.951264929936807,
    "p50_e2e_ms": 28916.146555915475,
    "p90_ttft_ms": 55932.11388774217,
    "p90_tpot_ms": 10.549247651821045,
    "p90_e2e_ms": 58588.40276747943,
    "p99_ttft_ms": 62807.14238878339,
    "p99_tpot_ms": 11.233120982426328,
    "p99_e2e_ms": 67004.18802164495
  },
  "turn2plus": {
    "count": 1556,
    "avg_ttft_ms": 150.21025167974454,
    "avg_tpot_ms": 9.985818130526999,
    "avg_e2e_ms": 2878.407077229364,
    "p50_ttft_ms": 51.538512110710144,
    "p50_tpot_ms": 10.011810977432065,
    "p50_e2e_ms": 1888.2605824619532,
    "p90_ttft_ms": 145.18892392516136,
    "p90_tpot_ms": 10.570890364307228,
    "p90_e2e_ms": 6683.181153610349,
    "p99_ttft_ms": 229.24596909433626,
    "p99_tpot_ms": 11.208169479516465,
    "p99_e2e_ms": 11482.079958356919
  },
  "all_turns": {
    "count": 2056,
    "avg_ttft_ms": 6656.0676837057335,
    "avg_tpot_ms": 9.973132108171203,
    "avg_e2e_ms": 9409.248885182222,
    "p50_ttft_ms": 65.60710072517395,
    "p50_tpot_ms": 9.99025658871721,
    "p50_e2e_ms": 2787.514863535762,
    "p90_ttft_ms": 32130.499452352524,
    "p90_tpot_ms": 10.565934502534384,
    "p90_e2e_ms": 35970.40942683816,
    "p99_ttft_ms": 61053.42506989838,
    "p99_tpot_ms": 11.210582863500244,
    "p99_e2e_ms": 63484.33230407537
  },
  "throughput": {
    "conversations_per_sec": 3.2151671527253693,
    "requests_per_sec": 13.22076733200672,
    "tokens_per_sec": 3628.939874278208
  },
  "success_rate": {
    "turns": 100.0,
    "conversations": 100.0
  },
  "counts": {
    "total_conversations": 500,
    "successful_conversations": 500,
    "total_turns": 2056,
    "turn1_count": 500,
    "turn2plus_count": 1556,
    "successful_turns": 2056
  },
  "slo_attainment": {
    "ttft_100ms": 0.724293059125964,
    "ttft_200ms": 0.9775064267352185,
    "ttft_500ms": 0.9967866323907455,
    "tpot_15ms": 1.0,
    "tpot_30ms": 1.0,
    "e2e_5000ms": 0.8277634961439588,
    "e2e_10000ms": 0.9794344473007712
  }
}