{
  "config": "1P_1D_2pD",
  "ppd_enabled": true,
  "qps": 8.0,
  "num_conversations": 500,
  "duration_sec": 156.8612588867545,
  "timestamp": "2026-01-22T01:34:27.179418",
  "turn1": {
    "count": 500,
    "avg_ttft_ms": 17905.592102132738,
    "avg_tpot_ms": 9.938538156918474,
    "avg_e2e_ms": 20692.633775435388,
    "p50_ttft_ms": 17026.98311395943,
    "p50_tpot_ms": 9.935112261024706,
    "p50_e2e_ms": 20342.486578971148,
    "p90_ttft_ms": 38916.76711551845,
    "p90_tpot_ms": 10.587753085070677,
    "p90_e2e_ms": 41190.10630548001,
    "p99_ttft_ms": 41764.076303727925,
    "p99_tpot_ms": 11.606026675019946,
    "p99_e2e_ms": 49052.141156718135
  },
  "turn2plus": {
    "count": 1556,
    "avg_ttft_ms": 101.22789168170148,
    "avg_tpot_ms": 9.985570187199645,
    "avg_e2e_ms": 2826.6963733570856,
    "p50_ttft_ms": 51.57305486500263,
    "p50_tpot_ms": 9.997109390963288,
    "p50_e2e_ms": 1865.3228022158146,
    "p90_ttft_ms": 140.6148560345173,
    "p90_tpot_ms": 10.565493925897758,
    "p90_e2e_ms": 6661.9771383702755,
    "p99_ttft_ms": 224.17179290205243,
    "p99_tpot_ms": 11.295890943016238,
    "p99_e2e_ms": 11151.466635428382
  },
  "all_turns": {
    "count": 2056,
    "avg_ttft_ms": 4431.083001227187,
    "avg_tpot_ms": 9.974185176453203,
    "avg_e2e_ms": 7171.525508103755,
    "p50_ttft_ms": 66.8547935783863,
    "p50_tpot_ms": 9.985162477408137,
    "p50_e2e_ms": 2768.936302512884,
    "p90_ttft_ms": 22334.700047969818,
    "p90_tpot_ms": 10.570767013864085,
    "p90_e2e_ms": 25797.763174399734,
    "p99_ttft_ms": 40827.802426368,
    "p99_tpot_ms": 11.340098457981863,
    "p99_e2e_ms": 44059.44924037906
  },
  "throughput": {
    "conversations_per_sec": 3.1875302005638844,
    "requests_per_sec": 13.107124184718693,
    "tokens_per_sec": 3597.746212195253
  },
  "success_rate": {
    "turns": 100.0,
    "conversations": 100.0
  },
  "counts": {
    "total_conversations": 500,
    "successful_conversations": 500,
    "total_turns": 2056,
    "turn1_count": 500,
    "turn2plus_count": 1556,
    "successful_turns": 2056
  },
  "slo_attainment": {
    "ttft_100ms": 0.7268637532133676,
    "ttft_200ms": 0.9800771208226221,
    "ttft_500ms": 0.9980719794344473,
    "tpot_15ms": 0.9993560849967804,
    "tpot_30ms": 1.0,
    "e2e_5000ms": 0.8277634961439588,
    "e2e_10000ms": 0.9813624678663239
  }
}