{
  "config": "1R_1P_1D_1pD",
  "ppd_enabled": true,
  "qps": 12.0,
  "num_conversations": 500,
  "duration_sec": 169.48709650337696,
  "timestamp": "2026-01-22T03:21:01.411439",
  "turn1": {
    "count": 500,
    "avg_ttft_ms": 32633.068896219134,
    "avg_tpot_ms": 11.591224943004658,
    "avg_e2e_ms": 35924.856604360044,
    "p50_ttft_ms": 28932.58101120591,
    "p50_tpot_ms": 9.967988380289317,
    "p50_e2e_ms": 33695.985585451126,
    "p90_ttft_ms": 70656.83300867677,
    "p90_tpot_ms": 15.534536837563888,
    "p90_e2e_ms": 72725.00683814289,
    "p99_ttft_ms": 79190.24385035038,
    "p99_tpot_ms": 19.06287769856155,
    "p99_e2e_ms": 84827.92307183146
  },
  "turn2plus": {
    "count": 1552,
    "avg_ttft_ms": 174.0720016526577,
    "avg_tpot_ms": 11.526548223994606,
    "avg_e2e_ms": 3298.675293561321,
    "p50_ttft_ms": 57.433754205703735,
    "p50_tpot_ms": 9.963500337756198,
    "p50_e2e_ms": 2105.598157271743,
    "p90_ttft_ms": 136.42813786864286,
    "p90_tpot_ms": 15.658713867100612,
    "p90_e2e_ms": 7670.271009206775,
    "p99_ttft_ms": 202.9280393943191,
    "p99_tpot_ms": 19.109154221785328,
    "p99_e2e_ms": 14553.633528351784
  },
  "all_turns": {
    "count": 2052,
    "avg_ttft_ms": 8083.184305396926,
    "avg_tpot_ms": 11.54223509569582,
    "avg_e2e_ms": 11248.524540831964,
    "p50_ttft_ms": 78.24965752661228,
    "p50_tpot_ms": 9.96370010432743,
    "p50_e2e_ms": 3167.543973773718,
    "p90_ttft_ms": 38728.55164594948,
    "p90_tpot_ms": 15.626371849793944,
    "p90_e2e_ms": 42186.49932630361,
    "p99_ttft_ms": 76028.96523706615,
    "p99_tpot_ms": 19.11322678382669,
    "p99_e2e_ms": 79632.79047198594
  },
  "throughput": {
    "conversations_per_sec": 2.9500770873730655,
    "requests_per_sec": 12.113016520753808,
    "tokens_per_sec": 3312.470456940148
  },
  "success_rate": {
    "turns": 99.95129079396006,
    "conversations": 99.8
  },
  "counts": {
    "total_conversations": 500,
    "successful_conversations": 499,
    "total_turns": 2053,
    "turn1_count": 500,
    "turn2plus_count": 1553,
    "successful_turns": 2052
  },
  "slo_attainment": {
    "ttft_100ms": 0.7197164948453608,
    "ttft_200ms": 0.9877577319587629,
    "ttft_500ms": 0.9974226804123711,
    "tpot_15ms": 0.8624919302775984,
    "tpot_30ms": 1.0,
    "e2e_5000ms": 0.7867268041237113,
    "e2e_10000ms": 0.9548969072164949
  }
}