{
  "config": "2R_1P_1D",
  "workload": "large_huge_paste",
  "qps": 4,
  "turn1": {
    "count": 40,
    "avg_ttft_ms": 112.39673756062984,
    "avg_tpot_ms": 10.893894734729596,
    "avg_e2e_ms": 11256.851051189005,
    "p50_ttft_ms": 122.17397056519985,
    "p50_tpot_ms": 9.788496747525556,
    "p50_e2e_ms": 10148.433538153768,
    "p99_ttft_ms": 174.06205628067255,
    "p99_tpot_ms": 15.362776771100386,
    "p99_e2e_ms": 15842.610767036676
  },
  "turn2": {
    "count": 40,
    "avg_ttft_ms": 207.96768479049206,
    "avg_tpot_ms": 12.170960315533222,
    "avg_e2e_ms": 585.267454572022,
    "p50_ttft_ms": 178.86710353195667,
    "p50_tpot_ms": 10.160691194957302,
    "p50_e2e_ms": 487.65319027006626,
    "p99_ttft_ms": 548.5842591151594,
    "p99_tpot_ms": 31.806972368109605,
    "p99_e2e_ms": 1326.3379733636975
  },
  "average": {
    "count": 80,
    "avg_ttft_ms": 160.18221117556095,
    "avg_tpot_ms": 11.532427525131407,
    "avg_e2e_ms": 5921.059252880514,
    "p50_ttft_ms": 136.3938022404909,
    "p50_tpot_ms": 9.848726438112623,
    "p50_e2e_ms": 5306.664193049073,
    "p99_ttft_ms": 501.6651591286056,
    "p99_tpot_ms": 27.398611494610318,
    "p99_e2e_ms": 15829.914429336786
  },
  "throughput": {
    "requests_per_sec": 3.2753026944936146,
    "tokens_per_sec": 1729.3598226926283
  },
  "success_rate": 100.0,
  "total_requests": 80,
  "failed_requests": 0,
  "duration_sec": 24.425223395228386,
  "timestamp": "2026-01-19T01:34:05.484463",
  "error": null
}