{
  "config": "2R_1P_1D",
  "workload": "small_short_gen",
  "qps": 0.5,
  "turn1": {
    "count": 4,
    "avg_ttft_ms": 69.66791767627001,
    "avg_tpot_ms": 7.782007816914968,
    "avg_e2e_ms": 1057.982910424471,
    "p50_ttft_ms": 73.05530458688736,
    "p50_tpot_ms": 7.795703164705142,
    "p50_e2e_ms": 1059.6309881657362,
    "p99_ttft_ms": 105.1486099138856,
    "p99_tpot_ms": 7.918239151398966,
    "p99_e2e_ms": 1105.6227967515588
  },
  "turn2": {
    "count": 4,
    "avg_ttft_ms": 60.33084262162447,
    "avg_tpot_ms": 7.934331287648163,
    "avg_e2e_ms": 2083.585320971906,
    "p50_ttft_ms": 57.783233001828194,
    "p50_tpot_ms": 7.817911086421387,
    "p50_e2e_ms": 2088.1084948778152,
    "p99_ttft_ms": 100.31474214047194,
    "p99_tpot_ms": 8.414162897742262,
    "p99_e2e_ms": 2172.5924848020077
  },
  "average": {
    "count": 8,
    "avg_ttft_ms": 64.99938014894724,
    "avg_tpot_ms": 7.8581695522815656,
    "avg_e2e_ms": 1570.7841156981885,
    "p50_ttft_ms": 67.90735386312008,
    "p50_tpot_ms": 7.817911086421387,
    "p50_e2e_ms": 1544.2905370146036,
    "p99_ttft_ms": 105.02166133373976,
    "p99_tpot_ms": 8.396009999325205,
    "p99_e2e_ms": 2169.113795608282
  },
  "throughput": {
    "requests_per_sec": 0.6190717438040901,
    "tokens_per_sec": 118.8617748103853
  },
  "success_rate": 100.0,
  "total_requests": 8,
  "failed_requests": 0,
  "duration_sec": 12.922573320567608,
  "timestamp": "2026-01-19T00:18:20.167423",
  "error": null
}