{
  "config": "2R_1P_1D",
  "workload": "large_short_gen",
  "qps": 1,
  "turn1": {
    "count": 10,
    "avg_ttft_ms": 116.10197760164738,
    "avg_tpot_ms": 8.777655986295184,
    "avg_e2e_ms": 9095.644051581621,
    "p50_ttft_ms": 136.92479953169823,
    "p50_tpot_ms": 8.481553680138738,
    "p50_e2e_ms": 8823.37705232203,
    "p99_ttft_ms": 158.7599490582943,
    "p99_tpot_ms": 10.427405525905646,
    "p99_e2e_ms": 10819.536964297295
  },
  "turn2": {
    "count": 10,
    "avg_ttft_ms": 135.1849477738142,
    "avg_tpot_ms": 9.080052628528838,
    "avg_e2e_ms": 2450.598368048668,
    "p50_ttft_ms": 139.52168449759483,
    "p50_tpot_ms": 8.8357971433331,
    "p50_e2e_ms": 2398.215427994728,
    "p99_ttft_ms": 202.40491162985563,
    "p99_tpot_ms": 10.671367150019197,
    "p99_e2e_ms": 2840.9134168177843
  },
  "average": {
    "count": 20,
    "avg_ttft_ms": 125.64346268773079,
    "avg_tpot_ms": 8.928854307412012,
    "avg_e2e_ms": 5773.1212098151445,
    "p50_ttft_ms": 136.92479953169823,
    "p50_tpot_ms": 8.610667112781389,
    "p50_e2e_ms": 5665.338231250644,
    "p99_ttft_ms": 198.32526654005045,
    "p99_tpot_ms": 10.651931171031558,
    "p99_e2e_ms": 10756.630001664162
  },
  "throughput": {
    "requests_per_sec": 1.0938211455850497,
    "tokens_per_sec": 700.0455331744319
  },
  "success_rate": 100.0,
  "total_requests": 20,
  "failed_requests": 0,
  "duration_sec": 18.28452492505312,
  "timestamp": "2026-01-19T00:44:44.545768",
  "error": null
}