{
  "config": "2R_1P_1D",
  "workload": "large_small_bal",
  "qps": 16,
  "turn1": {
    "count": 160,
    "avg_ttft_ms": 13302.738054981455,
    "avg_tpot_ms": 13.498967110938626,
    "avg_e2e_ms": 27112.18140947167,
    "p50_ttft_ms": 10262.20540702343,
    "p50_tpot_ms": 10.046342821138111,
    "p50_e2e_ms": 27580.319300293922,
    "p99_ttft_ms": 35456.81761007756,
    "p99_tpot_ms": 21.697213942856905,
    "p99_e2e_ms": 48128.212571516626
  },
  "turn2": {
    "count": 160,
    "avg_ttft_ms": 145.33478394150734,
    "avg_tpot_ms": 15.101050686771197,
    "avg_e2e_ms": 1096.7009772080928,
    "p50_ttft_ms": 131.38422928750515,
    "p50_tpot_ms": 10.766104750690005,
    "p50_e2e_ms": 792.6540765911341,
    "p99_ttft_ms": 414.9050881341099,
    "p99_tpot_ms": 35.43494527242958,
    "p99_e2e_ms": 2538.1221660599113
  },
  "average": {
    "count": 320,
    "avg_ttft_ms": 6724.036419461481,
    "avg_tpot_ms": 14.300008898854912,
    "avg_e2e_ms": 14104.44119333988,
    "p50_ttft_ms": 178.9777521044016,
    "p50_tpot_ms": 10.367876953548855,
    "p50_e2e_ms": 6350.8966360241175,
    "p99_ttft_ms": 35197.304645329714,
    "p99_tpot_ms": 33.475496961129096,
    "p99_e2e_ms": 46738.760128133
  },
  "throughput": {
    "requests_per_sec": 5.316518680016468,
    "tokens_per_sec": 2892.1861619289584
  },
  "success_rate": 100.0,
  "total_requests": 320,
  "failed_requests": 0,
  "duration_sec": 60.18976312503219,
  "timestamp": "2026-01-19T01:13:44.462251",
  "error": null
}