{
  "config": "2R_1P_1D",
  "workload": "small_long_gen",
  "qps": 10,
  "turn1": {
    "count": 87,
    "avg_ttft_ms": 501.5258790775277,
    "avg_tpot_ms": 10.350330811742745,
    "avg_e2e_ms": 1816.0178921688562,
    "p50_ttft_ms": 93.21460127830505,
    "p50_tpot_ms": 9.481454546761325,
    "p50_e2e_ms": 1463.5432288050652,
    "p99_ttft_ms": 2283.0081236362457,
    "p99_tpot_ms": 14.526714038426482,
    "p99_e2e_ms": 4002.305547595024
  },
  "turn2": {
    "count": 87,
    "avg_ttft_ms": 61.22468000855939,
    "avg_tpot_ms": 10.524851381111707,
    "avg_e2e_ms": 5439.423735756641,
    "p50_ttft_ms": 49.57040771842003,
    "p50_tpot_ms": 9.41525930411195,
    "p50_e2e_ms": 4908.448174595833,
    "p99_ttft_ms": 124.5327001065016,
    "p99_tpot_ms": 13.713357258303757,
    "p99_e2e_ms": 7054.078493341804
  },
  "average": {
    "count": 174,
    "avg_ttft_ms": 281.3752795430436,
    "avg_tpot_ms": 10.437591096427225,
    "avg_e2e_ms": 3627.7208139627487,
    "p50_ttft_ms": 62.111349776387215,
    "p50_tpot_ms": 9.42670760312702,
    "p50_e2e_ms": 4133.569551631808,
    "p99_ttft_ms": 2230.2970304712658,
    "p99_tpot_ms": 14.172198786803591,
    "p99_e2e_ms": 7050.718580372632
  },
  "throughput": {
    "requests_per_sec": 8.962639011607553,
    "tokens_per_sec": 2868.0444837144173
  },
  "success_rate": 100.0,
  "total_requests": 174,
  "failed_requests": 0,
  "duration_sec": 19.41392482444644,
  "timestamp": "2026-01-19T00:22:15.309966",
  "error": null
}