{
  "config": "2R_1P_1D",
  "workload": "large_small_bal",
  "qps": 10,
  "turn1": {
    "count": 100,
    "avg_ttft_ms": 4920.300932750106,
    "avg_tpot_ms": 12.811194751429888,
    "avg_e2e_ms": 18026.153163462877,
    "p50_ttft_ms": 3409.7142573446035,
    "p50_tpot_ms": 10.007455236736398,
    "p50_e2e_ms": 17531.683329492807,
    "p99_ttft_ms": 15180.538451820612,
    "p99_tpot_ms": 20.52772537427331,
    "p99_e2e_ms": 31521.552267745137
  },
  "turn2": {
    "count": 100,
    "avg_ttft_ms": 130.64587973058224,
    "avg_tpot_ms": 12.881225269465219,
    "avg_e2e_ms": 942.1630717068911,
    "p50_ttft_ms": 127.53176689147949,
    "p50_tpot_ms": 10.255260599984062,
    "p50_e2e_ms": 762.3329944908619,
    "p99_ttft_ms": 295.643900372088,
    "p99_tpot_ms": 33.9959026246317,
    "p99_e2e_ms": 2446.9487072899947
  },
  "average": {
    "count": 200,
    "avg_ttft_ms": 2525.473406240344,
    "avg_tpot_ms": 12.846210010447553,
    "avg_e2e_ms": 9484.158117584884,
    "p50_ttft_ms": 144.61486414074898,
    "p50_tpot_ms": 10.028405005762306,
    "p50_e2e_ms": 6253.246117383242,
    "p99_ttft_ms": 15023.971820026634,
    "p99_tpot_ms": 30.487182854068624,
    "p99_e2e_ms": 31515.032370239496
  },
  "throughput": {
    "requests_per_sec": 4.885800101955036,
    "tokens_per_sec": 2657.87525546354
  },
  "success_rate": 100.0,
  "total_requests": 200,
  "failed_requests": 0,
  "duration_sec": 40.93495350331068,
  "timestamp": "2026-01-19T01:12:01.773797",
  "error": null
}