{
  "config": "2R_1P_1D",
  "workload": "small_mid_paste",
  "qps": 20,
  "turn1": {
    "count": 200,
    "avg_ttft_ms": 285.20594680681825,
    "avg_tpot_ms": 12.261219578318473,
    "avg_e2e_ms": 1842.3808332532644,
    "p50_ttft_ms": 198.4357051551342,
    "p50_tpot_ms": 9.831766033266472,
    "p50_e2e_ms": 1641.5979228913784,
    "p99_ttft_ms": 855.6429456546902,
    "p99_tpot_ms": 20.222035026045766,
    "p99_e2e_ms": 3055.839390493929
  },
  "turn2": {
    "count": 200,
    "avg_ttft_ms": 92.45136121287942,
    "avg_tpot_ms": 12.633148937057408,
    "avg_e2e_ms": 888.3397442474961,
    "p50_ttft_ms": 81.61967433989048,
    "p50_tpot_ms": 9.951613606914641,
    "p50_e2e_ms": 774.6736574918032,
    "p99_ttft_ms": 243.10868237167577,
    "p99_tpot_ms": 21.154278295025936,
    "p99_e2e_ms": 1382.2013930231333
  },
  "average": {
    "count": 400,
    "avg_ttft_ms": 188.82865400984883,
    "avg_tpot_ms": 12.44718425768794,
    "avg_e2e_ms": 1365.3602887503803,
    "p50_ttft_ms": 104.99988682568073,
    "p50_tpot_ms": 9.893346155347967,
    "p50_e2e_ms": 1252.1042134612799,
    "p99_ttft_ms": 818.3454731106757,
    "p99_tpot_ms": 20.965047536033488,
    "p99_e2e_ms": 3002.661932557821
  },
  "throughput": {
    "requests_per_sec": 31.518422624985863,
    "tokens_per_sec": 3025.7685719986425
  },
  "success_rate": 100.0,
  "total_requests": 400,
  "failed_requests": 0,
  "duration_sec": 12.690990433096886,
  "timestamp": "2026-01-19T00:34:36.371471",
  "error": null
}