{
  "config": "2R_1P_1D",
  "workload": "small_long_gen",
  "qps": 6,
  "turn1": {
    "count": 60,
    "avg_ttft_ms": 63.33400774747133,
    "avg_tpot_ms": 9.594571885220178,
    "avg_e2e_ms": 1281.844637170434,
    "p50_ttft_ms": 49.77975971996784,
    "p50_tpot_ms": 8.915123903727906,
    "p50_e2e_ms": 1232.9771649092436,
    "p99_ttft_ms": 124.16555624455214,
    "p99_tpot_ms": 12.436359277743053,
    "p99_e2e_ms": 1638.4790020808578
  },
  "turn2": {
    "count": 60,
    "avg_ttft_ms": 58.160561323165894,
    "avg_tpot_ms": 9.80930906919117,
    "avg_e2e_ms": 5070.717495679855,
    "p50_ttft_ms": 43.23625937104225,
    "p50_tpot_ms": 9.011516584458882,
    "p50_e2e_ms": 4689.008800312877,
    "p99_ttft_ms": 111.56645003706215,
    "p99_tpot_ms": 11.89180176187518,
    "p99_e2e_ms": 6116.934157460928
  },
  "average": {
    "count": 120,
    "avg_ttft_ms": 60.74728453531861,
    "avg_tpot_ms": 9.701940477205676,
    "avg_e2e_ms": 3176.2810664251447,
    "p50_ttft_ms": 45.1444573700428,
    "p50_tpot_ms": 8.952438652461222,
    "p50_e2e_ms": 2942.71007925272,
    "p99_ttft_ms": 122.03456923365596,
    "p99_tpot_ms": 12.316506263015308,
    "p99_e2e_ms": 6114.856525324285
  },
  "throughput": {
    "requests_per_sec": 7.035793521225253,
    "tokens_per_sec": 2251.453926792081
  },
  "success_rate": 100.0,
  "total_requests": 120,
  "failed_requests": 0,
  "duration_sec": 17.05564548447728,
  "timestamp": "2026-01-19T00:21:38.891120",
  "error": null
}