{
  "config": "2R_1P_1D",
  "workload": "large_very_long_gen",
  "qps": 20,
  "turn1": {
    "count": 200,
    "avg_ttft_ms": 36106.83663243428,
    "avg_tpot_ms": 12.533812776357227,
    "avg_e2e_ms": 48928.92710264772,
    "p50_ttft_ms": 35380.89054264128,
    "p50_tpot_ms": 10.531254921141258,
    "p50_e2e_ms": 45911.48447431624,
    "p99_ttft_ms": 83096.61672551185,
    "p99_tpot_ms": 21.769781573579984,
    "p99_e2e_ms": 94761.96900043634
  },
  "turn2": {
    "count": 200,
    "avg_ttft_ms": 128.01606249064207,
    "avg_tpot_ms": 12.819577637196812,
    "avg_e2e_ms": 13242.44398534298,
    "p50_ttft_ms": 132.48620182275772,
    "p50_tpot_ms": 10.724715801103374,
    "p50_e2e_ms": 11034.150823950768,
    "p99_ttft_ms": 276.0142571106552,
    "p99_tpot_ms": 22.006141073339027,
    "p99_e2e_ms": 22659.16762188077
  },
  "average": {
    "count": 400,
    "avg_ttft_ms": 18117.42634746246,
    "avg_tpot_ms": 12.676695206777019,
    "avg_e2e_ms": 31085.68554399535,
    "p50_ttft_ms": 164.27342034876347,
    "p50_tpot_ms": 10.688679675159216,
    "p50_e2e_ms": 17156.919840723276,
    "p99_ttft_ms": 80701.71389408408,
    "p99_tpot_ms": 21.98222192246485,
    "p99_e2e_ms": 94728.10555588454
  },
  "throughput": {
    "requests_per_sec": 3.259936793061916,
    "tokens_per_sec": 3338.175276095402
  },
  "success_rate": 100.0,
  "total_requests": 400,
  "failed_requests": 0,
  "duration_sec": 122.7017655223608,
  "timestamp": "2026-01-19T01:09:04.221766",
  "error": null
}