{
  "config": "2R_1P_1D",
  "workload": "large_huge_paste",
  "qps": 2,
  "turn1": {
    "count": 20,
    "avg_ttft_ms": 95.27111314237118,
    "avg_tpot_ms": 9.310117439855755,
    "avg_e2e_ms": 9619.521254114807,
    "p50_ttft_ms": 85.61410941183567,
    "p50_tpot_ms": 8.869789659117558,
    "p50_e2e_ms": 9130.680548027158,
    "p99_ttft_ms": 150.75582388788462,
    "p99_tpot_ms": 11.50631780585935,
    "p99_e2e_ms": 11868.296122252941
  },
  "turn2": {
    "count": 19,
    "avg_ttft_ms": 140.34617731445715,
    "avg_tpot_ms": 9.230503885167158,
    "avg_e2e_ms": 426.4917977546391,
    "p50_ttft_ms": 143.32713559269905,
    "p50_tpot_ms": 8.290537302532504,
    "p50_e2e_ms": 403.85325625538826,
    "p99_ttft_ms": 266.1315444111824,
    "p99_tpot_ms": 15.155821928093511,
    "p99_e2e_ms": 735.9620241820812
  },
  "average": {
    "count": 39,
    "avg_ttft_ms": 117.23075979031049,
    "avg_tpot_ms": 9.271331349110026,
    "avg_e2e_ms": 5140.86587793934,
    "p50_ttft_ms": 106.04588687419891,
    "p50_tpot_ms": 8.836799666270949,
    "p50_e2e_ms": 8015.7129764556885,
    "p99_ttft_ms": 254.1476476192473,
    "p99_tpot_ms": 14.387860687509649,
    "p99_e2e_ms": 11867.772422879934
  },
  "throughput": {
    "requests_per_sec": 1.9443146066031292,
    "tokens_per_sec": 1051.3258057447895
  },
  "success_rate": 97.5,
  "total_requests": 40,
  "failed_requests": 1,
  "duration_sec": 20.058482237160206,
  "timestamp": "2026-01-19T01:33:41.015826",
  "error": "Server disconnected"
}