{
  "config": "2R_1P_1D",
  "workload": "large_huge_paste",
  "qps": 0.5,
  "turn1": {
    "count": 4,
    "avg_ttft_ms": 90.61800874769688,
    "avg_tpot_ms": 8.735963671430873,
    "avg_e2e_ms": 9027.50884462148,
    "p50_ttft_ms": 78.95055040717125,
    "p50_tpot_ms": 8.664745100039191,
    "p50_e2e_ms": 8958.587212488055,
    "p99_ttft_ms": 145.98370496183634,
    "p99_tpot_ms": 9.814518518192385,
    "p99_e2e_ms": 10137.929820716381
  },
  "turn2": {
    "count": 4,
    "avg_ttft_ms": 137.27611675858498,
    "avg_tpot_ms": 9.14903685090042,
    "avg_e2e_ms": 420.896259136498,
    "p50_ttft_ms": 118.85141395032406,
    "p50_tpot_ms": 8.925362339904233,
    "p50_e2e_ms": 409.65442545711994,
    "p99_ttft_ms": 213.58918868005273,
    "p99_tpot_ms": 10.667721393608277,
    "p99_e2e_ms": 517.3813497647643
  },
  "average": {
    "count": 8,
    "avg_ttft_ms": 113.94706275314093,
    "avg_tpot_ms": 8.942500261165646,
    "avg_e2e_ms": 4724.202551878989,
    "p50_ttft_ms": 105.827571824193,
    "p50_tpot_ms": 8.794983557606606,
    "p50_e2e_ms": 4282.056465744972,
    "p99_ttft_ms": 211.50735434144732,
    "p99_tpot_ms": 10.634037376775654,
    "p99_e2e_ms": 10123.982191383839
  },
  "throughput": {
    "requests_per_sec": 0.43300292375095584,
    "tokens_per_sec": 228.6255437405047
  },
  "success_rate": 100.0,
  "total_requests": 8,
  "failed_requests": 0,
  "duration_sec": 18.475625824183226,
  "timestamp": "2026-01-19T01:33:04.159574",
  "error": null
}