{
  "config": "2R_1P_1D",
  "workload": "large_mid_paste",
  "qps": 6,
  "turn1": {
    "count": 60,
    "avg_ttft_ms": 801.718198073407,
    "avg_tpot_ms": 10.93334942205201,
    "avg_e2e_ms": 11986.534656832615,
    "p50_ttft_ms": 155.4613895714283,
    "p50_tpot_ms": 10.508500997301187,
    "p50_e2e_ms": 11030.525842681527,
    "p99_ttft_ms": 4988.488710410893,
    "p99_tpot_ms": 13.994884856139926,
    "p99_e2e_ms": 15807.057422138745
  },
  "turn2": {
    "count": 60,
    "avg_ttft_ms": 126.40102387716372,
    "avg_tpot_ms": 10.697964803567007,
    "avg_e2e_ms": 800.3728065018853,
    "p50_ttft_ms": 134.55327413976192,
    "p50_tpot_ms": 10.910348198007025,
    "p50_e2e_ms": 792.0825276523829,
    "p99_ttft_ms": 262.07900114357466,
    "p99_tpot_ms": 15.164639861692503,
    "p99_e2e_ms": 1143.6218707635996
  },
  "average": {
    "count": 120,
    "avg_ttft_ms": 464.05961097528535,
    "avg_tpot_ms": 10.81565711280951,
    "avg_e2e_ms": 6393.45373166725,
    "p50_ttft_ms": 141.02989621460438,
    "p50_tpot_ms": 10.5166834340062,
    "p50_e2e_ms": 5730.351895093918,
    "p99_ttft_ms": 4974.434532113373,
    "p99_tpot_ms": 14.238852014680088,
    "p99_e2e_ms": 15045.070662610233
  },
  "throughput": {
    "requests_per_sec": 4.741314336174698,
    "tokens_per_sec": 2579.274998879036
  },
  "success_rate": 100.0,
  "total_requests": 120,
  "failed_requests": 0,
  "duration_sec": 25.30943774059415,
  "timestamp": "2026-01-19T01:22:47.507108",
  "error": null
}