{
  "config": "2R_1P_1D",
  "workload": "small_short_gen",
  "qps": 16,
  "turn1": {
    "count": 158,
    "avg_ttft_ms": 1060.2824599541063,
    "avg_tpot_ms": 10.352932900854244,
    "avg_e2e_ms": 2375.1049383625955,
    "p50_ttft_ms": 1179.9627020955086,
    "p50_tpot_ms": 9.59902429791886,
    "p50_e2e_ms": 2483.9387238025665,
    "p99_ttft_ms": 2903.3377404510975,
    "p99_tpot_ms": 15.780317472425972,
    "p99_e2e_ms": 4115.592600367963
  },
  "turn2": {
    "count": 158,
    "avg_ttft_ms": 78.20838531832906,
    "avg_tpot_ms": 10.462094748151838,
    "avg_e2e_ms": 2746.0425460970478,
    "p50_ttft_ms": 51.94905586540699,
    "p50_tpot_ms": 9.665466194935874,
    "p50_e2e_ms": 2637.122808024287,
    "p99_ttft_ms": 374.01936504989874,
    "p99_tpot_ms": 14.252314989911575,
    "p99_e2e_ms": 3682.5425989180803
  },
  "average": {
    "count": 316,
    "avg_ttft_ms": 569.2454226362177,
    "avg_tpot_ms": 10.407513824503042,
    "avg_e2e_ms": 2560.5737422298216,
    "p50_ttft_ms": 94.80948001146317,
    "p50_tpot_ms": 9.608524070869482,
    "p50_e2e_ms": 2574.5494961738586,
    "p99_ttft_ms": 2866.243634559214,
    "p99_tpot_ms": 15.666483303048016,
    "p99_e2e_ms": 4076.3474926352505
  },
  "throughput": {
    "requests_per_sec": 18.50103930464863,
    "tokens_per_sec": 3552.199546492537
  },
  "success_rate": 100.0,
  "total_requests": 316,
  "failed_requests": 0,
  "duration_sec": 17.08012154325843,
  "timestamp": "2026-01-19T00:20:09.112132",
  "error": null
}