{
  "config": "2R_1P_1D",
  "workload": "large_mid_paste",
  "qps": 10,
  "turn1": {
    "count": 100,
    "avg_ttft_ms": 5179.418317191303,
    "avg_tpot_ms": 12.686258082952667,
    "avg_e2e_ms": 18157.46033605188,
    "p50_ttft_ms": 3705.012481659651,
    "p50_tpot_ms": 10.6254684013239,
    "p50_e2e_ms": 18429.603500291705,
    "p99_ttft_ms": 15211.105362437665,
    "p99_tpot_ms": 19.309642741079728,
    "p99_e2e_ms": 30551.8186622113
  },
  "turn2": {
    "count": 100,
    "avg_ttft_ms": 131.7504521086812,
    "avg_tpot_ms": 12.98286780655857,
    "avg_e2e_ms": 949.6711239218712,
    "p50_ttft_ms": 124.1687536239624,
    "p50_tpot_ms": 10.721381990209458,
    "p50_e2e_ms": 792.8230203688145,
    "p99_ttft_ms": 323.8186970725656,
    "p99_tpot_ms": 35.35958626913647,
    "p99_e2e_ms": 2559.704182185233
  },
  "average": {
    "count": 200,
    "avg_ttft_ms": 2655.584384649992,
    "avg_tpot_ms": 12.834562944755621,
    "avg_e2e_ms": 9553.565729986876,
    "p50_ttft_ms": 155.06406873464584,
    "p50_tpot_ms": 10.668244427282879,
    "p50_e2e_ms": 6348.113410174847,
    "p99_ttft_ms": 15156.338052153587,
    "p99_tpot_ms": 24.484780952334305,
    "p99_e2e_ms": 30500.875008888543
  },
  "throughput": {
    "requests_per_sec": 5.019417254077643,
    "tokens_per_sec": 2730.5629862182377
  },
  "success_rate": 100.0,
  "total_requests": 200,
  "failed_requests": 0,
  "duration_sec": 39.8452628813684,
  "timestamp": "2026-01-19T01:23:59.540508",
  "error": null
}