{
  "config": "2R_1P_1D",
  "workload": "small_mid_paste",
  "qps": 4,
  "turn1": {
    "count": 29,
    "avg_ttft_ms": 62.084890388209246,
    "avg_tpot_ms": 8.85188291185646,
    "avg_e2e_ms": 1186.2740201939796,
    "p50_ttft_ms": 39.9622917175293,
    "p50_tpot_ms": 8.276363556075284,
    "p50_e2e_ms": 1145.152222365141,
    "p99_ttft_ms": 156.94124296307555,
    "p99_tpot_ms": 10.710878572830064,
    "p99_e2e_ms": 1396.1822490394115
  },
  "turn2": {
    "count": 29,
    "avg_ttft_ms": 68.69725638936306,
    "avg_tpot_ms": 8.776118315156847,
    "avg_e2e_ms": 621.5927102442446,
    "p50_ttft_ms": 49.835845828056335,
    "p50_tpot_ms": 8.207157727271792,
    "p50_e2e_ms": 613.8912886381149,
    "p99_ttft_ms": 138.96990522742271,
    "p99_tpot_ms": 11.0970100949681,
    "p99_e2e_ms": 750.42992785573
  },
  "average": {
    "count": 58,
    "avg_ttft_ms": 65.39107338878615,
    "avg_tpot_ms": 8.814000613506655,
    "avg_e2e_ms": 903.9333652191121,
    "p50_ttft_ms": 48.21576178073883,
    "p50_tpot_ms": 8.263240135678156,
    "p50_e2e_ms": 881.3360724598169,
    "p99_ttft_ms": 156.44117150455713,
    "p99_tpot_ms": 11.009686682668944,
    "p99_e2e_ms": 1395.7216550409794
  },
  "throughput": {
    "requests_per_sec": 5.172106068188151,
    "tokens_per_sec": 496.5221825460626
  },
  "success_rate": 100.0,
  "total_requests": 58,
  "failed_requests": 0,
  "duration_sec": 11.21400049328804,
  "timestamp": "2026-01-19T00:33:26.341030",
  "error": null
}