{
  "config": "2R_1P_1D",
  "workload": "large_mid_bal",
  "qps": 10,
  "turn1": {
    "count": 100,
    "avg_ttft_ms": 5878.9803467690945,
    "avg_tpot_ms": 13.19692005134777,
    "avg_e2e_ms": 19379.42955929786,
    "p50_ttft_ms": 3554.025862365961,
    "p50_tpot_ms": 10.098500450379339,
    "p50_e2e_ms": 20087.421940639615,
    "p99_ttft_ms": 17317.01272878796,
    "p99_tpot_ms": 21.520106926494854,
    "p99_e2e_ms": 31830.43813381344
  },
  "turn2": {
    "count": 100,
    "avg_ttft_ms": 126.44861835986376,
    "avg_tpot_ms": 13.315519156946438,
    "avg_e2e_ms": 1817.5195512920618,
    "p50_ttft_ms": 123.58755059540272,
    "p50_tpot_ms": 10.567573713153365,
    "p50_e2e_ms": 1450.268218293786,
    "p99_ttft_ms": 300.3071091696624,
    "p99_tpot_ms": 33.40761281755262,
    "p99_e2e_ms": 4373.012872673571
  },
  "average": {
    "count": 200,
    "avg_ttft_ms": 3002.714482564479,
    "avg_tpot_ms": 13.256219604147104,
    "avg_e2e_ms": 10598.47455529496,
    "p50_ttft_ms": 147.36757054924965,
    "p50_tpot_ms": 10.2017494091511,
    "p50_e2e_ms": 7046.914540231228,
    "p99_ttft_ms": 17146.695059798658,
    "p99_tpot_ms": 33.00570282527781,
    "p99_e2e_ms": 31778.37828282267
  },
  "throughput": {
    "requests_per_sec": 4.774390592346812,
    "tokens_per_sec": 2750.0489811917637
  },
  "success_rate": 100.0,
  "total_requests": 200,
  "failed_requests": 0,
  "duration_sec": 41.89016297087073,
  "timestamp": "2026-01-19T01:18:10.916112",
  "error": null
}