{
  "config": "2R_1P_1D",
  "workload": "large_short_gen",
  "qps": 16,
  "turn1": {
    "count": 160,
    "avg_ttft_ms": 16383.890397916548,
    "avg_tpot_ms": 14.379799310054233,
    "avg_e2e_ms": 31094.42509210203,
    "p50_ttft_ms": 12498.41333925724,
    "p50_tpot_ms": 10.518220154056916,
    "p50_e2e_ms": 31078.364182263613,
    "p99_ttft_ms": 41685.594274140894,
    "p99_tpot_ms": 22.74122280044115,
    "p99_e2e_ms": 59730.087651833885
  },
  "turn2": {
    "count": 160,
    "avg_ttft_ms": 151.22646836098284,
    "avg_tpot_ms": 14.76074629070639,
    "avg_e2e_ms": 3915.2167724911124,
    "p50_ttft_ms": 133.88879597187042,
    "p50_tpot_ms": 10.755088655095474,
    "p50_e2e_ms": 2881.8890526890755,
    "p99_ttft_ms": 538.8102352991697,
    "p99_tpot_ms": 28.92026209568276,
    "p99_e2e_ms": 7493.455690257251
  },
  "average": {
    "count": 320,
    "avg_ttft_ms": 8267.558433138765,
    "avg_tpot_ms": 14.570272800380312,
    "avg_e2e_ms": 17504.82093229657,
    "p50_ttft_ms": 166.52428917586803,
    "p50_tpot_ms": 10.678050610132452,
    "p50_e2e_ms": 8812.157772481441,
    "p99_ttft_ms": 39918.83208457381,
    "p99_tpot_ms": 28.67390697274138,
    "p99_e2e_ms": 58832.37284347415
  },
  "throughput": {
    "requests_per_sec": 4.424771035288253,
    "tokens_per_sec": 2831.853462584482
  },
  "success_rate": 100.0,
  "total_requests": 320,
  "failed_requests": 0,
  "duration_sec": 72.32012627273798,
  "timestamp": "2026-01-19T00:49:29.573883",
  "error": null
}