{
  "config": "2R_1P_1D",
  "workload": "small_tiny",
  "qps": 1,
  "turn1": {
    "count": 9,
    "avg_ttft_ms": 50.26740704973539,
    "avg_tpot_ms": 7.879581748917762,
    "avg_e2e_ms": 1050.9742891622914,
    "p50_ttft_ms": 37.329357117414474,
    "p50_tpot_ms": 7.9239523844925435,
    "p50_e2e_ms": 1043.941393494606,
    "p99_ttft_ms": 111.10899731516838,
    "p99_tpot_ms": 8.050527942227568,
    "p99_e2e_ms": 1123.3126263320446
  },
  "turn2": {
    "count": 9,
    "avg_ttft_ms": 43.40339907341533,
    "avg_tpot_ms": 8.0586407720829,
    "avg_e2e_ms": 293.2212630079852,
    "p50_ttft_ms": 27.683109045028687,
    "p50_tpot_ms": 8.003930050519205,
    "p50_e2e_ms": 285.7712358236313,
    "p99_ttft_ms": 83.4342360496521,
    "p99_tpot_ms": 8.556662480677328,
    "p99_e2e_ms": 332.1710978448391
  },
  "average": {
    "count": 18,
    "avg_ttft_ms": 46.83540306157536,
    "avg_tpot_ms": 7.969111260500331,
    "avg_e2e_ms": 672.0977760851383,
    "p50_ttft_ms": 29.987838119268417,
    "p50_tpot_ms": 7.9288684917012535,
    "p50_e2e_ms": 670.9520593285561,
    "p99_ttft_ms": 110.61347328126429,
    "p99_tpot_ms": 8.53404127061367,
    "p99_e2e_ms": 1122.3658320307732
  },
  "throughput": {
    "requests_per_sec": 1.7505042511370386,
    "tokens_per_sec": 140.04034009096307
  },
  "success_rate": 100.0,
  "total_requests": 18,
  "failed_requests": 0,
  "duration_sec": 10.282751377671957,
  "timestamp": "2026-01-19T00:16:30.985907",
  "error": null
}