{
  "config": "2R_1P_1D",
  "workload": "large_very_long_gen",
  "qps": 4,
  "turn1": {
    "count": 40,
    "avg_ttft_ms": 115.0487600825727,
    "avg_tpot_ms": 10.675398330545582,
    "avg_e2e_ms": 11035.981252230704,
    "p50_ttft_ms": 128.24912928044796,
    "p50_tpot_ms": 10.115449079189482,
    "p50_e2e_ms": 10484.67849381268,
    "p99_ttft_ms": 203.44859946519134,
    "p99_tpot_ms": 13.880704009098856,
    "p99_e2e_ms": 14318.001558296382
  },
  "turn2": {
    "count": 40,
    "avg_ttft_ms": 122.27554796263576,
    "avg_tpot_ms": 11.22834275140703,
    "avg_e2e_ms": 11608.870182652026,
    "p50_ttft_ms": 134.45787876844406,
    "p50_tpot_ms": 10.429214666126876,
    "p50_e2e_ms": 10821.042228490114,
    "p99_ttft_ms": 244.0949196368456,
    "p99_tpot_ms": 14.689565818221514,
    "p99_e2e_ms": 15201.293387785554
  },
  "average": {
    "count": 80,
    "avg_ttft_ms": 118.66215402260423,
    "avg_tpot_ms": 10.951870540976305,
    "avg_e2e_ms": 11322.425717441365,
    "p50_ttft_ms": 128.95046174526215,
    "p50_tpot_ms": 10.307898360758816,
    "p50_e2e_ms": 10675.411645323038,
    "p99_ttft_ms": 242.64392502605912,
    "p99_tpot_ms": 14.648387350710081,
    "p99_e2e_ms": 15193.703043237329
  },
  "throughput": {
    "requests_per_sec": 2.321915873225426,
    "tokens_per_sec": 2377.641854182836
  },
  "success_rate": 100.0,
  "total_requests": 80,
  "failed_requests": 0,
  "duration_sec": 34.454305998981,
  "timestamp": "2026-01-19T01:00:48.524451",
  "error": null
}