{
  "config": "2R_1P_1D",
  "workload": "small_short_gen",
  "qps": 2,
  "turn1": {
    "count": 20,
    "avg_ttft_ms": 56.716762855648994,
    "avg_tpot_ms": 8.285447083941595,
    "avg_e2e_ms": 1108.9685425162315,
    "p50_ttft_ms": 41.87960922718048,
    "p50_tpot_ms": 8.042843983046652,
    "p50_e2e_ms": 1085.1918831467628,
    "p99_ttft_ms": 112.24393162876366,
    "p99_tpot_ms": 9.729434123306763,
    "p99_e2e_ms": 1270.9671372547746
  },
  "turn2": {
    "count": 20,
    "avg_ttft_ms": 46.69532496482134,
    "avg_tpot_ms": 8.557666819907869,
    "avg_e2e_ms": 2228.9003640413284,
    "p50_ttft_ms": 33.12188945710659,
    "p50_tpot_ms": 8.133536095128338,
    "p50_e2e_ms": 2130.974281579256,
    "p99_ttft_ms": 97.59738579392433,
    "p99_tpot_ms": 9.660578466513577,
    "p99_e2e_ms": 2492.6946058124304
  },
  "average": {
    "count": 40,
    "avg_ttft_ms": 51.70604391023517,
    "avg_tpot_ms": 8.421556951924734,
    "avg_e2e_ms": 1668.93445327878,
    "p50_ttft_ms": 35.41466221213341,
    "p50_tpot_ms": 8.04479192854382,
    "p50_e2e_ms": 1657.292602583766,
    "p99_ttft_ms": 111.05114061385393,
    "p99_tpot_ms": 9.742778513316564,
    "p99_e2e_ms": 2488.341098949313
  },
  "throughput": {
    "requests_per_sec": 3.003148728995745,
    "tokens_per_sec": 576.604555967183
  },
  "success_rate": 100.0,
  "total_requests": 40,
  "failed_requests": 0,
  "duration_sec": 13.31935365498066,
  "timestamp": "2026-01-19T00:18:46.249615",
  "error": null
}