{
  "config": "2R_1P_1D",
  "workload": "small_small_bal",
  "qps": 20,
  "turn1": {
    "count": 177,
    "avg_ttft_ms": 68.9954998676723,
    "avg_tpot_ms": 9.938845231879187,
    "avg_e2e_ms": 1331.228844316329,
    "p50_ttft_ms": 49.250803887844086,
    "p50_tpot_ms": 9.254084768023079,
    "p50_e2e_ms": 1273.1652595102787,
    "p99_ttft_ms": 195.42338103056014,
    "p99_tpot_ms": 14.621828781572853,
    "p99_e2e_ms": 1907.588358670473
  },
  "turn2": {
    "count": 177,
    "avg_ttft_ms": 66.58785537642947,
    "avg_tpot_ms": 10.059769949125352,
    "avg_e2e_ms": 700.3533621713267,
    "p50_ttft_ms": 52.07054689526558,
    "p50_tpot_ms": 9.426296112083254,
    "p50_e2e_ms": 688.8361424207687,
    "p99_ttft_ms": 156.8361030519012,
    "p99_tpot_ms": 15.476053664608608,
    "p99_e2e_ms": 1017.4228981137278
  },
  "average": {
    "count": 354,
    "avg_ttft_ms": 67.79167762205088,
    "avg_tpot_ms": 9.99930759050227,
    "avg_e2e_ms": 1015.7911032438278,
    "p50_ttft_ms": 50.6864357739687,
    "p50_tpot_ms": 9.330747267744673,
    "p50_e2e_ms": 1065.6579043716192,
    "p99_ttft_ms": 182.0198459550737,
    "p99_tpot_ms": 14.870390719359902,
    "p99_e2e_ms": 1889.1918286308642
  },
  "throughput": {
    "requests_per_sec": 29.915657594248746,
    "tokens_per_sec": 2871.9031290478792
  },
  "success_rate": 100.0,
  "total_requests": 354,
  "failed_requests": 0,
  "duration_sec": 11.833268210291862,
  "timestamp": "2026-01-19T00:30:35.646713",
  "error": null
}