{
  "config": "2R_1P_1D",
  "workload": "small_huge_paste",
  "qps": 6,
  "turn1": {
    "count": 60,
    "avg_ttft_ms": 54.57416120916605,
    "avg_tpot_ms": 9.890650023566927,
    "avg_e2e_ms": 1310.6867142021656,
    "p50_ttft_ms": 39.96086120605469,
    "p50_tpot_ms": 8.908543237081663,
    "p50_e2e_ms": 1177.7633875608444,
    "p99_ttft_ms": 118.74288644641635,
    "p99_tpot_ms": 15.958368076290197,
    "p99_e2e_ms": 2063.020973838865
  },
  "turn2": {
    "count": 60,
    "avg_ttft_ms": 107.74824557205041,
    "avg_tpot_ms": 10.24796462828113,
    "avg_e2e_ms": 425.4351490487655,
    "p50_ttft_ms": 105.04611395299435,
    "p50_tpot_ms": 8.925138822486325,
    "p50_e2e_ms": 395.79179883003235,
    "p99_ttft_ms": 207.5569767877458,
    "p99_tpot_ms": 20.836963961201317,
    "p99_e2e_ms": 827.2997070476413
  },
  "average": {
    "count": 120,
    "avg_ttft_ms": 81.16120339060824,
    "avg_tpot_ms": 10.069307325924028,
    "avg_e2e_ms": 868.0609316254655,
    "p50_ttft_ms": 66.78558513522148,
    "p50_tpot_ms": 8.908543237081663,
    "p50_e2e_ms": 933.8506497442722,
    "p99_ttft_ms": 189.54385820776224,
    "p99_tpot_ms": 19.494260213067456,
    "p99_e2e_ms": 1975.7412065565586
  },
  "throughput": {
    "requests_per_sec": 10.858185296904429,
    "tokens_per_sec": 868.6548237523543
  },
  "success_rate": 100.0,
  "total_requests": 120,
  "failed_requests": 0,
  "duration_sec": 11.05157047137618,
  "timestamp": "2026-01-19T00:37:27.650568",
  "error": null
}