{
  "config": "2R_1P_1D",
  "workload": "large_long_gen",
  "qps": 16,
  "turn1": {
    "count": 129,
    "avg_ttft_ms": 13175.364730403175,
    "avg_tpot_ms": 13.357836089693095,
    "avg_e2e_ms": 26840.43105015921,
    "p50_ttft_ms": 12914.637982845306,
    "p50_tpot_ms": 10.495552929702741,
    "p50_e2e_ms": 24571.881860494614,
    "p99_ttft_ms": 37306.84411510825,
    "p99_tpot_ms": 21.566385124698062,
    "p99_e2e_ms": 54217.475852519274
  },
  "turn2": {
    "count": 129,
    "avg_ttft_ms": 149.5512904989165,
    "avg_tpot_ms": 13.474414921157356,
    "avg_e2e_ms": 7034.977315210326,
    "p50_ttft_ms": 136.65077835321426,
    "p50_tpot_ms": 11.347050244560913,
    "p50_e2e_ms": 5944.028325378895,
    "p99_ttft_ms": 558.5673283040524,
    "p99_tpot_ms": 23.508860599796368,
    "p99_e2e_ms": 12126.813689172268
  },
  "average": {
    "count": 258,
    "avg_ttft_ms": 6662.458010451045,
    "avg_tpot_ms": 13.416125505425226,
    "avg_e2e_ms": 16937.704182684767,
    "p50_ttft_ms": 161.11054085195065,
    "p50_tpot_ms": 10.731708158248214,
    "p50_e2e_ms": 10888.896558433771,
    "p99_ttft_ms": 37245.91260895133,
    "p99_tpot_ms": 23.151531102401876,
    "p99_e2e_ms": 53481.66246291251
  },
  "throughput": {
    "requests_per_sec": 3.7032320966695513,
    "tokens_per_sec": 2844.082250242215
  },
  "success_rate": 100.0,
  "total_requests": 258,
  "failed_requests": 0,
  "duration_sec": 69.66887120902538,
  "timestamp": "2026-01-19T00:57:06.140307",
  "error": null
}