{
  "config": "2R_1P_1D",
  "workload": "small_small_bal",
  "qps": 8,
  "turn1": {
    "count": 76,
    "avg_ttft_ms": 61.25289740923204,
    "avg_tpot_ms": 9.311574992908637,
    "avg_e2e_ms": 1243.8229215086292,
    "p50_ttft_ms": 47.54436016082764,
    "p50_tpot_ms": 8.743750488781554,
    "p50_e2e_ms": 1207.8573107719421,
    "p99_ttft_ms": 129.5990375801921,
    "p99_tpot_ms": 11.593722481661894,
    "p99_e2e_ms": 1511.5598542615771
  },
  "turn2": {
    "count": 76,
    "avg_ttft_ms": 61.78664813112272,
    "avg_tpot_ms": 9.203294394794563,
    "avg_e2e_ms": 641.5941950031802,
    "p50_ttft_ms": 41.932014748454094,
    "p50_tpot_ms": 8.548449488386275,
    "p50_e2e_ms": 644.013088196516,
    "p99_ttft_ms": 168.3984212577343,
    "p99_tpot_ms": 11.672484836289808,
    "p99_e2e_ms": 776.6340775415301
  },
  "average": {
    "count": 152,
    "avg_ttft_ms": 61.519772770177376,
    "avg_tpot_ms": 9.2574346938516,
    "avg_e2e_ms": 942.7085582559046,
    "p50_ttft_ms": 43.5972586274147,
    "p50_tpot_ms": 8.680303852389178,
    "p50_e2e_ms": 904.9674402922392,
    "p99_ttft_ms": 149.72952466458113,
    "p99_tpot_ms": 11.646983402333861,
    "p99_e2e_ms": 1507.2690372914076
  },
  "throughput": {
    "requests_per_sec": 12.77085515901697,
    "tokens_per_sec": 1226.0020952656291
  },
  "success_rate": 100.0,
  "total_requests": 152,
  "failed_requests": 0,
  "duration_sec": 11.902100376784801,
  "timestamp": "2026-01-19T00:29:48.442665",
  "error": null
}