{
  "config": "2R_1P_1D",
  "workload": "small_huge_paste",
  "qps": 4,
  "turn1": {
    "count": 30,
    "avg_ttft_ms": 59.23725627362728,
    "avg_tpot_ms": 9.180914872665731,
    "avg_e2e_ms": 1225.213445102175,
    "p50_ttft_ms": 40.54182022809982,
    "p50_tpot_ms": 8.182686672905298,
    "p50_e2e_ms": 1126.8417611718178,
    "p99_ttft_ms": 124.32040426880123,
    "p99_tpot_ms": 14.368223863265177,
    "p99_e2e_ms": 1863.4166787564754
  },
  "turn2": {
    "count": 30,
    "avg_ttft_ms": 110.58616451919079,
    "avg_tpot_ms": 9.241991273818478,
    "avg_e2e_ms": 397.0878940075636,
    "p50_ttft_ms": 112.14804463088512,
    "p50_tpot_ms": 8.377768279563997,
    "p50_e2e_ms": 396.3136784732342,
    "p99_ttft_ms": 166.67493026703596,
    "p99_tpot_ms": 13.490720179773147,
    "p99_e2e_ms": 544.00954246521
  },
  "average": {
    "count": 60,
    "avg_ttft_ms": 84.91171039640903,
    "avg_tpot_ms": 9.211453073242104,
    "avg_e2e_ms": 811.1506695548693,
    "p50_ttft_ms": 88.14087510108948,
    "p50_tpot_ms": 8.192643860545683,
    "p50_e2e_ms": 779.2743481695652,
    "p99_ttft_ms": 165.1917569711804,
    "p99_tpot_ms": 14.279812226203951,
    "p99_e2e_ms": 1847.8939215838907
  },
  "throughput": {
    "requests_per_sec": 5.191904874043162,
    "tokens_per_sec": 415.352389923453
  },
  "success_rate": 100.0,
  "total_requests": 60,
  "failed_requests": 0,
  "duration_sec": 11.556452102959156,
  "timestamp": "2026-01-19T00:37:16.557690",
  "error": null
}