{
  "config": "2R_1P_1D",
  "workload": "large_small_bal",
  "qps": 12,
  "turn1": {
    "count": 101,
    "avg_ttft_ms": 5292.432241879477,
    "avg_tpot_ms": 13.753339781180818,
    "avg_e2e_ms": 19362.098838027458,
    "p50_ttft_ms": 5340.185295790434,
    "p50_tpot_ms": 9.571157610690255,
    "p50_e2e_ms": 19944.248013198376,
    "p99_ttft_ms": 15659.79066491127,
    "p99_tpot_ms": 22.38963889950415,
    "p99_e2e_ms": 33130.18772378564
  },
  "turn2": {
    "count": 101,
    "avg_ttft_ms": 139.66680484095423,
    "avg_tpot_ms": 14.284260957992883,
    "avg_e2e_ms": 1039.575245194506,
    "p50_ttft_ms": 125.75973570346832,
    "p50_tpot_ms": 10.004721286277922,
    "p50_e2e_ms": 770.9497921168804,
    "p99_ttft_ms": 475.74136033654213,
    "p99_tpot_ms": 34.18158266752485,
    "p99_e2e_ms": 2643.2492285966873
  },
  "average": {
    "count": 202,
    "avg_ttft_ms": 2716.049523360216,
    "avg_tpot_ms": 14.01880036958685,
    "avg_e2e_ms": 10200.837041610981,
    "p50_ttft_ms": 145.62730304896832,
    "p50_tpot_ms": 9.739190682433106,
    "p50_e2e_ms": 5998.4048921614885,
    "p99_ttft_ms": 15606.881467960775,
    "p99_tpot_ms": 34.146142548748436,
    "p99_e2e_ms": 33035.14394760132
  },
  "throughput": {
    "requests_per_sec": 4.762307480228422,
    "tokens_per_sec": 2590.6952692442615
  },
  "success_rate": 100.0,
  "total_requests": 202,
  "failed_requests": 0,
  "duration_sec": 42.41641280800104,
  "timestamp": "2026-01-19T01:12:44.228055",
  "error": null
}