{
  "config": "2R_1P_1D",
  "workload": "large_huge_paste",
  "qps": 12,
  "turn1": {
    "count": 120,
    "avg_ttft_ms": 7218.626460588227,
    "avg_tpot_ms": 13.232483434997336,
    "avg_e2e_ms": 20755.4570145905,
    "p50_ttft_ms": 7797.310501337051,
    "p50_tpot_ms": 10.472718506090104,
    "p50_e2e_ms": 19345.837768167257,
    "p99_ttft_ms": 17553.513709269468,
    "p99_tpot_ms": 22.46439142981116,
    "p99_e2e_ms": 34531.57887656242
  },
  "turn2": {
    "count": 120,
    "avg_ttft_ms": 244.0279928036034,
    "avg_tpot_ms": 15.802762916772277,
    "avg_e2e_ms": 733.913643223544,
    "p50_ttft_ms": 176.42050795257092,
    "p50_tpot_ms": 11.249580330425694,
    "p50_e2e_ms": 515.1188299059868,
    "p99_ttft_ms": 819.0115252137186,
    "p99_tpot_ms": 73.77846858914823,
    "p99_e2e_ms": 2683.6657842621216
  },
  "average": {
    "count": 240,
    "avg_ttft_ms": 3731.327226695915,
    "avg_tpot_ms": 14.517623175884808,
    "avg_e2e_ms": 10744.685328907022,
    "p50_ttft_ms": 199.3269883096218,
    "p50_tpot_ms": 10.785653083817351,
    "p50_e2e_ms": 6282.280104234815,
    "p99_ttft_ms": 16825.972779095173,
    "p99_tpot_ms": 56.77370626239013,
    "p99_e2e_ms": 34505.9897371009
  },
  "throughput": {
    "requests_per_sec": 5.4353741442224255,
    "tokens_per_sec": 2869.8775481494404
  },
  "success_rate": 100.0,
  "total_requests": 240,
  "failed_requests": 0,
  "duration_sec": 44.15519403666258,
  "timestamp": "2026-01-19T01:36:33.416238",
  "error": null
}