{
  "config": "2R_1P_1D",
  "workload": "small_mid_bal",
  "qps": 8,
  "turn1": {
    "count": 68,
    "avg_ttft_ms": 59.9329448031152,
    "avg_tpot_ms": 9.588658845034004,
    "avg_e2e_ms": 1277.692618122434,
    "p50_ttft_ms": 41.665781289339066,
    "p50_tpot_ms": 8.475585525312763,
    "p50_e2e_ms": 1156.1167798936367,
    "p99_ttft_ms": 171.5039239823818,
    "p99_tpot_ms": 15.684351368447928,
    "p99_e2e_ms": 2037.2302565723658
  },
  "turn2": {
    "count": 68,
    "avg_ttft_ms": 57.03948098508751,
    "avg_tpot_ms": 9.758344229833567,
    "avg_e2e_ms": 1296.3491981739508,
    "p50_ttft_ms": 43.185969814658165,
    "p50_tpot_ms": 8.683521095223314,
    "p50_e2e_ms": 1177.8115816414356,
    "p99_ttft_ms": 132.99602553248405,
    "p99_tpot_ms": 15.746189619260509,
    "p99_e2e_ms": 2050.090556666255
  },
  "average": {
    "count": 136,
    "avg_ttft_ms": 58.48621289410136,
    "avg_tpot_ms": 9.673501537433786,
    "avg_e2e_ms": 1287.0209081481923,
    "p50_ttft_ms": 42.1292819082737,
    "p50_tpot_ms": 8.608529769529508,
    "p50_e2e_ms": 1173.7232580780983,
    "p99_ttft_ms": 154.90456819534316,
    "p99_tpot_ms": 15.764536529662102,
    "p99_e2e_ms": 2051.6035299748182
  },
  "throughput": {
    "requests_per_sec": 11.122639195951542,
    "tokens_per_sec": 1423.6978170817974
  },
  "success_rate": 100.0,
  "total_requests": 136,
  "failed_requests": 0,
  "duration_sec": 12.227313823997974,
  "timestamp": "2026-01-19T00:31:45.432564",
  "error": null
}