{
  "config": "2R_1P_1D",
  "workload": "small_mid_bal",
  "qps": 6,
  "turn1": {
    "count": 60,
    "avg_ttft_ms": 57.700478471815586,
    "avg_tpot_ms": 9.300069710889982,
    "avg_e2e_ms": 1238.8093317548435,
    "p50_ttft_ms": 41.26828536391258,
    "p50_tpot_ms": 8.647126416991076,
    "p50_e2e_ms": 1186.8544034659863,
    "p99_ttft_ms": 144.0828796103596,
    "p99_tpot_ms": 11.805151416443463,
    "p99_e2e_ms": 1536.1102984473107
  },
  "turn2": {
    "count": 60,
    "avg_ttft_ms": 60.70187979688247,
    "avg_tpot_ms": 9.25997201539087,
    "avg_e2e_ms": 1236.7183257515233,
    "p50_ttft_ms": 42.30457730591297,
    "p50_tpot_ms": 8.651535195393825,
    "p50_e2e_ms": 1176.6050327569246,
    "p99_ttft_ms": 151.25409532338372,
    "p99_tpot_ms": 12.152616166927682,
    "p99_e2e_ms": 1587.9102003574371
  },
  "average": {
    "count": 120,
    "avg_ttft_ms": 59.201179134349026,
    "avg_tpot_ms": 9.280020863140427,
    "avg_e2e_ms": 1237.7638287531834,
    "p50_ttft_ms": 41.604433208703995,
    "p50_tpot_ms": 8.647126416991076,
    "p50_e2e_ms": 1184.5065262168646,
    "p99_ttft_ms": 152.8931584954262,
    "p99_tpot_ms": 12.116033880729375,
    "p99_e2e_ms": 1586.2905000895262
  },
  "throughput": {
    "requests_per_sec": 10.245829990506117,
    "tokens_per_sec": 1311.466238784783
  },
  "success_rate": 100.0,
  "total_requests": 120,
  "failed_requests": 0,
  "duration_sec": 11.712081901729107,
  "timestamp": "2026-01-19T00:31:33.162875",
  "error": null
}