{
  "config": "2R_1P_1D",
  "workload": "large_mid_paste",
  "qps": 20,
  "turn1": {
    "count": 188,
    "avg_ttft_ms": 15263.183329928112,
    "avg_tpot_ms": 12.21618148639269,
    "avg_e2e_ms": 27760.336990507836,
    "p50_ttft_ms": 14075.238786637783,
    "p50_tpot_ms": 10.664343254919277,
    "p50_e2e_ms": 29199.520194903016,
    "p99_ttft_ms": 36887.525510154665,
    "p99_tpot_ms": 19.481308019427786,
    "p99_e2e_ms": 48880.96656505018
  },
  "turn2": {
    "count": 188,
    "avg_ttft_ms": 165.5192911387124,
    "avg_tpot_ms": 13.678617894646987,
    "avg_e2e_ms": 1027.2722185014727,
    "p50_ttft_ms": 130.92970103025436,
    "p50_tpot_ms": 11.441137700799912,
    "p50_e2e_ms": 841.7965024709702,
    "p99_ttft_ms": 602.0541750267148,
    "p99_tpot_ms": 30.600221190778967,
    "p99_e2e_ms": 2321.73066843301
  },
  "average": {
    "count": 376,
    "avg_ttft_ms": 7714.351310533412,
    "avg_tpot_ms": 12.94739969051984,
    "avg_e2e_ms": 14393.804604504654,
    "p50_ttft_ms": 192.16668978333473,
    "p50_tpot_ms": 10.854164804837222,
    "p50_e2e_ms": 6560.087287798524,
    "p99_ttft_ms": 36818.51801928133,
    "p99_tpot_ms": 29.393060679828363,
    "p99_e2e_ms": 46540.284723974764
  },
  "throughput": {
    "requests_per_sec": 6.052741898070722,
    "tokens_per_sec": 3292.6915925504727
  },
  "success_rate": 100.0,
  "total_requests": 376,
  "failed_requests": 0,
  "duration_sec": 62.12060688063502,
  "timestamp": "2026-01-19T01:26:48.563315",
  "error": null
}