{
  "config": "2R_1P_1D",
  "workload": "large_short_gen",
  "qps": 2,
  "turn1": {
    "count": 14,
    "avg_ttft_ms": 93.62408891320229,
    "avg_tpot_ms": 9.08969985387492,
    "avg_e2e_ms": 9392.387039427247,
    "p50_ttft_ms": 87.12559193372726,
    "p50_tpot_ms": 8.951611718561642,
    "p50_e2e_ms": 9242.82032251358,
    "p99_ttft_ms": 141.35623954236507,
    "p99_tpot_ms": 10.568749910859594,
    "p99_e2e_ms": 10902.970232740045
  },
  "turn2": {
    "count": 14,
    "avg_ttft_ms": 88.60128186643124,
    "avg_tpot_ms": 8.933924765688698,
    "avg_e2e_ms": 2366.7520971170493,
    "p50_ttft_ms": 81.34684152901173,
    "p50_tpot_ms": 8.900254899088074,
    "p50_e2e_ms": 2366.294104605913,
    "p99_ttft_ms": 140.57110339403152,
    "p99_tpot_ms": 10.699371794859568,
    "p99_e2e_ms": 2840.2832861989737
  },
  "average": {
    "count": 28,
    "avg_ttft_ms": 91.11268538981676,
    "avg_tpot_ms": 9.01181230978181,
    "avg_e2e_ms": 5879.569568272148,
    "p50_ttft_ms": 87.12559193372726,
    "p50_tpot_ms": 8.951611718561642,
    "p50_e2e_ms": 5689.171016216278,
    "p99_ttft_ms": 142.5001533702016,
    "p99_tpot_ms": 10.768399919535476,
    "p99_e2e_ms": 10877.21581839025
  },
  "throughput": {
    "requests_per_sec": 1.2479033456584376,
    "tokens_per_sec": 798.6581412214
  },
  "success_rate": 100.0,
  "total_requests": 28,
  "failed_requests": 0,
  "duration_sec": 22.43763517215848,
  "timestamp": "2026-01-19T00:45:07.026209",
  "error": null
}