{
  "config": "2R_1P_1D",
  "workload": "large_long_gen",
  "qps": 2,
  "turn1": {
    "count": 20,
    "avg_ttft_ms": 101.18816159665585,
    "avg_tpot_ms": 9.396733264397842,
    "avg_e2e_ms": 9714.046291075647,
    "p50_ttft_ms": 111.74842528998852,
    "p50_tpot_ms": 8.323214258106457,
    "p50_e2e_ms": 8596.799403429031,
    "p99_ttft_ms": 149.7914672642946,
    "p99_tpot_ms": 12.051308036819172,
    "p99_e2e_ms": 12442.067493610084
  },
  "turn2": {
    "count": 20,
    "avg_ttft_ms": 100.7299279794097,
    "avg_tpot_ms": 9.419055279424514,
    "avg_e2e_ms": 4913.867175765336,
    "p50_ttft_ms": 97.70458936691284,
    "p50_tpot_ms": 8.550586609020392,
    "p50_e2e_ms": 4456.030728295445,
    "p99_ttft_ms": 192.53970302641383,
    "p99_tpot_ms": 12.097204997333646,
    "p99_e2e_ms": 6370.298854224384
  },
  "average": {
    "count": 40,
    "avg_ttft_ms": 100.95904478803277,
    "avg_tpot_ms": 9.407894271911179,
    "avg_e2e_ms": 7313.956733420491,
    "p50_ttft_ms": 106.43903352320194,
    "p50_tpot_ms": 8.381702210751198,
    "p50_e2e_ms": 7272.347761318088,
    "p99_ttft_ms": 183.87414980679748,
    "p99_tpot_ms": 12.096476177457145,
    "p99_e2e_ms": 12403.327988944948
  },
  "throughput": {
    "requests_per_sec": 1.4693985867707928,
    "tokens_per_sec": 1128.498114639969
  },
  "success_rate": 100.0,
  "total_requests": 40,
  "failed_requests": 0,
  "duration_sec": 27.2220215536654,
  "timestamp": "2026-01-19T00:52:05.345980",
  "error": null
}