{
  "config": "2R_1P_1D",
  "workload": "large_huge_paste",
  "qps": 1,
  "turn1": {
    "count": 7,
    "avg_ttft_ms": 97.69103888954434,
    "avg_tpot_ms": 8.41897641575348,
    "avg_e2e_ms": 8710.303912205356,
    "p50_ttft_ms": 120.22561579942703,
    "p50_tpot_ms": 8.30993720513285,
    "p50_e2e_ms": 8632.1424767375,
    "p99_ttft_ms": 130.86044043302536,
    "p99_tpot_ms": 9.252543222825548,
    "p99_e2e_ms": 9530.642024055123
  },
  "turn2": {
    "count": 7,
    "avg_ttft_ms": 136.8905854012285,
    "avg_tpot_ms": 7.907831929795753,
    "avg_e2e_ms": 382.0333752248968,
    "p50_ttft_ms": 143.4098817408085,
    "p50_tpot_ms": 7.663138330944123,
    "p50_e2e_ms": 379.14351373910904,
    "p99_ttft_ms": 185.71496687829492,
    "p99_tpot_ms": 8.655475772196247,
    "p99_e2e_ms": 424.3900454044342
  },
  "average": {
    "count": 14,
    "avg_ttft_ms": 117.29081214538643,
    "avg_tpot_ms": 8.163404172774616,
    "avg_e2e_ms": 4546.168643715127,
    "p50_ttft_ms": 124.048275873065,
    "p50_tpot_ms": 8.296583654433634,
    "p50_e2e_ms": 4403.614839538932,
    "p99_ttft_ms": 183.6332235857844,
    "p99_tpot_ms": 9.225333482573284,
    "p99_e2e_ms": 9466.584028117359
  },
  "throughput": {
    "requests_per_sec": 0.8372650996181196,
    "tokens_per_sec": 442.0759725983671
  },
  "success_rate": 100.0,
  "total_requests": 14,
  "failed_requests": 0,
  "duration_sec": 16.721107814460993,
  "timestamp": "2026-01-19T01:33:20.921862",
  "error": null
}