{
  "config": "2R_1P_1D",
  "workload": "large_big_paste",
  "qps": 16,
  "turn1": {
    "count": 151,
    "avg_ttft_ms": 12336.407271910779,
    "avg_tpot_ms": 13.084711541026804,
    "avg_e2e_ms": 25722.0671783812,
    "p50_ttft_ms": 10155.110314488411,
    "p50_tpot_ms": 10.250728406223267,
    "p50_e2e_ms": 27350.30398890376,
    "p99_ttft_ms": 28100.701859220862,
    "p99_tpot_ms": 20.982648270570635,
    "p99_e2e_ms": 44316.768223419785
  },
  "turn2": {
    "count": 151,
    "avg_ttft_ms": 176.9620520833707,
    "avg_tpot_ms": 14.518952092123898,
    "avg_e2e_ms": 1091.6560338871764,
    "p50_ttft_ms": 156.1848744750023,
    "p50_tpot_ms": 10.771431856685215,
    "p50_e2e_ms": 829.626776278019,
    "p99_ttft_ms": 525.6277807056904,
    "p99_tpot_ms": 39.66192407385697,
    "p99_e2e_ms": 2934.7619246691465
  },
  "average": {
    "count": 302,
    "avg_ttft_ms": 6256.684661997075,
    "avg_tpot_ms": 13.801831816575351,
    "avg_e2e_ms": 13406.861606134187,
    "p50_ttft_ms": 190.05819968879223,
    "p50_tpot_ms": 10.5411106638112,
    "p50_e2e_ms": 6483.179960399866,
    "p99_ttft_ms": 28048.905508182943,
    "p99_tpot_ms": 36.79126341901131,
    "p99_e2e_ms": 44241.70631028712
  },
  "throughput": {
    "requests_per_sec": 5.520975101812766,
    "tokens_per_sec": 3003.410455386145
  },
  "success_rate": 100.0,
  "total_requests": 302,
  "failed_requests": 0,
  "duration_sec": 54.70048214867711,
  "timestamp": "2026-01-19T01:31:27.741258",
  "error": null
}