{
  "config": "2R_1P_1D",
  "workload": "large_mid_bal",
  "qps": 6,
  "turn1": {
    "count": 60,
    "avg_ttft_ms": 941.6153096904358,
    "avg_tpot_ms": 11.84968094569963,
    "avg_e2e_ms": 13063.83891714116,
    "p50_ttft_ms": 136.60814985632896,
    "p50_tpot_ms": 10.167146214481557,
    "p50_e2e_ms": 10630.993718281388,
    "p99_ttft_ms": 5763.877647072076,
    "p99_tpot_ms": 16.25607967704447,
    "p99_e2e_ms": 20311.535424776375
  },
  "turn2": {
    "count": 60,
    "avg_ttft_ms": 123.39689799894889,
    "avg_tpot_ms": 11.914127559603982,
    "avg_e2e_ms": 1636.4910980686545,
    "p50_ttft_ms": 122.4923636764288,
    "p50_tpot_ms": 10.484835822281877,
    "p50_e2e_ms": 1437.18733638525,
    "p99_ttft_ms": 256.29790320992464,
    "p99_tpot_ms": 20.720086584938322,
    "p99_e2e_ms": 2793.9305264875293
  },
  "average": {
    "count": 120,
    "avg_ttft_ms": 532.5061038446923,
    "avg_tpot_ms": 11.88190425265181,
    "avg_e2e_ms": 7350.165007604907,
    "p50_ttft_ms": 132.34749250113964,
    "p50_tpot_ms": 10.193125682565242,
    "p50_e2e_ms": 6212.32632547617,
    "p99_ttft_ms": 5661.116881221533,
    "p99_tpot_ms": 20.457939847013144,
    "p99_e2e_ms": 20186.62294086069
  },
  "throughput": {
    "requests_per_sec": 3.9648697661124417,
    "tokens_per_sec": 2283.7649852807663
  },
  "success_rate": 100.0,
  "total_requests": 120,
  "failed_requests": 0,
  "duration_sec": 30.265811257064342,
  "timestamp": "2026-01-19T01:16:55.477131",
  "error": null
}