{
  "config": "2R_1P_1D",
  "workload": "large_big_paste",
  "qps": 2,
  "turn1": {
    "count": 20,
    "avg_ttft_ms": 96.20860386639833,
    "avg_tpot_ms": 9.294741889889753,
    "avg_e2e_ms": 9604.729557223618,
    "p50_ttft_ms": 90.28428606688976,
    "p50_tpot_ms": 8.808540391534537,
    "p50_e2e_ms": 9084.27563495934,
    "p99_ttft_ms": 143.04331228137016,
    "p99_tpot_ms": 11.202539526661702,
    "p99_e2e_ms": 11554.374264739454
  },
  "turn2": {
    "count": 20,
    "avg_ttft_ms": 138.02555315196514,
    "avg_tpot_ms": 9.335211087905225,
    "avg_e2e_ms": 726.1438516899943,
    "p50_ttft_ms": 143.90263333916664,
    "p50_tpot_ms": 9.03486723582896,
    "p50_e2e_ms": 697.7947931736708,
    "p99_ttft_ms": 286.2222608551383,
    "p99_tpot_ms": 11.603714081621359,
    "p99_e2e_ms": 1016.2041171640158
  },
  "average": {
    "count": 40,
    "avg_ttft_ms": 117.11707850918174,
    "avg_tpot_ms": 9.31497648889749,
    "avg_e2e_ms": 5165.436704456806,
    "p50_ttft_ms": 113.32832090556622,
    "p50_tpot_ms": 8.821663402115611,
    "p50_e2e_ms": 4961.315024644136,
    "p99_ttft_ms": 285.88286381214857,
    "p99_tpot_ms": 11.52097894381436,
    "p99_e2e_ms": 11551.662361435592
  },
  "throughput": {
    "requests_per_sec": 2.0238615559933217,
    "tokens_per_sec": 1100.980686460367
  },
  "success_rate": 100.0,
  "total_requests": 40,
  "failed_requests": 0,
  "duration_sec": 19.76419774442911,
  "timestamp": "2026-01-19T01:27:43.057857",
  "error": null
}