{
  "config": "2R_1P_1D",
  "workload": "small_short_gen",
  "qps": 20,
  "turn1": {
    "count": 172,
    "avg_ttft_ms": 1343.639477264396,
    "avg_tpot_ms": 10.133291527661642,
    "avg_e2e_ms": 2630.5675012774245,
    "p50_ttft_ms": 1042.835295200348,
    "p50_tpot_ms": 9.558187445669663,
    "p50_e2e_ms": 2299.8889051377773,
    "p99_ttft_ms": 3563.596939817071,
    "p99_tpot_ms": 12.93172347469358,
    "p99_e2e_ms": 4917.16009389609
  },
  "turn2": {
    "count": 172,
    "avg_ttft_ms": 71.28582013294448,
    "avg_tpot_ms": 10.13899151663896,
    "avg_e2e_ms": 2656.728656875879,
    "p50_ttft_ms": 48.51696640253067,
    "p50_tpot_ms": 9.504415562339858,
    "p50_e2e_ms": 2502.381522208452,
    "p99_ttft_ms": 214.8983110859988,
    "p99_tpot_ms": 12.858538952236081,
    "p99_e2e_ms": 3331.0883882641792
  },
  "average": {
    "count": 344,
    "avg_ttft_ms": 707.4626486986703,
    "avg_tpot_ms": 10.136141522150302,
    "avg_e2e_ms": 2643.648079076652,
    "p50_ttft_ms": 99.53495301306248,
    "p50_tpot_ms": 9.522952731098863,
    "p50_e2e_ms": 2489.177880808711,
    "p99_ttft_ms": 3518.8678470253944,
    "p99_tpot_ms": 12.923313170730129,
    "p99_e2e_ms": 4884.979032017291
  },
  "throughput": {
    "requests_per_sec": 19.744395510098162,
    "tokens_per_sec": 3790.9239379388473
  },
  "success_rate": 100.0,
  "total_requests": 344,
  "failed_requests": 0,
  "duration_sec": 17.42266557738185,
  "timestamp": "2026-01-19T00:20:26.578633",
  "error": null
}