{
  "config": "2R_1P_1D",
  "workload": "small_tiny",
  "qps": 6,
  "turn1": {
    "count": 58,
    "avg_ttft_ms": 50.58657801870642,
    "avg_tpot_ms": 8.696182553324885,
    "avg_e2e_ms": 1155.001762290967,
    "p50_ttft_ms": 34.60360690951347,
    "p50_tpot_ms": 8.23908217075303,
    "p50_e2e_ms": 1146.327467635274,
    "p99_ttft_ms": 157.27692164480686,
    "p99_tpot_ms": 10.165763402900359,
    "p99_e2e_ms": 1325.6423022598028
  },
  "turn2": {
    "count": 58,
    "avg_ttft_ms": 50.04688975369108,
    "avg_tpot_ms": 8.817929070074115,
    "avg_e2e_ms": 323.4026909259887,
    "p50_ttft_ms": 34.3832653015852,
    "p50_tpot_ms": 8.490766008054056,
    "p50_e2e_ms": 325.44458098709583,
    "p99_ttft_ms": 156.71913810074327,
    "p99_tpot_ms": 10.636598425767113,
    "p99_e2e_ms": 424.0694312378764
  },
  "average": {
    "count": 116,
    "avg_ttft_ms": 50.31673388619875,
    "avg_tpot_ms": 8.757055811699502,
    "avg_e2e_ms": 739.2022266084778,
    "p50_ttft_ms": 34.60360690951347,
    "p50_tpot_ms": 8.40863797663204,
    "p50_e2e_ms": 746.9768282026052,
    "p99_ttft_ms": 175.39935223758195,
    "p99_tpot_ms": 10.434965651121832,
    "p99_e2e_ms": 1323.5319582745433
  },
  "throughput": {
    "requests_per_sec": 10.252123583703634,
    "tokens_per_sec": 820.1698866962907
  },
  "success_rate": 100.0,
  "total_requests": 116,
  "failed_requests": 0,
  "duration_sec": 11.314728997647762,
  "timestamp": "2026-01-19T00:17:04.502092",
  "error": null
}