{
  "config": "2R_1P_1D",
  "workload": "small_mid_paste",
  "qps": 8,
  "turn1": {
    "count": 80,
    "avg_ttft_ms": 63.5294184088707,
    "avg_tpot_ms": 9.402843671080868,
    "avg_e2e_ms": 1257.690564636141,
    "p50_ttft_ms": 41.364340111613274,
    "p50_tpot_ms": 8.649515310727704,
    "p50_e2e_ms": 1199.5418388396502,
    "p99_ttft_ms": 193.3407751843333,
    "p99_tpot_ms": 13.554531481909,
    "p99_e2e_ms": 1758.4132065623999
  },
  "turn2": {
    "count": 80,
    "avg_ttft_ms": 72.01069630682468,
    "avg_tpot_ms": 9.673397869817794,
    "avg_e2e_ms": 681.4347621053457,
    "p50_ttft_ms": 61.912788078188896,
    "p50_tpot_ms": 8.68815275293494,
    "p50_e2e_ms": 647.5616488605738,
    "p99_ttft_ms": 173.66941660642618,
    "p99_tpot_ms": 14.601433634876255,
    "p99_e2e_ms": 996.7537743598222
  },
  "average": {
    "count": 160,
    "avg_ttft_ms": 67.77005735784769,
    "avg_tpot_ms": 9.53812077044933,
    "avg_e2e_ms": 969.5626633707434,
    "p50_ttft_ms": 51.729997619986534,
    "p50_tpot_ms": 8.681464749179458,
    "p50_e2e_ms": 1033.1818722188473,
    "p99_ttft_ms": 186.59718602895734,
    "p99_tpot_ms": 14.335839481699088,
    "p99_e2e_ms": 1755.0420996546745
  },
  "throughput": {
    "requests_per_sec": 15.031280448286466,
    "tokens_per_sec": 1443.0029230355008
  },
  "success_rate": 100.0,
  "total_requests": 160,
  "failed_requests": 0,
  "duration_sec": 10.6444690823555,
  "timestamp": "2026-01-19T00:33:48.320551",
  "error": null
}