{
  "config": "2R_1P_1D",
  "workload": "small_huge_paste",
  "qps": 12,
  "turn1": {
    "count": 120,
    "avg_ttft_ms": 82.62620065361261,
    "avg_tpot_ms": 11.336816298064049,
    "avg_e2e_ms": 1522.401870507747,
    "p50_ttft_ms": 60.44957973062992,
    "p50_tpot_ms": 9.565197826018483,
    "p50_e2e_ms": 1367.0361656695604,
    "p99_ttft_ms": 276.51351816952234,
    "p99_tpot_ms": 19.364026501246798,
    "p99_e2e_ms": 2509.4831677153707
  },
  "turn2": {
    "count": 120,
    "avg_ttft_ms": 122.33431907370687,
    "avg_tpot_ms": 11.408300363328506,
    "avg_e2e_ms": 475.99163033689064,
    "p50_ttft_ms": 118.86281333863735,
    "p50_tpot_ms": 9.733703708456408,
    "p50_e2e_ms": 411.88307106494904,
    "p99_ttft_ms": 275.0697843357921,
    "p99_tpot_ms": 23.82753526371333,
    "p99_e2e_ms": 953.4046050161126
  },
  "average": {
    "count": 240,
    "avg_ttft_ms": 102.48025986365974,
    "avg_tpot_ms": 11.372558330696279,
    "avg_e2e_ms": 999.1967504223188,
    "p50_ttft_ms": 85.0557703524828,
    "p50_tpot_ms": 9.725271453780513,
    "p50_e2e_ms": 1009.8312441259623,
    "p99_ttft_ms": 279.34130121022463,
    "p99_tpot_ms": 22.87617548939679,
    "p99_e2e_ms": 2446.330773830414
  },
  "throughput": {
    "requests_per_sec": 20.218784975125804,
    "tokens_per_sec": 1617.5027980100645
  },
  "success_rate": 100.0,
  "total_requests": 240,
  "failed_requests": 0,
  "duration_sec": 11.870149482041597,
  "timestamp": "2026-01-19T00:38:02.646667",
  "error": null
}