{
  "config": "2R_1P_1D",
  "workload": "large_big_paste",
  "qps": 4,
  "turn1": {
    "count": 32,
    "avg_ttft_ms": 107.34373680315912,
    "avg_tpot_ms": 9.770682902177313,
    "avg_e2e_ms": 10102.75234573055,
    "p50_ttft_ms": 117.5686176866293,
    "p50_tpot_ms": 9.59583688509138,
    "p50_e2e_ms": 9955.74382133782,
    "p99_ttft_ms": 160.48694100230935,
    "p99_tpot_ms": 11.66366611287828,
    "p99_e2e_ms": 12061.066176891327
  },
  "turn2": {
    "count": 32,
    "avg_ttft_ms": 138.19122884888202,
    "avg_tpot_ms": 9.594020847645073,
    "avg_e2e_ms": 742.6145422505215,
    "p50_ttft_ms": 135.20044088363647,
    "p50_tpot_ms": 9.677260434107176,
    "p50_e2e_ms": 733.5219569504261,
    "p99_ttft_ms": 279.4771869853139,
    "p99_tpot_ms": 11.575679722286406,
    "p99_e2e_ms": 1005.4067712649704
  },
  "average": {
    "count": 64,
    "avg_ttft_ms": 122.76748282602057,
    "avg_tpot_ms": 9.682351874911191,
    "avg_e2e_ms": 5422.683443990536,
    "p50_ttft_ms": 122.78054282069206,
    "p50_tpot_ms": 9.616999226901772,
    "p50_e2e_ms": 5110.670600086451,
    "p99_ttft_ms": 278.6682601645589,
    "p99_tpot_ms": 11.720167573979948,
    "p99_e2e_ms": 12054.035551548004
  },
  "throughput": {
    "requests_per_sec": 2.951218655904479,
    "tokens_per_sec": 1605.4629488120365
  },
  "success_rate": 100.0,
  "total_requests": 64,
  "failed_requests": 0,
  "duration_sec": 21.685956705361605,
  "timestamp": "2026-01-19T01:28:04.784006",
  "error": null
}