{
  "config": "2R_1P_1D",
  "workload": "large_mid_paste",
  "qps": 4,
  "turn1": {
    "count": 31,
    "avg_ttft_ms": 119.9238005905382,
    "avg_tpot_ms": 10.23297662676796,
    "avg_e2e_ms": 10588.25888977416,
    "p50_ttft_ms": 125.47441944479942,
    "p50_tpot_ms": 9.440261870622635,
    "p50_e2e_ms": 9810.225822031498,
    "p99_ttft_ms": 187.34776303172112,
    "p99_tpot_ms": 12.603896365064912,
    "p99_e2e_ms": 13014.27303738892
  },
  "turn2": {
    "count": 31,
    "avg_ttft_ms": 115.09157897483918,
    "avg_tpot_ms": 9.828029621031975,
    "avg_e2e_ms": 734.2574450998537,
    "p50_ttft_ms": 136.99804991483688,
    "p50_tpot_ms": 9.480617526504728,
    "p50_e2e_ms": 717.9006338119507,
    "p99_ttft_ms": 169.51908618211746,
    "p99_tpot_ms": 12.911562976383028,
    "p99_e2e_ms": 929.9753434956074
  },
  "average": {
    "count": 62,
    "avg_ttft_ms": 117.5076897826887,
    "avg_tpot_ms": 10.030503123899969,
    "avg_e2e_ms": 5661.258167437008,
    "p50_ttft_ms": 126.56606920063496,
    "p50_tpot_ms": 9.453054277166244,
    "p50_e2e_ms": 4973.471807315946,
    "p99_ttft_ms": 183.85698661208153,
    "p99_tpot_ms": 12.88961647048829,
    "p99_e2e_ms": 13005.89385446161
  },
  "throughput": {
    "requests_per_sec": 2.710891529211075,
    "tokens_per_sec": 1474.7249918908249
  },
  "success_rate": 100.0,
  "total_requests": 62,
  "failed_requests": 0,
  "duration_sec": 22.87070483341813,
  "timestamp": "2026-01-19T01:22:22.155115",
  "error": null
}