{
  "config": "2R_1P_1D",
  "workload": "large_huge_paste",
  "qps": 10,
  "turn1": {
    "count": 100,
    "avg_ttft_ms": 5819.291225150228,
    "avg_tpot_ms": 13.48351984917535,
    "avg_e2e_ms": 19612.93203085661,
    "p50_ttft_ms": 3121.4742846786976,
    "p50_tpot_ms": 11.005659963669782,
    "p50_e2e_ms": 19576.770523563027,
    "p99_ttft_ms": 16101.42950180918,
    "p99_tpot_ms": 21.275259719784657,
    "p99_e2e_ms": 34227.680495232344
  },
  "turn2": {
    "count": 100,
    "avg_ttft_ms": 220.25434385985136,
    "avg_tpot_ms": 17.35912041918885,
    "avg_e2e_ms": 758.3870768547058,
    "p50_ttft_ms": 167.68141649663448,
    "p50_tpot_ms": 10.899812884388432,
    "p50_e2e_ms": 484.3724351376295,
    "p99_ttft_ms": 761.6745845973495,
    "p99_tpot_ms": 56.11540494186271,
    "p99_e2e_ms": 2402.92899094522
  },
  "average": {
    "count": 200,
    "avg_ttft_ms": 3019.7727845050395,
    "avg_tpot_ms": 15.421320134182102,
    "avg_e2e_ms": 10185.659553855658,
    "p50_ttft_ms": 178.51021327078342,
    "p50_tpot_ms": 10.950321610197644,
    "p50_e2e_ms": 5858.862932771444,
    "p99_ttft_ms": 16094.276122897863,
    "p99_tpot_ms": 54.45713568358651,
    "p99_e2e_ms": 34146.7739103362
  },
  "throughput": {
    "requests_per_sec": 4.751200582793431,
    "tokens_per_sec": 2508.633907714932
  },
  "success_rate": 100.0,
  "total_requests": 200,
  "failed_requests": 0,
  "duration_sec": 42.09462356194854,
  "timestamp": "2026-01-19T01:35:49.220353",
  "error": null
}