{
  "config": "2R_1P_1D",
  "workload": "small_big_paste",
  "qps": 6,
  "turn1": {
    "count": 60,
    "avg_ttft_ms": 54.28379811346531,
    "avg_tpot_ms": 9.558148059769097,
    "avg_e2e_ms": 1268.1686017041404,
    "p50_ttft_ms": 39.52440433204174,
    "p50_tpot_ms": 8.683718726273597,
    "p50_e2e_ms": 1163.1230395287275,
    "p99_ttft_ms": 119.13269579410553,
    "p99_tpot_ms": 13.496039720970813,
    "p99_e2e_ms": 1804.7192535921931
  },
  "turn2": {
    "count": 60,
    "avg_ttft_ms": 84.18924131741126,
    "avg_tpot_ms": 9.483577770294337,
    "avg_e2e_ms": 681.6546408459544,
    "p50_ttft_ms": 62.40633316338062,
    "p50_tpot_ms": 8.810349932265659,
    "p50_e2e_ms": 655.0404634326696,
    "p99_ttft_ms": 171.6314640641212,
    "p99_tpot_ms": 14.19273184228038,
    "p99_e2e_ms": 956.9100975990294
  },
  "average": {
    "count": 120,
    "avg_ttft_ms": 69.23651971543829,
    "avg_tpot_ms": 9.520862915031717,
    "avg_e2e_ms": 974.9116212750474,
    "p50_ttft_ms": 54.63235080242157,
    "p50_tpot_ms": 8.709638911116542,
    "p50_e2e_ms": 994.2395873367786,
    "p99_ttft_ms": 163.44956133514643,
    "p99_tpot_ms": 13.981125099909686,
    "p99_e2e_ms": 1788.960573412478
  },
  "throughput": {
    "requests_per_sec": 10.03822236719657,
    "tokens_per_sec": 963.6693472508706
  },
  "success_rate": 100.0,
  "total_requests": 120,
  "failed_requests": 0,
  "duration_sec": 11.954307805746794,
  "timestamp": "2026-01-19T00:35:34.421894",
  "error": null
}