{
  "config": "2R_1P_1D",
  "workload": "large_very_long_gen",
  "qps": 6,
  "turn1": {
    "count": 57,
    "avg_ttft_ms": 1764.8171583811443,
    "avg_tpot_ms": 13.052966213137285,
    "avg_e2e_ms": 15118.001594420588,
    "p50_ttft_ms": 137.83305510878563,
    "p50_tpot_ms": 10.897535116995302,
    "p50_e2e_ms": 11340.289313346148,
    "p99_ttft_ms": 14169.823565930128,
    "p99_tpot_ms": 18.774866036131233,
    "p99_e2e_ms": 32821.572210639715
  },
  "turn2": {
    "count": 57,
    "avg_ttft_ms": 130.0356409659511,
    "avg_tpot_ms": 13.424183811108666,
    "avg_e2e_ms": 13862.975679730114,
    "p50_ttft_ms": 120.25657668709755,
    "p50_tpot_ms": 11.464828310328611,
    "p50_e2e_ms": 11827.11673900485,
    "p99_ttft_ms": 314.02960270643234,
    "p99_tpot_ms": 19.63427969277313,
    "p99_e2e_ms": 20250.999832451344
  },
  "average": {
    "count": 114,
    "avg_ttft_ms": 947.4263996735476,
    "avg_tpot_ms": 13.238575012122972,
    "avg_e2e_ms": 14490.48863707535,
    "p50_ttft_ms": 129.80568036437035,
    "p50_tpot_ms": 11.341084421176248,
    "p50_e2e_ms": 11793.379850685596,
    "p99_ttft_ms": 14126.512435227633,
    "p99_tpot_ms": 19.558302045218056,
    "p99_e2e_ms": 32599.684185273953
  },
  "throughput": {
    "requests_per_sec": 2.0906734150034385,
    "tokens_per_sec": 2140.849576963521
  },
  "success_rate": 100.0,
  "total_requests": 114,
  "failed_requests": 0,
  "duration_sec": 54.52788521721959,
  "timestamp": "2026-01-19T01:01:43.094897",
  "error": null
}