{
  "config": "2R_1P_1D",
  "workload": "large_big_paste",
  "qps": 8,
  "turn1": {
    "count": 69,
    "avg_ttft_ms": 1625.0277269577634,
    "avg_tpot_ms": 12.28292940167665,
    "avg_e2e_ms": 14190.464504872974,
    "p50_ttft_ms": 132.0078708231449,
    "p50_tpot_ms": 11.277067255618402,
    "p50_e2e_ms": 14569.873623549938,
    "p99_ttft_ms": 6785.927879810333,
    "p99_tpot_ms": 16.56315943071453,
    "p99_e2e_ms": 21934.054630547762
  },
  "turn2": {
    "count": 68,
    "avg_ttft_ms": 125.5568294402431,
    "avg_tpot_ms": 11.613538952233021,
    "avg_e2e_ms": 857.2097834309234,
    "p50_ttft_ms": 119.53523941338062,
    "p50_tpot_ms": 10.884178979765801,
    "p50_e2e_ms": 787.701778113842,
    "p99_ttft_ms": 259.3462485074997,
    "p99_tpot_ms": 20.242103726736133,
    "p99_e2e_ms": 1445.23219268769
  },
  "average": {
    "count": 137,
    "avg_ttft_ms": 880.7647997227898,
    "avg_tpot_ms": 11.950677207792221,
    "avg_e2e_ms": 7572.498657733855,
    "p50_ttft_ms": 129.92000207304955,
    "p50_tpot_ms": 11.162947531960693,
    "p50_e2e_ms": 9289.534144103527,
    "p99_ttft_ms": 6722.205353975294,
    "p99_tpot_ms": 19.557688427822924,
    "p99_e2e_ms": 21797.85877615213
  },
  "throughput": {
    "requests_per_sec": 4.310179264911941,
    "tokens_per_sec": 2359.8388781205463
  },
  "success_rate": 99.27536231884058,
  "total_requests": 138,
  "failed_requests": 1,
  "duration_sec": 31.78522088751197,
  "timestamp": "2026-01-19T01:29:05.561576",
  "error": "Server disconnected"
}