{
  "config": "2R_1P_1D",
  "workload": "large_very_long_gen",
  "qps": 0.5,
  "turn1": {
    "count": 3,
    "avg_ttft_ms": 82.34395583470662,
    "avg_tpot_ms": 8.06992595336188,
    "avg_e2e_ms": 8337.878206123909,
    "p50_ttft_ms": 59.946123510599136,
    "p50_tpot_ms": 7.698767488041232,
    "p50_e2e_ms": 7935.785263776779,
    "p99_ttft_ms": 128.4103511273861,
    "p99_tpot_ms": 8.934760391420866,
    "p99_e2e_ms": 9197.591403350234
  },
  "turn2": {
    "count": 3,
    "avg_ttft_ms": 81.79141829411189,
    "avg_tpot_ms": 8.283888961805431,
    "avg_e2e_ms": 8556.20982622107,
    "p50_ttft_ms": 91.10846742987633,
    "p50_tpot_ms": 7.629944009748256,
    "p50_e2e_ms": 7842.674322426319,
    "p99_ttft_ms": 116.50587260723114,
    "p99_tpot_ms": 9.78953729430077,
    "p99_e2e_ms": 10104.727782160044
  },
  "average": {
    "count": 6,
    "avg_ttft_ms": 82.06768706440926,
    "avg_tpot_ms": 8.176907457583654,
    "avg_e2e_ms": 8447.04401617249,
    "p50_ttft_ms": 75.52729547023773,
    "p50_tpot_ms": 7.664355748894744,
    "p50_e2e_ms": 7895.146034657955,
    "p99_ttft_ms": 129.16841059923172,
    "p99_tpot_ms": 9.789929332126038,
    "p99_e2e_ms": 10104.514659009874
  },
  "throughput": {
    "requests_per_sec": 0.21193307705743347,
    "tokens_per_sec": 217.01947090681188
  },
  "success_rate": 100.0,
  "total_requests": 6,
  "failed_requests": 0,
  "duration_sec": 28.310823790729046,
  "timestamp": "2026-01-19T00:59:14.690784",
  "error": null
}