{
  "config": "2R_1P_1D",
  "workload": "large_small_bal",
  "qps": 8,
  "turn1": {
    "count": 76,
    "avg_ttft_ms": 1980.776382365117,
    "avg_tpot_ms": 12.331315612757473,
    "avg_e2e_ms": 14595.712254216012,
    "p50_ttft_ms": 174.62103255093098,
    "p50_tpot_ms": 11.460354748315826,
    "p50_e2e_ms": 12807.328592985868,
    "p99_ttft_ms": 7012.231113389134,
    "p99_tpot_ms": 16.6823998610703,
    "p99_e2e_ms": 22854.407830163836
  },
  "turn2": {
    "count": 76,
    "avg_ttft_ms": 141.56544894764298,
    "avg_tpot_ms": 12.532914963021017,
    "avg_e2e_ms": 931.139091617967,
    "p50_ttft_ms": 141.2025671452284,
    "p50_tpot_ms": 11.600134716857047,
    "p50_e2e_ms": 905.2232820540667,
    "p99_ttft_ms": 339.3779983744025,
    "p99_tpot_ms": 20.58914052470336,
    "p99_e2e_ms": 1496.992045082152
  },
  "average": {
    "count": 152,
    "avg_ttft_ms": 1061.17091565638,
    "avg_tpot_ms": 12.432115287889244,
    "avg_e2e_ms": 7763.425672916989,
    "p50_ttft_ms": 155.32748773694038,
    "p50_tpot_ms": 11.493640333661702,
    "p50_e2e_ms": 5425.8105251938105,
    "p99_ttft_ms": 6919.9550845101485,
    "p99_tpot_ms": 20.17166575801278,
    "p99_e2e_ms": 22776.47307511419
  },
  "throughput": {
    "requests_per_sec": 4.550745714950604,
    "tokens_per_sec": 2475.6056689331285
  },
  "success_rate": 100.0,
  "total_requests": 152,
  "failed_requests": 0,
  "duration_sec": 33.40111918374896,
  "timestamp": "2026-01-19T01:11:20.802398",
  "error": null
}