{
  "config": "2R_1P_1D",
  "workload": "large_small_bal",
  "qps": 6,
  "turn1": {
    "count": 54,
    "avg_ttft_ms": 256.47833957164374,
    "avg_tpot_ms": 11.348428889668842,
    "avg_e2e_ms": 11865.921093702867,
    "p50_ttft_ms": 119.67492662370205,
    "p50_tpot_ms": 10.301484709072088,
    "p50_e2e_ms": 10654.099714010954,
    "p99_ttft_ms": 2211.9916270300746,
    "p99_tpot_ms": 14.936419637038036,
    "p99_e2e_ms": 16603.956237360835
  },
  "turn2": {
    "count": 54,
    "avg_ttft_ms": 108.00723027851846,
    "avg_tpot_ms": 10.926758734698788,
    "avg_e2e_ms": 796.3930305645422,
    "p50_ttft_ms": 93.90943683683872,
    "p50_tpot_ms": 10.360946908356652,
    "p50_e2e_ms": 762.2467130422592,
    "p99_ttft_ms": 240.03136739134789,
    "p99_tpot_ms": 17.156342553004382,
    "p99_e2e_ms": 1237.1065346524117
  },
  "average": {
    "count": 108,
    "avg_ttft_ms": 182.2427849250811,
    "avg_tpot_ms": 11.137593812183813,
    "avg_e2e_ms": 6331.157062133705,
    "p50_ttft_ms": 117.88264103233814,
    "p50_tpot_ms": 10.304141725340973,
    "p50_e2e_ms": 5317.398821935058,
    "p99_ttft_ms": 2190.883423797785,
    "p99_tpot_ms": 15.854142551857326,
    "p99_e2e_ms": 16462.53845289349
  },
  "throughput": {
    "requests_per_sec": 4.108453831942931,
    "tokens_per_sec": 2234.9988845769544
  },
  "success_rate": 100.0,
  "total_requests": 108,
  "failed_requests": 0,
  "duration_sec": 26.287261441349983,
  "timestamp": "2026-01-19T01:10:47.358730",
  "error": null
}