{
  "config": "2R_1P_1D",
  "workload": "small_big_paste",
  "qps": 0.5,
  "turn1": {
    "count": 4,
    "avg_ttft_ms": 50.87449587881565,
    "avg_tpot_ms": 7.809663726764871,
    "avg_e2e_ms": 1042.7017891779542,
    "p50_ttft_ms": 32.360414043068886,
    "p50_tpot_ms": 7.817087123009164,
    "p50_e2e_ms": 1025.6950501352549,
    "p99_ttft_ms": 105.97455210983752,
    "p99_tpot_ms": 7.835694330297117,
    "p99_e2e_ms": 1100.0223208591342
  },
  "turn2": {
    "count": 4,
    "avg_ttft_ms": 72.29622825980186,
    "avg_tpot_ms": 7.779011000243445,
    "avg_e2e_ms": 562.3739212751389,
    "p50_ttft_ms": 53.86837758123875,
    "p50_tpot_ms": 7.82054207391209,
    "p50_e2e_ms": 544.2233309149742,
    "p99_ttft_ms": 133.41509617865083,
    "p99_tpot_ms": 7.95575158463584,
    "p99_e2e_ms": 626.0643637552857
  },
  "average": {
    "count": 8,
    "avg_ttft_ms": 61.58536206930876,
    "avg_tpot_ms": 7.794337363504158,
    "avg_e2e_ms": 802.5378552265465,
    "p50_ttft_ms": 47.14405909180641,
    "p50_tpot_ms": 7.82054207391209,
    "p50_e2e_ms": 822.7781523019075,
    "p99_ttft_ms": 133.7878067791462,
    "p99_tpot_ms": 7.951250212161582,
    "p99_e2e_ms": 1097.0163359865546
  },
  "throughput": {
    "requests_per_sec": 0.8475413502924963,
    "tokens_per_sec": 81.36396962807966
  },
  "success_rate": 100.0,
  "total_requests": 8,
  "failed_requests": 0,
  "duration_sec": 9.439067482948303,
  "timestamp": "2026-01-19T00:34:50.861546",
  "error": null
}