{
  "config": "2R_1P_1D",
  "workload": "small_small_bal",
  "qps": 4,
  "turn1": {
    "count": 40,
    "avg_ttft_ms": 53.84665774181485,
    "avg_tpot_ms": 8.95411406064362,
    "avg_e2e_ms": 1191.0191434435546,
    "p50_ttft_ms": 35.55372357368469,
    "p50_tpot_ms": 8.267796180379673,
    "p50_e2e_ms": 1124.2127250880003,
    "p99_ttft_ms": 131.81799013167617,
    "p99_tpot_ms": 11.296247784488314,
    "p99_e2e_ms": 1465.850499421358
  },
  "turn2": {
    "count": 40,
    "avg_ttft_ms": 47.64094380661845,
    "avg_tpot_ms": 9.011492397754438,
    "avg_e2e_ms": 615.3649648651481,
    "p50_ttft_ms": 37.33101300895214,
    "p50_tpot_ms": 8.375966034474828,
    "p50_e2e_ms": 606.3891667872667,
    "p99_ttft_ms": 103.71385663747787,
    "p99_tpot_ms": 11.32142891013433,
    "p99_e2e_ms": 762.8080667182803
  },
  "average": {
    "count": 80,
    "avg_ttft_ms": 50.74380077421665,
    "avg_tpot_ms": 8.98280322919903,
    "avg_e2e_ms": 903.1920541543514,
    "p50_ttft_ms": 36.67541407048702,
    "p50_tpot_ms": 8.314655404624052,
    "p50_e2e_ms": 902.7835726737976,
    "p99_ttft_ms": 120.22713828831893,
    "p99_tpot_ms": 11.351980028229121,
    "p99_e2e_ms": 1464.2745764553547
  },
  "throughput": {
    "requests_per_sec": 7.945057599679198,
    "tokens_per_sec": 762.725529569203
  },
  "success_rate": 100.0,
  "total_requests": 80,
  "failed_requests": 0,
  "duration_sec": 10.069152928888798,
  "timestamp": "2026-01-19T00:29:24.988897",
  "error": null
}