{
  "config": "2R_1P_1D",
  "workload": "small_huge_paste",
  "qps": 0.5,
  "turn1": {
    "count": 5,
    "avg_ttft_ms": 59.77407395839691,
    "avg_tpot_ms": 8.275208211555256,
    "avg_e2e_ms": 1110.7255168259144,
    "p50_ttft_ms": 43.99636387825012,
    "p50_tpot_ms": 7.9666294861496905,
    "p50_e2e_ms": 1101.6773581504822,
    "p99_ttft_ms": 96.58366695046425,
    "p99_tpot_ms": 9.178771462262146,
    "p99_e2e_ms": 1201.8340587615967
  },
  "turn2": {
    "count": 5,
    "avg_ttft_ms": 92.55659133195877,
    "avg_tpot_ms": 8.371040946052918,
    "avg_e2e_ms": 352.0588606595993,
    "p50_ttft_ms": 92.82645955681801,
    "p50_tpot_ms": 8.030909083543285,
    "p50_e2e_ms": 372.45216965675354,
    "p99_ttft_ms": 123.37188363075256,
    "p99_tpot_ms": 9.643897111377408,
    "p99_e2e_ms": 392.8918667137623
  },
  "average": {
    "count": 10,
    "avg_ttft_ms": 76.16533264517784,
    "avg_tpot_ms": 8.323124578804089,
    "avg_e2e_ms": 731.3921887427568,
    "p50_ttft_ms": 77.70324125885963,
    "p50_tpot_ms": 7.998769284846488,
    "p50_e2e_ms": 718.1220520287752,
    "p99_ttft_ms": 123.21925308555365,
    "p99_tpot_ms": 9.652098395272896,
    "p99_e2e_ms": 1196.664173528552
  },
  "throughput": {
    "requests_per_sec": 1.9861093846137443,
    "tokens_per_sec": 158.88875076909954
  },
  "success_rate": 100.0,
  "total_requests": 10,
  "failed_requests": 0,
  "duration_sec": 5.034969411790371,
  "timestamp": "2026-01-19T00:36:46.977755",
  "error": null
}