{
  "config": "2R_1P_1D",
  "workload": "small_mid_bal",
  "qps": 0.5,
  "turn1": {
    "count": 2,
    "avg_ttft_ms": 111.72652430832386,
    "avg_tpot_ms": 7.759171794718645,
    "avg_e2e_ms": 1097.1413422375917,
    "p50_ttft_ms": 111.72652430832386,
    "p50_tpot_ms": 7.759171794718645,
    "p50_e2e_ms": 1097.1413422375917,
    "p99_ttft_ms": 119.93948061019182,
    "p99_tpot_ms": 7.8161854349722075,
    "p99_e2e_ms": 1098.1135662272573
  },
  "turn2": {
    "count": 2,
    "avg_ttft_ms": 110.40407791733742,
    "avg_tpot_ms": 7.852068170905113,
    "avg_e2e_ms": 1107.6167356222868,
    "p50_ttft_ms": 110.40407791733742,
    "p50_tpot_ms": 7.852068170905113,
    "p50_e2e_ms": 1107.6167356222868,
    "p99_ttft_ms": 118.22210878133774,
    "p99_tpot_ms": 7.8822434714108,
    "p99_e2e_ms": 1119.2670296505094
  },
  "average": {
    "count": 4,
    "avg_ttft_ms": 111.06530111283064,
    "avg_tpot_ms": 7.80561998281188,
    "avg_e2e_ms": 1102.3790389299393,
    "p50_ttft_ms": 110.86380854249,
    "p50_tpot_ms": 7.819313013295489,
    "p50_e2e_ms": 1097.1413422375917,
    "p99_ttft_ms": 120.05532901734114,
    "p99_tpot_ms": 7.881011826492201,
    "p99_e2e_ms": 1118.8636492565274
  },
  "throughput": {
    "requests_per_sec": 0.40243489149332906,
    "tokens_per_sec": 51.51166611114612
  },
  "success_rate": 100.0,
  "total_requests": 4,
  "failed_requests": 0,
  "duration_sec": 9.939496014267206,
  "timestamp": "2026-01-19T00:30:50.640412",
  "error": null
}