{
  "config": "2R_1P_1D",
  "workload": "small_mid_paste",
  "qps": 1,
  "turn1": {
    "count": 6,
    "avg_ttft_ms": 68.89810288945834,
    "avg_tpot_ms": 8.185003089701409,
    "avg_e2e_ms": 1108.3934952815373,
    "p50_ttft_ms": 65.81942550837994,
    "p50_tpot_ms": 7.880088719209348,
    "p50_e2e_ms": 1088.3282497525215,
    "p99_ttft_ms": 115.61370939016342,
    "p99_tpot_ms": 9.890008772041385,
    "p99_e2e_ms": 1288.6439556255937
  },
  "turn2": {
    "count": 6,
    "avg_ttft_ms": 59.768831357359886,
    "avg_tpot_ms": 8.164470364886617,
    "avg_e2e_ms": 574.1304643452168,
    "p50_ttft_ms": 43.00791956484318,
    "p50_tpot_ms": 7.887090038922098,
    "p50_e2e_ms": 578.2100614160299,
    "p99_ttft_ms": 106.46325647830963,
    "p99_tpot_ms": 9.200980008712838,
    "p99_e2e_ms": 619.5941101759672
  },
  "average": {
    "count": 12,
    "avg_ttft_ms": 64.33346712340911,
    "avg_tpot_ms": 8.174736727294013,
    "avg_e2e_ms": 841.261979813377,
    "p50_ttft_ms": 43.00791956484318,
    "p50_tpot_ms": 7.882071142149499,
    "p50_e2e_ms": 824.03464615345,
    "p99_ttft_ms": 115.12779951095581,
    "p99_tpot_ms": 9.90843454480391,
    "p99_e2e_ms": 1277.0499634370208
  },
  "throughput": {
    "requests_per_sec": 1.242645069041718,
    "tokens_per_sec": 119.29392662800493
  },
  "success_rate": 100.0,
  "total_requests": 12,
  "failed_requests": 0,
  "duration_sec": 9.656820196658373,
  "timestamp": "2026-01-19T00:33:03.634889",
  "error": null
}