{
  "config": "2R_1P_1D",
  "workload": "large_huge_paste",
  "qps": 6,
  "turn1": {
    "count": 54,
    "avg_ttft_ms": 194.44727842454557,
    "avg_tpot_ms": 11.137703979323613,
    "avg_e2e_ms": 11588.318449272601,
    "p50_ttft_ms": 98.07497449219227,
    "p50_tpot_ms": 11.237472734566076,
    "p50_e2e_ms": 11658.644799143076,
    "p99_ttft_ms": 1456.4476187899706,
    "p99_tpot_ms": 13.698199991599264,
    "p99_e2e_ms": 14512.421966195107
  },
  "turn2": {
    "count": 54,
    "avg_ttft_ms": 156.8192605757051,
    "avg_tpot_ms": 11.06662783224309,
    "avg_e2e_ms": 499.884723375241,
    "p50_ttft_ms": 146.26278541982174,
    "p50_tpot_ms": 10.81964926373574,
    "p50_e2e_ms": 468.79708766937256,
    "p99_ttft_ms": 392.052014246583,
    "p99_tpot_ms": 20.820404152956694,
    "p99_e2e_ms": 966.4543331786987
  },
  "average": {
    "count": 108,
    "avg_ttft_ms": 175.63326950012535,
    "avg_tpot_ms": 11.102165905783352,
    "avg_e2e_ms": 6044.101586323922,
    "p50_ttft_ms": 123.27769584953785,
    "p50_tpot_ms": 11.115266794916007,
    "p50_e2e_ms": 5385.679416358471,
    "p99_ttft_ms": 1376.110740937291,
    "p99_tpot_ms": 17.301835973737035,
    "p99_e2e_ms": 14135.063775628805
  },
  "throughput": {
    "requests_per_sec": 4.281698141557063,
    "tokens_per_sec": 2260.7366187421294
  },
  "success_rate": 100.0,
  "total_requests": 108,
  "failed_requests": 0,
  "duration_sec": 25.22363707795739,
  "timestamp": "2026-01-19T01:34:30.749594",
  "error": null
}