{
  "config": "2R_1P_1D",
  "workload": "large_tiny",
  "qps": 1,
  "turn1": {
    "count": 10,
    "avg_ttft_ms": 110.32654419541359,
    "avg_tpot_ms": 8.385755608216993,
    "avg_e2e_ms": 8688.954531401396,
    "p50_ttft_ms": 104.90205325186253,
    "p50_tpot_ms": 8.40083021535843,
    "p50_e2e_ms": 8689.342802390456,
    "p99_ttft_ms": 177.1282483637333,
    "p99_tpot_ms": 8.493834970007311,
    "p99_e2e_ms": 8838.460840918124
  },
  "turn2": {
    "count": 10,
    "avg_ttft_ms": 95.15252262353897,
    "avg_tpot_ms": 8.234800602639874,
    "avg_e2e_ms": 350.4313413053751,
    "p50_ttft_ms": 101.47896595299244,
    "p50_tpot_ms": 8.23907337842449,
    "p50_e2e_ms": 359.3594413250685,
    "p99_ttft_ms": 145.54534185677767,
    "p99_tpot_ms": 8.655038290927488,
    "p99_e2e_ms": 410.50177976489067
  },
  "average": {
    "count": 20,
    "avg_ttft_ms": 102.73953340947628,
    "avg_tpot_ms": 8.310278105428432,
    "avg_e2e_ms": 4519.692936353385,
    "p50_ttft_ms": 101.47896595299244,
    "p50_tpot_ms": 8.376755100745026,
    "p50_e2e_ms": 4438.126362860203,
    "p99_ttft_ms": 176.09834268689156,
    "p99_tpot_ms": 8.641979033427853,
    "p99_e2e_ms": 8835.448874048889
  },
  "throughput": {
    "requests_per_sec": 1.4088032462924032,
    "tokens_per_sec": 743.8481140423889
  },
  "success_rate": 100.0,
  "total_requests": 20,
  "failed_requests": 0,
  "duration_sec": 14.196446560323238,
  "timestamp": "2026-01-19T00:39:08.142206",
  "error": null
}