{
  "config": "2R_1P_1D",
  "workload": "small_mid_paste",
  "qps": 2,
  "turn1": {
    "count": 15,
    "avg_ttft_ms": 47.801841547091804,
    "avg_tpot_ms": 8.216239740764061,
    "avg_e2e_ms": 1091.2642886241276,
    "p50_ttft_ms": 32.66037628054619,
    "p50_tpot_ms": 7.905427865156039,
    "p50_e2e_ms": 1080.8669440448284,
    "p99_ttft_ms": 103.90237174928188,
    "p99_tpot_ms": 9.37254138232216,
    "p99_e2e_ms": 1264.9721889197826
  },
  "turn2": {
    "count": 15,
    "avg_ttft_ms": 50.793986270825066,
    "avg_tpot_ms": 8.536413189753024,
    "avg_e2e_ms": 588.5880172252655,
    "p50_ttft_ms": 39.40669074654579,
    "p50_tpot_ms": 8.030994662216731,
    "p50_e2e_ms": 591.7144902050495,
    "p99_ttft_ms": 109.10829283297062,
    "p99_tpot_ms": 10.906752267527201,
    "p99_e2e_ms": 725.4113179445267
  },
  "average": {
    "count": 30,
    "avg_ttft_ms": 49.297913908958435,
    "avg_tpot_ms": 8.376326465258542,
    "avg_e2e_ms": 839.9261529246966,
    "p50_ttft_ms": 34.26520898938179,
    "p50_tpot_ms": 7.9380675033805765,
    "p50_e2e_ms": 866.1816604435444,
    "p99_ttft_ms": 108.69787715375423,
    "p99_tpot_ms": 10.78566963592219,
    "p99_e2e_ms": 1257.9274921119213
  },
  "throughput": {
    "requests_per_sec": 2.6295202194710243,
    "tokens_per_sec": 252.43394106921832
  },
  "success_rate": 100.0,
  "total_requests": 30,
  "failed_requests": 0,
  "duration_sec": 11.408925391733646,
  "timestamp": "2026-01-19T00:33:15.085835",
  "error": null
}