{
  "config": "2R_1P_1D",
  "workload": "small_big_paste",
  "qps": 4,
  "turn1": {
    "count": 36,
    "avg_ttft_ms": 58.361878515117695,
    "avg_tpot_ms": 8.546644327990965,
    "avg_e2e_ms": 1143.7857081699703,
    "p50_ttft_ms": 40.80709256231785,
    "p50_tpot_ms": 8.295068106665386,
    "p50_e2e_ms": 1114.19627815485,
    "p99_ttft_ms": 156.18223436176777,
    "p99_tpot_ms": 10.765288207005327,
    "p99_e2e_ms": 1414.96982909739
  },
  "turn2": {
    "count": 36,
    "avg_ttft_ms": 77.87225716229942,
    "avg_tpot_ms": 8.771498656356986,
    "avg_e2e_ms": 630.4766725127896,
    "p50_ttft_ms": 58.35840664803982,
    "p50_tpot_ms": 8.335128071762266,
    "p50_e2e_ms": 637.5270485877991,
    "p99_ttft_ms": 158.9816365391016,
    "p99_tpot_ms": 12.549984753723177,
    "p99_e2e_ms": 862.745431065559
  },
  "average": {
    "count": 72,
    "avg_ttft_ms": 68.11706783870856,
    "avg_tpot_ms": 8.659071492173975,
    "avg_e2e_ms": 887.1311903413799,
    "p50_ttft_ms": 54.677778854966164,
    "p50_tpot_ms": 8.321941300245125,
    "p50_e2e_ms": 981.4627543091774,
    "p99_ttft_ms": 158.75666089355946,
    "p99_tpot_ms": 11.949983698449445,
    "p99_e2e_ms": 1352.877009585501
  },
  "throughput": {
    "requests_per_sec": 6.383040696967366,
    "tokens_per_sec": 612.7719069088671
  },
  "success_rate": 100.0,
  "total_requests": 72,
  "failed_requests": 0,
  "duration_sec": 11.279890481382608,
  "timestamp": "2026-01-19T00:35:22.426013",
  "error": null
}