{
  "config": "2R_1P_1D",
  "workload": "large_tiny",
  "qps": 4,
  "turn1": {
    "count": 40,
    "avg_ttft_ms": 118.03584471344948,
    "avg_tpot_ms": 10.692285364247923,
    "avg_e2e_ms": 11056.243772339076,
    "p50_ttft_ms": 121.24479562044144,
    "p50_tpot_ms": 9.502988878568363,
    "p50_e2e_ms": 9861.97442188859,
    "p99_ttft_ms": 244.54467698931694,
    "p99_tpot_ms": 13.824416886567196,
    "p99_e2e_ms": 14279.42761760205
  },
  "turn2": {
    "count": 40,
    "avg_ttft_ms": 120.09567525237799,
    "avg_tpot_ms": 10.424828691588294,
    "avg_e2e_ms": 443.2653646916151,
    "p50_ttft_ms": 127.72061862051487,
    "p50_tpot_ms": 9.75363905872068,
    "p50_e2e_ms": 436.33256666362286,
    "p99_ttft_ms": 231.22979827225208,
    "p99_tpot_ms": 15.67232757806778,
    "p99_e2e_ms": 646.0463707521558
  },
  "average": {
    "count": 80,
    "avg_ttft_ms": 119.06575998291373,
    "avg_tpot_ms": 10.55855702791811,
    "avg_e2e_ms": 5749.754568515345,
    "p50_ttft_ms": 122.40342795848846,
    "p50_tpot_ms": 9.611365693973656,
    "p50_e2e_ms": 4825.513565912843,
    "p99_ttft_ms": 242.70079538226125,
    "p99_tpot_ms": 15.085782302964109,
    "p99_e2e_ms": 14265.613056533039
  },
  "throughput": {
    "requests_per_sec": 3.377134610002543,
    "tokens_per_sec": 1783.127074081343
  },
  "success_rate": 100.0,
  "total_requests": 80,
  "failed_requests": 0,
  "duration_sec": 23.688721131533384,
  "timestamp": "2026-01-19T00:39:51.243375",
  "error": null
}