{
  "config": "2R_1P_1D",
  "workload": "large_big_paste",
  "qps": 12,
  "turn1": {
    "count": 119,
    "avg_ttft_ms": 7722.137410444121,
    "avg_tpot_ms": 13.340720222474605,
    "avg_e2e_ms": 21369.694198035642,
    "p50_ttft_ms": 7475.021481513977,
    "p50_tpot_ms": 10.178359150740874,
    "p50_e2e_ms": 21976.021081209183,
    "p99_ttft_ms": 18703.346585407853,
    "p99_tpot_ms": 22.15169781026952,
    "p99_e2e_ms": 34271.72385491431
  },
  "turn2": {
    "count": 118,
    "avg_ttft_ms": 175.06057920597368,
    "avg_tpot_ms": 16.91338114334205,
    "avg_e2e_ms": 1240.6035912365226,
    "p50_ttft_ms": 149.5976746082306,
    "p50_tpot_ms": 10.467648240072386,
    "p50_e2e_ms": 795.6941425800323,
    "p99_ttft_ms": 536.5830894932151,
    "p99_tpot_ms": 50.01713556429696,
    "p99_e2e_ms": 3442.831373400986
  },
  "average": {
    "count": 237,
    "avg_ttft_ms": 3964.5210978445375,
    "avg_tpot_ms": 15.1195134235816,
    "avg_e2e_ms": 11347.615330515406,
    "p50_ttft_ms": 172.50144109129906,
    "p50_tpot_ms": 10.218680791911625,
    "p50_e2e_ms": 9456.728778779507,
    "p99_ttft_ms": 18619.867460131645,
    "p99_tpot_ms": 47.22739055043175,
    "p99_e2e_ms": 34223.8362172246
  },
  "throughput": {
    "requests_per_sec": 5.453940332760946,
    "tokens_per_sec": 2977.9894961262808
  },
  "success_rate": 99.57983193277312,
  "total_requests": 238,
  "failed_requests": 1,
  "duration_sec": 43.454820834100246,
  "timestamp": "2026-01-19T01:30:33.001934",
  "error": "Server disconnected"
}