{
  "config": "2R_1P_1D",
  "workload": "small_huge_paste",
  "qps": 8,
  "turn1": {
    "count": 58,
    "avg_ttft_ms": 71.94227211434266,
    "avg_tpot_ms": 10.982010997032749,
    "avg_e2e_ms": 1466.657668737502,
    "p50_ttft_ms": 48.66815730929375,
    "p50_tpot_ms": 8.75819307260626,
    "p50_e2e_ms": 1213.3727334439754,
    "p99_ttft_ms": 263.7616505473852,
    "p99_tpot_ms": 19.630051940151557,
    "p99_e2e_ms": 2561.1080991849303
  },
  "turn2": {
    "count": 58,
    "avg_ttft_ms": 127.37911824008515,
    "avg_tpot_ms": 11.929930833161075,
    "avg_e2e_ms": 497.2069740680785,
    "p50_ttft_ms": 120.86916528642178,
    "p50_tpot_ms": 9.283830021177568,
    "p50_e2e_ms": 443.18240508437157,
    "p99_ttft_ms": 268.1648377329111,
    "p99_tpot_ms": 25.6757934475618,
    "p99_e2e_ms": 986.5516836196184
  },
  "average": {
    "count": 116,
    "avg_ttft_ms": 99.6606951772139,
    "avg_tpot_ms": 11.455970915096914,
    "avg_e2e_ms": 981.9323214027902,
    "p50_ttft_ms": 95.15458159148693,
    "p50_tpot_ms": 9.137967361077186,
    "p50_e2e_ms": 1031.7854341119528,
    "p99_ttft_ms": 268.57093535363674,
    "p99_tpot_ms": 23.421714959606042,
    "p99_e2e_ms": 2543.170920759439
  },
  "throughput": {
    "requests_per_sec": 10.160725368638262,
    "tokens_per_sec": 812.8580294910611
  },
  "success_rate": 100.0,
  "total_requests": 116,
  "failed_requests": 0,
  "duration_sec": 11.416507758200169,
  "timestamp": "2026-01-19T00:37:39.109182",
  "error": null
}