{
  "config": "2R_1P_1D",
  "workload": "large_very_long_gen",
  "qps": 1,
  "turn1": {
    "count": 10,
    "avg_ttft_ms": 99.03177544474602,
    "avg_tpot_ms": 8.62497885402871,
    "avg_e2e_ms": 8922.385143116117,
    "p50_ttft_ms": 116.00863002240658,
    "p50_tpot_ms": 8.342978345159212,
    "p50_e2e_ms": 8671.677391976118,
    "p99_ttft_ms": 144.0582560747862,
    "p99_tpot_ms": 10.52852264684666,
    "p99_e2e_ms": 10879.26298018545
  },
  "turn2": {
    "count": 10,
    "avg_ttft_ms": 102.92653888463974,
    "avg_tpot_ms": 8.77067694770043,
    "avg_e2e_ms": 9075.32905638218,
    "p50_ttft_ms": 117.36523732542992,
    "p50_tpot_ms": 8.439589788880516,
    "p50_e2e_ms": 8776.27425827086,
    "p99_ttft_ms": 152.60276660323143,
    "p99_tpot_ms": 10.648487289732035,
    "p99_e2e_ms": 10990.596964024007
  },
  "average": {
    "count": 20,
    "avg_ttft_ms": 100.97915716469288,
    "avg_tpot_ms": 8.69782790086457,
    "avg_e2e_ms": 8998.857099749148,
    "p50_ttft_ms": 116.00863002240658,
    "p50_tpot_ms": 8.389135758926908,
    "p50_e2e_ms": 8704.452583566308,
    "p99_ttft_ms": 152.50577345490456,
    "p99_tpot_ms": 10.645834883767838,
    "p99_e2e_ms": 10985.616502352059
  },
  "throughput": {
    "requests_per_sec": 0.7491748788793174,
    "tokens_per_sec": 767.1550759724211
  },
  "success_rate": 100.0,
  "total_requests": 20,
  "failed_requests": 0,
  "duration_sec": 26.696036618202925,
  "timestamp": "2026-01-19T00:59:41.423105",
  "error": null
}