{
  "config": "2R_1P_1D",
  "workload": "small_mid_paste",
  "qps": 16,
  "turn1": {
    "count": 160,
    "avg_ttft_ms": 79.30938510689884,
    "avg_tpot_ms": 11.286809976491345,
    "avg_e2e_ms": 1512.7342521212995,
    "p50_ttft_ms": 58.04433673620224,
    "p50_tpot_ms": 9.74123828171745,
    "p50_e2e_ms": 1342.160627245903,
    "p99_ttft_ms": 276.836208216846,
    "p99_tpot_ms": 20.008502633963513,
    "p99_e2e_ms": 2602.4644769728184
  },
  "turn2": {
    "count": 160,
    "avg_ttft_ms": 84.18024033308029,
    "avg_tpot_ms": 11.446126961031013,
    "avg_e2e_ms": 805.286238878034,
    "p50_ttft_ms": 68.99563781917095,
    "p50_tpot_ms": 9.883469650669703,
    "p50_e2e_ms": 724.7117199003696,
    "p99_ttft_ms": 242.47771002352232,
    "p99_tpot_ms": 21.78343053138445,
    "p99_e2e_ms": 1446.1339487880468
  },
  "average": {
    "count": 320,
    "avg_ttft_ms": 81.74481271998957,
    "avg_tpot_ms": 11.366468468761179,
    "avg_e2e_ms": 1159.0102454996668,
    "p50_ttft_ms": 62.97941133379936,
    "p50_tpot_ms": 9.81248589529386,
    "p50_e2e_ms": 1152.5253169238567,
    "p99_ttft_ms": 271.1984977498651,
    "p99_tpot_ms": 21.245519514713024,
    "p99_e2e_ms": 2583.3973575755954
  },
  "throughput": {
    "requests_per_sec": 26.243214501721415,
    "tokens_per_sec": 2519.348592165256
  },
  "success_rate": 100.0,
  "total_requests": 320,
  "failed_requests": 0,
  "duration_sec": 12.193628184497356,
  "timestamp": "2026-01-19T00:34:23.643158",
  "error": null
}