{
  "config": "2R_1P_1D",
  "workload": "large_tiny",
  "qps": 6,
  "turn1": {
    "count": 60,
    "avg_ttft_ms": 471.09436312069494,
    "avg_tpot_ms": 11.373333784069713,
    "avg_e2e_ms": 12106.014824224016,
    "p50_ttft_ms": 132.17957131564617,
    "p50_tpot_ms": 9.661557205669574,
    "p50_e2e_ms": 10158.956121653318,
    "p99_ttft_ms": 3018.0969361588345,
    "p99_tpot_ms": 15.525895536222649,
    "p99_e2e_ms": 16002.571206055582
  },
  "turn2": {
    "count": 60,
    "avg_ttft_ms": 130.9383018563191,
    "avg_tpot_ms": 11.2185954667067,
    "avg_e2e_ms": 478.71476132422686,
    "p50_ttft_ms": 113.65046352148056,
    "p50_tpot_ms": 9.677013141974326,
    "p50_e2e_ms": 413.02055306732655,
    "p99_ttft_ms": 403.6555864661932,
    "p99_tpot_ms": 27.31597075058567,
    "p99_e2e_ms": 948.8348622247577
  },
  "average": {
    "count": 120,
    "avg_ttft_ms": 301.01633248850703,
    "avg_tpot_ms": 11.29596462538821,
    "avg_e2e_ms": 6292.364792774121,
    "p50_ttft_ms": 120.097815990448,
    "p50_tpot_ms": 9.677013141974326,
    "p50_e2e_ms": 5076.894864439964,
    "p99_ttft_ms": 2869.1595635935664,
    "p99_tpot_ms": 25.07584630722001,
    "p99_e2e_ms": 15966.38859309256
  },
  "throughput": {
    "requests_per_sec": 4.749815643929762,
    "tokens_per_sec": 2507.9026599949143
  },
  "success_rate": 100.0,
  "total_requests": 120,
  "failed_requests": 0,
  "duration_sec": 25.26413844153285,
  "timestamp": "2026-01-19T00:40:16.544290",
  "error": null
}