{
  "config": "2R_1P_1D",
  "workload": "small_long_gen",
  "qps": 20,
  "turn1": {
    "count": 191,
    "avg_ttft_ms": 6164.833970679974,
    "avg_tpot_ms": 10.763313042762212,
    "avg_e2e_ms": 7531.7747271107755,
    "p50_ttft_ms": 5760.414641350508,
    "p50_tpot_ms": 9.20513295751857,
    "p50_e2e_ms": 7388.84811103344,
    "p99_ttft_ms": 14133.15913528204,
    "p99_tpot_ms": 14.966806458441289,
    "p99_e2e_ms": 15811.014058068395
  },
  "turn2": {
    "count": 191,
    "avg_ttft_ms": 60.59066011175435,
    "avg_tpot_ms": 10.751049288318821,
    "avg_e2e_ms": 5554.376846442672,
    "p50_ttft_ms": 47.349147498607635,
    "p50_tpot_ms": 9.150673731899074,
    "p50_e2e_ms": 4760.104313492775,
    "p99_ttft_ms": 143.3198992162943,
    "p99_tpot_ms": 13.899107987458459,
    "p99_e2e_ms": 7153.852029517293
  },
  "average": {
    "count": 382,
    "avg_ttft_ms": 3112.7123153958646,
    "avg_tpot_ms": 10.757181165540517,
    "avg_e2e_ms": 6543.075786776723,
    "p50_ttft_ms": 91.6235651820898,
    "p50_tpot_ms": 9.190857278432432,
    "p50_e2e_ms": 5915.151301771402,
    "p99_ttft_ms": 13971.89575187862,
    "p99_tpot_ms": 14.620241446523215,
    "p99_e2e_ms": 15280.07999341935
  },
  "throughput": {
    "requests_per_sec": 12.01782419918545,
    "tokens_per_sec": 3845.7037437393437
  },
  "success_rate": 100.0,
  "total_requests": 382,
  "failed_requests": 0,
  "duration_sec": 31.78611982241273,
  "timestamp": "2026-01-19T00:23:37.026389",
  "error": null
}