{
  "config": "2R_1P_1D",
  "workload": "small_tiny",
  "qps": 4,
  "turn1": {
    "count": 38,
    "avg_ttft_ms": 51.7867064397586,
    "avg_tpot_ms": 8.371101015344282,
    "avg_e2e_ms": 1114.9165353884823,
    "p50_ttft_ms": 33.144889399409294,
    "p50_tpot_ms": 8.282025909329963,
    "p50_e2e_ms": 1115.1511147618294,
    "p99_ttft_ms": 118.66068020462991,
    "p99_tpot_ms": 9.056787725508682,
    "p99_e2e_ms": 1181.1660002544522
  },
  "turn2": {
    "count": 38,
    "avg_ttft_ms": 48.045622478974494,
    "avg_tpot_ms": 8.489447495629713,
    "avg_e2e_ms": 311.21849484349553,
    "p50_ttft_ms": 34.158678725361824,
    "p50_tpot_ms": 8.410596078441989,
    "p50_e2e_ms": 303.67714911699295,
    "p99_ttft_ms": 100.27083382010461,
    "p99_tpot_ms": 9.478551685329407,
    "p99_e2e_ms": 356.877907961607
  },
  "average": {
    "count": 76,
    "avg_ttft_ms": 49.91616445936655,
    "avg_tpot_ms": 8.430274255486994,
    "avg_e2e_ms": 713.0675151159888,
    "p50_ttft_ms": 33.60184095799923,
    "p50_tpot_ms": 8.328279192685507,
    "p50_e2e_ms": 679.0608335286379,
    "p99_ttft_ms": 117.2226183116436,
    "p99_tpot_ms": 9.443486469887919,
    "p99_e2e_ms": 1181.097480468452
  },
  "throughput": {
    "requests_per_sec": 6.774031911092027,
    "tokens_per_sec": 541.9225528873621
  },
  "success_rate": 100.0,
  "total_requests": 76,
  "failed_requests": 0,
  "duration_sec": 11.219315320253372,
  "timestamp": "2026-01-19T00:16:53.133372",
  "error": null
}