{
  "config": "2R_1P_1D",
  "workload": "small_huge_paste",
  "qps": 16,
  "turn1": {
    "count": 157,
    "avg_ttft_ms": 104.94882309702551,
    "avg_tpot_ms": 15.495649058162714,
    "avg_e2e_ms": 2072.89625348369,
    "p50_ttft_ms": 84.50508490204811,
    "p50_tpot_ms": 9.978867216607718,
    "p50_e2e_ms": 1360.7842773199081,
    "p99_ttft_ms": 391.45291164517397,
    "p99_tpot_ms": 34.321650980025765,
    "p99_e2e_ms": 4421.064732223749
  },
  "turn2": {
    "count": 157,
    "avg_ttft_ms": 153.2094819578016,
    "avg_tpot_ms": 17.211916820301717,
    "avg_e2e_ms": 686.7789033871547,
    "p50_ttft_ms": 130.80566748976707,
    "p50_tpot_ms": 10.650188451813113,
    "p50_e2e_ms": 456.3513994216919,
    "p99_ttft_ms": 456.20167389512056,
    "p99_tpot_ms": 56.649929515777096,
    "p99_e2e_ms": 2034.147541821003
  },
  "average": {
    "count": 314,
    "avg_ttft_ms": 129.07915252741356,
    "avg_tpot_ms": 16.353782939232218,
    "avg_e2e_ms": 1379.8375784354225,
    "p50_ttft_ms": 106.38119094073772,
    "p50_tpot_ms": 10.191534389191725,
    "p50_e2e_ms": 1214.7409208118916,
    "p99_ttft_ms": 440.276846960187,
    "p99_tpot_ms": 48.91208764405981,
    "p99_e2e_ms": 4378.867093920709
  },
  "throughput": {
    "requests_per_sec": 22.169217636538114,
    "tokens_per_sec": 1773.5374109230493
  },
  "success_rate": 100.0,
  "total_requests": 314,
  "failed_requests": 0,
  "duration_sec": 14.16378354653716,
  "timestamp": "2026-01-19T00:38:16.853135",
  "error": null
}