{
  "config": "2R_1P_1D",
  "workload": "large_mid_paste",
  "qps": 8,
  "turn1": {
    "count": 80,
    "avg_ttft_ms": 2572.853692760691,
    "avg_tpot_ms": 11.888339145260181,
    "avg_e2e_ms": 14734.624638361856,
    "p50_ttft_ms": 147.0978856086731,
    "p50_tpot_ms": 10.340551644534543,
    "p50_e2e_ms": 15976.533534005284,
    "p99_ttft_ms": 7838.641839176415,
    "p99_tpot_ms": 16.539186637517236,
    "p99_e2e_ms": 22845.07792778313
  },
  "turn2": {
    "count": 80,
    "avg_ttft_ms": 131.06136280111969,
    "avg_tpot_ms": 12.523680788627455,
    "avg_e2e_ms": 920.0532524846494,
    "p50_ttft_ms": 127.16664001345634,
    "p50_tpot_ms": 10.56779409566569,
    "p50_e2e_ms": 801.3715371489525,
    "p99_ttft_ms": 374.966607876122,
    "p99_tpot_ms": 24.7861845424724,
    "p99_e2e_ms": 1658.8538578897712
  },
  "average": {
    "count": 160,
    "avg_ttft_ms": 1351.9575277809054,
    "avg_tpot_ms": 12.20600996694382,
    "avg_e2e_ms": 7827.338945423253,
    "p50_ttft_ms": 141.2033624947071,
    "p50_tpot_ms": 10.53500036516833,
    "p50_e2e_ms": 5786.386767402291,
    "p99_ttft_ms": 7737.948393151164,
    "p99_tpot_ms": 23.95880013586036,
    "p99_e2e_ms": 22729.31269619614
  },
  "throughput": {
    "requests_per_sec": 4.98379472748062,
    "tokens_per_sec": 2711.184331749457
  },
  "success_rate": 100.0,
  "total_requests": 160,
  "failed_requests": 0,
  "duration_sec": 32.10405097901821,
  "timestamp": "2026-01-19T01:23:19.653232",
  "error": null
}