{
  "config": "2R_1P_1D",
  "workload": "large_tiny",
  "qps": 10,
  "turn1": {
    "count": 99,
    "avg_ttft_ms": 5009.114964103157,
    "avg_tpot_ms": 13.019428224691874,
    "avg_e2e_ms": 18327.990037962943,
    "p50_ttft_ms": 473.7680219113827,
    "p50_tpot_ms": 10.190574140929757,
    "p50_e2e_ms": 19292.021330446005,
    "p99_ttft_ms": 14662.687802836299,
    "p99_tpot_ms": 20.33494906232329,
    "p99_e2e_ms": 28903.472722768784
  },
  "turn2": {
    "count": 99,
    "avg_ttft_ms": 138.4259004032973,
    "avg_tpot_ms": 13.940347548551145,
    "avg_e2e_ms": 570.5766744083828,
    "p50_ttft_ms": 122.7957271039486,
    "p50_tpot_ms": 10.49615791247737,
    "p50_e2e_ms": 467.17367321252823,
    "p99_ttft_ms": 411.22253507375655,
    "p99_tpot_ms": 38.85182690476217,
    "p99_e2e_ms": 1284.2775595188139
  },
  "average": {
    "count": 198,
    "avg_ttft_ms": 2573.770432253227,
    "avg_tpot_ms": 13.47988788662151,
    "avg_e2e_ms": 9449.283356185664,
    "p50_ttft_ms": 143.81365664303303,
    "p50_tpot_ms": 10.254884801462715,
    "p50_e2e_ms": 5275.383336469531,
    "p99_ttft_ms": 14630.735370144248,
    "p99_tpot_ms": 36.31306656666341,
    "p99_e2e_ms": 28846.376705616713
  },
  "throughput": {
    "requests_per_sec": 5.143847483176178,
    "tokens_per_sec": 2715.9514711170223
  },
  "success_rate": 100.0,
  "total_requests": 198,
  "failed_requests": 0,
  "duration_sec": 38.49258762970567,
  "timestamp": "2026-01-19T00:41:28.159295",
  "error": null
}