{
  "config": "2R_1P_1D",
  "workload": "small_very_long_gen",
  "qps": 4,
  "turn1": {
    "count": 40,
    "avg_ttft_ms": 57.225238624960184,
    "avg_tpot_ms": 8.9770233317271,
    "avg_e2e_ms": 1197.3072017543018,
    "p50_ttft_ms": 45.49916461110115,
    "p50_tpot_ms": 8.52002878123381,
    "p50_e2e_ms": 1151.0603986680508,
    "p99_ttft_ms": 126.90916195511817,
    "p99_tpot_ms": 12.002879228648238,
    "p99_e2e_ms": 1573.8500022143126
  },
  "turn2": {
    "count": 40,
    "avg_ttft_ms": 50.42692311108112,
    "avg_tpot_ms": 9.46794930665243,
    "avg_e2e_ms": 9736.139063816518,
    "p50_ttft_ms": 39.14779797196388,
    "p50_tpot_ms": 8.773299873618086,
    "p50_e2e_ms": 9010.126849636436,
    "p99_ttft_ms": 106.85491729527712,
    "p99_tpot_ms": 11.313262232419973,
    "p99_e2e_ms": 11614.008188396692
  },
  "average": {
    "count": 80,
    "avg_ttft_ms": 53.826080868020654,
    "avg_tpot_ms": 9.222486319189764,
    "avg_e2e_ms": 5466.72313278541,
    "p50_ttft_ms": 41.17284715175629,
    "p50_tpot_ms": 8.693674942556028,
    "p50_e2e_ms": 5069.630952551961,
    "p99_ttft_ms": 114.80212546884994,
    "p99_tpot_ms": 11.927376570194724,
    "p99_e2e_ms": 11585.119658857584
  },
  "throughput": {
    "requests_per_sec": 3.6025804526571035,
    "tokens_per_sec": 2075.0863407304914
  },
  "success_rate": 100.0,
  "total_requests": 80,
  "failed_requests": 0,
  "duration_sec": 22.206304911524057,
  "timestamp": "2026-01-19T00:24:57.473091",
  "error": null
}