{
  "config": "2R_1P_1D",
  "workload": "large_tiny",
  "qps": 0.5,
  "turn1": {
    "count": 1,
    "avg_ttft_ms": 124.1823248565197,
    "avg_tpot_ms": 7.84051620045482,
    "avg_e2e_ms": 8145.030397921801,
    "p50_ttft_ms": 124.1823248565197,
    "p50_tpot_ms": 7.84051620045482,
    "p50_e2e_ms": 8145.030397921801,
    "p99_ttft_ms": 124.1823248565197,
    "p99_tpot_ms": 7.84051620045482,
    "p99_e2e_ms": 8145.030397921801
  },
  "turn2": {
    "count": 1,
    "avg_ttft_ms": 153.57724577188492,
    "avg_tpot_ms": 7.901598008409623,
    "avg_e2e_ms": 398.52678403258324,
    "p50_ttft_ms": 153.57724577188492,
    "p50_tpot_ms": 7.901598008409623,
    "p50_e2e_ms": 398.52678403258324,
    "p99_ttft_ms": 153.57724577188492,
    "p99_tpot_ms": 7.901598008409623,
    "p99_e2e_ms": 398.52678403258324
  },
  "average": {
    "count": 2,
    "avg_ttft_ms": 138.8797853142023,
    "avg_tpot_ms": 7.8710571044322215,
    "avg_e2e_ms": 4271.778590977192,
    "p50_ttft_ms": 138.8797853142023,
    "p50_tpot_ms": 7.8710571044322215,
    "p50_e2e_ms": 4271.778590977192,
    "p99_ttft_ms": 153.28329656273127,
    "p99_tpot_ms": 7.900987190330075,
    "p99_e2e_ms": 8067.565361782908
  },
  "throughput": {
    "requests_per_sec": 0.11257608470288145,
    "tokens_per_sec": 59.44017272312141
  },
  "success_rate": 100.0,
  "total_requests": 2,
  "failed_requests": 0,
  "duration_sec": 17.765762642025948,
  "timestamp": "2026-01-19T00:38:53.905339",
  "error": null
}