{
  "config": "2R_1P_1D",
  "workload": "small_big_paste",
  "qps": 12,
  "turn1": {
    "count": 119,
    "avg_ttft_ms": 79.50542097081657,
    "avg_tpot_ms": 10.975205328337436,
    "avg_e2e_ms": 1473.3564976696707,
    "p50_ttft_ms": 53.37963253259659,
    "p50_tpot_ms": 9.22541156059175,
    "p50_e2e_ms": 1280.7215079665184,
    "p99_ttft_ms": 316.6800074279303,
    "p99_tpot_ms": 19.823093511692182,
    "p99_e2e_ms": 2584.1938628256316
  },
  "turn2": {
    "count": 119,
    "avg_ttft_ms": 112.91187253444134,
    "avg_tpot_ms": 10.889886947127842,
    "avg_e2e_ms": 798.9747502034953,
    "p50_ttft_ms": 102.98523306846619,
    "p50_tpot_ms": 9.365733180727277,
    "p50_e2e_ms": 727.8337702155113,
    "p99_ttft_ms": 294.51490588486183,
    "p99_tpot_ms": 21.59054189447372,
    "p99_e2e_ms": 1502.8476203978057
  },
  "average": {
    "count": 238,
    "avg_ttft_ms": 96.20864675262897,
    "avg_tpot_ms": 10.932546137732638,
    "avg_e2e_ms": 1136.165623936583,
    "p50_ttft_ms": 78.21525819599628,
    "p50_tpot_ms": 9.25440585699108,
    "p50_e2e_ms": 1157.7702891081572,
    "p99_ttft_ms": 317.82789885997755,
    "p99_tpot_ms": 20.505710802972313,
    "p99_e2e_ms": 2549.564373716712
  },
  "throughput": {
    "requests_per_sec": 18.658031762794913,
    "tokens_per_sec": 1791.1710492283116
  },
  "success_rate": 100.0,
  "total_requests": 238,
  "failed_requests": 0,
  "duration_sec": 12.755900677293539,
  "timestamp": "2026-01-19T00:36:11.245815",
  "error": null
}