{
  "config": "2R_1P_1D",
  "workload": "small_mid_bal",
  "qps": 2,
  "turn1": {
    "count": 13,
    "avg_ttft_ms": 57.60445073246956,
    "avg_tpot_ms": 8.269327326589178,
    "avg_e2e_ms": 1107.809021209295,
    "p50_ttft_ms": 47.76645079255104,
    "p50_tpot_ms": 7.942972778100667,
    "p50_e2e_ms": 1096.055056899786,
    "p99_ttft_ms": 98.41293931007385,
    "p99_tpot_ms": 9.503232355662218,
    "p99_e2e_ms": 1257.9650494456291
  },
  "turn2": {
    "count": 13,
    "avg_ttft_ms": 49.31226114814098,
    "avg_tpot_ms": 8.611246061227597,
    "avg_e2e_ms": 1142.9405109240458,
    "p50_ttft_ms": 39.028119295835495,
    "p50_tpot_ms": 8.07596493776389,
    "p50_e2e_ms": 1107.6178029179573,
    "p99_ttft_ms": 99.97660145163535,
    "p99_tpot_ms": 10.20438217975962,
    "p99_e2e_ms": 1335.6174786388874
  },
  "average": {
    "count": 26,
    "avg_ttft_ms": 53.45835594030527,
    "avg_tpot_ms": 8.440286693908387,
    "avg_e2e_ms": 1125.3747660666704,
    "p50_ttft_ms": 41.71439632773399,
    "p50_tpot_ms": 8.071512335867393,
    "p50_e2e_ms": 1100.6588134914637,
    "p99_ttft_ms": 100.62381066381931,
    "p99_tpot_ms": 10.168549524048181,
    "p99_e2e_ms": 1331.7522890865803
  },
  "throughput": {
    "requests_per_sec": 2.179139810200917,
    "tokens_per_sec": 278.9298957057174
  },
  "success_rate": 100.0,
  "total_requests": 26,
  "failed_requests": 0,
  "duration_sec": 11.931313391774893,
  "timestamp": "2026-01-19T00:31:11.548155",
  "error": null
}