{
  "config": "2R_1P_1pD",
  "ppd_enabled": false,
  "qps": 8.0,
  "num_conversations": 500,
  "duration_sec": 181.18858159333467,
  "timestamp": "2026-01-21T19:29:48.363191",
  "turn1": {
    "count": 500,
    "avg_ttft_ms": 36731.506600014865,
    "avg_tpot_ms": 11.449450752084301,
    "avg_e2e_ms": 40103.31837888807,
    "p50_ttft_ms": 36080.64127340913,
    "p50_tpot_ms": 9.839395200459258,
    "p50_e2e_ms": 39083.70776474476,
    "p90_ttft_ms": 74686.16532459855,
    "p90_tpot_ms": 17.222246148632657,
    "p90_e2e_ms": 77487.57708072662,
    "p99_ttft_ms": 84489.09235700965,
    "p99_tpot_ms": 18.540216915473934,
    "p99_e2e_ms": 88981.50456294417
  },
  "turn2plus": {
    "count": 1704,
    "avg_ttft_ms": 49.0647725118193,
    "avg_tpot_ms": 11.599387904245125,
    "avg_e2e_ms": 3651.290380083322,
    "p50_ttft_ms": 47.01302759349346,
    "p50_tpot_ms": 9.92910908093381,
    "p50_e2e_ms": 3121.1840454488993,
    "p90_ttft_ms": 64.30458687245846,
    "p90_tpot_ms": 17.199222178412633,
    "p90_e2e_ms": 7237.942682579161,
    "p99_ttft_ms": 108.56980264186862,
    "p99_tpot_ms": 18.41830991240466,
    "p99_e2e_ms": 12711.024616397925
  },
  "all_turns": {
    "count": 2204,
    "avg_ttft_ms": 8370.852845901802,
    "avg_tpot_ms": 11.565354767610623,
    "avg_e2e_ms": 11920.80671375046,
    "p50_ttft_ms": 49.39592815935612,
    "p50_tpot_ms": 9.912368581851265,
    "p50_e2e_ms": 3879.6270601451397,
    "p90_ttft_ms": 41308.43972153962,
    "p90_tpot_ms": 17.20584481981693,
    "p90_e2e_ms": 45480.002387613065,
    "p99_ttft_ms": 80063.94881546493,
    "p99_tpot_ms": 18.425186330763,
    "p99_e2e_ms": 83590.96116594966
  },
  "throughput": {
    "conversations_per_sec": 2.7595557932133694,
    "requests_per_sec": 12.164121936484532,
    "tokens_per_sec": 3758.0017129790717
  },
  "success_rate": {
    "turns": 100.0,
    "conversations": 100.0
  },
  "counts": {
    "total_conversations": 500,
    "successful_conversations": 500,
    "total_turns": 2204,
    "turn1_count": 500,
    "turn2plus_count": 1704,
    "successful_turns": 2204
  },
  "slo_attainment": {
    "ttft_100ms": 0.9865023474178404,
    "ttft_200ms": 1.0,
    "ttft_500ms": 1.0,
    "tpot_15ms": 0.7965801886792453,
    "tpot_30ms": 1.0,
    "e2e_5000ms": 0.7564553990610329,
    "e2e_10000ms": 0.9700704225352113
  }
}