{
  "config": "2R_1P_1D",
  "ppd_enabled": false,
  "qps": 8.0,
  "num_conversations": 500,
  "duration_sec": 177.54280272871256,
  "timestamp": "2026-01-21T15:08:03.212839",
  "turn1": {
    "count": 500,
    "avg_ttft_ms": 37450.219552055,
    "avg_tpot_ms": 11.213476510319223,
    "avg_e2e_ms": 40807.04387205839,
    "p50_ttft_ms": 39592.9796397686,
    "p50_tpot_ms": 9.893713732165299,
    "p50_e2e_ms": 41333.12736265361,
    "p90_ttft_ms": 73519.66256015003,
    "p90_tpot_ms": 15.999050299552353,
    "p90_e2e_ms": 76709.00266990066,
    "p99_ttft_ms": 83746.47250626236,
    "p99_tpot_ms": 17.599091844643063,
    "p99_e2e_ms": 87787.06380549818
  },
  "turn2plus": {
    "count": 1704,
    "avg_ttft_ms": 76.65105335012149,
    "avg_tpot_ms": 11.198831869038717,
    "avg_e2e_ms": 3583.239107401473,
    "p50_ttft_ms": 57.48608149588108,
    "p50_tpot_ms": 9.948447199686605,
    "p50_e2e_ms": 3174.4352132081985,
    "p90_ttft_ms": 131.74085095524788,
    "p90_tpot_ms": 15.917231522047462,
    "p90_e2e_ms": 6998.071561381222,
    "p99_ttft_ms": 189.38903819769632,
    "p99_tpot_ms": 17.488586820779126,
    "p99_e2e_ms": 10953.18873226643
  },
  "all_turns": {
    "count": 2204,
    "avg_ttft_ms": 8555.228298972826,
    "avg_tpot_ms": 11.20215594896474,
    "avg_e2e_ms": 12027.840914265566,
    "p50_ttft_ms": 88.42518366873264,
    "p50_tpot_ms": 9.92853116326859,
    "p50_e2e_ms": 3944.321507588029,
    "p90_ttft_ms": 42336.159412562854,
    "p90_tpot_ms": 15.948442061727624,
    "p90_e2e_ms": 46383.384641632445,
    "p99_ttft_ms": 79438.8286260888,
    "p99_tpot_ms": 17.537153558962835,
    "p99_e2e_ms": 82646.49077709753
  },
  "throughput": {
    "conversations_per_sec": 2.8162222985969514,
    "requests_per_sec": 12.413907892215363,
    "tokens_per_sec": 3835.1709533415087
  },
  "success_rate": {
    "turns": 100.0,
    "conversations": 100.0
  },
  "counts": {
    "total_conversations": 500,
    "successful_conversations": 500,
    "total_turns": 2204,
    "turn1_count": 500,
    "turn2plus_count": 1704,
    "successful_turns": 2204
  },
  "slo_attainment": {
    "ttft_100ms": 0.6813380281690141,
    "ttft_200ms": 0.9953051643192489,
    "ttft_500ms": 1.0,
    "tpot_15ms": 0.8632075471698113,
    "tpot_30ms": 1.0,
    "e2e_5000ms": 0.7511737089201878,
    "e2e_10000ms": 0.9835680751173709
  }
}