{
  "config": "2R_1P_1D",
  "ppd_enabled": false,
  "qps": 4.0,
  "num_conversations": 500,
  "duration_sec": 181.16099351271987,
  "timestamp": "2026-01-21T15:05:05.324849",
  "turn1": {
    "count": 500,
    "avg_ttft_ms": 16723.272612392902,
    "avg_tpot_ms": 11.159765219974448,
    "avg_e2e_ms": 20057.92514912784,
    "p50_ttft_ms": 18221.206337213516,
    "p50_tpot_ms": 9.785871955951858,
    "p50_e2e_ms": 20342.526096850634,
    "p90_ttft_ms": 34415.868339687586,
    "p90_tpot_ms": 16.105905201978945,
    "p90_e2e_ms": 37802.12827064097,
    "p99_ttft_ms": 37652.19169456512,
    "p99_tpot_ms": 18.096771793228893,
    "p99_e2e_ms": 43913.51367816329
  },
  "turn2plus": {
    "count": 1704,
    "avg_ttft_ms": 74.45006907650843,
    "avg_tpot_ms": 11.07280764455471,
    "avg_e2e_ms": 3544.2272729891847,
    "p50_ttft_ms": 55.50267547369003,
    "p50_tpot_ms": 9.796751462213754,
    "p50_e2e_ms": 3157.25689008832,
    "p90_ttft_ms": 129.82637770473957,
    "p90_tpot_ms": 15.97593548113847,
    "p90_e2e_ms": 6969.003761932254,
    "p99_ttft_ms": 180.5306880548597,
    "p99_tpot_ms": 17.71498373823585,
    "p99_e2e_ms": 10702.053532376887
  },
  "all_turns": {
    "count": 2204,
    "avg_ttft_ms": 3851.4061814441116,
    "avg_tpot_ms": 11.092545508072956,
    "avg_e2e_ms": 7290.5289690279,
    "p50_ttft_ms": 75.0436894595623,
    "p50_tpot_ms": 9.79497974817182,
    "p50_e2e_ms": 3739.098249003291,
    "p90_ttft_ms": 18971.483539417386,
    "p90_tpot_ms": 16.024020582469312,
    "p90_e2e_ms": 23592.047759145506,
    "p99_ttft_ms": 36575.594694986925,
    "p99_tpot_ms": 17.911804964889846,
    "p99_e2e_ms": 40100.246705040336
  },
  "throughput": {
    "conversations_per_sec": 2.7599760318431543,
    "requests_per_sec": 12.165974348364625,
    "tokens_per_sec": 3758.5739998284535
  },
  "success_rate": {
    "turns": 100.0,
    "conversations": 100.0
  },
  "counts": {
    "total_conversations": 500,
    "successful_conversations": 500,
    "total_turns": 2204,
    "turn1_count": 500,
    "turn2plus_count": 1704,
    "successful_turns": 2204
  },
  "slo_attainment": {
    "ttft_100ms": 0.7177230046948356,
    "ttft_200ms": 0.9947183098591549,
    "ttft_500ms": 1.0,
    "tpot_15ms": 0.8555424528301887,
    "tpot_30ms": 1.0,
    "e2e_5000ms": 0.7588028169014085,
    "e2e_10000ms": 0.9847417840375586
  }
}