{
  "config": "2R_1P_1D",
  "ppd_enabled": false,
  "qps": 12.0,
  "num_conversations": 500,
  "duration_sec": 175.9480994231999,
  "timestamp": "2026-01-21T15:10:59.508297",
  "turn1": {
    "count": 500,
    "avg_ttft_ms": 48754.45584227145,
    "avg_tpot_ms": 11.270068567988842,
    "avg_e2e_ms": 52147.98334246129,
    "p50_ttft_ms": 50171.53576947749,
    "p50_tpot_ms": 9.87331963506586,
    "p50_e2e_ms": 52308.284517377615,
    "p90_ttft_ms": 95857.40812420845,
    "p90_tpot_ms": 15.939695358097076,
    "p90_e2e_ms": 98627.65200436115,
    "p99_ttft_ms": 105756.80019393563,
    "p99_tpot_ms": 17.816395385578833,
    "p99_e2e_ms": 110063.77863988279
  },
  "turn2plus": {
    "count": 1704,
    "avg_ttft_ms": 82.52257459136732,
    "avg_tpot_ms": 11.22195421390853,
    "avg_e2e_ms": 3592.450501172073,
    "p50_ttft_ms": 56.5981213003397,
    "p50_tpot_ms": 9.946307856361024,
    "p50_e2e_ms": 3170.3586541116238,
    "p90_ttft_ms": 136.2513553351164,
    "p90_tpot_ms": 15.838891749538757,
    "p90_e2e_ms": 7031.829033046961,
    "p99_ttft_ms": 211.16285931318998,
    "p99_tpot_ms": 17.46669462558277,
    "p99_e2e_ms": 10799.640727378432
  },
  "all_turns": {
    "count": 2204,
    "avg_ttft_ms": 11124.249722431676,
    "avg_tpot_ms": 11.232875338945904,
    "avg_e2e_ms": 14607.771018705924,
    "p50_ttft_ms": 87.94083632528782,
    "p50_tpot_ms": 9.933828678599053,
    "p50_e2e_ms": 3962.887018918991,
    "p90_ttft_ms": 53675.292851775885,
    "p90_tpot_ms": 15.86934345732582,
    "p90_e2e_ms": 59483.65526236594,
    "p99_ttft_ms": 101938.75840507448,
    "p99_tpot_ms": 17.706833062632608,
    "p99_e2e_ms": 105026.73880055542
  },
  "throughput": {
    "conversations_per_sec": 2.84174709268881,
    "requests_per_sec": 12.526421184572275,
    "tokens_per_sec": 3869.9309752829195
  },
  "success_rate": {
    "turns": 100.0,
    "conversations": 100.0
  },
  "counts": {
    "total_conversations": 500,
    "successful_conversations": 500,
    "total_turns": 2204,
    "turn1_count": 500,
    "turn2plus_count": 1704,
    "successful_turns": 2204
  },
  "slo_attainment": {
    "ttft_100ms": 0.6731220657276995,
    "ttft_200ms": 0.9865023474178404,
    "ttft_500ms": 0.9994131455399061,
    "tpot_15ms": 0.8331367924528302,
    "tpot_30ms": 1.0,
    "e2e_5000ms": 0.7482394366197183,
    "e2e_10000ms": 0.982981220657277
  }
}