{
  "config": "1P_3D",
  "workload": "small_short_gen",
  "qps": 1,
  "turn1": {
    "count": 8,
    "avg_ttft_ms": 96.09921788796782,
    "avg_tpot_ms": 7.8541301154186876,
    "avg_e2e_ms": 1093.5737425461411,
    "p50_ttft_ms": 93.57287734746933,
    "p50_tpot_ms": 7.875851362826317,
    "p50_e2e_ms": 1094.445439055562,
    "p99_ttft_ms": 115.56351747363806,
    "p99_tpot_ms": 7.957129657092526,
    "p99_e2e_ms": 1111.1082332581282
  },
  "turn2": {
    "count": 8,
    "avg_ttft_ms": 102.14493284001946,
    "avg_tpot_ms": 7.872621260364266,
    "avg_e2e_ms": 2109.6633542329073,
    "p50_ttft_ms": 101.69294103980064,
    "p50_tpot_ms": 7.85155383979573,
    "p50_e2e_ms": 2103.1992360949516,
    "p99_ttft_ms": 117.9961846023798,
    "p99_tpot_ms": 8.03855856931677,
    "p99_e2e_ms": 2160.4160625860095
  },
  "average": {
    "count": 16,
    "avg_ttft_ms": 99.12207536399364,
    "avg_tpot_ms": 7.863375687891477,
    "avg_e2e_ms": 1601.6185483895242,
    "p50_ttft_ms": 99.75751303136349,
    "p50_tpot_ms": 7.8665098498932124,
    "p50_e2e_ms": 1589.993929490447,
    "p99_ttft_ms": 118.46482511609793,
    "p99_tpot_ms": 8.035962001657953,
    "p99_e2e_ms": 2159.7142515704036
  },
  "throughput": {
    "requests_per_sec": 1.2492376810037094,
    "tokens_per_sec": 239.8536347527122
  },
  "success_rate": 100.0,
  "total_requests": 16,
  "failed_requests": 0,
  "duration_sec": 12.8078109100461,
  "timestamp": "2026-01-18T04:29:06.281969",
  "error": null
}