{
  "config": "1P_3D",
  "workload": "large_very_long_gen",
  "qps": 1,
  "turn1": {
    "count": 6,
    "avg_ttft_ms": 135.91838317612806,
    "avg_tpot_ms": 8.13311832034751,
    "avg_e2e_ms": 8456.09842489163,
    "p50_ttft_ms": 134.15439799427986,
    "p50_tpot_ms": 8.061390881766206,
    "p50_e2e_ms": 8391.04201644659,
    "p99_ttft_ms": 154.28660064935684,
    "p99_tpot_ms": 8.496502518857795,
    "p99_e2e_ms": 8825.99691040814
  },
  "turn2": {
    "count": 6,
    "avg_ttft_ms": 134.61564667522907,
    "avg_tpot_ms": 8.293033091660314,
    "avg_e2e_ms": 8618.38849944373,
    "p50_ttft_ms": 130.1563736051321,
    "p50_tpot_ms": 8.401689763278323,
    "p50_e2e_ms": 8731.689404696226,
    "p99_ttft_ms": 148.61995298415422,
    "p99_tpot_ms": 8.576294580949718,
    "p99_e2e_ms": 8899.533617310226
  },
  "average": {
    "count": 12,
    "avg_ttft_ms": 135.26701492567858,
    "avg_tpot_ms": 8.213075706003911,
    "avg_e2e_ms": 8537.24346216768,
    "p50_ttft_ms": 133.73813591897488,
    "p50_tpot_ms": 8.260343486000716,
    "p50_e2e_ms": 8601.324453949928,
    "p99_ttft_ms": 154.20882400125265,
    "p99_tpot_ms": 8.57545288033849,
    "p99_e2e_ms": 8898.646958358586
  },
  "throughput": {
    "requests_per_sec": 0.47269606596216057,
    "tokens_per_sec": 484.0407715452524
  },
  "success_rate": 100.0,
  "total_requests": 12,
  "failed_requests": 0,
  "duration_sec": 25.38629124313593,
  "timestamp": "2026-01-18T05:11:51.803424",
  "error": null
}