{
  "config": "1P_3D",
  "workload": "small_small_bal",
  "qps": 4,
  "turn1": {
    "count": 27,
    "avg_ttft_ms": 104.25001410422502,
    "avg_tpot_ms": 8.029106389497592,
    "avg_e2e_ms": 1123.946525570419,
    "p50_ttft_ms": 96.52126580476761,
    "p50_tpot_ms": 8.080788631373503,
    "p50_e2e_ms": 1115.4083907604218,
    "p99_ttft_ms": 190.23673176765442,
    "p99_tpot_ms": 8.260198654386942,
    "p99_e2e_ms": 1201.2223309278488
  },
  "turn2": {
    "count": 27,
    "avg_ttft_ms": 95.55336363889553,
    "avg_tpot_ms": 8.035127675792596,
    "avg_e2e_ms": 601.7664072138292,
    "p50_ttft_ms": 95.77379003167152,
    "p50_tpot_ms": 8.024465765744921,
    "p50_e2e_ms": 599.4302220642567,
    "p99_ttft_ms": 126.08516484498973,
    "p99_tpot_ms": 8.306755203576316,
    "p99_e2e_ms": 633.6506804078817
  },
  "average": {
    "count": 54,
    "avg_ttft_ms": 99.90168887156027,
    "avg_tpot_ms": 8.032117032645093,
    "avg_e2e_ms": 862.8564663921242,
    "p50_ttft_ms": 95.87406925857067,
    "p50_tpot_ms": 8.064450945441179,
    "p50_e2e_ms": 862.2862938791513,
    "p99_ttft_ms": 188.4906478971243,
    "p99_tpot_ms": 8.294651487188263,
    "p99_e2e_ms": 1199.4829680025578
  },
  "throughput": {
    "requests_per_sec": 4.629067526243886,
    "tokens_per_sec": 444.39048251941307
  },
  "success_rate": 100.0,
  "total_requests": 54,
  "failed_requests": 0,
  "duration_sec": 11.665416348725557,
  "timestamp": "2026-01-18T04:39:31.609284",
  "error": null
}