{
  "config": "1P_3D",
  "workload": "small_very_long_gen",
  "qps": 2,
  "turn1": {
    "count": 20,
    "avg_ttft_ms": 96.015933342278,
    "avg_tpot_ms": 8.295348970087495,
    "avg_e2e_ms": 1149.5252525433898,
    "p50_ttft_ms": 94.68137472867966,
    "p50_tpot_ms": 8.313314505214766,
    "p50_e2e_ms": 1143.2791147381067,
    "p99_ttft_ms": 110.85377875715494,
    "p99_tpot_ms": 8.739251762217894,
    "p99_e2e_ms": 1202.362093962729
  },
  "turn2": {
    "count": 20,
    "avg_ttft_ms": 91.72146134078503,
    "avg_tpot_ms": 8.494533117922462,
    "avg_e2e_ms": 8781.628840975463,
    "p50_ttft_ms": 93.61356869339943,
    "p50_tpot_ms": 8.555196728174987,
    "p50_e2e_ms": 8843.035984784365,
    "p99_ttft_ms": 108.05695235729216,
    "p99_tpot_ms": 8.63836865901277,
    "p99_e2e_ms": 8930.929226651788
  },
  "average": {
    "count": 40,
    "avg_ttft_ms": 93.86869734153152,
    "avg_tpot_ms": 8.394941044004977,
    "avg_e2e_ms": 4965.577046759427,
    "p50_ttft_ms": 94.08951923251152,
    "p50_tpot_ms": 8.443596833071087,
    "p50_e2e_ms": 4836.799632757902,
    "p99_ttft_ms": 110.77155951410532,
    "p99_tpot_ms": 8.736723228761061,
    "p99_e2e_ms": 8928.536423519254
  },
  "throughput": {
    "requests_per_sec": 2.333731004631701,
    "tokens_per_sec": 1344.2290586678598
  },
  "success_rate": 100.0,
  "total_requests": 40,
  "failed_requests": 0,
  "duration_sec": 17.139935974031687,
  "timestamp": "2026-01-18T04:35:06.659798",
  "error": null
}