{
  "config": "1P_3D",
  "workload": "large_very_long_gen",
  "qps": 16,
  "turn1": {
    "count": 160,
    "avg_ttft_ms": 22903.394671319984,
    "avg_tpot_ms": 10.40732711298666,
    "avg_e2e_ms": 33550.09030790534,
    "p50_ttft_ms": 21553.048925474286,
    "p50_tpot_ms": 10.505381683916408,
    "p50_e2e_ms": 32302.507616579533,
    "p99_ttft_ms": 58266.2175077945,
    "p99_tpot_ms": 11.1300819708018,
    "p99_e2e_ms": 67833.52887235582
  },
  "turn2": {
    "count": 160,
    "avg_ttft_ms": 905.8733369456604,
    "avg_tpot_ms": 10.846961750116341,
    "avg_e2e_ms": 12002.315207314678,
    "p50_ttft_ms": 181.76179379224777,
    "p50_tpot_ms": 11.05731263035728,
    "p50_e2e_ms": 11504.359716549516,
    "p99_ttft_ms": 22617.00582735222,
    "p99_tpot_ms": 11.78989021957853,
    "p99_e2e_ms": 33473.67475468648
  },
  "average": {
    "count": 320,
    "avg_ttft_ms": 11904.634004132822,
    "avg_tpot_ms": 10.627144431551502,
    "avg_e2e_ms": 22776.202757610008,
    "p50_ttft_ms": 417.06602834165096,
    "p50_tpot_ms": 10.595577236406964,
    "p50_e2e_ms": 12086.590994149446,
    "p99_ttft_ms": 58064.541161097586,
    "p99_tpot_ms": 11.783388388558917,
    "p99_e2e_ms": 67602.97481909394
  },
  "throughput": {
    "requests_per_sec": 3.7305859061887023,
    "tokens_per_sec": 3820.119967937231
  },
  "success_rate": 100.0,
  "total_requests": 320,
  "failed_requests": 0,
  "duration_sec": 85.77741085365415,
  "timestamp": "2026-01-18T05:17:38.628949",
  "error": null
}