{
  "config": "1P_3D",
  "workload": "large_very_long_gen",
  "qps": 2,
  "turn1": {
    "count": 19,
    "avg_ttft_ms": 136.37630563033255,
    "avg_tpot_ms": 8.762050685686248,
    "avg_e2e_ms": 9099.954157087364,
    "p50_ttft_ms": 129.16382774710655,
    "p50_tpot_ms": 8.766161873281177,
    "p50_e2e_ms": 9091.466873884201,
    "p99_ttft_ms": 171.0149882733822,
    "p99_tpot_ms": 9.21430825786565,
    "p99_e2e_ms": 9579.896022081375
  },
  "turn2": {
    "count": 19,
    "avg_ttft_ms": 178.99727664495768,
    "avg_tpot_ms": 9.011375300815065,
    "avg_e2e_ms": 9397.63420937877,
    "p50_ttft_ms": 159.42589566111565,
    "p50_tpot_ms": 9.026571842436683,
    "p50_e2e_ms": 9419.81152817607,
    "p99_ttft_ms": 337.512818351388,
    "p99_tpot_ms": 9.411625817403532,
    "p99_e2e_ms": 9760.597411990166
  },
  "average": {
    "count": 38,
    "avg_ttft_ms": 157.68679113764512,
    "avg_tpot_ms": 8.886712993250658,
    "avg_e2e_ms": 9248.794183233067,
    "p50_ttft_ms": 146.02982252836227,
    "p50_tpot_ms": 8.896620354213672,
    "p50_e2e_ms": 9288.697320967913,
    "p99_ttft_ms": 329.6240007504822,
    "p99_tpot_ms": 9.40941283102434,
    "p99_e2e_ms": 9759.657718539238
  },
  "throughput": {
    "requests_per_sec": 1.398421582992677,
    "tokens_per_sec": 1431.9837009845012
  },
  "success_rate": 100.0,
  "total_requests": 38,
  "failed_requests": 0,
  "duration_sec": 27.173493646085262,
  "timestamp": "2026-01-18T05:12:19.014276",
  "error": null
}