{
  "config": "1P_3D",
  "workload": "small_huge_paste",
  "qps": 2,
  "turn1": {
    "count": 20,
    "avg_ttft_ms": 111.2928094342351,
    "avg_tpot_ms": 8.058314308465466,
    "avg_e2e_ms": 1134.6987266093493,
    "p50_ttft_ms": 101.37425176799297,
    "p50_tpot_ms": 8.08980569654093,
    "p50_e2e_ms": 1134.448330849409,
    "p99_ttft_ms": 165.25814346969128,
    "p99_tpot_ms": 8.268526936551247,
    "p99_e2e_ms": 1188.6763320118189
  },
  "turn2": {
    "count": 20,
    "avg_ttft_ms": 131.30843937397003,
    "avg_tpot_ms": 8.101497103850688,
    "avg_e2e_ms": 382.45484959334135,
    "p50_ttft_ms": 126.93336978554726,
    "p50_tpot_ms": 8.12073670808346,
    "p50_e2e_ms": 380.2119083702564,
    "p99_ttft_ms": 164.11465920507908,
    "p99_tpot_ms": 8.583677318548002,
    "p99_e2e_ms": 415.6534756347537
  },
  "average": {
    "count": 40,
    "avg_ttft_ms": 121.30062440410256,
    "avg_tpot_ms": 8.079905706158076,
    "avg_e2e_ms": 758.5767881013453,
    "p50_ttft_ms": 120.7135058939457,
    "p50_tpot_ms": 8.107124033682322,
    "p50_e2e_ms": 756.6926665604115,
    "p99_ttft_ms": 165.5372703447938,
    "p99_tpot_ms": 8.56529796195607,
    "p99_e2e_ms": 1186.3739819079638
  },
  "throughput": {
    "requests_per_sec": 3.874030469318749,
    "tokens_per_sec": 309.9224375454999
  },
  "success_rate": 100.0,
  "total_requests": 40,
  "failed_requests": 0,
  "duration_sec": 10.325164016336203,
  "timestamp": "2026-01-18T04:48:03.959916",
  "error": null
}