{
  "config": "1P_3D",
  "workload": "large_tiny",
  "qps": 8,
  "turn1": {
    "count": 77,
    "avg_ttft_ms": 1877.2593497649416,
    "avg_tpot_ms": 10.026168330679651,
    "avg_e2e_ms": 12134.029552050226,
    "p50_ttft_ms": 193.42200458049774,
    "p50_tpot_ms": 10.089433630919293,
    "p50_e2e_ms": 11086.494233459234,
    "p99_ttft_ms": 5930.868783593178,
    "p99_tpot_ms": 10.824205302801767,
    "p99_e2e_ms": 15671.934422403574
  },
  "turn2": {
    "count": 77,
    "avg_ttft_ms": 340.59536689287654,
    "avg_tpot_ms": 9.846485444240404,
    "avg_e2e_ms": 645.8364156643291,
    "p50_ttft_ms": 198.28953966498375,
    "p50_tpot_ms": 9.851734844907638,
    "p50_e2e_ms": 510.1342052221298,
    "p99_ttft_ms": 1133.0339260399337,
    "p99_tpot_ms": 11.65995484398257,
    "p99_e2e_ms": 1477.4770225584505
  },
  "average": {
    "count": 154,
    "avg_ttft_ms": 1108.9273583289091,
    "avg_tpot_ms": 9.936326887460028,
    "avg_e2e_ms": 6389.932983857278,
    "p50_ttft_ms": 195.85528410971165,
    "p50_tpot_ms": 9.989989584608628,
    "p50_e2e_ms": 5597.018845379353,
    "p99_ttft_ms": 5848.210891261697,
    "p99_tpot_ms": 11.450439191633654,
    "p99_e2e_ms": 15620.011902675033
  },
  "throughput": {
    "requests_per_sec": 6.148886555654842,
    "tokens_per_sec": 3246.612101385757
  },
  "success_rate": 100.0,
  "total_requests": 154,
  "failed_requests": 0,
  "duration_sec": 25.045184783637524,
  "timestamp": "2026-01-18T04:54:50.405405",
  "error": null
}