{
  "config": "1P_3D",
  "workload": "small_huge_paste",
  "qps": 0.5,
  "turn1": {
    "count": 5,
    "avg_ttft_ms": 104.00725826621056,
    "avg_tpot_ms": 7.789980209483875,
    "avg_e2e_ms": 1093.3347448706627,
    "p50_ttft_ms": 103.81915420293808,
    "p50_tpot_ms": 7.7332513714869195,
    "p50_e2e_ms": 1094.0327793359756,
    "p99_ttft_ms": 113.91292095184326,
    "p99_tpot_ms": 7.969539848368937,
    "p99_e2e_ms": 1110.7039088010788
  },
  "turn2": {
    "count": 5,
    "avg_ttft_ms": 146.13118767738342,
    "avg_tpot_ms": 8.277713435311473,
    "avg_e2e_ms": 402.74030417203903,
    "p50_ttft_ms": 145.56727558374405,
    "p50_tpot_ms": 8.224733294017854,
    "p50_e2e_ms": 404.93691712617874,
    "p99_ttft_ms": 155.3680619597435,
    "p99_tpot_ms": 8.741536967216,
    "p99_e2e_ms": 410.80044224858284
  },
  "average": {
    "count": 10,
    "avg_ttft_ms": 125.06922297179699,
    "avg_tpot_ms": 8.033846822397674,
    "avg_e2e_ms": 748.0375245213509,
    "p50_ttft_ms": 126.60826928913593,
    "p50_tpot_ms": 7.997084362633434,
    "p50_e2e_ms": 742.5495628267527,
    "p99_ttft_ms": 155.0099617242813,
    "p99_tpot_ms": 8.717102716045995,
    "p99_e2e_ms": 1109.9309261515737
  },
  "throughput": {
    "requests_per_sec": 1.347876215207375,
    "tokens_per_sec": 107.83009721659
  },
  "success_rate": 100.0,
  "total_requests": 10,
  "failed_requests": 0,
  "duration_sec": 7.419078908860683,
  "timestamp": "2026-01-18T04:47:45.216697",
  "error": null
}