{
  "config": "1P_3D",
  "workload": "large_short_gen",
  "qps": 2,
  "turn1": {
    "count": 20,
    "avg_ttft_ms": 146.65793478488922,
    "avg_tpot_ms": 8.933998322622342,
    "avg_e2e_ms": 9286.138218827546,
    "p50_ttft_ms": 132.05159828066826,
    "p50_tpot_ms": 9.010776851912514,
    "p50_e2e_ms": 9368.341941386461,
    "p99_ttft_ms": 270.1918620616197,
    "p99_tpot_ms": 9.311735415840312,
    "p99_e2e_ms": 9676.194324493408
  },
  "turn2": {
    "count": 20,
    "avg_ttft_ms": 143.6242638155818,
    "avg_tpot_ms": 8.961944794830154,
    "avg_e2e_ms": 2428.920186497271,
    "p50_ttft_ms": 141.717579215765,
    "p50_tpot_ms": 9.076297005601958,
    "p50_e2e_ms": 2455.441650003195,
    "p99_ttft_ms": 172.34513092786074,
    "p99_tpot_ms": 9.540848898390928,
    "p99_e2e_ms": 2589.201863743365
  },
  "average": {
    "count": 40,
    "avg_ttft_ms": 145.1410993002355,
    "avg_tpot_ms": 8.947971558726248,
    "avg_e2e_ms": 5857.529202662408,
    "p50_ttft_ms": 139.18375596404076,
    "p50_tpot_ms": 9.02397865749226,
    "p50_e2e_ms": 5557.8002240508795,
    "p99_ttft_ms": 258.49506892263884,
    "p99_tpot_ms": 9.533813624843663,
    "p99_e2e_ms": 9665.13128221035
  },
  "throughput": {
    "requests_per_sec": 2.2323314486906294,
    "tokens_per_sec": 1428.6921271620029
  },
  "success_rate": 100.0,
  "total_requests": 40,
  "failed_requests": 0,
  "duration_sec": 17.918486084789038,
  "timestamp": "2026-01-18T05:00:13.792969",
  "error": null
}