{
  "config": "1P_3D",
  "workload": "small_small_bal",
  "qps": 20,
  "turn1": {
    "count": 183,
    "avg_ttft_ms": 2362.887702800863,
    "avg_tpot_ms": 9.033873883706711,
    "avg_e2e_ms": 3510.189686031615,
    "p50_ttft_ms": 2195.4313665628433,
    "p50_tpot_ms": 9.018755158570809,
    "p50_e2e_ms": 3347.4370650947094,
    "p99_ttft_ms": 4858.92181456089,
    "p99_tpot_ms": 9.688612449708886,
    "p99_e2e_ms": 6002.310365438461
  },
  "turn2": {
    "count": 183,
    "avg_ttft_ms": 1151.7304759370825,
    "avg_tpot_ms": 9.07310504769708,
    "avg_e2e_ms": 1723.3360939419986,
    "p50_ttft_ms": 1240.9507520496845,
    "p50_tpot_ms": 9.08763547028814,
    "p50_e2e_ms": 1817.6384270191193,
    "p99_ttft_ms": 2037.1212854981454,
    "p99_tpot_ms": 9.737393534372723,
    "p99_e2e_ms": 2640.882686972621
  },
  "average": {
    "count": 366,
    "avg_ttft_ms": 1757.3090893689725,
    "avg_tpot_ms": 9.053489465701897,
    "avg_e2e_ms": 2616.762889986807,
    "p50_ttft_ms": 1369.8882665485144,
    "p50_tpot_ms": 9.062032618625896,
    "p50_e2e_ms": 2004.4904127717018,
    "p99_ttft_ms": 4768.964322842658,
    "p99_tpot_ms": 9.734340156945917,
    "p99_e2e_ms": 5925.0559935346255
  },
  "throughput": {
    "requests_per_sec": 21.9654145990844,
    "tokens_per_sec": 2108.679801512102
  },
  "success_rate": 100.0,
  "total_requests": 366,
  "failed_requests": 0,
  "duration_sec": 16.662558238953352,
  "timestamp": "2026-01-18T04:40:50.686597",
  "error": null
}