{
  "config": "1P_3D",
  "workload": "small_short_gen",
  "qps": 2,
  "turn1": {
    "count": 17,
    "avg_ttft_ms": 97.08137678749421,
    "avg_tpot_ms": 8.041225718839016,
    "avg_e2e_ms": 1118.3170430800494,
    "p50_ttft_ms": 95.59176117181778,
    "p50_tpot_ms": 8.072455156975844,
    "p50_e2e_ms": 1120.863389223814,
    "p99_ttft_ms": 126.42206743359566,
    "p99_tpot_ms": 8.232796919627454,
    "p99_e2e_ms": 1167.3600371181965
  },
  "turn2": {
    "count": 17,
    "avg_ttft_ms": 91.80524265941452,
    "avg_tpot_ms": 8.004462194758991,
    "avg_e2e_ms": 2132.943102322957,
    "p50_ttft_ms": 91.45766124129295,
    "p50_tpot_ms": 8.008253837333006,
    "p50_e2e_ms": 2132.4652321636677,
    "p99_ttft_ms": 107.80061960220337,
    "p99_tpot_ms": 8.180370275880776,
    "p99_e2e_ms": 2175.149532407522
  },
  "average": {
    "count": 34,
    "avg_ttft_ms": 94.44330972345436,
    "avg_tpot_ms": 8.022843956799004,
    "avg_e2e_ms": 1625.6300727015032,
    "p50_ttft_ms": 91.49416722357273,
    "p50_tpot_ms": 8.045094806378282,
    "p50_e2e_ms": 1623.9730585366488,
    "p99_ttft_ms": 125.78403543680906,
    "p99_tpot_ms": 8.22665147248685,
    "p99_e2e_ms": 2174.8168032616377
  },
  "throughput": {
    "requests_per_sec": 2.6853942696281248,
    "tokens_per_sec": 515.5956997686
  },
  "success_rate": 100.0,
  "total_requests": 34,
  "failed_requests": 0,
  "duration_sec": 12.661083098500967,
  "timestamp": "2026-01-18T04:29:18.981034",
  "error": null
}