{
  "config": "1P_3D",
  "workload": "large_mid_paste",
  "qps": 16,
  "turn1": {
    "count": 160,
    "avg_ttft_ms": 13295.602409099229,
    "avg_tpot_ms": 10.087427994707928,
    "avg_e2e_ms": 23615.04124768544,
    "p50_ttft_ms": 14557.584669440985,
    "p50_tpot_ms": 9.973721283752898,
    "p50_e2e_ms": 25076.73567160964,
    "p99_ttft_ms": 30089.762870706618,
    "p99_tpot_ms": 10.882319603461266,
    "p99_e2e_ms": 39651.65235582739
  },
  "turn2": {
    "count": 160,
    "avg_ttft_ms": 874.5042261434719,
    "avg_tpot_ms": 9.975678434536334,
    "avg_e2e_ms": 1502.971967519261,
    "p50_ttft_ms": 531.7263323813677,
    "p50_tpot_ms": 9.968032823905112,
    "p50_e2e_ms": 1234.2195622622967,
    "p99_ttft_ms": 3067.6259188726544,
    "p99_tpot_ms": 11.689837842824913,
    "p99_e2e_ms": 3708.3178390562534
  },
  "average": {
    "count": 320,
    "avg_ttft_ms": 7085.05331762135,
    "avg_tpot_ms": 10.031553214622132,
    "avg_e2e_ms": 12559.00660760235,
    "p50_ttft_ms": 1794.7802264243364,
    "p50_tpot_ms": 9.973197942805573,
    "p50_e2e_ms": 6728.2497845590115,
    "p99_ttft_ms": 29679.621372409165,
    "p99_tpot_ms": 11.38767301799759,
    "p99_e2e_ms": 39476.78421858698
  },
  "throughput": {
    "requests_per_sec": 6.476784572024482,
    "tokens_per_sec": 3523.370807181318
  },
  "success_rate": 100.0,
  "total_requests": 320,
  "failed_requests": 0,
  "duration_sec": 49.40723231434822,
  "timestamp": "2026-01-18T15:44:29.018628",
  "error": null
}