{
  "config": "1P_3D",
  "workload": "large_long_gen",
  "qps": 12,
  "turn1": {
    "count": 118,
    "avg_ttft_ms": 9209.50922022684,
    "avg_tpot_ms": 10.19973386937179,
    "avg_e2e_ms": 19643.836968594183,
    "p50_ttft_ms": 12227.232102304697,
    "p50_tpot_ms": 10.245303436749609,
    "p50_e2e_ms": 22677.087360993028,
    "p99_ttft_ms": 24923.53204973042,
    "p99_tpot_ms": 11.098037158973872,
    "p99_e2e_ms": 34870.202068425715
  },
  "turn2": {
    "count": 118,
    "avg_ttft_ms": 197.67565236000692,
    "avg_tpot_ms": 10.626464489809242,
    "avg_e2e_ms": 5627.799006652529,
    "p50_ttft_ms": 166.8587177991867,
    "p50_tpot_ms": 10.560145692757665,
    "p50_e2e_ms": 5617.603775113821,
    "p99_ttft_ms": 425.5958056077361,
    "p99_tpot_ms": 11.743043213936913,
    "p99_e2e_ms": 6272.483895309269
  },
  "average": {
    "count": 236,
    "avg_ttft_ms": 4703.592436293424,
    "avg_tpot_ms": 10.413099179590516,
    "avg_e2e_ms": 12635.817987623355,
    "p50_ttft_ms": 261.05074770748615,
    "p50_tpot_ms": 10.406776869017083,
    "p50_e2e_ms": 8145.9861267358065,
    "p99_ttft_ms": 24826.97189077735,
    "p99_tpot_ms": 11.737079147446295,
    "p99_e2e_ms": 34793.989561498165
  },
  "throughput": {
    "requests_per_sec": 4.7399323423042805,
    "tokens_per_sec": 3640.2680388896874
  },
  "success_rate": 100.0,
  "total_requests": 236,
  "failed_requests": 0,
  "duration_sec": 49.78974022343755,
  "timestamp": "2026-01-18T05:08:49.085256",
  "error": null
}