{
  "config": "1P_3D",
  "workload": "large_tiny",
  "qps": 10,
  "turn1": {
    "count": 93,
    "avg_ttft_ms": 4063.934496013067,
    "avg_tpot_ms": 9.959387373764622,
    "avg_e2e_ms": 14252.387779374276,
    "p50_ttft_ms": 963.8227112591267,
    "p50_tpot_ms": 9.805384397011466,
    "p50_e2e_ms": 11922.72387072444,
    "p99_ttft_ms": 10867.561284154654,
    "p99_tpot_ms": 10.861286211718795,
    "p99_e2e_ms": 20493.40753644705
  },
  "turn2": {
    "count": 93,
    "avg_ttft_ms": 636.4934500907698,
    "avg_tpot_ms": 9.81822028947381,
    "avg_e2e_ms": 940.8582790644579,
    "p50_ttft_ms": 224.358219653368,
    "p50_tpot_ms": 9.821391394061427,
    "p50_e2e_ms": 510.0730322301388,
    "p99_ttft_ms": 2513.9830908179283,
    "p99_tpot_ms": 11.42665464551218,
    "p99_e2e_ms": 2828.213412463665
  },
  "average": {
    "count": 186,
    "avg_ttft_ms": 2350.2139730519184,
    "avg_tpot_ms": 9.888803831619216,
    "avg_e2e_ms": 7596.623029219367,
    "p50_ttft_ms": 408.145597204566,
    "p50_tpot_ms": 9.808718619225427,
    "p50_e2e_ms": 6193.866929039359,
    "p99_ttft_ms": 10787.8707556054,
    "p99_tpot_ms": 11.370492846735063,
    "p99_e2e_ms": 20323.861942254007
  },
  "throughput": {
    "requests_per_sec": 6.182411986150607,
    "tokens_per_sec": 3264.3135286875204
  },
  "success_rate": 100.0,
  "total_requests": 186,
  "failed_requests": 0,
  "duration_sec": 30.085345398634672,
  "timestamp": "2026-01-18T04:55:20.529529",
  "error": null
}