{
  "config": "1P_3D",
  "workload": "large_mid_bal",
  "qps": 4,
  "turn1": {
    "count": 40,
    "avg_ttft_ms": 140.39034200832248,
    "avg_tpot_ms": 9.38884482308421,
    "avg_e2e_ms": 9745.17859602347,
    "p50_ttft_ms": 139.71288688480854,
    "p50_tpot_ms": 9.471821401155356,
    "p50_e2e_ms": 9848.340183496475,
    "p99_ttft_ms": 202.21803694963455,
    "p99_tpot_ms": 9.733867064620917,
    "p99_e2e_ms": 10080.443670786917
  },
  "turn2": {
    "count": 40,
    "avg_ttft_ms": 153.48416659981012,
    "avg_tpot_ms": 9.209396742196299,
    "avg_e2e_ms": 1323.07755285874,
    "p50_ttft_ms": 145.45943401753902,
    "p50_tpot_ms": 9.277381486897394,
    "p50_e2e_ms": 1326.3607695698738,
    "p99_ttft_ms": 227.3292015492916,
    "p99_tpot_ms": 9.987425805604834,
    "p99_e2e_ms": 1445.658583715558
  },
  "average": {
    "count": 80,
    "avg_ttft_ms": 146.9372543040663,
    "avg_tpot_ms": 9.299120782640255,
    "avg_e2e_ms": 5534.128074441105,
    "p50_ttft_ms": 141.9230829924345,
    "p50_tpot_ms": 9.428852571871857,
    "p50_e2e_ms": 5239.974496886134,
    "p99_ttft_ms": 216.94576248526556,
    "p99_tpot_ms": 9.959506133468603,
    "p99_e2e_ms": 10077.999068237841
  },
  "throughput": {
    "requests_per_sec": 3.9531342792278896,
    "tokens_per_sec": 2277.005344835264
  },
  "success_rate": 100.0,
  "total_requests": 80,
  "failed_requests": 0,
  "duration_sec": 20.237106647342443,
  "timestamp": "2026-01-18T05:25:24.225386",
  "error": null
}