{
  "config": "1P_3D",
  "workload": "small_short_gen",
  "qps": 12,
  "turn1": {
    "count": 120,
    "avg_ttft_ms": 518.1311903521419,
    "avg_tpot_ms": 9.440970603679734,
    "avg_e2e_ms": 1717.134457019468,
    "p50_ttft_ms": 464.0182349830866,
    "p50_tpot_ms": 9.453267123051516,
    "p50_e2e_ms": 1717.2843534499407,
    "p99_ttft_ms": 1056.0136530175805,
    "p99_tpot_ms": 10.219245529256936,
    "p99_e2e_ms": 2270.262478441
  },
  "turn2": {
    "count": 120,
    "avg_ttft_ms": 345.39486033221084,
    "avg_tpot_ms": 9.417235616935427,
    "avg_e2e_ms": 2746.789942650745,
    "p50_ttft_ms": 349.1203095763922,
    "p50_tpot_ms": 9.381325528317806,
    "p50_e2e_ms": 2803.3997528254986,
    "p99_ttft_ms": 711.4150250703096,
    "p99_tpot_ms": 10.124532976132983,
    "p99_e2e_ms": 3292.9296351224184
  },
  "average": {
    "count": 240,
    "avg_ttft_ms": 431.7630253421764,
    "avg_tpot_ms": 9.429103110307581,
    "avg_e2e_ms": 2231.9621998351067,
    "p50_ttft_ms": 404.72185239195824,
    "p50_tpot_ms": 9.410712654534564,
    "p50_e2e_ms": 2297.496533021331,
    "p99_ttft_ms": 1022.8676648065446,
    "p99_tpot_ms": 10.198940189745953,
    "p99_e2e_ms": 3199.8751833289834
  },
  "throughput": {
    "requests_per_sec": 17.192808110850073,
    "tokens_per_sec": 3301.019157283214
  },
  "success_rate": 100.0,
  "total_requests": 240,
  "failed_requests": 0,
  "duration_sec": 13.959325227886438,
  "timestamp": "2026-01-18T04:30:24.645079",
  "error": null
}