{
  "config": "1P_3D",
  "workload": "large_small_bal",
  "qps": 12,
  "turn1": {
    "count": 120,
    "avg_ttft_ms": 7388.484706760694,
    "avg_tpot_ms": 10.240472946042889,
    "avg_e2e_ms": 17864.48853056257,
    "p50_ttft_ms": 8439.934385940433,
    "p50_tpot_ms": 10.474715940836354,
    "p50_e2e_ms": 18778.95917929709,
    "p99_ttft_ms": 17400.667484775186,
    "p99_tpot_ms": 10.908398588214395,
    "p99_e2e_ms": 27426.36174850166
  },
  "turn2": {
    "count": 120,
    "avg_ttft_ms": 702.7976908410589,
    "avg_tpot_ms": 10.072582039647,
    "avg_e2e_ms": 1337.37035933882,
    "p50_ttft_ms": 296.1522005498409,
    "p50_tpot_ms": 10.109535788023283,
    "p50_e2e_ms": 977.1872963756323,
    "p99_ttft_ms": 2524.469443745911,
    "p99_tpot_ms": 11.48551208336675,
    "p99_e2e_ms": 3213.0579597875476
  },
  "average": {
    "count": 240,
    "avg_ttft_ms": 4045.6411988008767,
    "avg_tpot_ms": 10.156527492844946,
    "avg_e2e_ms": 9600.929444950694,
    "p50_ttft_ms": 1156.751288101077,
    "p50_tpot_ms": 10.376642559193446,
    "p50_e2e_ms": 6404.562575742602,
    "p99_ttft_ms": 17233.731574155387,
    "p99_tpot_ms": 11.450659831956266,
    "p99_e2e_ms": 26964.823311455537
  },
  "throughput": {
    "requests_per_sec": 6.228295644570011,
    "tokens_per_sec": 3388.192830646086
  },
  "success_rate": 100.0,
  "total_requests": 240,
  "failed_requests": 0,
  "duration_sec": 38.53381626307964,
  "timestamp": "2026-01-18T05:22:30.660258",
  "error": null
}