{
  "config": "1P_3D",
  "workload": "small_tiny",
  "qps": 0.5,
  "turn1": {
    "count": 5,
    "avg_ttft_ms": 580.8045417070389,
    "avg_tpot_ms": 7.732172292752528,
    "avg_e2e_ms": 1562.79042288661,
    "p50_ttft_ms": 118.2481124997139,
    "p50_tpot_ms": 7.730043837873954,
    "p50_e2e_ms": 1121.4555650949478,
    "p99_ttft_ms": 2001.2046994268894,
    "p99_tpot_ms": 7.92449764966026,
    "p99_e2e_ms": 2985.6159333884716
  },
  "turn2": {
    "count": 5,
    "avg_ttft_ms": 100.68415701389313,
    "avg_tpot_ms": 7.886288603467325,
    "avg_e2e_ms": 345.15910372138023,
    "p50_ttft_ms": 96.6479517519474,
    "p50_tpot_ms": 7.885480840359965,
    "p50_e2e_ms": 339.0851654112339,
    "p99_ttft_ms": 120.83122313022614,
    "p99_tpot_ms": 7.9994046736148094,
    "p99_e2e_ms": 368.77537593245506
  },
  "average": {
    "count": 10,
    "avg_ttft_ms": 340.744349360466,
    "avg_tpot_ms": 7.809230448109927,
    "avg_e2e_ms": 953.9747633039951,
    "p50_ttft_ms": 115.67768640816212,
    "p50_tpot_ms": 7.827482516727139,
    "p50_e2e_ms": 727.6307512074709,
    "p99_ttft_ms": 1922.5095811858776,
    "p99_tpot_ms": 7.997574943558028,
    "p99_e2e_ms": 2906.7804158478975
  },
  "throughput": {
    "requests_per_sec": 1.0578196087213507,
    "tokens_per_sec": 84.62556869770805
  },
  "success_rate": 100.0,
  "total_requests": 10,
  "failed_requests": 0,
  "duration_sec": 9.453407667577267,
  "timestamp": "2026-01-18T04:26:47.972893",
  "error": null
}