{
  "config": "1P_3D",
  "workload": "small_mid_bal",
  "qps": 2,
  "turn1": {
    "count": 20,
    "avg_ttft_ms": 107.27557558566332,
    "avg_tpot_ms": 8.040703947501857,
    "avg_e2e_ms": 1128.4449769183993,
    "p50_ttft_ms": 95.5590195953846,
    "p50_tpot_ms": 8.064347077307739,
    "p50_e2e_ms": 1124.030927196145,
    "p99_ttft_ms": 211.04940500110382,
    "p99_tpot_ms": 8.252058237732395,
    "p99_e2e_ms": 1225.8149863407016
  },
  "turn2": {
    "count": 20,
    "avg_ttft_ms": 104.7297390177846,
    "avg_tpot_ms": 8.113430163229076,
    "avg_e2e_ms": 1135.1353697478771,
    "p50_ttft_ms": 98.88437204062939,
    "p50_tpot_ms": 8.162177424496553,
    "p50_e2e_ms": 1141.8197490274906,
    "p99_ttft_ms": 180.84879856556645,
    "p99_tpot_ms": 8.303894587447793,
    "p99_e2e_ms": 1212.909462787211
  },
  "average": {
    "count": 40,
    "avg_ttft_ms": 106.00265730172396,
    "avg_tpot_ms": 8.077067055365466,
    "avg_e2e_ms": 1131.7901733331382,
    "p50_ttft_ms": 97.8356022387743,
    "p50_tpot_ms": 8.11039861731642,
    "p50_e2e_ms": 1135.1253595203161,
    "p99_ttft_ms": 207.8610885888338,
    "p99_tpot_ms": 8.30334410687366,
    "p99_e2e_ms": 1227.2537456080317
  },
  "throughput": {
    "requests_per_sec": 3.372497816065285,
    "tokens_per_sec": 431.6797204563565
  },
  "success_rate": 100.0,
  "total_requests": 40,
  "failed_requests": 0,
  "duration_sec": 11.860645189881325,
  "timestamp": "2026-01-18T04:41:24.456426",
  "error": null
}