{
  "config": "1P_3D",
  "workload": "small_very_long_gen",
  "qps": 4,
  "turn1": {
    "count": 40,
    "avg_ttft_ms": 120.25737697258592,
    "avg_tpot_ms": 8.762838775072042,
    "avg_e2e_ms": 1233.1379014067352,
    "p50_ttft_ms": 103.85617427527905,
    "p50_tpot_ms": 8.86998017589877,
    "p50_e2e_ms": 1237.4141700565815,
    "p99_ttft_ms": 205.51569420844316,
    "p99_tpot_ms": 9.60988626060054,
    "p99_e2e_ms": 1373.989839144051
  },
  "turn2": {
    "count": 40,
    "avg_ttft_ms": 112.0771155692637,
    "avg_tpot_ms": 9.078377923898158,
    "avg_e2e_ms": 9399.25773171708,
    "p50_ttft_ms": 98.99894706904888,
    "p50_tpot_ms": 9.06295914709102,
    "p50_e2e_ms": 9406.177293509245,
    "p99_ttft_ms": 208.17152716219425,
    "p99_tpot_ms": 9.437730793321354,
    "p99_e2e_ms": 9753.838367313147
  },
  "average": {
    "count": 80,
    "avg_ttft_ms": 116.1672462709248,
    "avg_tpot_ms": 8.920608349485098,
    "avg_e2e_ms": 5316.1978165619075,
    "p50_ttft_ms": 101.19604505598545,
    "p50_tpot_ms": 8.937263061952956,
    "p50_e2e_ms": 5149.343961849809,
    "p99_ttft_ms": 211.28942482173443,
    "p99_tpot_ms": 9.585890862064097,
    "p99_e2e_ms": 9752.888853400946
  },
  "throughput": {
    "requests_per_sec": 4.098400168905528,
    "tokens_per_sec": 2360.6784972895834
  },
  "success_rate": 100.0,
  "total_requests": 80,
  "failed_requests": 0,
  "duration_sec": 19.519811805337667,
  "timestamp": "2026-01-18T04:35:26.218435",
  "error": null
}