{
  "config": "1P_3D",
  "workload": "small_short_gen",
  "qps": 4,
  "turn1": {
    "count": 40,
    "avg_ttft_ms": 110.3026483207941,
    "avg_tpot_ms": 8.429266256463574,
    "avg_e2e_ms": 1180.819462891668,
    "p50_ttft_ms": 96.013518050313,
    "p50_tpot_ms": 8.422383437241155,
    "p50_e2e_ms": 1166.9888123869896,
    "p99_ttft_ms": 318.0678601562977,
    "p99_tpot_ms": 8.92010323849954,
    "p99_e2e_ms": 1362.6662906259298
  },
  "turn2": {
    "count": 40,
    "avg_ttft_ms": 107.5251447968185,
    "avg_tpot_ms": 8.3793543874487,
    "avg_e2e_ms": 2244.2605135962367,
    "p50_ttft_ms": 92.13433973491192,
    "p50_tpot_ms": 8.371875040671405,
    "p50_e2e_ms": 2240.275612100959,
    "p99_ttft_ms": 267.1753815189004,
    "p99_tpot_ms": 8.732133732706892,
    "p99_e2e_ms": 2437.080127298832
  },
  "average": {
    "count": 80,
    "avg_ttft_ms": 108.9138965588063,
    "avg_tpot_ms": 8.404310321956137,
    "avg_e2e_ms": 1712.5399882439524,
    "p50_ttft_ms": 93.83841417729855,
    "p50_tpot_ms": 8.394086820539158,
    "p50_e2e_ms": 1741.0580702126026,
    "p99_ttft_ms": 312.49299600720394,
    "p99_tpot_ms": 8.91163080197385,
    "p99_e2e_ms": 2401.395947039127
  },
  "throughput": {
    "requests_per_sec": 6.572438605163891,
    "tokens_per_sec": 1261.9082121914669
  },
  "success_rate": 100.0,
  "total_requests": 80,
  "failed_requests": 0,
  "duration_sec": 12.172042191028595,
  "timestamp": "2026-01-18T04:29:31.192329",
  "error": null
}