{
  "config": "1P_3D",
  "workload": "small_tiny",
  "qps": 16,
  "turn1": {
    "count": 143,
    "avg_ttft_ms": 1165.8280189116517,
    "avg_tpot_ms": 8.875520220207399,
    "avg_e2e_ms": 2293.0190868779914,
    "p50_ttft_ms": 1274.3168249726295,
    "p50_tpot_ms": 8.91284407006474,
    "p50_e2e_ms": 2428.545694798231,
    "p99_ttft_ms": 2398.4977458417425,
    "p99_tpot_ms": 9.21396340910844,
    "p99_e2e_ms": 3515.404465943575
  },
  "turn2": {
    "count": 143,
    "avg_ttft_ms": 934.8101240511124,
    "avg_tpot_ms": 9.06287805472866,
    "avg_e2e_ms": 1215.7593437477008,
    "p50_ttft_ms": 1132.690206170082,
    "p50_tpot_ms": 9.057890143125288,
    "p50_e2e_ms": 1415.4938161373138,
    "p99_ttft_ms": 1402.969254925848,
    "p99_tpot_ms": 9.731947003353026,
    "p99_e2e_ms": 1687.1999251842508
  },
  "average": {
    "count": 286,
    "avg_ttft_ms": 1050.319071481382,
    "avg_tpot_ms": 8.969199137468028,
    "avg_e2e_ms": 1754.389215312846,
    "p50_ttft_ms": 1152.3257195949554,
    "p50_tpot_ms": 8.972900692285515,
    "p50_e2e_ms": 1519.2041099071503,
    "p99_ttft_ms": 2347.0887742936607,
    "p99_tpot_ms": 9.723926635999833,
    "p99_e2e_ms": 3498.878502659499
  },
  "throughput": {
    "requests_per_sec": 21.102271798511257,
    "tokens_per_sec": 1688.1817438809007
  },
  "success_rate": 100.0,
  "total_requests": 286,
  "failed_requests": 0,
  "duration_sec": 13.553043138235807,
  "timestamp": "2026-01-18T04:28:19.369059",
  "error": null
}