{
  "config": "1P_3D",
  "workload": "small_huge_paste",
  "qps": 20,
  "turn1": {
    "count": 39,
    "avg_ttft_ms": 556.5533724923929,
    "avg_tpot_ms": 8.832059788590799,
    "avg_e2e_ms": 1678.2249656434242,
    "p50_ttft_ms": 210.4412205517292,
    "p50_tpot_ms": 8.857650022337756,
    "p50_e2e_ms": 1355.9187538921833,
    "p99_ttft_ms": 1862.2021651268005,
    "p99_tpot_ms": 9.350096488327491,
    "p99_e2e_ms": 2986.065490245819
  },
  "turn2": {
    "count": 19,
    "avg_ttft_ms": 1276.6067124903202,
    "avg_tpot_ms": 9.042757767266854,
    "avg_e2e_ms": 1556.9322032755927,
    "p50_ttft_ms": 1713.5136313736439,
    "p50_tpot_ms": 9.110008997301902,
    "p50_e2e_ms": 2006.293397396803,
    "p99_ttft_ms": 2207.704883515835,
    "p99_tpot_ms": 9.47431854182674,
    "p99_e2e_ms": 2469.855912178755
  },
  "average": {
    "count": 58,
    "avg_ttft_ms": 792.432914905507,
    "avg_tpot_ms": 8.901081540226057,
    "avg_e2e_ms": 1638.4911296953414,
    "p50_ttft_ms": 271.3002022355795,
    "p50_tpot_ms": 8.914515053428063,
    "p50_e2e_ms": 1357.1902234107256,
    "p99_ttft_ms": 2182.395111322403,
    "p99_tpot_ms": 9.464377770500798,
    "p99_e2e_ms": 2975.050770789385
  },
  "throughput": {
    "requests_per_sec": 0.8912877458177497,
    "tokens_per_sec": 86.05536856171376
  },
  "success_rate": 25.327510917030565,
  "total_requests": 229,
  "failed_requests": 171,
  "duration_sec": 65.07438284903765,
  "timestamp": "2026-01-18T04:50:48.267546",
  "error": "Response payload is not completed: <TransferEncodi; HTTP 500: {\"error\":\"Cannot connect to host 192.168"
}