{
  "config": "1P_3D",
  "workload": "large_small_bal",
  "qps": 1,
  "turn1": {
    "count": 10,
    "avg_ttft_ms": 133.28726887702942,
    "avg_tpot_ms": 8.163016872118178,
    "avg_e2e_ms": 8484.053529053926,
    "p50_ttft_ms": 129.2995698750019,
    "p50_tpot_ms": 8.141887557209412,
    "p50_e2e_ms": 8481.904352083802,
    "p99_ttft_ms": 163.4863844513893,
    "p99_tpot_ms": 8.379434171375815,
    "p99_e2e_ms": 8697.132987454534
  },
  "turn2": {
    "count": 10,
    "avg_ttft_ms": 133.26809220016003,
    "avg_tpot_ms": 8.077109321242286,
    "avg_e2e_ms": 642.1259794384241,
    "p50_ttft_ms": 135.57513803243637,
    "p50_tpot_ms": 8.122622109358272,
    "p50_e2e_ms": 635.4459635913372,
    "p99_ttft_ms": 167.9651191830635,
    "p99_tpot_ms": 8.440355354594805,
    "p99_e2e_ms": 699.3948682397604
  },
  "average": {
    "count": 20,
    "avg_ttft_ms": 133.27768053859472,
    "avg_tpot_ms": 8.120063096680234,
    "avg_e2e_ms": 4563.089754246175,
    "p50_ttft_ms": 134.93969105184078,
    "p50_tpot_ms": 8.12376863477267,
    "p50_e2e_ms": 4438.151121139526,
    "p99_ttft_ms": 168.67437783628702,
    "p99_tpot_ms": 8.446265133491833,
    "p99_e2e_ms": 8693.694016262889
  },
  "throughput": {
    "requests_per_sec": 1.289068183873547,
    "tokens_per_sec": 701.2530920272096
  },
  "success_rate": 100.0,
  "total_requests": 20,
  "failed_requests": 0,
  "duration_sec": 15.515083104372025,
  "timestamp": "2026-01-18T05:19:50.189174",
  "error": null
}