{
  "config": "1P_3D",
  "workload": "small_small_bal",
  "qps": 6,
  "turn1": {
    "count": 51,
    "avg_ttft_ms": 113.16602268055374,
    "avg_tpot_ms": 8.315581589090579,
    "avg_e2e_ms": 1169.2448844950572,
    "p50_ttft_ms": 99.95017200708389,
    "p50_tpot_ms": 8.334905525126795,
    "p50_e2e_ms": 1158.566765487194,
    "p99_ttft_ms": 224.63685646653175,
    "p99_tpot_ms": 8.686973280676707,
    "p99_e2e_ms": 1263.3315958082676
  },
  "turn2": {
    "count": 51,
    "avg_ttft_ms": 125.82670057228967,
    "avg_tpot_ms": 8.330138958468824,
    "avg_e2e_ms": 650.6254549558256,
    "p50_ttft_ms": 98.79013895988464,
    "p50_tpot_ms": 8.327670986690219,
    "p50_e2e_ms": 629.0240213274956,
    "p99_ttft_ms": 327.48989574611187,
    "p99_tpot_ms": 8.837276626200904,
    "p99_e2e_ms": 840.0859218090773
  },
  "average": {
    "count": 102,
    "avg_ttft_ms": 119.4963616264217,
    "avg_tpot_ms": 8.322860273779703,
    "avg_e2e_ms": 909.9351697254415,
    "p50_ttft_ms": 99.07918237149715,
    "p50_tpot_ms": 8.331288255908508,
    "p50_e2e_ms": 963.4632244706154,
    "p99_ttft_ms": 310.7430443912742,
    "p99_tpot_ms": 8.836624133326705,
    "p99_e2e_ms": 1257.1082067862153
  },
  "throughput": {
    "requests_per_sec": 8.795142935963412,
    "tokens_per_sec": 844.3337218524875
  },
  "success_rate": 100.0,
  "total_requests": 102,
  "failed_requests": 0,
  "duration_sec": 11.597310099750757,
  "timestamp": "2026-01-18T04:39:43.244333",
  "error": null
}