{
  "config": "1P_3D",
  "workload": "small_small_bal",
  "qps": 16,
  "turn1": {
    "count": 148,
    "avg_ttft_ms": 1252.9090778096704,
    "avg_tpot_ms": 8.982271231135352,
    "avg_e2e_ms": 2393.6575241638598,
    "p50_ttft_ms": 1048.1239557266235,
    "p50_tpot_ms": 8.98208052623929,
    "p50_e2e_ms": 2172.066766768694,
    "p99_ttft_ms": 3147.7965860813856,
    "p99_tpot_ms": 9.669075304363657,
    "p99_e2e_ms": 4226.619299203157
  },
  "turn2": {
    "count": 148,
    "avg_ttft_ms": 1013.7572023463813,
    "avg_tpot_ms": 8.96865225240032,
    "avg_e2e_ms": 1578.7822942476014,
    "p50_ttft_ms": 1043.7469985336065,
    "p50_tpot_ms": 8.950627157612452,
    "p50_e2e_ms": 1610.7076462358236,
    "p99_ttft_ms": 1682.637872248888,
    "p99_tpot_ms": 9.867178121847767,
    "p99_e2e_ms": 2239.695737734437
  },
  "average": {
    "count": 296,
    "avg_ttft_ms": 1133.333140078026,
    "avg_tpot_ms": 8.975461741767836,
    "avg_e2e_ms": 1986.2199092057308,
    "p50_ttft_ms": 1043.7469985336065,
    "p50_tpot_ms": 8.963239571404834,
    "p50_e2e_ms": 1750.7681660354137,
    "p99_ttft_ms": 3036.604016274215,
    "p99_tpot_ms": 9.810704323980543,
    "p99_e2e_ms": 4170.9264831617475
  },
  "throughput": {
    "requests_per_sec": 19.854208764889563,
    "tokens_per_sec": 1906.0040414293978
  },
  "success_rate": 100.0,
  "total_requests": 296,
  "failed_requests": 0,
  "duration_sec": 14.908677726984024,
  "timestamp": "2026-01-18T04:40:33.983501",
  "error": null
}