{
  "config": "1P_3D",
  "workload": "large_small_bal",
  "qps": 16,
  "turn1": {
    "count": 140,
    "avg_ttft_ms": 10311.267007967192,
    "avg_tpot_ms": 10.161766297792719,
    "avg_e2e_ms": 20706.753930609142,
    "p50_ttft_ms": 11533.438110724092,
    "p50_tpot_ms": 10.071580816253306,
    "p50_e2e_ms": 22201.011231169105,
    "p99_ttft_ms": 24854.324018023908,
    "p99_tpot_ms": 11.184775469021712,
    "p99_e2e_ms": 35007.85244908184
  },
  "turn2": {
    "count": 140,
    "avg_ttft_ms": 965.7631960032242,
    "avg_tpot_ms": 9.973074558725298,
    "avg_e2e_ms": 1594.066893202918,
    "p50_ttft_ms": 295.93086801469326,
    "p50_tpot_ms": 9.806163461198881,
    "p50_e2e_ms": 973.0283003300428,
    "p99_ttft_ms": 2648.608472533522,
    "p99_tpot_ms": 11.666997684136266,
    "p99_e2e_ms": 3262.0056138560158
  },
  "average": {
    "count": 280,
    "avg_ttft_ms": 5638.515101985207,
    "avg_tpot_ms": 10.067420428259009,
    "avg_e2e_ms": 11150.41041190603,
    "p50_ttft_ms": 1646.258320659399,
    "p50_tpot_ms": 10.02292804791431,
    "p50_e2e_ms": 9971.730528399348,
    "p99_ttft_ms": 24787.621010243893,
    "p99_tpot_ms": 11.47641411908562,
    "p99_e2e_ms": 34586.7037108913
  },
  "throughput": {
    "requests_per_sec": 6.129077686955507,
    "tokens_per_sec": 3334.218261703796
  },
  "success_rate": 100.0,
  "total_requests": 280,
  "failed_requests": 0,
  "duration_sec": 45.683871913701296,
  "timestamp": "2026-01-18T05:23:16.383460",
  "error": null
}