{
  "config": "1P_3D",
  "workload": "small_mid_paste",
  "qps": 12,
  "turn1": {
    "count": 120,
    "avg_ttft_ms": 800.1829587544004,
    "avg_tpot_ms": 8.888519502286446,
    "avg_e2e_ms": 1929.0249355447788,
    "p50_ttft_ms": 733.0656852573156,
    "p50_tpot_ms": 8.90640531644577,
    "p50_e2e_ms": 1876.8405858427286,
    "p99_ttft_ms": 1837.7411418035629,
    "p99_tpot_ms": 9.578731961430996,
    "p99_e2e_ms": 2987.3667150363326
  },
  "turn2": {
    "count": 120,
    "avg_ttft_ms": 766.7476606865724,
    "avg_tpot_ms": 8.989987350882044,
    "avg_e2e_ms": 1333.1168637921412,
    "p50_ttft_ms": 739.7598922252655,
    "p50_tpot_ms": 8.97910153227193,
    "p50_e2e_ms": 1309.732599183917,
    "p99_ttft_ms": 1350.5720911547542,
    "p99_tpot_ms": 10.010831709655504,
    "p99_e2e_ms": 1933.737224303186
  },
  "average": {
    "count": 240,
    "avg_ttft_ms": 783.4653097204864,
    "avg_tpot_ms": 8.939253426584246,
    "avg_e2e_ms": 1631.07089966846,
    "p50_ttft_ms": 739.1401249915361,
    "p50_tpot_ms": 8.937442953896333,
    "p50_e2e_ms": 1614.0453647822142,
    "p99_ttft_ms": 1791.8547643721101,
    "p99_tpot_ms": 9.992056714873465,
    "p99_e2e_ms": 2930.9395498782396
  },
  "throughput": {
    "requests_per_sec": 18.2652413163881,
    "tokens_per_sec": 1753.4631663732575
  },
  "success_rate": 100.0,
  "total_requests": 240,
  "failed_requests": 0,
  "duration_sec": 13.139711424708366,
  "timestamp": "2026-01-18T04:44:34.809095",
  "error": null
}