{
  "config": "1P_3D",
  "workload": "small_very_long_gen",
  "qps": 0.5,
  "turn1": {
    "count": 3,
    "avg_ttft_ms": 103.4749485552311,
    "avg_tpot_ms": 7.762929615307981,
    "avg_e2e_ms": 1089.3670096993446,
    "p50_ttft_ms": 102.00206562876701,
    "p50_tpot_ms": 7.742090722707313,
    "p50_e2e_ms": 1091.2466123700142,
    "p99_ttft_ms": 107.88111008703709,
    "p99_tpot_ms": 7.865384815363433,
    "p99_e2e_ms": 1101.0259176790714
  },
  "turn2": {
    "count": 3,
    "avg_ttft_ms": 97.9440485437711,
    "avg_tpot_ms": 7.794088269190898,
    "avg_e2e_ms": 8071.296347926061,
    "p50_ttft_ms": 97.73910418152809,
    "p50_tpot_ms": 7.7932946318405465,
    "p50_e2e_ms": 8074.064422398806,
    "p99_ttft_ms": 101.44831582903862,
    "p99_tpot_ms": 7.808407523531835,
    "p99_e2e_ms": 8085.815698951483
  },
  "average": {
    "count": 6,
    "avg_ttft_ms": 100.7094985495011,
    "avg_tpot_ms": 7.778508942249439,
    "avg_e2e_ms": 4580.331678812702,
    "p50_ttft_ms": 100.9728517383337,
    "p50_tpot_ms": 7.786774428839907,
    "p50_e2e_ms": 4577.497297897935,
    "p99_ttft_ms": 107.70113933831453,
    "p99_tpot_ms": 7.864941767763852,
    "p99_e2e_ms": 8085.455965995789
  },
  "throughput": {
    "requests_per_sec": 0.3153719514779116,
    "tokens_per_sec": 181.6542440512771
  },
  "success_rate": 100.0,
  "total_requests": 6,
  "failed_requests": 0,
  "duration_sec": 19.025154177099466,
  "timestamp": "2026-01-18T04:34:33.478950",
  "error": null
}