{
  "config": "1P_3D",
  "workload": "small_very_long_gen",
  "qps": 12,
  "turn1": {
    "count": 114,
    "avg_ttft_ms": 4622.313125581856,
    "avg_tpot_ms": 9.441417396080926,
    "avg_e2e_ms": 5821.373134884134,
    "p50_ttft_ms": 5988.977948203683,
    "p50_tpot_ms": 9.492534542764265,
    "p50_e2e_ms": 7232.897447422147,
    "p99_ttft_ms": 13780.621746964754,
    "p99_tpot_ms": 10.293579810540976,
    "p99_e2e_ms": 14992.729706130924
  },
  "turn2": {
    "count": 114,
    "avg_ttft_ms": 178.80910700350478,
    "avg_tpot_ms": 9.453639569650068,
    "avg_e2e_ms": 9849.882386755526,
    "p50_ttft_ms": 147.54458889365196,
    "p50_tpot_ms": 9.519409834391794,
    "p50_e2e_ms": 9931.441271677613,
    "p99_ttft_ms": 443.9609322696925,
    "p99_tpot_ms": 9.967386727225861,
    "p99_e2e_ms": 10468.883912302554
  },
  "average": {
    "count": 228,
    "avg_ttft_ms": 2400.5611162926807,
    "avg_tpot_ms": 9.447528482865497,
    "avg_e2e_ms": 7835.62776081983,
    "p50_ttft_ms": 201.28843002021313,
    "p50_tpot_ms": 9.506429581086307,
    "p50_e2e_ms": 9339.703183621168,
    "p99_ttft_ms": 13485.263493843375,
    "p99_tpot_ms": 10.26068229521588,
    "p99_e2e_ms": 14738.320875167845
  },
  "throughput": {
    "requests_per_sec": 6.758815402582807,
    "tokens_per_sec": 3893.0776718876973
  },
  "success_rate": 100.0,
  "total_requests": 228,
  "failed_requests": 0,
  "duration_sec": 33.733722023665905,
  "timestamp": "2026-01-18T04:37:16.146537",
  "error": null
}