{
  "config": "1P_3D",
  "workload": "large_small_bal",
  "qps": 6,
  "turn1": {
    "count": 60,
    "avg_ttft_ms": 663.7278925006589,
    "avg_tpot_ms": 10.146233028801731,
    "avg_e2e_ms": 11043.32428096483,
    "p50_ttft_ms": 141.7517401278019,
    "p50_tpot_ms": 10.442155040982648,
    "p50_e2e_ms": 10974.177904427052,
    "p99_ttft_ms": 3718.635836057365,
    "p99_tpot_ms": 10.804089017955263,
    "p99_e2e_ms": 13789.748270884156
  },
  "turn2": {
    "count": 60,
    "avg_ttft_ms": 212.0730565239986,
    "avg_tpot_ms": 9.83918088847998,
    "avg_e2e_ms": 831.9414524982373,
    "p50_ttft_ms": 171.27867601811886,
    "p50_tpot_ms": 9.739606656015866,
    "p50_e2e_ms": 800.6139509379864,
    "p99_ttft_ms": 479.667904600501,
    "p99_tpot_ms": 11.678416441593852,
    "p99_e2e_ms": 1147.5897147506473
  },
  "average": {
    "count": 120,
    "avg_ttft_ms": 437.9004745123287,
    "avg_tpot_ms": 9.992706958640857,
    "avg_e2e_ms": 5937.632866731535,
    "p50_ttft_ms": 154.23518046736717,
    "p50_tpot_ms": 10.210596405530488,
    "p50_e2e_ms": 5248.85362572968,
    "p99_ttft_ms": 3693.994751982391,
    "p99_tpot_ms": 11.553952938152685,
    "p99_e2e_ms": 13773.042822293937
  },
  "throughput": {
    "requests_per_sec": 4.979451892802615,
    "tokens_per_sec": 2708.8218296846226
  },
  "success_rate": 100.0,
  "total_requests": 120,
  "failed_requests": 0,
  "duration_sec": 24.099037922918797,
  "timestamp": "2026-01-18T05:20:52.553996",
  "error": null
}