{
  "config": "1P_3D",
  "workload": "large_mid_paste",
  "qps": 2,
  "turn1": {
    "count": 20,
    "avg_ttft_ms": 114.02904503047466,
    "avg_tpot_ms": 8.416830805673802,
    "avg_e2e_ms": 8724.446959234774,
    "p50_ttft_ms": 110.83103716373444,
    "p50_tpot_ms": 8.45312680739578,
    "p50_e2e_ms": 8754.633398726583,
    "p99_ttft_ms": 146.9980838149786,
    "p99_tpot_ms": 8.651382239500856,
    "p99_e2e_ms": 8976.195344366133
  },
  "turn2": {
    "count": 20,
    "avg_ttft_ms": 142.79786944389343,
    "avg_tpot_ms": 8.372453434599771,
    "avg_e2e_ms": 670.262435823679,
    "p50_ttft_ms": 141.8587528169155,
    "p50_tpot_ms": 8.329292049720173,
    "p50_e2e_ms": 661.7677230387926,
    "p99_ttft_ms": 188.95424671471113,
    "p99_tpot_ms": 8.958542659760468,
    "p99_e2e_ms": 749.9345787242055
  },
  "average": {
    "count": 40,
    "avg_ttft_ms": 128.41345723718405,
    "avg_tpot_ms": 8.394642120136785,
    "avg_e2e_ms": 4697.3546975292265,
    "p50_ttft_ms": 126.43519230186939,
    "p50_tpot_ms": 8.442190026682592,
    "p50_e2e_ms": 4483.158508315682,
    "p99_ttft_ms": 181.5442732721567,
    "p99_tpot_ms": 8.946229936702856,
    "p99_e2e_ms": 8973.88643849641
  },
  "throughput": {
    "requests_per_sec": 2.275629928163686,
    "tokens_per_sec": 1237.942680921045
  },
  "success_rate": 100.0,
  "total_requests": 40,
  "failed_requests": 0,
  "duration_sec": 17.577550508081913,
  "timestamp": "2026-01-18T15:41:17.397543",
  "error": null
}