{
  "config": "1P_3D",
  "workload": "large_small_bal",
  "qps": 20,
  "turn1": {
    "count": 190,
    "avg_ttft_ms": 16242.542587357917,
    "avg_tpot_ms": 10.267976029416339,
    "avg_e2e_ms": 26746.68206545083,
    "p50_ttft_ms": 15456.490863114595,
    "p50_tpot_ms": 10.115627159354506,
    "p50_e2e_ms": 26940.315751358867,
    "p99_ttft_ms": 35592.11137313395,
    "p99_tpot_ms": 11.430944694626715,
    "p99_e2e_ms": 45100.053325556204
  },
  "turn2": {
    "count": 190,
    "avg_ttft_ms": 954.9651673553806,
    "avg_tpot_ms": 10.097018376602763,
    "avg_e2e_ms": 1591.0773250813547,
    "p50_ttft_ms": 443.34455393254757,
    "p50_tpot_ms": 10.08573103518713,
    "p50_e2e_ms": 1103.5945620387793,
    "p99_ttft_ms": 4544.917941987311,
    "p99_tpot_ms": 11.994310835051158,
    "p99_e2e_ms": 5172.073787711355
  },
  "average": {
    "count": 380,
    "avg_ttft_ms": 8598.753877356648,
    "avg_tpot_ms": 10.182497203009552,
    "avg_e2e_ms": 14168.879695266092,
    "p50_ttft_ms": 1626.24123506248,
    "p50_tpot_ms": 10.107982047958224,
    "p50_e2e_ms": 9889.325615018606,
    "p99_ttft_ms": 34929.31785095482,
    "p99_tpot_ms": 11.829658061384208,
    "p99_e2e_ms": 44752.92833130807
  },
  "throughput": {
    "requests_per_sec": 6.7233590989727094,
    "tokens_per_sec": 3657.507349841154
  },
  "success_rate": 100.0,
  "total_requests": 380,
  "failed_requests": 0,
  "duration_sec": 56.519366942346096,
  "timestamp": "2026-01-18T05:24:12.948641",
  "error": null
}