{
  "config": "1P_3D",
  "workload": "small_very_long_gen",
  "qps": 20,
  "turn1": {
    "count": 181,
    "avg_ttft_ms": 12117.446665832187,
    "avg_tpot_ms": 9.590779615467845,
    "avg_e2e_ms": 13335.475676996602,
    "p50_ttft_ms": 9655.688777565956,
    "p50_tpot_ms": 9.60367542552197,
    "p50_e2e_ms": 10879.015766084194,
    "p99_ttft_ms": 27448.92702922225,
    "p99_tpot_ms": 10.843840259031984,
    "p99_e2e_ms": 28677.700758725405
  },
  "turn2": {
    "count": 181,
    "avg_ttft_ms": 289.34697726566486,
    "avg_tpot_ms": 9.569491375191369,
    "avg_e2e_ms": 10078.936654086436,
    "p50_ttft_ms": 193.10426712036133,
    "p50_tpot_ms": 9.554789788503918,
    "p50_e2e_ms": 10027.839578688145,
    "p99_ttft_ms": 850.3957353532303,
    "p99_tpot_ms": 10.168966106917502,
    "p99_e2e_ms": 10830.49069717526
  },
  "average": {
    "count": 362,
    "avg_ttft_ms": 6203.396821548926,
    "avg_tpot_ms": 9.580135495329607,
    "avg_e2e_ms": 11707.20616554152,
    "p50_ttft_ms": 380.45789301395416,
    "p50_tpot_ms": 9.58146765315049,
    "p50_e2e_ms": 10183.708785101771,
    "p99_ttft_ms": 27407.15300478041,
    "p99_tpot_ms": 10.70550756220977,
    "p99_e2e_ms": 28606.684872098267
  },
  "throughput": {
    "requests_per_sec": 7.5328802692636065,
    "tokens_per_sec": 4338.939035095837
  },
  "success_rate": 100.0,
  "total_requests": 362,
  "failed_requests": 0,
  "duration_sec": 48.05598749220371,
  "timestamp": "2026-01-18T04:38:49.734242",
  "error": null
}