{
  "config": "1P_3D",
  "workload": "small_long_gen",
  "qps": 2,
  "turn1": {
    "count": 20,
    "avg_ttft_ms": 95.14438789337873,
    "avg_tpot_ms": 8.18945937386648,
    "avg_e2e_ms": 1135.2057283744216,
    "p50_ttft_ms": 95.45210376381874,
    "p50_tpot_ms": 8.184189064882872,
    "p50_e2e_ms": 1138.8922706246376,
    "p99_ttft_ms": 113.42759132385254,
    "p99_tpot_ms": 8.549322670134972,
    "p99_e2e_ms": 1174.899583980441
  },
  "turn2": {
    "count": 20,
    "avg_ttft_ms": 88.48567586392164,
    "avg_tpot_ms": 8.230846869137773,
    "avg_e2e_ms": 4294.448425993323,
    "p50_ttft_ms": 87.43203245103359,
    "p50_tpot_ms": 8.21783593008313,
    "p50_e2e_ms": 4296.623324975371,
    "p99_ttft_ms": 105.26611160486937,
    "p99_tpot_ms": 8.417739260890713,
    "p99_e2e_ms": 4394.922130219638
  },
  "average": {
    "count": 40,
    "avg_ttft_ms": 91.81503187865019,
    "avg_tpot_ms": 8.210153121502126,
    "avg_e2e_ms": 2714.8270771838725,
    "p50_ttft_ms": 90.48323519527912,
    "p50_tpot_ms": 8.210600629240632,
    "p50_e2e_ms": 2646.115532144904,
    "p99_ttft_ms": 113.26336562633514,
    "p99_tpot_ms": 8.540716580753251,
    "p99_e2e_ms": 4392.337649725378
  },
  "throughput": {
    "requests_per_sec": 2.7554799275308524,
    "tokens_per_sec": 881.7535768098727
  },
  "success_rate": 100.0,
  "total_requests": 40,
  "failed_requests": 0,
  "duration_sec": 14.516527447849512,
  "timestamp": "2026-01-18T04:31:50.319645",
  "error": null
}