{
  "config": "1P_3D",
  "workload": "small_huge_paste",
  "qps": 6,
  "turn1": {
    "count": 59,
    "avg_ttft_ms": 204.46454563130766,
    "avg_tpot_ms": 8.476675541624756,
    "avg_e2e_ms": 1281.0023394176515,
    "p50_ttft_ms": 199.0227922797203,
    "p50_tpot_ms": 8.53730873094769,
    "p50_e2e_ms": 1261.1411474645138,
    "p99_ttft_ms": 639.0483873337508,
    "p99_tpot_ms": 8.812061964174895,
    "p99_e2e_ms": 1756.471876949072
  },
  "turn2": {
    "count": 59,
    "avg_ttft_ms": 303.71891928173727,
    "avg_tpot_ms": 8.464323718277987,
    "avg_e2e_ms": 566.1129545483549,
    "p50_ttft_ms": 257.5678564608097,
    "p50_tpot_ms": 8.514727555936382,
    "p50_e2e_ms": 523.890309035778,
    "p99_ttft_ms": 639.904999807477,
    "p99_tpot_ms": 9.191047455514632,
    "p99_e2e_ms": 896.4826217293739
  },
  "average": {
    "count": 118,
    "avg_ttft_ms": 254.09173245652246,
    "avg_tpot_ms": 8.47049962995137,
    "avg_e2e_ms": 923.5576469830032,
    "p50_ttft_ms": 222.0543622970581,
    "p50_tpot_ms": 8.526728391753316,
    "p50_e2e_ms": 1003.275515511632,
    "p99_ttft_ms": 641.7353240028024,
    "p99_tpot_ms": 9.067525753090457,
    "p99_e2e_ms": 1703.4805141761897
  },
  "throughput": {
    "requests_per_sec": 10.129872353437337,
    "tokens_per_sec": 810.3897882749869
  },
  "success_rate": 100.0,
  "total_requests": 118,
  "failed_requests": 0,
  "duration_sec": 11.648715391755104,
  "timestamp": "2026-01-18T04:48:25.960626",
  "error": null
}