{
  "config": "1P_3D",
  "workload": "small_huge_paste",
  "qps": 8,
  "turn1": {
    "count": 80,
    "avg_ttft_ms": 1293.8671400304884,
    "avg_tpot_ms": 8.561954977298814,
    "avg_e2e_ms": 2381.235422147438,
    "p50_ttft_ms": 1438.1183683872223,
    "p50_tpot_ms": 8.573350034595475,
    "p50_e2e_ms": 2517.432823777199,
    "p99_ttft_ms": 3548.9675962552424,
    "p99_tpot_ms": 9.156266363762965,
    "p99_e2e_ms": 4608.795499652624
  },
  "turn2": {
    "count": 80,
    "avg_ttft_ms": 1847.8610897436738,
    "avg_tpot_ms": 8.669497075700953,
    "avg_e2e_ms": 2116.6154990904033,
    "p50_ttft_ms": 1900.5847591906786,
    "p50_tpot_ms": 8.692551163896438,
    "p50_e2e_ms": 2170.053845271468,
    "p99_ttft_ms": 3654.7058975696564,
    "p99_tpot_ms": 9.51377798953364,
    "p99_e2e_ms": 3919.777806252241
  },
  "average": {
    "count": 160,
    "avg_ttft_ms": 1570.864114887081,
    "avg_tpot_ms": 8.615726026499882,
    "avg_e2e_ms": 2248.9254606189206,
    "p50_ttft_ms": 1560.5430882424116,
    "p50_tpot_ms": 8.63182921826476,
    "p50_e2e_ms": 2313.827669247985,
    "p99_ttft_ms": 3616.8805576860905,
    "p99_tpot_ms": 9.437751274916433,
    "p99_e2e_ms": 4541.35153606534
  },
  "throughput": {
    "requests_per_sec": 11.558354702693904,
    "tokens_per_sec": 924.6683762155124
  },
  "success_rate": 100.0,
  "total_requests": 160,
  "failed_requests": 0,
  "duration_sec": 13.84280065074563,
  "timestamp": "2026-01-18T04:48:39.843887",
  "error": null
}