{
  "config": "1P_3D",
  "workload": "large_small_bal",
  "qps": 4,
  "turn1": {
    "count": 33,
    "avg_ttft_ms": 150.65802803093737,
    "avg_tpot_ms": 9.126651407779189,
    "avg_e2e_ms": 9487.222418189049,
    "p50_ttft_ms": 144.65128630399704,
    "p50_tpot_ms": 9.135574473838302,
    "p50_e2e_ms": 9493.192981928587,
    "p99_ttft_ms": 209.1410395503044,
    "p99_tpot_ms": 9.492972350860505,
    "p99_e2e_ms": 9887.926275730133
  },
  "turn2": {
    "count": 33,
    "avg_ttft_ms": 142.29643819007006,
    "avg_tpot_ms": 9.045925898053659,
    "avg_e2e_ms": 712.1897697674506,
    "p50_ttft_ms": 138.44278827309608,
    "p50_tpot_ms": 9.236847893113183,
    "p50_e2e_ms": 725.3919057548046,
    "p99_ttft_ms": 221.30934178829193,
    "p99_tpot_ms": 9.83539709023067,
    "p99_e2e_ms": 802.2858086228371
  },
  "average": {
    "count": 66,
    "avg_ttft_ms": 146.4772331105037,
    "avg_tpot_ms": 9.086288652916425,
    "avg_e2e_ms": 5099.70609397825,
    "p50_ttft_ms": 140.3101161122322,
    "p50_tpot_ms": 9.196447226037801,
    "p50_e2e_ms": 4841.82495996356,
    "p99_ttft_ms": 219.66742165386663,
    "p99_tpot_ms": 9.810246607022625,
    "p99_e2e_ms": 9879.422701522708
  },
  "throughput": {
    "requests_per_sec": 3.4061179651640052,
    "tokens_per_sec": 1852.928173049219
  },
  "success_rate": 100.0,
  "total_requests": 66,
  "failed_requests": 0,
  "duration_sec": 19.376897886395454,
  "timestamp": "2026-01-18T05:20:28.416437",
  "error": null
}