{
  "config": "1P_3D",
  "workload": "large_tiny",
  "qps": 4,
  "turn1": {
    "count": 27,
    "avg_ttft_ms": 151.09216435639948,
    "avg_tpot_ms": 8.859483601022287,
    "avg_e2e_ms": 9214.3438882022,
    "p50_ttft_ms": 138.85435089468956,
    "p50_tpot_ms": 8.93370449936285,
    "p50_e2e_ms": 9306.739185005426,
    "p99_ttft_ms": 247.10434406995768,
    "p99_tpot_ms": 9.14621818821626,
    "p99_e2e_ms": 9490.42737595737
  },
  "turn2": {
    "count": 27,
    "avg_ttft_ms": 162.6681368108149,
    "avg_tpot_ms": 8.85767000087558,
    "avg_e2e_ms": 437.25590683795787,
    "p50_ttft_ms": 151.3310931622982,
    "p50_tpot_ms": 8.883631998492826,
    "p50_e2e_ms": 426.9275702536106,
    "p99_ttft_ms": 247.74528928101063,
    "p99_tpot_ms": 9.578781236083277,
    "p99_e2e_ms": 537.4147500097752
  },
  "average": {
    "count": 54,
    "avg_ttft_ms": 156.8801505836072,
    "avg_tpot_ms": 8.858576800948933,
    "avg_e2e_ms": 4825.799897520079,
    "p50_ttft_ms": 147.00991660356522,
    "p50_tpot_ms": 8.9315478330367,
    "p50_e2e_ms": 4656.567515805364,
    "p99_ttft_ms": 253.3954120054841,
    "p99_tpot_ms": 9.577384529815566,
    "p99_e2e_ms": 9487.231813929975
  },
  "throughput": {
    "requests_per_sec": 2.80998441301251,
    "tokens_per_sec": 1483.6717700706054
  },
  "success_rate": 100.0,
  "total_requests": 54,
  "failed_requests": 0,
  "duration_sec": 19.217188447713852,
  "timestamp": "2026-01-18T04:54:02.705657",
  "error": null
}