{
  "config": "1P_3D",
  "workload": "large_mid_bal",
  "qps": 6,
  "turn1": {
    "count": 60,
    "avg_ttft_ms": 768.5508612543344,
    "avg_tpot_ms": 9.917041532022825,
    "avg_e2e_ms": 10913.684348513683,
    "p50_ttft_ms": 187.64896877110004,
    "p50_tpot_ms": 9.965899142774436,
    "p50_e2e_ms": 10614.163422957063,
    "p99_ttft_ms": 4370.283658578991,
    "p99_tpot_ms": 10.387182169369005,
    "p99_e2e_ms": 13803.279493451117
  },
  "turn2": {
    "count": 60,
    "avg_ttft_ms": 250.0106666237116,
    "avg_tpot_ms": 9.832156725286497,
    "avg_e2e_ms": 1498.694570735097,
    "p50_ttft_ms": 170.7175076007843,
    "p50_tpot_ms": 10.18055270271977,
    "p50_e2e_ms": 1474.764971062541,
    "p99_ttft_ms": 809.658275209367,
    "p99_tpot_ms": 11.036105885456397,
    "p99_e2e_ms": 2119.4682472944255
  },
  "average": {
    "count": 120,
    "avg_ttft_ms": 509.280763939023,
    "avg_tpot_ms": 9.874599128654662,
    "avg_e2e_ms": 6206.18945962439,
    "p50_ttft_ms": 176.50260031223297,
    "p50_tpot_ms": 10.04151668206571,
    "p50_e2e_ms": 5840.507501736283,
    "p99_ttft_ms": 4163.708501011134,
    "p99_tpot_ms": 11.001744764878994,
    "p99_e2e_ms": 13645.641048774123
  },
  "throughput": {
    "requests_per_sec": 4.7983304501800035,
    "tokens_per_sec": 2763.838339303682
  },
  "success_rate": 100.0,
  "total_requests": 120,
  "failed_requests": 0,
  "duration_sec": 25.008698597550392,
  "timestamp": "2026-01-18T05:25:49.273165",
  "error": null
}