{
  "config": "1P_3D",
  "workload": "small_mid_bal",
  "qps": 0.5,
  "turn1": {
    "count": 5,
    "avg_ttft_ms": 144.0669409930706,
    "avg_tpot_ms": 8.167055384145948,
    "avg_e2e_ms": 1181.2829747796059,
    "p50_ttft_ms": 169.6382276713848,
    "p50_tpot_ms": 8.155538194526837,
    "p50_e2e_ms": 1204.9386575818062,
    "p99_ttft_ms": 171.51378989219666,
    "p99_tpot_ms": 8.23327772377983,
    "p99_e2e_ms": 1215.1002058386803
  },
  "turn2": {
    "count": 5,
    "avg_ttft_ms": 151.36180371046066,
    "avg_tpot_ms": 8.141795146887697,
    "avg_e2e_ms": 1185.3697873651981,
    "p50_ttft_ms": 176.07340589165688,
    "p50_tpot_ms": 8.132172880444939,
    "p50_e2e_ms": 1203.609324991703,
    "p99_ttft_ms": 186.21377632021904,
    "p99_tpot_ms": 8.302295139924748,
    "p99_e2e_ms": 1208.6606185138226
  },
  "average": {
    "count": 10,
    "avg_ttft_ms": 147.71437235176563,
    "avg_tpot_ms": 8.15442526551682,
    "avg_e2e_ms": 1183.326381072402,
    "p50_ttft_ms": 169.91490684449673,
    "p50_tpot_ms": 8.151576465626402,
    "p50_e2e_ms": 1203.7500534206629,
    "p99_ttft_ms": 186.1694870889187,
    "p99_tpot_ms": 8.299121364188476,
    "p99_e2e_ms": 1214.8334446921945
  },
  "throughput": {
    "requests_per_sec": 1.382701100855673,
    "tokens_per_sec": 176.98574090952616
  },
  "success_rate": 100.0,
  "total_requests": 10,
  "failed_requests": 0,
  "duration_sec": 7.23222104460001,
  "timestamp": "2026-01-18T04:41:02.968562",
  "error": null
}