{
  "config": "1P_3D",
  "workload": "small_long_gen",
  "qps": 8,
  "turn1": {
    "count": 80,
    "avg_ttft_ms": 495.086767943576,
    "avg_tpot_ms": 9.246637785851252,
    "avg_e2e_ms": 1669.409766746685,
    "p50_ttft_ms": 219.07847002148628,
    "p50_tpot_ms": 9.408962128199931,
    "p50_e2e_ms": 1431.1568718403578,
    "p99_ttft_ms": 1895.2963284030552,
    "p99_tpot_ms": 9.963824944937324,
    "p99_e2e_ms": 3106.803765110671
  },
  "turn2": {
    "count": 80,
    "avg_ttft_ms": 161.1461498774588,
    "avg_tpot_ms": 9.311955182497808,
    "avg_e2e_ms": 4919.555248133838,
    "p50_ttft_ms": 126.23661570250988,
    "p50_tpot_ms": 9.362628187714492,
    "p50_e2e_ms": 4922.132641077042,
    "p99_ttft_ms": 387.84131214022614,
    "p99_tpot_ms": 9.807563577933553,
    "p99_e2e_ms": 5373.44951339066
  },
  "average": {
    "count": 160,
    "avg_ttft_ms": 328.1164589105174,
    "avg_tpot_ms": 9.279296484174528,
    "avg_e2e_ms": 3294.4825074402615,
    "p50_ttft_ms": 148.85931648314,
    "p50_tpot_ms": 9.384284663486154,
    "p50_e2e_ms": 3755.046473816037,
    "p99_ttft_ms": 1826.9632850587366,
    "p99_tpot_ms": 9.929232082263692,
    "p99_e2e_ms": 5325.938805639744
  },
  "throughput": {
    "requests_per_sec": 9.68917083748003,
    "tokens_per_sec": 3100.534667993609
  },
  "success_rate": 100.0,
  "total_requests": 160,
  "failed_requests": 0,
  "duration_sec": 16.513280928134918,
  "timestamp": "2026-01-18T04:32:35.625991",
  "error": null
}