{
  "config": "1P_3D",
  "workload": "small_big_paste",
  "qps": 6,
  "turn1": {
    "count": 47,
    "avg_ttft_ms": 167.7689657724918,
    "avg_tpot_ms": 8.327158684406195,
    "avg_e2e_ms": 1225.3181186920785,
    "p50_ttft_ms": 132.89180397987366,
    "p50_tpot_ms": 8.3710736353097,
    "p50_e2e_ms": 1198.8079026341438,
    "p99_ttft_ms": 468.0489009618759,
    "p99_tpot_ms": 8.6850987222251,
    "p99_e2e_ms": 1546.9974618405104
  },
  "turn2": {
    "count": 47,
    "avg_ttft_ms": 189.0512432982313,
    "avg_tpot_ms": 8.405230168161344,
    "avg_e2e_ms": 718.5807438923957,
    "p50_ttft_ms": 140.78158512711525,
    "p50_tpot_ms": 8.405686311778569,
    "p50_e2e_ms": 666.9044941663742,
    "p99_ttft_ms": 395.1104988902807,
    "p99_tpot_ms": 9.034079696450915,
    "p99_e2e_ms": 929.9528621137142
  },
  "average": {
    "count": 94,
    "avg_ttft_ms": 178.41010453536154,
    "avg_tpot_ms": 8.366194426283764,
    "avg_e2e_ms": 971.9494312922371,
    "p50_ttft_ms": 137.7966608852148,
    "p50_tpot_ms": 8.389838643529433,
    "p50_e2e_ms": 1009.3621555715799,
    "p99_ttft_ms": 464.60174873471254,
    "p99_tpot_ms": 9.03341402610143,
    "p99_e2e_ms": 1544.3310981616378
  },
  "throughput": {
    "requests_per_sec": 8.01918263252448,
    "tokens_per_sec": 769.84153272235
  },
  "success_rate": 100.0,
  "total_requests": 94,
  "failed_requests": 0,
  "duration_sec": 11.721892904490232,
  "timestamp": "2026-01-18T04:46:06.418902",
  "error": null
}