{
  "config": "1P_3D",
  "workload": "small_big_paste",
  "qps": 2,
  "turn1": {
    "count": 20,
    "avg_ttft_ms": 120.22317331284285,
    "avg_tpot_ms": 8.063152655372468,
    "avg_e2e_ms": 1144.2435605451465,
    "p50_ttft_ms": 100.16807727515697,
    "p50_tpot_ms": 8.109856338247539,
    "p50_e2e_ms": 1128.4194476902485,
    "p99_ttft_ms": 256.40658352524036,
    "p99_tpot_ms": 8.291778626052412,
    "p99_e2e_ms": 1287.6123729720712
  },
  "turn2": {
    "count": 20,
    "avg_ttft_ms": 145.13303395360708,
    "avg_tpot_ms": 8.089149622098793,
    "avg_e2e_ms": 654.7494601458311,
    "p50_ttft_ms": 135.90405881404877,
    "p50_tpot_ms": 8.085760066197032,
    "p50_e2e_ms": 645.5494295805693,
    "p99_ttft_ms": 256.98561407625675,
    "p99_tpot_ms": 8.34246956580688,
    "p99_e2e_ms": 772.6706103608012
  },
  "average": {
    "count": 40,
    "avg_ttft_ms": 132.67810363322496,
    "avg_tpot_ms": 8.076151138735632,
    "avg_e2e_ms": 899.4965103454888,
    "p50_ttft_ms": 109.07506942749023,
    "p50_tpot_ms": 8.103826779901512,
    "p50_e2e_ms": 932.9248126596212,
    "p99_ttft_ms": 262.7825989574194,
    "p99_tpot_ms": 8.335940267240243,
    "p99_e2e_ms": 1279.4500913098454
  },
  "throughput": {
    "requests_per_sec": 3.979203576160887,
    "tokens_per_sec": 382.0035433114452
  },
  "success_rate": 100.0,
  "total_requests": 40,
  "failed_requests": 0,
  "duration_sec": 10.052262779325247,
  "timestamp": "2026-01-18T04:45:44.028725",
  "error": null
}