{
  "config": "1P_3D",
  "workload": "small_long_gen",
  "qps": 12,
  "turn1": {
    "count": 120,
    "avg_ttft_ms": 2598.353570854912,
    "avg_tpot_ms": 9.312692409249273,
    "avg_e2e_ms": 3781.0655068295696,
    "p50_ttft_ms": 3219.467857852578,
    "p50_tpot_ms": 9.462854157634608,
    "p50_e2e_ms": 4434.737930074334,
    "p99_ttft_ms": 6408.741745091975,
    "p99_tpot_ms": 9.808125916545785,
    "p99_e2e_ms": 7604.023828878999
  },
  "turn2": {
    "count": 120,
    "avg_ttft_ms": 243.96757368619242,
    "avg_tpot_ms": 9.338957215710959,
    "avg_e2e_ms": 5016.174710914493,
    "p50_ttft_ms": 215.79151041805744,
    "p50_tpot_ms": 9.469758526015656,
    "p50_e2e_ms": 5062.390232458711,
    "p99_ttft_ms": 669.0174282714726,
    "p99_tpot_ms": 9.67143304383568,
    "p99_e2e_ms": 5476.161543652415
  },
  "average": {
    "count": 240,
    "avg_ttft_ms": 1421.1605722705524,
    "avg_tpot_ms": 9.325824812480114,
    "avg_e2e_ms": 4398.620108872031,
    "p50_ttft_ms": 305.2831795066595,
    "p50_tpot_ms": 9.465100112578902,
    "p50_e2e_ms": 5020.0651083141565,
    "p99_ttft_ms": 6331.8832994624945,
    "p99_tpot_ms": 9.801889575548529,
    "p99_e2e_ms": 7511.097559072075
  },
  "throughput": {
    "requests_per_sec": 11.38448549997138,
    "tokens_per_sec": 3643.0353599908412
  },
  "success_rate": 100.0,
  "total_requests": 240,
  "failed_requests": 0,
  "duration_sec": 21.081321593374014,
  "timestamp": "2026-01-18T04:33:15.278597",
  "error": null
}