{
  "config": "1P_3D",
  "workload": "large_mid_paste",
  "qps": 4,
  "turn1": {
    "count": 40,
    "avg_ttft_ms": 145.52338235080242,
    "avg_tpot_ms": 9.006496003117933,
    "avg_e2e_ms": 9359.168793540448,
    "p50_ttft_ms": 133.61845165491104,
    "p50_tpot_ms": 9.052496055689142,
    "p50_e2e_ms": 9430.753318592906,
    "p99_ttft_ms": 260.92180874198675,
    "p99_tpot_ms": 9.395825162216774,
    "p99_e2e_ms": 9728.93859449774
  },
  "turn2": {
    "count": 40,
    "avg_ttft_ms": 148.51996079087257,
    "avg_tpot_ms": 9.071130573099094,
    "avg_e2e_ms": 720.0011868961155,
    "p50_ttft_ms": 141.08266681432724,
    "p50_tpot_ms": 9.083229013615185,
    "p50_e2e_ms": 725.3562193363905,
    "p99_ttft_ms": 245.31294442713258,
    "p99_tpot_ms": 10.033549745049742,
    "p99_e2e_ms": 783.3381460607052
  },
  "average": {
    "count": 80,
    "avg_ttft_ms": 147.0216715708375,
    "avg_tpot_ms": 9.038813288108514,
    "avg_e2e_ms": 5039.584990218282,
    "p50_ttft_ms": 139.7189386188984,
    "p50_tpot_ms": 9.083229013615185,
    "p50_e2e_ms": 4683.813182637095,
    "p99_ttft_ms": 266.4946110919117,
    "p99_tpot_ms": 9.996262853226018,
    "p99_e2e_ms": 9722.308559753
  },
  "throughput": {
    "requests_per_sec": 3.9749539331121797,
    "tokens_per_sec": 2162.3749396130256
  },
  "success_rate": 100.0,
  "total_requests": 80,
  "failed_requests": 0,
  "duration_sec": 20.126019407063723,
  "timestamp": "2026-01-18T15:41:37.566272",
  "error": null
}