{
  "config": "1P_3D",
  "workload": "small_mid_paste",
  "qps": 0.5,
  "turn1": {
    "count": 5,
    "avg_ttft_ms": 102.6628129184246,
    "avg_tpot_ms": 7.824155037093351,
    "avg_e2e_ms": 1096.33050262928,
    "p50_ttft_ms": 97.45800867676735,
    "p50_tpot_ms": 7.832895084394245,
    "p50_e2e_ms": 1092.0859277248383,
    "p99_ttft_ms": 114.4583247601986,
    "p99_tpot_ms": 7.9894656459177575,
    "p99_e2e_ms": 1122.0246566832066
  },
  "turn2": {
    "count": 5,
    "avg_ttft_ms": 105.0054207444191,
    "avg_tpot_ms": 7.758672358024688,
    "avg_e2e_ms": 593.8017792999744,
    "p50_ttft_ms": 105.03723844885826,
    "p50_tpot_ms": 7.668043235464702,
    "p50_e2e_ms": 589.6167643368244,
    "p99_ttft_ms": 113.07348385453224,
    "p99_tpot_ms": 8.022139498165675,
    "p99_e2e_ms": 605.7270511984825
  },
  "average": {
    "count": 10,
    "avg_ttft_ms": 103.83411683142185,
    "avg_tpot_ms": 7.79141369755902,
    "avg_e2e_ms": 845.0661409646273,
    "p50_ttft_ms": 103.23475860059261,
    "p50_tpot_ms": 7.825452174375377,
    "p50_e2e_ms": 836.9391597807407,
    "p99_ttft_ms": 114.60915103554726,
    "p99_tpot_ms": 8.022039044332264,
    "p99_e2e_ms": 1121.4012962207198
  },
  "throughput": {
    "requests_per_sec": 1.0075301304435467,
    "tokens_per_sec": 96.72289252258048
  },
  "success_rate": 100.0,
  "total_requests": 10,
  "failed_requests": 0,
  "duration_sec": 9.925261486321688,
  "timestamp": "2026-01-18T04:43:16.110565",
  "error": null
}