{
  "config": "1P_3D",
  "workload": "small_mid_paste",
  "qps": 4,
  "turn1": {
    "count": 37,
    "avg_ttft_ms": 108.27090389825203,
    "avg_tpot_ms": 8.143831769039743,
    "avg_e2e_ms": 1142.5375385662994,
    "p50_ttft_ms": 99.90424290299416,
    "p50_tpot_ms": 8.155502349607588,
    "p50_e2e_ms": 1141.9053226709366,
    "p99_ttft_ms": 175.16721069812775,
    "p99_tpot_ms": 8.44238270807454,
    "p99_e2e_ms": 1225.0933803617954
  },
  "turn2": {
    "count": 37,
    "avg_ttft_ms": 101.09003119774766,
    "avg_tpot_ms": 8.163152792355577,
    "avg_e2e_ms": 615.3686571161489,
    "p50_ttft_ms": 98.59444200992584,
    "p50_tpot_ms": 8.191633141703075,
    "p50_e2e_ms": 614.1337119042873,
    "p99_ttft_ms": 174.0056844055653,
    "p99_tpot_ms": 8.525703031392323,
    "p99_e2e_ms": 693.5876627266407
  },
  "average": {
    "count": 74,
    "avg_ttft_ms": 104.68046754799984,
    "avg_tpot_ms": 8.153492280697659,
    "avg_e2e_ms": 878.9530978412241,
    "p50_ttft_ms": 99.44570250809193,
    "p50_tpot_ms": 8.178788444117863,
    "p50_e2e_ms": 894.6110717952251,
    "p99_ttft_ms": 182.2416546568274,
    "p99_tpot_ms": 8.513172668597054,
    "p99_e2e_ms": 1220.7689493894577
  },
  "throughput": {
    "requests_per_sec": 6.459613150788764,
    "tokens_per_sec": 620.1228624757214
  },
  "success_rate": 100.0,
  "total_requests": 74,
  "failed_requests": 0,
  "duration_sec": 11.455794375389814,
  "timestamp": "2026-01-18T04:43:46.323584",
  "error": null
}