{
  "config": "1P_3D",
  "workload": "large_long_gen",
  "qps": 10,
  "turn1": {
    "count": 96,
    "avg_ttft_ms": 6407.252346281894,
    "avg_tpot_ms": 10.375854867104163,
    "avg_e2e_ms": 17021.751875329453,
    "p50_ttft_ms": 2033.7922237813473,
    "p50_tpot_ms": 10.368997662647729,
    "p50_e2e_ms": 13369.003668427467,
    "p99_ttft_ms": 13602.115610800682,
    "p99_tpot_ms": 11.32781266208414,
    "p99_e2e_ms": 24599.121069721874
  },
  "turn2": {
    "count": 96,
    "avg_ttft_ms": 342.9809108298893,
    "avg_tpot_ms": 10.511277617573183,
    "avg_e2e_ms": 5714.243773409787,
    "p50_ttft_ms": 213.86707201600075,
    "p50_tpot_ms": 10.490097302338382,
    "p50_e2e_ms": 5719.259886071086,
    "p99_ttft_ms": 1728.601167909801,
    "p99_tpot_ms": 11.774944888752268,
    "p99_e2e_ms": 7523.106601834297
  },
  "average": {
    "count": 192,
    "avg_ttft_ms": 3375.1166285558916,
    "avg_tpot_ms": 10.443566242338674,
    "avg_e2e_ms": 11367.997824369619,
    "p50_ttft_ms": 365.95810391008854,
    "p50_tpot_ms": 10.405539977865445,
    "p50_e2e_ms": 8517.680052667856,
    "p99_ttft_ms": 13153.247918300332,
    "p99_tpot_ms": 11.772112524512346,
    "p99_e2e_ms": 24467.148330174387
  },
  "throughput": {
    "requests_per_sec": 4.766060308962765,
    "tokens_per_sec": 3660.3343172834034
  },
  "success_rate": 100.0,
  "total_requests": 192,
  "failed_requests": 0,
  "duration_sec": 40.28484483063221,
  "timestamp": "2026-01-18T05:07:59.255314",
  "error": null
}