{
  "config": "1P_3D",
  "workload": "small_big_paste",
  "qps": 4,
  "turn1": {
    "count": 40,
    "avg_ttft_ms": 122.31507590040565,
    "avg_tpot_ms": 8.448018069841027,
    "avg_e2e_ms": 1195.213370770216,
    "p50_ttft_ms": 102.77028195559978,
    "p50_tpot_ms": 8.43668462136599,
    "p50_e2e_ms": 1183.9948445558548,
    "p99_ttft_ms": 222.2638225182891,
    "p99_tpot_ms": 8.79168982228895,
    "p99_e2e_ms": 1335.5916173756123
  },
  "turn2": {
    "count": 40,
    "avg_ttft_ms": 152.7426523156464,
    "avg_tpot_ms": 8.355209951303781,
    "avg_e2e_ms": 679.1208792477846,
    "p50_ttft_ms": 139.66111652553082,
    "p50_tpot_ms": 8.370306401971787,
    "p50_e2e_ms": 671.5254504233599,
    "p99_ttft_ms": 246.27986129373312,
    "p99_tpot_ms": 8.90935024157876,
    "p99_e2e_ms": 785.9372567757964
  },
  "average": {
    "count": 80,
    "avg_ttft_ms": 137.52886410802603,
    "avg_tpot_ms": 8.401614010572404,
    "avg_e2e_ms": 937.1671250090003,
    "p50_ttft_ms": 130.07265143096447,
    "p50_tpot_ms": 8.382882242874494,
    "p50_e2e_ms": 952.0407319068909,
    "p99_ttft_ms": 245.9528299793601,
    "p99_tpot_ms": 8.894285948148795,
    "p99_e2e_ms": 1325.5802066624162
  },
  "throughput": {
    "requests_per_sec": 7.552273562361205,
    "tokens_per_sec": 725.0182619866756
  },
  "success_rate": 100.0,
  "total_requests": 80,
  "failed_requests": 0,
  "duration_sec": 10.592836625874043,
  "timestamp": "2026-01-18T04:45:54.659585",
  "error": null
}