{
  "config": "1P_3D",
  "workload": "large_short_gen",
  "qps": 10,
  "turn1": {
    "count": 100,
    "avg_ttft_ms": 5790.20414441824,
    "avg_tpot_ms": 10.238360250851217,
    "avg_e2e_ms": 16264.046681039035,
    "p50_ttft_ms": 5117.007073014975,
    "p50_tpot_ms": 10.307188448974113,
    "p50_e2e_ms": 15789.358718320727,
    "p99_ttft_ms": 12250.64144294709,
    "p99_tpot_ms": 10.799578316728216,
    "p99_e2e_ms": 23058.746704645455
  },
  "turn2": {
    "count": 100,
    "avg_ttft_ms": 466.3648483529687,
    "avg_tpot_ms": 10.214513977076493,
    "avg_e2e_ms": 3071.0659125074744,
    "p50_ttft_ms": 219.40048411488533,
    "p50_tpot_ms": 10.282688200765964,
    "p50_e2e_ms": 2917.1653240919113,
    "p99_ttft_ms": 2669.5844855904584,
    "p99_tpot_ms": 11.550473306108925,
    "p99_e2e_ms": 5331.808532774448
  },
  "average": {
    "count": 200,
    "avg_ttft_ms": 3128.284496385604,
    "avg_tpot_ms": 10.226437113963854,
    "avg_e2e_ms": 9667.556296773255,
    "p50_ttft_ms": 381.2980782240629,
    "p50_tpot_ms": 10.289962235954917,
    "p50_e2e_ms": 7630.79628162086,
    "p99_ttft_ms": 12163.57264444232,
    "p99_tpot_ms": 11.511586717530793,
    "p99_e2e_ms": 23033.56941860169
  },
  "throughput": {
    "requests_per_sec": 5.798458601998302,
    "tokens_per_sec": 3711.0135052789133
  },
  "success_rate": 100.0,
  "total_requests": 200,
  "failed_requests": 0,
  "duration_sec": 34.49192513525486,
  "timestamp": "2026-01-18T05:02:06.479413",
  "error": null
}