{
  "config": "1P_3D",
  "workload": "large_short_gen",
  "qps": 1,
  "turn1": {
    "count": 8,
    "avg_ttft_ms": 156.0520501807332,
    "avg_tpot_ms": 8.199635121556234,
    "avg_e2e_ms": 8544.27877953276,
    "p50_ttft_ms": 148.78641068935394,
    "p50_tpot_ms": 8.210743751052771,
    "p50_e2e_ms": 8551.824297755957,
    "p99_ttft_ms": 186.95427548140287,
    "p99_tpot_ms": 8.357981148222324,
    "p99_e2e_ms": 8692.111454419792
  },
  "turn2": {
    "count": 8,
    "avg_ttft_ms": 142.9144637659192,
    "avg_tpot_ms": 8.21917847383256,
    "avg_e2e_ms": 2238.804974593222,
    "p50_ttft_ms": 146.6339509934187,
    "p50_tpot_ms": 8.260759134210792,
    "p50_e2e_ms": 2241.820739582181,
    "p99_ttft_ms": 165.27862068265676,
    "p99_tpot_ms": 8.497373271660477,
    "p99_e2e_ms": 2325.735511034727
  },
  "average": {
    "count": 16,
    "avg_ttft_ms": 149.4832569733262,
    "avg_tpot_ms": 8.209406797694397,
    "avg_e2e_ms": 5391.541877062991,
    "p50_ttft_ms": 148.78641068935394,
    "p50_tpot_ms": 8.234436482364165,
    "p50_e2e_ms": 5277.493640780449,
    "p99_ttft_ms": 186.149856261909,
    "p99_tpot_ms": 8.495234676874151,
    "p99_e2e_ms": 8691.88687633723
  },
  "throughput": {
    "requests_per_sec": 0.7805210965381556,
    "tokens_per_sec": 499.53350178441957
  },
  "success_rate": 100.0,
  "total_requests": 16,
  "failed_requests": 0,
  "duration_sec": 20.499125611037016,
  "timestamp": "2026-01-18T04:59:55.835401",
  "error": null
}