{
  "config": "1P_3D",
  "workload": "large_very_long_gen",
  "qps": 20,
  "turn1": {
    "count": 196,
    "avg_ttft_ms": 30204.90271535379,
    "avg_tpot_ms": 10.435526745462727,
    "avg_e2e_ms": 40880.44657596216,
    "p50_ttft_ms": 22981.497237458825,
    "p50_tpot_ms": 10.53345060287333,
    "p50_e2e_ms": 33976.76342725754,
    "p99_ttft_ms": 63097.63023350388,
    "p99_tpot_ms": 11.156981001778316,
    "p99_e2e_ms": 74074.58652984351
  },
  "turn2": {
    "count": 196,
    "avg_ttft_ms": 439.3412558818046,
    "avg_tpot_ms": 11.01374293210036,
    "avg_e2e_ms": 11706.400275420474,
    "p50_ttft_ms": 199.3089634925127,
    "p50_tpot_ms": 11.204531858743461,
    "p50_e2e_ms": 11705.878404900432,
    "p99_ttft_ms": 712.2325077652931,
    "p99_tpot_ms": 11.761687579997183,
    "p99_e2e_ms": 12413.719007372858
  },
  "average": {
    "count": 392,
    "avg_ttft_ms": 15322.121985617798,
    "avg_tpot_ms": 10.724634838781542,
    "avg_e2e_ms": 26293.423425691315,
    "p50_ttft_ms": 446.5461913496256,
    "p50_tpot_ms": 10.690920353518436,
    "p50_e2e_ms": 12134.401129558682,
    "p99_ttft_ms": 62988.386777341366,
    "p99_tpot_ms": 11.750842807659714,
    "p99_e2e_ms": 73978.20621658117
  },
  "throughput": {
    "requests_per_sec": 4.124777872057547,
    "tokens_per_sec": 4223.772540986928
  },
  "success_rate": 100.0,
  "total_requests": 392,
  "failed_requests": 0,
  "duration_sec": 95.03542061150074,
  "timestamp": "2026-01-18T05:19:13.705782",
  "error": null
}