{
  "config": "1P_3D",
  "workload": "small_long_gen",
  "qps": 1,
  "turn1": {
    "count": 8,
    "avg_ttft_ms": 90.31950309872627,
    "avg_tpot_ms": 8.007738695252598,
    "avg_e2e_ms": 1107.3023173958063,
    "p50_ttft_ms": 88.03153969347477,
    "p50_tpot_ms": 8.058112598662301,
    "p50_e2e_ms": 1108.2747653126717,
    "p99_ttft_ms": 106.36319015175104,
    "p99_tpot_ms": 8.1190654435965,
    "p99_e2e_ms": 1137.131199426949
  },
  "turn2": {
    "count": 8,
    "avg_ttft_ms": 92.61222369968891,
    "avg_tpot_ms": 7.995388714811691,
    "avg_e2e_ms": 4178.2558569684625,
    "p50_ttft_ms": 90.75791761279106,
    "p50_tpot_ms": 8.017876354973843,
    "p50_e2e_ms": 4187.875701114535,
    "p99_ttft_ms": 101.88980787992477,
    "p99_tpot_ms": 8.126689729639812,
    "p99_e2e_ms": 4251.459174081683
  },
  "average": {
    "count": 16,
    "avg_ttft_ms": 91.46586339920759,
    "avg_tpot_ms": 8.001563705032144,
    "avg_e2e_ms": 2642.7790871821344,
    "p50_ttft_ms": 90.62791243195534,
    "p50_tpot_ms": 8.054147690805763,
    "p50_e2e_ms": 2621.5098090469837,
    "p99_ttft_ms": 106.04988876730204,
    "p99_tpot_ms": 8.128264283203912,
    "p99_e2e_ms": 4249.2469649761915
  },
  "throughput": {
    "requests_per_sec": 1.0929084104359772,
    "tokens_per_sec": 349.7306913395127
  },
  "success_rate": 100.0,
  "total_requests": 16,
  "failed_requests": 0,
  "duration_sec": 14.639836098998785,
  "timestamp": "2026-01-18T04:31:35.764962",
  "error": null
}