{
  "config": "1P_2D_1pD",
  "ppd_enabled": true,
  "qps": 8.0,
  "num_conversations": 500,
  "duration_sec": 157.87396995723248,
  "timestamp": "2026-01-21T23:54:13.325964",
  "turn1": {
    "count": 500,
    "avg_ttft_ms": 19655.87563662231,
    "avg_tpot_ms": 10.111655922124665,
    "avg_e2e_ms": 22498.48505089432,
    "p50_ttft_ms": 18509.82234440744,
    "p50_tpot_ms": 10.165542951318,
    "p50_e2e_ms": 21698.53412732482,
    "p90_ttft_ms": 42299.67651218176,
    "p90_tpot_ms": 10.762144588559774,
    "p90_e2e_ms": 44642.778607457876,
    "p99_ttft_ms": 44959.93284933269,
    "p99_tpot_ms": 11.935799227406585,
    "p99_e2e_ms": 52666.45235944539
  },
  "turn2plus": {
    "count": 1556,
    "avg_ttft_ms": 162.6030933159789,
    "avg_tpot_ms": 10.121414915244504,
    "avg_e2e_ms": 2908.431191509709,
    "p50_ttft_ms": 120.80452218651772,
    "p50_tpot_ms": 10.160497017781433,
    "p50_e2e_ms": 1925.5186151713133,
    "p90_ttft_ms": 241.54876731336117,
    "p90_tpot_ms": 10.750309827308806,
    "p90_e2e_ms": 6660.130228847265,
    "p99_ttft_ms": 461.22449487447756,
    "p99_tpot_ms": 11.676318303563377,
    "p99_e2e_ms": 11624.85050968826
  },
  "all_turns": {
    "count": 2056,
    "avg_ttft_ms": 4903.184937505262,
    "avg_tpot_ms": 10.119052562590799,
    "avg_e2e_ms": 7672.549347974838,
    "p50_ttft_ms": 143.785135820508,
    "p50_tpot_ms": 10.161454717700298,
    "p50_e2e_ms": 2876.8653627485037,
    "p90_ttft_ms": 24088.459111750126,
    "p90_tpot_ms": 10.753415003252519,
    "p90_e2e_ms": 27313.91499005258,
    "p99_ttft_ms": 44106.39843083919,
    "p99_tpot_ms": 11.788390278816223,
    "p99_e2e_ms": 47215.34741632642
  },
  "throughput": {
    "conversations_per_sec": 3.167083212865606,
    "requests_per_sec": 13.023046171303372,
    "tokens_per_sec": 3574.6678198621325
  },
  "success_rate": {
    "turns": 100.0,
    "conversations": 100.0
  },
  "counts": {
    "total_conversations": 500,
    "successful_conversations": 500,
    "total_turns": 2056,
    "turn1_count": 500,
    "turn2plus_count": 1556,
    "successful_turns": 2056
  },
  "slo_attainment": {
    "ttft_100ms": 0.3277634961439589,
    "ttft_200ms": 0.8284061696658098,
    "ttft_500ms": 0.9929305912596401,
    "tpot_15ms": 0.9993560849967804,
    "tpot_30ms": 1.0,
    "e2e_5000ms": 0.8232647814910026,
    "e2e_10000ms": 0.9762210796915167
  }
}