{
  "config": "1P_2D_1pD",
  "ppd_enabled": true,
  "qps": 12.0,
  "num_conversations": 500,
  "duration_sec": 160.54607567936182,
  "timestamp": "2026-01-22T00:46:05.699130",
  "turn1": {
    "count": 500,
    "avg_ttft_ms": 42702.39904371649,
    "avg_tpot_ms": 9.955577952660484,
    "avg_e2e_ms": 45661.89550393075,
    "p50_ttft_ms": 44719.37162801623,
    "p50_tpot_ms": 9.954671641954327,
    "p50_e2e_ms": 46821.51492126286,
    "p90_ttft_ms": 81555.0825867802,
    "p90_tpot_ms": 10.47138952624959,
    "p90_e2e_ms": 83500.20517483354,
    "p99_ttft_ms": 91430.35189349204,
    "p99_tpot_ms": 11.116368206483974,
    "p99_e2e_ms": 94609.99214291571
  },
  "turn2plus": {
    "count": 1703,
    "avg_ttft_ms": 114.52413818465914,
    "avg_tpot_ms": 9.998262763727023,
    "avg_e2e_ms": 3217.2916338670207,
    "p50_ttft_ms": 109.75819453597069,
    "p50_tpot_ms": 9.997024340188409,
    "p50_e2e_ms": 3011.6738379001617,
    "p90_ttft_ms": 203.84759753942487,
    "p90_tpot_ms": 10.469238522589597,
    "p90_e2e_ms": 5946.423943340778,
    "p99_ttft_ms": 322.6131704449654,
    "p99_tpot_ms": 11.225870118520799,
    "p99_e2e_ms": 8988.420304208994
  },
  "all_turns": {
    "count": 2203,
    "avg_ttft_ms": 9780.405868900008,
    "avg_tpot_ms": 9.988569632896594,
    "avg_e2e_ms": 12850.656107326786,
    "p50_ttft_ms": 123.51905927062035,
    "p50_tpot_ms": 9.983882633090582,
    "p50_e2e_ms": 3606.886737048626,
    "p90_ttft_ms": 47468.858025968075,
    "p90_tpot_ms": 10.469463276308359,
    "p90_e2e_ms": 51354.14997041224,
    "p99_ttft_ms": 88413.77353079617,
    "p99_tpot_ms": 11.220265799098543,
    "p99_e2e_ms": 90973.15261289477
  },
  "throughput": {
    "conversations_per_sec": 3.114370736775816,
    "requests_per_sec": 13.728146207707796,
    "tokens_per_sec": 4238.9700098255635
  },
  "success_rate": {
    "turns": 99.9546279491833,
    "conversations": 99.8
  },
  "counts": {
    "total_conversations": 500,
    "successful_conversations": 499,
    "total_turns": 2204,
    "turn1_count": 500,
    "turn2plus_count": 1704,
    "successful_turns": 2203
  },
  "slo_attainment": {
    "ttft_100ms": 0.3998825601879037,
    "ttft_200ms": 0.8901937756899589,
    "ttft_500ms": 1.0,
    "tpot_15ms": 1.0,
    "tpot_30ms": 1.0,
    "e2e_5000ms": 0.8185554903112156,
    "e2e_10000ms": 0.9964768056371109
  }
}