{
  "config": "1P_2D_1pD",
  "ppd_enabled": true,
  "qps": 2.0,
  "num_conversations": 500,
  "duration_sec": 284.61929024755955,
  "timestamp": "2026-01-22T00:37:56.065066",
  "turn1": {
    "count": 500,
    "avg_ttft_ms": 110.31807296723127,
    "avg_tpot_ms": 9.040380130308682,
    "avg_e2e_ms": 2777.938991032541,
    "p50_ttft_ms": 97.7219957858324,
    "p50_tpot_ms": 9.034273626800246,
    "p50_e2e_ms": 2624.0111086517572,
    "p90_ttft_ms": 157.05733299255377,
    "p90_tpot_ms": 9.52184897689723,
    "p90_e2e_ms": 5125.174706429246,
    "p99_ttft_ms": 246.00670743733644,
    "p99_tpot_ms": 9.905576914678246,
    "p99_e2e_ms": 7951.946402974426
  },
  "turn2plus": {
    "count": 1704,
    "avg_ttft_ms": 95.90630643419537,
    "avg_tpot_ms": 9.091198384187956,
    "avg_e2e_ms": 2917.2378094678857,
    "p50_ttft_ms": 98.41472655534744,
    "p50_tpot_ms": 9.056667374546283,
    "p50_e2e_ms": 2721.922231838107,
    "p90_ttft_ms": 153.4311145544052,
    "p90_tpot_ms": 9.591418819359085,
    "p90_e2e_ms": 5450.587740540506,
    "p99_ttft_ms": 252.07540661096576,
    "p99_tpot_ms": 10.011707074367083,
    "p99_e2e_ms": 8171.4100869745025
  },
  "all_turns": {
    "count": 2204,
    "avg_ttft_ms": 99.17576345167176,
    "avg_tpot_ms": 9.079663520727665,
    "avg_e2e_ms": 2885.6364441241144,
    "p50_ttft_ms": 98.12603518366814,
    "p50_tpot_ms": 9.05272794927273,
    "p50_e2e_ms": 2689.541172236204,
    "p90_ttft_ms": 154.43532839417458,
    "p90_tpot_ms": 9.579946579994495,
    "p90_e2e_ms": 5403.3491771668205,
    "p99_ttft_ms": 250.65535653382537,
    "p99_tpot_ms": 10.011162131403884,
    "p99_e2e_ms": 8147.04687871038
  },
  "throughput": {
    "conversations_per_sec": 1.7567326500080302,
    "requests_per_sec": 7.743677521235397,
    "tokens_per_sec": 2392.343117038036
  },
  "success_rate": {
    "turns": 100.0,
    "conversations": 100.0
  },
  "counts": {
    "total_conversations": 500,
    "successful_conversations": 500,
    "total_turns": 2204,
    "turn1_count": 500,
    "turn2plus_count": 1704,
    "successful_turns": 2204
  },
  "slo_attainment": {
    "ttft_100ms": 0.5217136150234741,
    "ttft_200ms": 0.9624413145539906,
    "ttft_500ms": 1.0,
    "tpot_15ms": 1.0,
    "tpot_30ms": 1.0,
    "e2e_5000ms": 0.8673708920187794,
    "e2e_10000ms": 0.9994131455399061
  }
}