{
  "timestamp": "20251227_175613",
  "num_rounds": 2,
  "scenarios": [
    {
      "scenario_name": "01_Light_Load",
      "description": "Few small intruders - PPD should handle well",
      "expected_winner": "PPD",
      "num_victims": 4,
      "num_intruders": 1,
      "victim_output_tokens": 300,
      "intruder_prompt_tokens": 1024,
      "pd_baseline_ms": 2593.2548507116735,
      "pd_interference_ms": 2615.052614826709,
      "pd_slowdown_pct": 0.8405561878753844,
      "pd_intruder_ttft_ms": 553.557213395834,
      "ppd_baseline_ms": 1945.44257549569,
      "ppd_interference_ms": 2527.442191261798,
      "ppd_slowdown_pct": 29.916052167091962,
      "ppd_intruder_ttft_ms": 454.8539239913225,
      "actual_winner": "PD"
    },
    {
      "scenario_name": "02_Light_Medium",
      "description": "Few medium intruders - PPD likely still OK",
      "expected_winner": "PPD",
      "num_victims": 4,
      "num_intruders": 2,
      "victim_output_tokens": 300,
      "intruder_prompt_tokens": 2048,
      "pd_baseline_ms": 2000.317506492138,
      "pd_interference_ms": 2388.158062938601,
      "pd_slowdown_pct": 19.388949763610302,
      "pd_intruder_ttft_ms": 475.54404474794865,
      "ppd_baseline_ms": 2200.82778763026,
      "ppd_interference_ms": 2328.621200285852,
      "ppd_slowdown_pct": 5.806606649273246,
      "ppd_intruder_ttft_ms": 436.37294322252274,
      "actual_winner": "PPD"
    },
    {
      "scenario_name": "03_Medium_Load",
      "description": "Moderate intruders - transition point",
      "expected_winner": "Close",
      "num_victims": 6,
      "num_intruders": 3,
      "victim_output_tokens": 400,
      "intruder_prompt_tokens": 4096,
      "pd_baseline_ms": 2953.1902329375343,
      "pd_interference_ms": 3023.7839209536714,
      "pd_slowdown_pct": 2.3904212884355114,
      "pd_intruder_ttft_ms": 837.0795510709286,
      "ppd_baseline_ms": 2848.5562885180116,
      "ppd_interference_ms": 3361.35703480492,
      "ppd_slowdown_pct": 18.002127897346135,
      "ppd_intruder_ttft_ms": 714.459695542852,
      "actual_winner": "PD"
    },
    {
      "scenario_name": "04_Heavy_Load",
      "description": "Many large intruders - PD isolation advantage",
      "expected_winner": "PD",
      "num_victims": 6,
      "num_intruders": 5,
      "victim_output_tokens": 400,
      "intruder_prompt_tokens": 8192,
      "pd_baseline_ms": 2895.6250911578536,
      "pd_interference_ms": 3938.483481605848,
      "pd_slowdown_pct": 36.01496594405437,
      "pd_intruder_ttft_ms": 1343.4276390820742,
      "ppd_baseline_ms": 2674.461794706682,
      "ppd_interference_ms": 4003.0909276877837,
      "ppd_slowdown_pct": 49.67837400447206,
      "ppd_intruder_ttft_ms": 1377.0024914294481,
      "actual_winner": "PD"
    },
    {
      "scenario_name": "05_Extreme_Load",
      "description": "Maximum stress - PD should clearly win",
      "expected_winner": "PD",
      "num_victims": 8,
      "num_intruders": 6,
      "victim_output_tokens": 500,
      "intruder_prompt_tokens": 10000,
      "pd_baseline_ms": 4089.1588053200394,
      "pd_interference_ms": 4659.989953739569,
      "pd_slowdown_pct": 13.959622885686704,
      "pd_intruder_ttft_ms": 1704.8713968445857,
      "ppd_baseline_ms": 2960.458886809647,
      "ppd_interference_ms": 5253.798520658165,
      "ppd_slowdown_pct": 77.46568088030253,
      "ppd_intruder_ttft_ms": 1857.431448996067,
      "actual_winner": "PD"
    }
  ]
}