{
  "test_name": "M_d Big-Paste Workload (T1/T2 Separated)",
  "timestamp": "2026-01-16T01:31:23.568600",
  "config": {
    "qps": 8,
    "duration_sec": 10,
    "turn_configs": [
      {
        "input": 512,
        "output": 512
      },
      {
        "input": 512,
        "output": 64
      }
    ],
    "objective_dist": {
      "ttft": 0.33,
      "tpot": 0.34,
      "e2e": 0.33
    },
    "slo_thresholds": {
      "ttft_ms": 1000,
      "tpot_ms": 11,
      "e2e_ms": 2000
    }
  },
  "modes": {
    "pd": {
      "slo_attainment": {
        "overall": 44.303797468354425,
        "by_objective": {
          "tpot": {
            "met": 22,
            "total": 22
          },
          "e2e": {
            "met": 8,
            "total": 28
          },
          "ttft": {
            "met": 5,
            "total": 29
          }
        },
        "total_turns": 79,
        "successful_turns": 79,
        "turn2_only": true
      },
      "latency_stats": {
        "avg_ttft_ms": 1668.3304440937466,
        "avg_tpot_ms": 9.48559583544803,
        "avg_e2e_ms": 2265.9229817269725,
        "p50_ttft_ms": 1624.496802687645,
        "p99_ttft_ms": 2724.224515259266,
        "p50_tpot_ms": 9.623410919355967,
        "p99_tpot_ms": 10.21322270944005,
        "p50_e2e_ms": 2261.945631355047,
        "p99_e2e_ms": 3288.6244878172874,
        "turn1_metrics": {
          "count": 79,
          "avg_ttft_ms": 907.3148055733004,
          "avg_tpot_ms": 10.19026417465244,
          "avg_e2e_ms": 6114.539798820698,
          "p50_ttft_ms": 206.52594789862633,
          "p99_ttft_ms": 4047.880094498396,
          "p50_tpot_ms": 10.212777740159847,
          "p99_tpot_ms": 14.085639370222614,
          "p50_e2e_ms": 5419.323068112135,
          "p99_e2e_ms": 9350.451275706291
        },
        "turn2_metrics": {
          "count": 79,
          "avg_ttft_ms": 1668.3304440937466,
          "avg_tpot_ms": 9.48559583544803,
          "avg_e2e_ms": 2265.9229817269725,
          "p50_ttft_ms": 1624.496802687645,
          "p99_ttft_ms": 2724.224515259266,
          "p50_tpot_ms": 9.623410919355967,
          "p99_tpot_ms": 10.21322270944005,
          "p50_e2e_ms": 2261.945631355047,
          "p99_e2e_ms": 3288.6244878172874
        },
        "all_turns_metrics": {
          "count": 158,
          "avg_ttft_ms": 1287.8226248335234,
          "avg_tpot_ms": 9.837930005050234,
          "avg_e2e_ms": 4190.231390273835,
          "p50_ttft_ms": 1221.6822654008865,
          "p99_ttft_ms": 3867.643017321825,
          "p50_tpot_ms": 9.771279771967176,
          "p99_tpot_ms": 14.059420332400066,
          "p50_e2e_ms": 4574.8352482914925,
          "p99_e2e_ms": 9161.99266165495
        }
      },
      "routing_stats": {
        "pd": 158
      },
      "num_conversations": 79,
      "num_turns": 158
    },
    "ppd": {
      "slo_attainment": {
        "overall": 16.304347826086957,
        "by_objective": {
          "e2e": {
            "met": 0,
            "total": 31
          },
          "ttft": {
            "met": 15,
            "total": 30
          },
          "tpot": {
            "met": 0,
            "total": 31
          }
        },
        "total_turns": 92,
        "successful_turns": 92,
        "turn2_only": true
      },
      "latency_stats": {
        "avg_ttft_ms": 1072.9586902762885,
        "avg_tpot_ms": 22.298662579413364,
        "avg_e2e_ms": 2477.7744327793303,
        "p50_ttft_ms": 1093.3672189712524,
        "p99_ttft_ms": 1676.4664091169834,
        "p50_tpot_ms": 22.301208168741258,
        "p99_tpot_ms": 34.123864616193465,
        "p50_e2e_ms": 2474.1963669657707,
        "p99_e2e_ms": 2519.1097110509872,
        "turn1_metrics": {
          "count": 92,
          "avg_ttft_ms": 804.6828837174436,
          "avg_tpot_ms": 10.49696579840205,
          "avg_e2e_ms": 6168.632406700888,
          "p50_ttft_ms": 172.3824143409729,
          "p99_ttft_ms": 3929.100465029478,
          "p50_tpot_ms": 10.536348326915398,
          "p99_tpot_ms": 13.914601035314064,
          "p50_e2e_ms": 5713.247485458851,
          "p99_e2e_ms": 9547.981914132833
        },
        "turn2_metrics": {
          "count": 92,
          "avg_ttft_ms": 1072.9586902762885,
          "avg_tpot_ms": 22.298662579413364,
          "avg_e2e_ms": 2477.7744327793303,
          "p50_ttft_ms": 1093.3672189712524,
          "p99_ttft_ms": 1676.4664091169834,
          "p50_tpot_ms": 22.301208168741258,
          "p99_tpot_ms": 34.123864616193465,
          "p50_e2e_ms": 2474.1963669657707,
          "p99_e2e_ms": 2519.1097110509872
        },
        "all_turns_metrics": {
          "count": 184,
          "avg_ttft_ms": 938.8207869968661,
          "avg_tpot_ms": 16.397814188907706,
          "avg_e2e_ms": 4323.203419740109,
          "p50_ttft_ms": 904.6006016433239,
          "p99_ttft_ms": 3485.4172877967358,
          "p50_tpot_ms": 12.598628089541482,
          "p99_tpot_ms": 34.114859879962985,
          "p50_e2e_ms": 4610.16833409667,
          "p99_e2e_ms": 9089.40913900733
        }
      },
      "routing_stats": {
        "ppd": 184
      },
      "num_conversations": 92,
      "num_turns": 184
    },
    "replica": {
      "slo_attainment": {
        "overall": 58.666666666666664,
        "by_objective": {
          "tpot": {
            "met": 10,
            "total": 31
          },
          "e2e": {
            "met": 19,
            "total": 27
          },
          "ttft": {
            "met": 15,
            "total": 17
          }
        },
        "total_turns": 75,
        "successful_turns": 75,
        "turn2_only": true
      },
      "latency_stats": {
        "avg_ttft_ms": 815.8523426949978,
        "avg_tpot_ms": 16.552196679607274,
        "avg_e2e_ms": 1858.6407335102558,
        "p50_ttft_ms": 690.7337382435799,
        "p99_ttft_ms": 2066.8600909411907,
        "p50_tpot_ms": 13.336737654984944,
        "p99_tpot_ms": 39.96200297796537,
        "p50_e2e_ms": 1507.1853920817375,
        "p99_e2e_ms": 2933.836605399847,
        "turn1_metrics": {
          "count": 75,
          "avg_ttft_ms": 66.20817045370738,
          "avg_tpot_ms": 8.650174308507488,
          "avg_e2e_ms": 4486.447242101033,
          "p50_ttft_ms": 57.882171124219894,
          "p99_ttft_ms": 279.84870597720146,
          "p50_tpot_ms": 8.57959261233326,
          "p99_tpot_ms": 9.584238071089388,
          "p50_e2e_ms": 4468.1296646595,
          "p99_e2e_ms": 4959.505330771208
        },
        "turn2_metrics": {
          "count": 75,
          "avg_ttft_ms": 815.8523426949978,
          "avg_tpot_ms": 16.552196679607274,
          "avg_e2e_ms": 1858.6407335102558,
          "p50_ttft_ms": 690.7337382435799,
          "p99_ttft_ms": 2066.8600909411907,
          "p50_tpot_ms": 13.336737654984944,
          "p99_tpot_ms": 39.96200297796537,
          "p50_e2e_ms": 1507.1853920817375,
          "p99_e2e_ms": 2933.836605399847
        },
        "all_turns_metrics": {
          "count": 150,
          "avg_ttft_ms": 441.03025657435256,
          "avg_tpot_ms": 12.601185494057379,
          "avg_e2e_ms": 3172.5439878056445,
          "p50_ttft_ms": 342.3341326415539,
          "p99_ttft_ms": 2062.867619097233,
          "p50_tpot_ms": 10.697163227531645,
          "p99_tpot_ms": 39.94691572965137,
          "p50_e2e_ms": 4073.70762899518,
          "p99_e2e_ms": 4951.2876607477665
        }
      },
      "routing_stats": {
        "replica": 150
      },
      "num_conversations": 75,
      "num_turns": 150
    },
    "optimizer": {
      "slo_attainment": {
        "overall": 56.70103092783505,
        "by_objective": {
          "ttft": {
            "met": 16,
            "total": 36
          },
          "tpot": {
            "met": 29,
            "total": 33
          },
          "e2e": {
            "met": 10,
            "total": 28
          }
        },
        "total_turns": 99,
        "successful_turns": 97,