{
  "test_name": "M_d Big-Paste Workload (T1/T2 Separated)",
  "timestamp": "2026-01-16T00:17:22.880727",
  "config": {
    "qps": 8,
    "duration_sec": 10,
    "turn_configs": [
      {
        "input": 512,
        "output": 512
      },
      {
        "input": 512,
        "output": 64
      }
    ],
    "objective_dist": {
      "ttft": 0.33,
      "tpot": 0.34,
      "e2e": 0.33
    },
    "slo_thresholds": {
      "ttft_ms": 150,
      "tpot_ms": 7.5,
      "e2e_ms": 1000
    }
  },
  "modes": {
    "pd": {
      "slo_attainment": {
        "overall": 60.9375,
        "by_objective": {
          "tpot": {
            "met": 0,
            "total": 22
          },
          "ttft": {
            "met": 9,
            "total": 12
          },
          "e2e": {
            "met": 30,
            "total": 30
          }
        },
        "total_turns": 64,
        "successful_turns": 64,
        "turn2_only": true
      },
      "latency_stats": {
        "avg_ttft_ms": 138.8422983000055,
        "avg_tpot_ms": 8.070634729746315,
        "avg_e2e_ms": 647.2922862740234,
        "p50_ttft_ms": 138.15834745764732,
        "p99_ttft_ms": 179.51751127839088,
        "p50_tpot_ms": 8.196234052616452,
        "p99_tpot_ms": 8.733321217790483,
        "p50_e2e_ms": 655.7507812976837,
        "p99_e2e_ms": 714.1125611960888,
        "turn1_metrics": {
          "count": 64,
          "avg_ttft_ms": 712.1187094599009,
          "avg_tpot_ms": 9.862072414986484,
          "avg_e2e_ms": 5751.637713517994,
          "p50_ttft_ms": 167.63867810368538,
          "p99_ttft_ms": 3921.9463877379894,
          "p50_tpot_ms": 9.946856800823996,
          "p99_tpot_ms": 12.966209508609865,
          "p50_e2e_ms": 5272.412110120058,
          "p99_e2e_ms": 9131.234642118216
        },
        "turn2_metrics": {
          "count": 64,
          "avg_ttft_ms": 138.8422983000055,
          "avg_tpot_ms": 8.070634729746315,
          "avg_e2e_ms": 647.2922862740234,
          "p50_ttft_ms": 138.15834745764732,
          "p99_ttft_ms": 179.51751127839088,
          "p50_tpot_ms": 8.196234052616452,
          "p99_tpot_ms": 8.733321217790483,
          "p50_e2e_ms": 655.7507812976837,
          "p99_e2e_ms": 714.1125611960888
        },
        "all_turns_metrics": {
          "count": 128,
          "avg_ttft_ms": 425.4805038799532,
          "avg_tpot_ms": 8.966353572366394,
          "avg_e2e_ms": 3199.4649998960085,
          "p50_ttft_ms": 150.7226713001728,
          "p99_ttft_ms": 3463.706247508526,
          "p50_tpot_ms": 8.733321217790483,
          "p99_tpot_ms": 12.912410630346978,
          "p50_e2e_ms": 4502.599097788334,
          "p99_e2e_ms": 8666.368171572685
        }
      },
      "routing_stats": {
        "pd": 128
      },
      "num_conversations": 64,
      "num_turns": 128
    },
    "ppd": {
      "slo_attainment": {
        "overall": 57.77777777777777,
        "by_objective": {
          "tpot": {
            "met": 0,
            "total": 32
          },
          "ttft": {
            "met": 31,
            "total": 37
          },
          "e2e": {
            "met": 21,
            "total": 21
          }
        },
        "total_turns": 91,
        "successful_turns": 90,
        "turn2_only": true
      },
      "latency_stats": {
        "avg_ttft_ms": 135.4950019882785,
        "avg_tpot_ms": 8.13023891083147,
        "avg_e2e_ms": 647.7000533706612,
        "p50_ttft_ms": 137.23871856927872,
        "p99_ttft_ms": 172.81406372785568,
        "p50_tpot_ms": 8.228200295614817,
        "p99_tpot_ms": 8.554823755744904,
        "p50_e2e_ms": 664.2301641404629,
        "p99_e2e_ms": 704.7729045152664,
        "turn1_metrics": {
          "count": 91,
          "avg_ttft_ms": 875.2731256760084,
          "avg_tpot_ms": 11.119023597995934,
          "avg_e2e_ms": 6557.094184251932,
          "p50_ttft_ms": 173.50583523511887,
          "p99_ttft_ms": 4662.468872964382,
          "p50_tpot_ms": 10.91116665335784,
          "p99_tpot_ms": 16.17331297634399,
          "p50_e2e_ms": 5861.264925450087,
          "p99_e2e_ms": 10533.849377185106
        },
        "turn2_metrics": {
          "count": 90,
          "avg_ttft_ms": 135.4950019882785,
          "avg_tpot_ms": 8.13023891083147,
          "avg_e2e_ms": 647.7000533706612,
          "p50_ttft_ms": 137.23871856927872,
          "p99_ttft_ms": 172.81406372785568,
          "p50_tpot_ms": 8.228200295614817,
          "p99_tpot_ms": 8.554823755744904,
          "p50_e2e_ms": 664.2301641404629,
          "p99_e2e_ms": 704.7729045152664
        },
        "all_turns_metrics": {
          "count": 181,
          "avg_ttft_ms": 507.4276498091814,
          "avg_tpot_ms": 9.632887565704218,
          "avg_e2e_ms": 3618.7214119905266,
          "p50_ttft_ms": 144.72860470414162,
          "p99_ttft_ms": 4388.058938086033,
          "p50_tpot_ms": 8.725266283972156,
          "p99_tpot_ms": 15.951266938751225,
          "p50_e2e_ms": 4598.401915282011,
          "p99_e2e_ms": 10249.872785061598
        }
      },
      "routing_stats": {
        "ppd": 182
      },
      "num_conversations": 91,
      "num_turns": 182
    },
    "replica": {
      "slo_attainment": {
        "overall": 90.27777777777779,
        "by_objective": {
          "e2e": {
            "met": 26,
            "total": 26
          },
          "ttft": {
            "met": 23,
            "total": 23
          },
          "tpot": {
            "met": 16,
            "total": 23
          }
        },
        "total_turns": 72,
        "successful_turns": 72,
        "turn2_only": true
      },
      "latency_stats": {
        "avg_ttft_ms": 48.5547726146049,
        "avg_tpot_ms": 7.6809074348610755,
        "avg_e2e_ms": 532.4519410108527,
        "p50_ttft_ms": 45.97286134958267,
        "p99_ttft_ms": 67.07965210080147,
        "p50_tpot_ms": 7.247857099014615,
        "p99_tpot_ms": 9.500024515011955,
        "p50_e2e_ms": 502.85350903868675,
        "p99_e2e_ms": 651.1240638792515,
        "turn1_metrics": {
          "count": 72,
          "avg_ttft_ms": 60.453568636957144,
          "avg_tpot_ms": 8.420901053373896,
          "avg_e2e_ms": 4363.53400691102,
          "p50_ttft_ms": 57.05367401242256,
          "p99_ttft_ms": 221.8690775334835,
          "p50_tpot_ms": 8.464751768777049,
          "p99_tpot_ms": 9.114193225210194,
          "p50_e2e_ms": 4396.599840372801,
          "p99_e2e_ms": 4714.8049287498
        },
        "turn2_metrics": {
          "count": 72,
          "avg_ttft_ms": 48.5547726146049,
          "avg_tpot_ms": 7.6809074348610755,
          "avg_e2e_ms": 532.4519410108527,
          "p50_ttft_ms": 45.97286134958267,
          "p99_ttft_ms": 67.07965210080147,
          "p50_tpot_ms": 7.247857099014615,
          "p99_tpot_ms": 9.500024515011955,
          "p50_e2e_ms": 502.85350903868675,
          "p99_e2e_ms": 651.1240638792515
        },
        "all_turns_metrics": {
          "count": 144,
          "avg_ttft_ms": 54.50417062578102,
          "avg_tpot_ms": 8.050904244117486,
          "avg_e2e_ms": 2447.992973960936,
          "p50_ttft_ms": 52.279092371463776,
          "p99_ttft_ms": 107.17787966132164,
          "p50_tpot_ms": 8.202008764512852,
          "p99_tpot_ms": 9.373843492496581,
          "p50_e2e_ms": 3925.6107062101364,
          "p99_e2e_ms": 4714.169207960367
        }
      },
      "routing_stats": {
        "replica": 144
      },
      "num_conversations": 72,
      "num_turns": 144
    },
    "optimizer": {
      "slo_attainment": {
        "overall": 58.97435897435898,
        "by_objective": {
          "tpot": {
            "met": 0,
            "total": 31
          },
          "ttft": {
            "met": 23,
            "total": 24
          },
          "e2e": {
            "met": 23,
            "total": 23
          }
        },
        "total_turns": 79,
        "successful_turns": 78,
        "turn2_only": true
      },