{
  "test_name": "M_d Big-Paste Workload (T1/T2 Separated)",
  "timestamp": "2026-01-16T03:21:56.339285",
  "config": {
    "qps": 8,
    "duration_sec": 10,
    "turn_configs": [
      {
        "input": 512,
        "output": 512
      },
      {
        "input": 512,
        "output": 64
      }
    ],
    "objective_dist": {
      "p99_ttft": 0.33,
      "tpot": 0.34,
      "e2e": 0.33
    },
    "slo_thresholds": {
      "ttft_ms": 1000,
      "tpot_ms": 11,
      "e2e_ms": 2000
    }
  },
  "modes": {
    "pd": {
      "slo_attainment": {
        "overall": 56.25,
        "by_objective": {
          "tpot": {
            "met": 23,
            "total": 23
          },
          "p99_ttft": {
            "met": 6,
            "total": 22
          },
          "e2e": {
            "met": 7,
            "total": 19
          }
        },
        "total_turns": 65,
        "successful_turns": 64,
        "turn2_only": true
      },
      "latency_stats": {
        "avg_ttft_ms": 1549.2788724368438,
        "avg_tpot_ms": 9.491038375667163,
        "avg_e2e_ms": 2147.214290103875,
        "p50_ttft_ms": 1550.253041088581,
        "p99_ttft_ms": 2418.494393825531,
        "p50_tpot_ms": 9.265823053225638,
        "p99_tpot_ms": 10.352280939973536,
        "p50_e2e_ms": 2130.7791974395514,
        "p99_e2e_ms": 2976.357928365469,
        "turn1_metrics": {
          "count": 65,
          "avg_ttft_ms": 151.9601022394804,
          "avg_tpot_ms": 9.32345081686561,
          "avg_e2e_ms": 4916.243469657807,
          "p50_ttft_ms": 149.492759257555,
          "p99_ttft_ms": 200.11560887098312,
          "p50_tpot_ms": 9.457903773817298,
          "p99_tpot_ms": 9.777754810283328,
          "p50_e2e_ms": 4980.652015656233,
          "p99_e2e_ms": 5156.1097422242165
        },
        "turn2_metrics": {
          "count": 64,
          "avg_ttft_ms": 1549.2788724368438,
          "avg_tpot_ms": 9.491038375667163,
          "avg_e2e_ms": 2147.214290103875,
          "p50_ttft_ms": 1550.253041088581,
          "p99_ttft_ms": 2418.494393825531,
          "p50_tpot_ms": 9.265823053225638,
          "p99_tpot_ms": 10.352280939973536,
          "p50_e2e_ms": 2130.7791974395514,
          "p99_e2e_ms": 2976.357928365469
        },
        "all_turns_metrics": {
          "count": 129,
          "avg_ttft_ms": 845.2035231125909,
          "avg_tpot_ms": 9.406595032084983,
          "avg_e2e_ms": 3542.461551119422,
          "p50_ttft_ms": 200.70736855268478,
          "p99_ttft_ms": 2417.0713360607624,
          "p50_tpot_ms": 9.413838714594478,
          "p99_tpot_ms": 10.34423816535208,
          "p50_e2e_ms": 4159.164149314165,
          "p99_e2e_ms": 5146.6822972893715
        }
      },
      "routing_stats": {},
      "num_conversations": 65,
      "num_turns": 130
    },
    "ppd": {
      "slo_attainment": {
        "overall": 63.63636363636363,
        "by_objective": {
          "p99_ttft": {
            "met": 19,
            "total": 23
          },
          "tpot": {
            "met": 0,
            "total": 20
          },
          "e2e": {
            "met": 23,
            "total": 23
          }
        },
        "total_turns": 66,
        "successful_turns": 66,
        "turn2_only": true
      },
      "latency_stats": {
        "avg_ttft_ms": 803.478950295936,
        "avg_tpot_ms": 17.93545207161924,
        "avg_e2e_ms": 1933.412430807948,
        "p50_ttft_ms": 801.1124860495329,
        "p99_ttft_ms": 1221.931305155158,
        "p50_tpot_ms": 17.713536434466874,
        "p99_tpot_ms": 26.500065958807394,
        "p50_e2e_ms": 1931.4350690692663,
        "p99_e2e_ms": 1975.8244903758168,
        "turn1_metrics": {
          "count": 66,
          "avg_ttft_ms": 148.06118827651846,
          "avg_tpot_ms": 9.09464550863178,
          "avg_e2e_ms": 4795.425043187358,
          "p50_ttft_ms": 147.96842448413372,
          "p99_ttft_ms": 209.63842067867515,
          "p50_tpot_ms": 9.210944091882958,
          "p99_tpot_ms": 9.60441141948833,
          "p50_e2e_ms": 4859.371429309249,
          "p99_e2e_ms": 5045.299093797803
        },
        "turn2_metrics": {
          "count": 66,
          "avg_ttft_ms": 803.478950295936,
          "avg_tpot_ms": 17.93545207161924,
          "avg_e2e_ms": 1933.412430807948,
          "p50_ttft_ms": 801.1124860495329,
          "p99_ttft_ms": 1221.931305155158,
          "p50_tpot_ms": 17.713536434466874,
          "p99_tpot_ms": 26.500065958807394,
          "p50_e2e_ms": 1931.4350690692663,
          "p99_e2e_ms": 1975.8244903758168
        },
        "all_turns_metrics": {
          "count": 132,
          "avg_ttft_ms": 475.7700692862272,
          "avg_tpot_ms": 13.51504879012551,
          "avg_e2e_ms": 3364.418736997653,
          "p50_ttft_ms": 233.89441706240177,
          "p99_ttft_ms": 1218.1516811996698,
          "p50_tpot_ms": 10.38764665200156,
          "p99_tpot_ms": 26.42647059131709,
          "p50_e2e_ms": 3102.8197836130857,
          "p99_e2e_ms": 5041.421540044248
        }
      },
      "routing_stats": {},
      "num_conversations": 66,
      "num_turns": 132
    },
    "replica": {
      "slo_attainment": {
        "overall": 61.25000000000001,
        "by_objective": {
          "tpot": {
            "met": 11,
            "total": 32
          },
          "e2e": {
            "met": 21,
            "total": 24
          },
          "p99_ttft": {
            "met": 17,
            "total": 24
          }
        },
        "total_turns": 80,
        "successful_turns": 80,
        "turn2_only": true
      },
      "latency_stats": {
        "avg_ttft_ms": 769.8989207390696,
        "avg_tpot_ms": 15.97283280765017,
        "avg_e2e_ms": 1776.1873876210302,
        "p50_ttft_ms": 694.1721271723509,
        "p99_ttft_ms": 1669.4523061811924,
        "p50_tpot_ms": 13.865168842058333,
        "p99_tpot_ms": 33.82783384964107,
        "p50_e2e_ms": 1544.9943207204342,
        "p99_e2e_ms": 2520.0604566931725,
        "turn1_metrics": {
          "count": 80,
          "avg_ttft_ms": 61.153043853119016,
          "avg_tpot_ms": 8.661363621328004,
          "avg_e2e_ms": 4487.109854351729,
          "p50_ttft_ms": 53.85441519320011,
          "p99_ttft_ms": 211.45163681358093,
          "p50_tpot_ms": 8.62257047364973,
          "p99_tpot_ms": 9.704817570162728,
          "p50_e2e_ms": 4484.018901363015,
          "p99_e2e_ms": 5030.7052117958665
        },
        "turn2_metrics": {
          "count": 80,
          "avg_ttft_ms": 769.8989207390696,
          "avg_tpot_ms": 15.97283280765017,
          "avg_e2e_ms": 1776.1873876210302,
          "p50_ttft_ms": 694.1721271723509,
          "p99_ttft_ms": 1669.4523061811924,
          "p50_tpot_ms": 13.865168842058333,
          "p99_tpot_ms": 33.82783384964107,
          "p50_e2e_ms": 1544.9943207204342,
          "p99_e2e_ms": 2520.0604566931725
        },
        "all_turns_metrics": {
          "count": 160,
          "avg_ttft_ms": 415.5259822960943,
          "avg_tpot_ms": 12.317098214489087,
          "avg_e2e_ms": 3131.6486209863797,
          "p50_ttft_ms": 264.4373122602701,
          "p99_ttft_ms": 1666.884956844151,
          "p50_tpot_ms": 10.21631110713103,
          "p99_tpot_ms": 30.48996244808509,
          "p50_e2e_ms": 3275.456076487899,
          "p99_e2e_ms": 5026.993782222271
        }
      },
      "routing_stats": {},
      "num_conversations": 80,
      "num_turns": 160
    },
    "optimizer": {
      "slo_attainment": {
        "overall": 54.929577464788736,
        "by_objective": {
          "e2e": {
            "met": 21,
            "total": 25
          },
          "tpot": {
            "met": 9,
            "total": 27
          },
          "p99_ttft": {
            "met": 9,
            "total": 19
          }
        },
        "total_turns": 72,
        "successful_turns": 71,
        "turn2_only": true
      },
      "latency_stats": {
        "avg_ttft_ms": 1002.5686698795205,