{
  "test_name": "M_d Big-Paste Workload (T1/T2 Separated)",
  "timestamp": "2026-01-16T01:15:09.356020",
  "config": {
    "qps": 8,
    "duration_sec": 10,
    "turn_configs": [
      {
        "input": 512,
        "output": 512
      },
      {
        "input": 512,
        "output": 64
      }
    ],
    "objective_dist": {
      "ttft": 0.33,
      "tpot": 0.34,
      "e2e": 0.33
    },
    "slo_thresholds": {
      "ttft_ms": 150,
      "tpot_ms": 7.5,
      "e2e_ms": 1000
    }
  },
  "modes": {
    "pd": {
      "slo_attainment": {
        "overall": 66.19718309859155,
        "by_objective": {
          "tpot": {
            "met": 0,
            "total": 21
          },
          "ttft": {
            "met": 23,
            "total": 26
          },
          "e2e": {
            "met": 24,
            "total": 24
          }
        },
        "total_turns": 71,
        "successful_turns": 71,
        "turn2_only": true
      },
      "latency_stats": {
        "avg_ttft_ms": 134.99987482185094,
        "avg_tpot_ms": 7.852934319221968,
        "avg_e2e_ms": 629.7347369328351,
        "p50_ttft_ms": 133.85407999157906,
        "p99_ttft_ms": 179.30075153708458,
        "p50_tpot_ms": 7.788420610484623,
        "p99_tpot_ms": 8.247693557114829,
        "p50_e2e_ms": 629.8961527645588,
        "p99_e2e_ms": 670.4586632549763,
        "turn1_metrics": {
          "count": 71,
          "avg_ttft_ms": 604.3016646634525,
          "avg_tpot_ms": 9.635829863683387,
          "avg_e2e_ms": 5528.210725005663,
          "p50_ttft_ms": 157.41345658898354,
          "p99_ttft_ms": 3588.4664990007877,
          "p50_tpot_ms": 9.662556161269283,
          "p99_tpot_ms": 13.470166918699523,
          "p50_e2e_ms": 5134.338442236185,
          "p99_e2e_ms": 8585.197523236275
        },
        "turn2_metrics": {
          "count": 71,
          "avg_ttft_ms": 134.99987482185094,
          "avg_tpot_ms": 7.852934319221968,
          "avg_e2e_ms": 629.7347369328351,
          "p50_ttft_ms": 133.85407999157906,
          "p99_ttft_ms": 179.30075153708458,
          "p50_tpot_ms": 7.788420610484623,
          "p99_tpot_ms": 8.247693557114829,
          "p50_e2e_ms": 629.8961527645588,
          "p99_e2e_ms": 670.4586632549763
        },
        "all_turns_metrics": {
          "count": 142,
          "avg_ttft_ms": 369.65076974265173,
          "avg_tpot_ms": 8.744382091452678,
          "avg_e2e_ms": 3078.9727309692494,
          "p50_ttft_ms": 141.25513657927513,
          "p99_ttft_ms": 3369.337599724531,
          "p50_tpot_ms": 8.430756963862365,
          "p99_tpot_ms": 13.456258295858444,
          "p50_e2e_ms": 4439.727135002613,
          "p99_e2e_ms": 8349.734462797642
        }
      },
      "routing_stats": {
        "pd": 142
      },
      "num_conversations": 71,
      "num_turns": 142
    },
    "ppd": {
      "slo_attainment": {
        "overall": 58.666666666666664,
        "by_objective": {
          "e2e": {
            "met": 20,
            "total": 20
          },
          "tpot": {
            "met": 0,
            "total": 31
          },
          "ttft": {
            "met": 24,
            "total": 24
          }
        },
        "total_turns": 75,
        "successful_turns": 75,
        "turn2_only": true
      },
      "latency_stats": {
        "avg_ttft_ms": 67.28642746806145,
        "avg_tpot_ms": 9.08669236791197,
        "avg_e2e_ms": 639.7480466465155,
        "p50_ttft_ms": 66.33318215608597,
        "p99_ttft_ms": 93.06051954627037,
        "p50_tpot_ms": 9.097169138609416,
        "p99_tpot_ms": 9.444797618521584,
        "p50_e2e_ms": 640.6859196722507,
        "p99_e2e_ms": 676.2692481279373,
        "turn1_metrics": {
          "count": 75,
          "avg_ttft_ms": 702.5026800731818,
          "avg_tpot_ms": 10.269047022254654,
          "avg_e2e_ms": 5949.985708445311,
          "p50_ttft_ms": 179.18919771909714,
          "p99_ttft_ms": 3987.6152127981186,
          "p50_tpot_ms": 10.131307937744312,
          "p99_tpot_ms": 13.274369670220317,
          "p50_e2e_ms": 5471.228815615177,
          "p99_e2e_ms": 9393.055438995361
        },
        "turn2_metrics": {
          "count": 75,
          "avg_ttft_ms": 67.28642746806145,
          "avg_tpot_ms": 9.08669236791197,
          "avg_e2e_ms": 639.7480466465155,
          "p50_ttft_ms": 66.33318215608597,
          "p99_ttft_ms": 93.06051954627037,
          "p50_tpot_ms": 9.097169138609416,
          "p99_tpot_ms": 9.444797618521584,
          "p50_e2e_ms": 640.6859196722507,
          "p99_e2e_ms": 676.2692481279373
        },
        "all_turns_metrics": {
          "count": 150,
          "avg_ttft_ms": 384.8945537706216,
          "avg_tpot_ms": 9.677869695083315,
          "avg_e2e_ms": 3294.866877545913,
          "p50_ttft_ms": 133.7185502052307,
          "p99_ttft_ms": 3888.487368822098,
          "p50_tpot_ms": 9.327262758262574,
          "p99_tpot_ms": 13.238820639200172,
          "p50_e2e_ms": 4599.45173561573,
          "p99_e2e_ms": 9299.895618110895
        }
      },
      "routing_stats": {
        "ppd": 150
      },
      "num_conversations": 75,
      "num_turns": 150
    },
    "replica": {
      "slo_attainment": {
        "overall": 64.17910447761194,
        "by_objective": {
          "e2e": {
            "met": 18,
            "total": 18
          },
          "ttft": {
            "met": 20,
            "total": 20
          },
          "tpot": {
            "met": 5,
            "total": 29
          }
        },
        "total_turns": 67,
        "successful_turns": 67,
        "turn2_only": true
      },
      "latency_stats": {
        "avg_ttft_ms": 72.59185489878726,
        "avg_tpot_ms": 8.283348292027625,
        "avg_e2e_ms": 594.4427972965276,
        "p50_ttft_ms": 64.87429514527321,
        "p99_ttft_ms": 135.76805964112282,
        "p50_tpot_ms": 7.9258784415229915,
        "p99_tpot_ms": 12.062731775499525,
        "p50_e2e_ms": 565.2306564152241,
        "p99_e2e_ms": 874.5900355279446,
        "turn1_metrics": {
          "count": 67,
          "avg_ttft_ms": 60.6863661599693,
          "avg_tpot_ms": 8.329119126355112,
          "avg_e2e_ms": 4316.866239727433,
          "p50_ttft_ms": 54.59032952785492,
          "p99_ttft_ms": 262.34908029437065,
          "p50_tpot_ms": 8.249368788328189,
          "p99_tpot_ms": 8.937595758419448,
          "p50_e2e_ms": 4265.514746308327,
          "p99_e2e_ms": 4635.341737419367
        },
        "turn2_metrics": {
          "count": 67,
          "avg_ttft_ms": 72.59185489878726,
          "avg_tpot_ms": 8.283348292027625,
          "avg_e2e_ms": 594.4427972965276,
          "p50_ttft_ms": 64.87429514527321,
          "p99_ttft_ms": 135.76805964112282,
          "p50_tpot_ms": 7.9258784415229915,
          "p99_tpot_ms": 12.062731775499525,
          "p50_e2e_ms": 565.2306564152241,
          "p99_e2e_ms": 874.5900355279446
        },
        "all_turns_metrics": {
          "count": 134,
          "avg_ttft_ms": 66.63911052937829,
          "avg_tpot_ms": 8.30623370919137,
          "avg_e2e_ms": 2455.6545185119803,
          "p50_ttft_ms": 61.06553599238396,
          "p99_ttft_ms": 135.76805964112282,
          "p50_tpot_ms": 8.137709189592742,
          "p99_tpot_ms": 11.727332950584472,
          "p50_e2e_ms": 3970.4466983675957,
          "p99_e2e_ms": 4631.230857223272
        }
      },
      "routing_stats": {
        "replica": 134
      },
      "num_conversations": 67,
      "num_turns": 134
    },
    "optimizer": {
      "slo_attainment": {
        "overall": 62.96296296296296,
        "by_objective": {
          "ttft": {
            "met": 23,
            "total": 28
          },
          "e2e": {
            "met": 28,
            "total": 28
          },
          "tpot": {
            "met": 0,
            "total": 25
          }
        },
        "total_turns": 83,
        "successful_turns": 81,
        "turn2_only": true
      },