{
  "config": "2P_1D_1pD",
  "ppd_enabled": false,
  "qps": 8.0,
  "num_conversations": 500,
  "duration_sec": 278.8380884490907,
  "timestamp": "2026-01-21T10:19:36.311546",
  "turn1": {
    "count": 233,
    "avg_ttft_ms": 102749.46464714894,
    "avg_tpot_ms": 9.226034983539115,
    "avg_e2e_ms": 106121.53953315427,
    "p50_ttft_ms": 121342.95427799225,
    "p50_tpot_ms": 9.076594432562958,
    "p50_e2e_ms": 123641.39426499605,
    "p90_ttft_ms": 175391.35063663125,
    "p90_tpot_ms": 10.903549194335938,
    "p90_e2e_ms": 176791.51442348957,
    "p99_ttft_ms": 176115.9679019451,
    "p99_tpot_ms": 11.654082575412554,
    "p99_e2e_ms": 179721.82637110353
  },
  "turn2plus": {
    "count": 700,
    "avg_ttft_ms": 49.02726428849356,
    "avg_tpot_ms": 9.377652987136889,
    "avg_e2e_ms": 2433.696021469576,
    "p50_ttft_ms": 39.04895298182964,
    "p50_tpot_ms": 9.186707151815448,
    "p50_e2e_ms": 1593.612402677536,
    "p90_ttft_ms": 52.39682719111443,
    "p90_tpot_ms": 11.006456954183061,
    "p90_e2e_ms": 5830.880957469344,
    "p99_ttft_ms": 113.98762226104726,
    "p99_tpot_ms": 11.546188416046268,
    "p99_e2e_ms": 10505.490904822946
  },
  "all_turns": {
    "count": 933,
    "avg_ttft_ms": 25696.617736106804,
    "avg_tpot_ms": 9.340198269959012,
    "avg_e2e_ms": 28327.8734472172,
    "p50_ttft_ms": 41.69917851686478,
    "p50_tpot_ms": 9.16570186300177,
    "p50_e2e_ms": 2421.367045491934,
    "p90_ttft_ms": 154258.77716764808,
    "p90_tpot_ms": 10.988497197991464,
    "p90_e2e_ms": 157492.3354521395,
    "p99_ttft_ms": 175804.60033655167,
    "p99_tpot_ms": 11.58921967932611,
    "p99_e2e_ms": 178320.49897700548
  },
  "throughput": {
    "conversations_per_sec": 1.7931553138275378,
    "requests_per_sec": 4.307159063813746,
    "tokens_per_sec": 872.3844054196078
  },
  "success_rate": {
    "turns": 77.68526228143214,
    "conversations": 46.400000000000006
  },
  "counts": {
    "total_conversations": 500,
    "successful_conversations": 232,
    "total_turns": 1201,
    "turn1_count": 500,
    "turn2plus_count": 701,
    "successful_turns": 933
  },
  "slo_attainment": {
    "ttft_100ms": 0.9885714285714285,
    "ttft_200ms": 0.9985714285714286,
    "ttft_500ms": 0.9985714285714286,
    "tpot_15ms": 1.0,
    "tpot_30ms": 1.0,
    "e2e_5000ms": 0.87,
    "e2e_10000ms": 0.9842857142857143
  }
}