{
  "config": "2P_1D_1pD",
  "ppd_enabled": false,
  "qps": 4.0,
  "num_conversations": 500,
  "duration_sec": 336.83597706630826,
  "timestamp": "2026-01-21T10:14:56.919195",
  "turn1": {
    "count": 240,
    "avg_ttft_ms": 87152.91076352198,
    "avg_tpot_ms": 8.585923842326203,
    "avg_e2e_ms": 90405.14003025989,
    "p50_ttft_ms": 95977.70430147648,
    "p50_tpot_ms": 8.590032978572278,
    "p50_e2e_ms": 101375.52113644779,
    "p90_ttft_ms": 159153.69961075485,
    "p90_tpot_ms": 9.17917586322306,
    "p90_e2e_ms": 161596.36113233864,
    "p99_ttft_ms": 163099.04303498563,
    "p99_tpot_ms": 9.361066912250775,
    "p99_e2e_ms": 168094.9265552312
  },
  "turn2plus": {
    "count": 715,
    "avg_ttft_ms": 37.84033730626106,
    "avg_tpot_ms": 8.620443551348112,
    "avg_e2e_ms": 2339.8401620087925,
    "p50_ttft_ms": 35.37432849407196,
    "p50_tpot_ms": 8.601622458766489,
    "p50_e2e_ms": 1479.0027998387814,
    "p90_ttft_ms": 47.474952042102814,
    "p90_tpot_ms": 9.247345407753548,
    "p90_e2e_ms": 5818.063011765483,
    "p99_ttft_ms": 71.74996115267277,
    "p99_tpot_ms": 9.519887002128543,
    "p99_e2e_ms": 9201.210041940212
  },
  "all_turns": {
    "count": 955,
    "avg_ttft_ms": 21930.63290515105,
    "avg_tpot_ms": 8.611859092624014,
    "avg_e2e_ms": 24471.433846176606,
    "p50_ttft_ms": 36.8131585419178,
    "p50_tpot_ms": 8.599034614033169,
    "p50_e2e_ms": 2262.092925608158,
    "p90_ttft_ms": 123877.35244333747,
    "p90_tpot_ms": 9.22202344015944,
    "p90_e2e_ms": 126603.9609014988,
    "p99_ttft_ms": 161769.6862461418,
    "p99_tpot_ms": 9.502720319383284,
    "p99_e2e_ms": 165043.62990751863
  },
  "throughput": {
    "conversations_per_sec": 1.4844020058509722,
    "requests_per_sec": 3.610065678229564,
    "tokens_per_sec": 771.7227900178501
  },
  "success_rate": {
    "turns": 78.53618421052632,
    "conversations": 47.8
  },
  "counts": {
    "total_conversations": 500,
    "successful_conversations": 239,
    "total_turns": 1216,
    "turn1_count": 500,
    "turn2plus_count": 716,
    "successful_turns": 955
  },
  "slo_attainment": {
    "ttft_100ms": 1.0,
    "ttft_200ms": 1.0,
    "ttft_500ms": 1.0,
    "tpot_15ms": 1.0,
    "tpot_30ms": 1.0,
    "e2e_5000ms": 0.8671328671328671,
    "e2e_10000ms": 0.9944055944055944
  }
}