{
  "config": "1P_1D_2pD",
  "ppd_enabled": false,
  "qps": 4.0,
  "num_conversations": 500,
  "duration_sec": 176.09811532497406,
  "timestamp": "2026-01-21T08:15:45.282041",
  "turn1": {
    "count": 500,
    "avg_ttft_ms": 293.2568565160036,
    "avg_tpot_ms": 9.62974940663947,
    "avg_e2e_ms": 2917.035491526127,
    "p50_ttft_ms": 53.37263643741608,
    "p50_tpot_ms": 9.689909158357727,
    "p50_e2e_ms": 2054.5955765992403,
    "p90_ttft_ms": 1258.6942736059427,
    "p90_tpot_ms": 10.26685502274357,
    "p90_e2e_ms": 7103.302079066636,
    "p99_ttft_ms": 1927.1668396517632,
    "p99_tpot_ms": 10.957988431411133,
    "p99_e2e_ms": 11318.142273724074
  },
  "turn2plus": {
    "count": 1556,
    "avg_ttft_ms": 71.00324353064318,
    "avg_tpot_ms": 9.684731644616798,
    "avg_e2e_ms": 2710.3185762859557,
    "p50_ttft_ms": 49.58791472017765,
    "p50_tpot_ms": 9.757316233042408,
    "p50_e2e_ms": 1815.9002102911472,
    "p90_ttft_ms": 129.31098975241184,
    "p90_tpot_ms": 10.283193332786986,
    "p90_e2e_ms": 6446.138620376587,
    "p99_ttft_ms": 198.95649403333667,
    "p99_tpot_ms": 10.803694610812647,
    "p99_e2e_ms": 10650.15822425485
  },
  "all_turns": {
    "count": 2056,
    "avg_ttft_ms": 125.05324668856156,
    "avg_tpot_ms": 9.671422132641808,
    "avg_e2e_ms": 2760.5901996420284,
    "p50_ttft_ms": 49.84062910079956,
    "p50_tpot_ms": 9.744818326427426,
    "p50_e2e_ms": 1867.81738512218,
    "p90_ttft_ms": 155.8998730033636,
    "p90_tpot_ms": 10.281057678212557,
    "p90_e2e_ms": 6531.885806471109,
    "p99_ttft_ms": 1613.5700855404145,
    "p99_tpot_ms": 10.84735839565595,
    "p99_e2e_ms": 11145.012075826528
  },
  "throughput": {
    "conversations_per_sec": 2.839326241949226,
    "requests_per_sec": 11.675309506895218,
    "tokens_per_sec": 3204.7304933306395
  },
  "success_rate": {
    "turns": 100.0,
    "conversations": 100.0
  },
  "counts": {
    "total_conversations": 500,
    "successful_conversations": 500,
    "total_turns": 2056,
    "turn1_count": 500,
    "turn2plus_count": 1556,
    "successful_turns": 2056
  },
  "slo_attainment": {
    "ttft_100ms": 0.7589974293059126,
    "ttft_200ms": 0.9903598971722365,
    "ttft_500ms": 0.9993573264781491,
    "tpot_15ms": 1.0,
    "tpot_30ms": 1.0,
    "e2e_5000ms": 0.8386889460154242,
    "e2e_10000ms": 0.9839331619537275
  }
}