{
  "config": "1R_1P_2pD",
  "ppd_enabled": false,
  "qps": 8.0,
  "num_conversations": 500,
  "duration_sec": 188.57233250886202,
  "timestamp": "2026-01-21T13:28:33.623484",
  "turn1": {
    "count": 500,
    "avg_ttft_ms": 24803.515859350562,
    "avg_tpot_ms": 11.67817337000197,
    "avg_e2e_ms": 28053.803120799363,
    "p50_ttft_ms": 23800.482159480453,
    "p50_tpot_ms": 9.760889465878279,
    "p50_e2e_ms": 27856.96740448475,
    "p90_ttft_ms": 53811.580247432,
    "p90_tpot_ms": 17.061475068330765,
    "p90_e2e_ms": 55681.47435635329,
    "p99_ttft_ms": 56874.816088937216,
    "p99_tpot_ms": 18.29827200093245,
    "p99_e2e_ms": 64731.635093651705
  },
  "turn2plus": {
    "count": 1556,
    "avg_ttft_ms": 98.35848071945203,
    "avg_tpot_ms": 12.011874971931679,
    "avg_e2e_ms": 3327.067328387139,
    "p50_ttft_ms": 46.7353742569685,
    "p50_tpot_ms": 9.933528996209807,
    "p50_e2e_ms": 2081.503253430128,
    "p90_ttft_ms": 65.45876525342464,
    "p90_tpot_ms": 17.23784278304954,
    "p90_e2e_ms": 7647.8106416761875,
    "p99_ttft_ms": 130.14769461005972,
    "p99_tpot_ms": 18.6584674433658,
    "p99_e2e_ms": 14850.557171553384
  },
  "all_turns": {
    "count": 2056,
    "avg_ttft_ms": 6106.422045561648,
    "avg_tpot_ms": 11.931096058043375,
    "avg_e2e_ms": 9340.378561950423,
    "p50_ttft_ms": 49.54992979764938,
    "p50_tpot_ms": 9.865060243960265,
    "p50_e2e_ms": 3011.616675183177,
    "p90_ttft_ms": 32633.66306014359,
    "p90_tpot_ms": 17.209903435880513,
    "p90_e2e_ms": 35293.30366104841,
    "p99_ttft_ms": 55475.39928704501,
    "p99_tpot_ms": 18.608468476350787,
    "p99_e2e_ms": 59297.66130894423
  },
  "throughput": {
    "conversations_per_sec": 2.6515024412528936,
    "requests_per_sec": 10.902978038431899,
    "tokens_per_sec": 2992.7348964274934
  },
  "success_rate": {
    "turns": 100.0,
    "conversations": 100.0
  },
  "counts": {
    "total_conversations": 500,
    "successful_conversations": 500,
    "total_turns": 2056,
    "turn1_count": 500,
    "turn2plus_count": 1556,
    "successful_turns": 2056
  },
  "slo_attainment": {
    "ttft_100ms": 0.9800771208226221,
    "ttft_200ms": 0.9974293059125964,
    "ttft_500ms": 0.9987146529562982,
    "tpot_15ms": 0.6902768834513844,
    "tpot_30ms": 0.9993560849967804,
    "e2e_5000ms": 0.769280205655527,
    "e2e_10000ms": 0.9550128534704371
  }
}