{
  "config": "1P_2D_1pD",
  "ppd_enabled": true,
  "qps": 2.0,
  "num_conversations": 500,
  "duration_sec": 287.650399569422,
  "timestamp": "2026-01-22T00:21:54.007159",
  "turn1": {
    "count": 500,
    "avg_ttft_ms": 104.98022557795048,
    "avg_tpot_ms": 9.140469062111162,
    "avg_e2e_ms": 2549.6216336265206,
    "p50_ttft_ms": 95.32823786139488,
    "p50_tpot_ms": 8.89876954640974,
    "p50_e2e_ms": 1698.924969881773,
    "p90_ttft_ms": 147.09277339279654,
    "p90_tpot_ms": 9.68936983157288,
    "p90_e2e_ms": 6091.730228066445,
    "p99_ttft_ms": 216.10022835433472,
    "p99_tpot_ms": 10.344618620214666,
    "p99_e2e_ms": 9887.174241282046
  },
  "turn2plus": {
    "count": 1556,
    "avg_ttft_ms": 89.52234694279328,
    "avg_tpot_ms": 9.02877427914566,
    "avg_e2e_ms": 2562.023755122254,
    "p50_ttft_ms": 91.83711744844913,
    "p50_tpot_ms": 8.96039572817126,
    "p50_e2e_ms": 1714.108096435666,
    "p90_ttft_ms": 154.74584326148033,
    "p90_tpot_ms": 9.736423095006321,
    "p90_e2e_ms": 6098.887298256159,
    "p99_ttft_ms": 229.43434417247792,
    "p99_tpot_ms": 10.39570206693457,
    "p99_e2e_ms": 10176.28623321653
  },
  "all_turns": {
    "count": 2056,
    "avg_ttft_ms": 93.28155867313306,
    "avg_tpot_ms": 9.055812157306171,
    "avg_e2e_ms": 2559.0076749919685,
    "p50_ttft_ms": 93.3111123740673,
    "p50_tpot_ms": 8.94182078758543,
    "p50_e2e_ms": 1708.7107878178358,
    "p90_ttft_ms": 153.81131507456303,
    "p90_tpot_ms": 9.73089919067346,
    "p90_e2e_ms": 6098.887298256159,
    "p99_ttft_ms": 228.48837096244105,
    "p99_tpot_ms": 10.385787721191134,
    "p99_e2e_ms": 10113.831880129876
  },
  "throughput": {
    "conversations_per_sec": 1.7382211210150924,
    "requests_per_sec": 7.14756524961406,
    "tokens_per_sec": 1961.9197499630088
  },
  "success_rate": {
    "turns": 100.0,
    "conversations": 100.0
  },
  "counts": {
    "total_conversations": 500,
    "successful_conversations": 500,
    "total_turns": 2056,
    "turn1_count": 500,
    "turn2plus_count": 1556,
    "successful_turns": 2056
  },
  "slo_attainment": {
    "ttft_100ms": 0.615681233933162,
    "ttft_200ms": 0.9781491002570694,
    "ttft_500ms": 1.0,
    "tpot_15ms": 1.0,
    "tpot_30ms": 1.0,
    "e2e_5000ms": 0.8541131105398457,
    "e2e_10000ms": 0.987146529562982
  }
}