{
  "config": "1P_3pD",
  "workload": "large_mid_bal",
  "qps": 16,
  "turn1": {
    "count": 160,
    "avg_ttft_ms": 12250.713525293395,
    "avg_tpot_ms": 10.49378287699893,
    "avg_e2e_ms": 22985.8534084633,
    "p50_ttft_ms": 12074.317995458841,
    "p50_tpot_ms": 10.799390295718888,
    "p50_e2e_ms": 22781.994126737118,
    "p99_ttft_ms": 28282.963782437146,
    "p99_tpot_ms": 11.15665649530912,
    "p99_e2e_ms": 38472.337471954525
  },
  "turn2": {
    "count": 160,
    "avg_ttft_ms": 260.98144117277116,
    "avg_tpot_ms": 10.63842083543803,
    "avg_e2e_ms": 1612.060887273401,
    "p50_ttft_ms": 87.58421987295151,
    "p50_tpot_ms": 10.734636277899028,
    "p50_e2e_ms": 1485.1724933832884,
    "p99_ttft_ms": 642.7448422461745,
    "p99_tpot_ms": 12.067334680986686,
    "p99_e2e_ms": 1911.335528604686
  },
  "average": {
    "count": 320,
    "avg_ttft_ms": 6255.847483233083,
    "avg_tpot_ms": 10.56610185621848,
    "avg_e2e_ms": 12298.95714786835,
    "p50_ttft_ms": 313.9245342463255,
    "p50_tpot_ms": 10.765393767288396,
    "p50_e2e_ms": 9983.987921848893,
    "p99_ttft_ms": 28237.253761179745,
    "p99_tpot_ms": 12.046528711152359,
    "p99_e2e_ms": 38215.48519842327
  },
  "throughput": {
    "requests_per_sec": 6.486268175114783,
    "tokens_per_sec": 3736.090468866115
  },
  "success_rate": 100.0,
  "total_requests": 320,
  "failed_requests": 0,
  "duration_sec": 49.3349937684834,
  "timestamp": "2026-01-18T09:03:59.873915",
  "error": null
}