{
  "config": "1P_3pD",
  "workload": "small_long_gen",
  "qps": 12,
  "turn1": {
    "count": 120,
    "avg_ttft_ms": 2329.494245070964,
    "avg_tpot_ms": 9.405414908488828,
    "avg_e2e_ms": 3523.981938449045,
    "p50_ttft_ms": 2924.9194599688053,
    "p50_tpot_ms": 9.497145337499973,
    "p50_e2e_ms": 4152.855543419719,
    "p99_ttft_ms": 6021.20620675385,
    "p99_tpot_ms": 10.00959771560637,
    "p99_e2e_ms": 7147.7636447921395
  },
  "turn2": {
    "count": 120,
    "avg_ttft_ms": 70.37525434667866,
    "avg_tpot_ms": 9.31204274054969,
    "avg_e2e_ms": 4828.8290947675705,
    "p50_ttft_ms": 46.6635562479496,
    "p50_tpot_ms": 9.471781143586929,
    "p50_e2e_ms": 4885.414211079478,
    "p99_ttft_ms": 271.9487601146102,
    "p99_tpot_ms": 9.810373074869004,
    "p99_e2e_ms": 5206.957526654005
  },
  "average": {
    "count": 240,
    "avg_ttft_ms": 1199.9347497088213,
    "avg_tpot_ms": 9.35872882451926,
    "avg_e2e_ms": 4176.405516608308,
    "p50_ttft_ms": 105.86706921458244,
    "p50_tpot_ms": 9.475835496382794,
    "p50_e2e_ms": 4671.619087457657,
    "p99_ttft_ms": 5970.681471079587,
    "p99_tpot_ms": 10.000978122780642,
    "p99_e2e_ms": 7124.768247157335
  },
  "throughput": {
    "requests_per_sec": 12.041333399683252,
    "tokens_per_sec": 3853.2266878986406
  },
  "success_rate": 100.0,
  "total_requests": 240,
  "failed_requests": 0,
  "duration_sec": 19.931347470730543,
  "timestamp": "2026-01-18T08:15:26.037549",
  "error": null
}