{
  "config": "1P_3pD",
  "workload": "small_huge_paste",
  "qps": 10,
  "turn1": {
    "count": 91,
    "avg_ttft_ms": 142.50107097265484,
    "avg_tpot_ms": 9.14845873820201,
    "avg_e2e_ms": 1304.35533072431,
    "p50_ttft_ms": 112.26366832852364,
    "p50_tpot_ms": 9.130098600321867,
    "p50_e2e_ms": 1298.366256058216,
    "p99_ttft_ms": 317.563400417566,
    "p99_tpot_ms": 10.228308829970247,
    "p99_e2e_ms": 1528.6789607256649
  },
  "turn2": {
    "count": 91,
    "avg_ttft_ms": 90.33248201012611,
    "avg_tpot_ms": 9.398050447783966,
    "avg_e2e_ms": 381.67204589142904,
    "p50_ttft_ms": 71.7962272465229,
    "p50_tpot_ms": 9.29199231247748,
    "p50_e2e_ms": 372.5752644240856,
    "p99_ttft_ms": 232.64650553464875,
    "p99_tpot_ms": 11.651541376786845,
    "p99_e2e_ms": 557.0252630859612
  },
  "average": {
    "count": 182,
    "avg_ttft_ms": 116.41677649139048,
    "avg_tpot_ms": 9.273254592992988,
    "avg_e2e_ms": 843.0136883078695,
    "p50_ttft_ms": 97.77018800377846,
    "p50_tpot_ms": 9.192079442851519,
    "p50_e2e_ms": 840.7744020223618,
    "p99_ttft_ms": 305.11465959250927,
    "p99_tpot_ms": 11.533351043058978,
    "p99_e2e_ms": 1520.7401740550995
  },
  "throughput": {
    "requests_per_sec": 16.12978490133476,
    "tokens_per_sec": 1290.3827921067805
  },
  "success_rate": 100.0,
  "total_requests": 182,
  "failed_requests": 0,
  "duration_sec": 11.28347346931696,
  "timestamp": "2026-01-18T08:29:54.228820",
  "error": null
}