{
  "config": "1P_3pD",
  "workload": "small_small_bal",
  "qps": 2,
  "turn1": {
    "count": 19,
    "avg_ttft_ms": 103.85253692143841,
    "avg_tpot_ms": 7.887205674818231,
    "avg_e2e_ms": 1105.5276576233537,
    "p50_ttft_ms": 97.92371839284897,
    "p50_tpot_ms": 7.861394347168329,
    "p50_e2e_ms": 1108.646221458912,
    "p99_ttft_ms": 142.112742587924,
    "p99_tpot_ms": 8.176723093850406,
    "p99_e2e_ms": 1146.8676252663136
  },
  "turn2": {
    "count": 19,
    "avg_ttft_ms": 49.967424453873384,
    "avg_tpot_ms": 7.976833354361177,
    "avg_e2e_ms": 552.5079257786274,
    "p50_ttft_ms": 33.025771379470825,
    "p50_tpot_ms": 7.944467226191173,
    "p50_e2e_ms": 538.737028837204,
    "p99_ttft_ms": 101.39422409236431,
    "p99_tpot_ms": 8.586797436314916,
    "p99_e2e_ms": 630.6714576482773
  },
  "average": {
    "count": 38,
    "avg_ttft_ms": 76.9099806876559,
    "avg_tpot_ms": 7.932019514589701,
    "avg_e2e_ms": 829.0177917009905,
    "p50_ttft_ms": 88.91997300088406,
    "p50_tpot_ms": 7.893812325265673,
    "p50_e2e_ms": 853.9157342165709,
    "p99_ttft_ms": 140.58687534183267,
    "p99_tpot_ms": 8.508962136767215,
    "p99_e2e_ms": 1144.9330677837133
  },
  "throughput": {
    "requests_per_sec": 3.2732456375172823,
    "tokens_per_sec": 314.2315812016591
  },
  "success_rate": 100.0,
  "total_requests": 38,
  "failed_requests": 0,
  "duration_sec": 11.609272327274084,
  "timestamp": "2026-01-18T08:21:27.622095",
  "error": null
}