{
  "config": "1P_3pD",
  "workload": "large_tiny",
  "qps": 12,
  "turn1": {
    "count": 120,
    "avg_ttft_ms": 6047.849061495314,
    "avg_tpot_ms": 10.256153017794727,
    "avg_e2e_ms": 16539.89359869932,
    "p50_ttft_ms": 7145.5682925879955,
    "p50_tpot_ms": 10.188598466175858,
    "p50_e2e_ms": 17990.165570750833,
    "p99_ttft_ms": 15342.948388196528,
    "p99_tpot_ms": 11.15095129722724,
    "p99_e2e_ms": 24909.628490172327
  },
  "turn2": {
    "count": 120,
    "avg_ttft_ms": 139.56621993953982,
    "avg_tpot_ms": 10.42290773563167,
    "avg_e2e_ms": 462.6763597441216,
    "p50_ttft_ms": 75.39668679237366,
    "p50_tpot_ms": 10.450614315848195,
    "p50_e2e_ms": 408.800071105361,
    "p99_ttft_ms": 1263.493911959231,
    "p99_tpot_ms": 13.446024271749684,
    "p99_e2e_ms": 1605.9619084000587
  },
  "average": {
    "count": 240,
    "avg_ttft_ms": 3093.707640717427,
    "avg_tpot_ms": 10.339530376713197,
    "avg_e2e_ms": 8501.284979221722,
    "p50_ttft_ms": 174.03638176620007,
    "p50_tpot_ms": 10.255837743830588,
    "p50_e2e_ms": 5835.864067077637,
    "p99_ttft_ms": 15285.133905857801,
    "p99_tpot_ms": 12.573835981949683,
    "p99_e2e_ms": 24858.2281190902
  },
  "throughput": {
    "requests_per_sec": 6.932311427920197,
    "tokens_per_sec": 3660.2604339418644
  },
  "success_rate": 100.0,
  "total_requests": 240,
  "failed_requests": 0,
  "duration_sec": 34.620487336069345,
  "timestamp": "2026-01-18T08:33:43.080644",
  "error": null
}