{
  "config": "1P_3pD",
  "workload": "large_huge_paste",
  "qps": 12,
  "turn1": {
    "count": 107,
    "avg_ttft_ms": 4856.7334532946625,
    "avg_tpot_ms": 10.427004289048403,
    "avg_e2e_ms": 15523.55884099118,
    "p50_ttft_ms": 6487.680040299892,
    "p50_tpot_ms": 10.480012642702166,
    "p50_e2e_ms": 17143.718738108873,
    "p99_ttft_ms": 13368.358061611652,
    "p99_tpot_ms": 11.135114335754515,
    "p99_e2e_ms": 23196.083582639694
  },
  "turn2": {
    "count": 107,
    "avg_ttft_ms": 366.5550218494696,
    "avg_tpot_ms": 10.6027696213163,
    "avg_e2e_ms": 695.2408801102749,
    "p50_ttft_ms": 132.08967447280884,
    "p50_tpot_ms": 10.45726191612982,
    "p50_e2e_ms": 472.2488783299923,
    "p99_ttft_ms": 6695.447644740331,
    "p99_tpot_ms": 13.379416799833697,
    "p99_e2e_ms": 7056.52075126766
  },
  "average": {
    "count": 214,
    "avg_ttft_ms": 2611.6442375720662,
    "avg_tpot_ms": 10.514886955182353,
    "avg_e2e_ms": 8109.399860550728,
    "p50_ttft_ms": 206.76043070852757,
    "p50_tpot_ms": 10.476847722733126,
    "p50_e2e_ms": 9680.907113477588,
    "p99_ttft_ms": 13066.642359755933,
    "p99_tpot_ms": 13.269022926688196,
    "p99_e2e_ms": 23081.258777268235
  },
  "throughput": {
    "requests_per_sec": 6.357291637818062,
    "tokens_per_sec": 3356.649984767937
  },
  "success_rate": 100.0,
  "total_requests": 214,
  "failed_requests": 0,
  "duration_sec": 33.662133529782295,
  "timestamp": "2026-01-18T09:17:38.490942",
  "error": null
}