{
  "config": "1P_3pD",
  "workload": "large_mid_paste",
  "qps": 4,
  "turn1": {
    "count": 37,
    "avg_ttft_ms": 147.39049669053102,
    "avg_tpot_ms": 9.347916156571623,
    "avg_e2e_ms": 9710.308724863304,
    "p50_ttft_ms": 140.94657078385353,
    "p50_tpot_ms": 9.393028729210151,
    "p50_e2e_ms": 9751.642752438784,
    "p99_ttft_ms": 227.89818719029427,
    "p99_tpot_ms": 9.945848913806858,
    "p99_e2e_ms": 10329.280296862125
  },
  "turn2": {
    "count": 37,
    "avg_ttft_ms": 100.67380330449826,
    "avg_tpot_ms": 9.368467716406672,
    "avg_e2e_ms": 690.8872694381186,
    "p50_ttft_ms": 79.68274876475334,
    "p50_tpot_ms": 9.30169609094423,
    "p50_e2e_ms": 675.2628609538078,
    "p99_ttft_ms": 169.89111185073853,
    "p99_tpot_ms": 10.622321263192193,
    "p99_e2e_ms": 818.2759165763855
  },
  "average": {
    "count": 74,
    "avg_ttft_ms": 124.03214999751465,
    "avg_tpot_ms": 9.358191936489149,
    "avg_e2e_ms": 5200.597997150711,
    "p50_ttft_ms": 131.4990669488907,
    "p50_tpot_ms": 9.389008134093686,
    "p50_e2e_ms": 4900.156857445836,
    "p99_ttft_ms": 227.22907047718763,
    "p99_tpot_ms": 10.589353426226548,
    "p99_e2e_ms": 10304.614382870495
  },
  "throughput": {
    "requests_per_sec": 3.65322289262235,
    "tokens_per_sec": 1987.3532535865584
  },
  "success_rate": 100.0,
  "total_requests": 74,
  "failed_requests": 0,
  "duration_sec": 20.25608679652214,
  "timestamp": "2026-01-18T09:06:13.345625",
  "error": null
}