{
  "config": "1P_3pD",
  "workload": "small_very_long_gen",
  "qps": 16,
  "turn1": {
    "count": 160,
    "avg_ttft_ms": 9944.403629074804,
    "avg_tpot_ms": 9.62964380599969,
    "avg_e2e_ms": 11167.368392436765,
    "p50_ttft_ms": 9287.585023790598,
    "p50_tpot_ms": 9.654230430839569,
    "p50_e2e_ms": 10550.452534109354,
    "p99_ttft_ms": 25498.55096179992,
    "p99_tpot_ms": 10.526803368482534,
    "p99_e2e_ms": 26709.200928136706
  },
  "turn2": {
    "count": 160,
    "avg_ttft_ms": 247.92269384488463,
    "avg_tpot_ms": 9.503360319370996,
    "avg_e2e_ms": 9969.860300561413,
    "p50_ttft_ms": 51.72913148999214,
    "p50_tpot_ms": 9.583346387289486,
    "p50_e2e_ms": 9891.816828399897,
    "p99_ttft_ms": 8991.665814220905,
    "p99_tpot_ms": 9.945725063745112,
    "p99_e2e_ms": 18633.009363673624
  },
  "average": {
    "count": 320,
    "avg_ttft_ms": 5096.163161459845,
    "avg_tpot_ms": 9.566502062685343,
    "avg_e2e_ms": 10568.61434649909,
    "p50_ttft_ms": 389.51739855110645,
    "p50_tpot_ms": 9.603907850335187,
    "p50_e2e_ms": 10052.341047674417,
    "p99_ttft_ms": 25450.016464814544,
    "p99_tpot_ms": 10.513738204292425,
    "p99_e2e_ms": 26645.88606365025
  },
  "throughput": {
    "requests_per_sec": 7.185445802065123,
    "tokens_per_sec": 4138.816781989511
  },
  "success_rate": 100.0,
  "total_requests": 320,
  "failed_requests": 0,
  "duration_sec": 44.53446714580059,
  "timestamp": "2026-01-18T08:20:03.755090",
  "error": null
}