{
  "config": "1P_3pD",
  "workload": "small_small_bal",
  "qps": 1,
  "turn1": {
    "count": 10,
    "avg_ttft_ms": 100.2171691507101,
    "avg_tpot_ms": 7.882131856140189,
    "avg_e2e_ms": 1101.2479148805141,
    "p50_ttft_ms": 102.78640873730183,
    "p50_tpot_ms": 7.8463795939533725,
    "p50_e2e_ms": 1099.7755024582148,
    "p99_ttft_ms": 132.41534866392612,
    "p99_tpot_ms": 8.034113692779709,
    "p99_e2e_ms": 1126.7633984610438
  },
  "turn2": {
    "count": 10,
    "avg_ttft_ms": 29.344500973820686,
    "avg_tpot_ms": 7.950238558271574,
    "avg_e2e_ms": 530.2095301449299,
    "p50_ttft_ms": 28.6053828895092,
    "p50_tpot_ms": 7.980577588554413,
    "p50_e2e_ms": 533.7753966450691,
    "p99_ttft_ms": 32.17793598771095,
    "p99_tpot_ms": 8.120910939243105,
    "p99_e2e_ms": 539.9457227438688
  },
  "average": {
    "count": 20,
    "avg_ttft_ms": 64.7808350622654,
    "avg_tpot_ms": 7.916185207205882,
    "avg_e2e_ms": 815.728722512722,
    "p50_ttft_ms": 56.84587545692921,
    "p50_tpot_ms": 7.856312787204277,
    "p50_e2e_ms": 807.9134803265333,
    "p99_ttft_ms": 129.41337935626504,
    "p99_tpot_ms": 8.115967088748539,
    "p99_e2e_ms": 1126.3015976920724
  },
  "throughput": {
    "requests_per_sec": 2.081104065948175,
    "tokens_per_sec": 199.78599033102483
  },
  "success_rate": 100.0,
  "total_requests": 20,
  "failed_requests": 0,
  "duration_sec": 9.610283467918634,
  "timestamp": "2026-01-18T08:21:15.974928",
  "error": null
}