{
  "config": "1P_3pD",
  "workload": "large_tiny",
  "qps": 6,
  "turn1": {
    "count": 60,
    "avg_ttft_ms": 648.7739769121011,
    "avg_tpot_ms": 9.973698589767508,
    "avg_e2e_ms": 10851.867634244263,
    "p50_ttft_ms": 183.59622731804848,
    "p50_tpot_ms": 9.955860080811053,
    "p50_e2e_ms": 10508.324278518558,
    "p99_ttft_ms": 3982.0385529845953,
    "p99_tpot_ms": 10.638971918991759,
    "p99_e2e_ms": 13650.6324589625
  },
  "turn2": {
    "count": 60,
    "avg_ttft_ms": 86.90874210248391,
    "avg_tpot_ms": 9.916432670527888,
    "avg_e2e_ms": 394.3181548888485,
    "p50_ttft_ms": 69.79925744235516,
    "p50_tpot_ms": 10.020606400024507,
    "p50_e2e_ms": 389.23841156065464,
    "p99_ttft_ms": 185.56754950433952,
    "p99_tpot_ms": 11.876124981189927,
    "p99_e2e_ms": 545.6782857701181
  },
  "average": {
    "count": 120,
    "avg_ttft_ms": 367.8413595072925,
    "avg_tpot_ms": 9.945065630147699,
    "avg_e2e_ms": 5623.0928945665555,
    "p50_ttft_ms": 133.68221186101437,
    "p50_tpot_ms": 9.979473088275302,
    "p50_e2e_ms": 4897.06389978528,
    "p99_ttft_ms": 3924.844262041152,
    "p99_tpot_ms": 11.740973090692874,
    "p99_e2e_ms": 13567.733857631683
  },
  "throughput": {
    "requests_per_sec": 5.201008405683608,
    "tokens_per_sec": 2746.132438200945
  },
  "success_rate": 100.0,
  "total_requests": 120,
  "failed_requests": 0,
  "duration_sec": 23.072448771446943,
  "timestamp": "2026-01-18T08:32:15.038318",
  "error": null
}