{
  "config": "1P_3pD",
  "workload": "small_mid_bal",
  "qps": 16,
  "turn1": {
    "count": 160,
    "avg_ttft_ms": 300.76489590574056,
    "avg_tpot_ms": 9.534783075438943,
    "avg_e2e_ms": 1511.6823464864865,
    "p50_ttft_ms": 258.51831026375294,
    "p50_tpot_ms": 9.647125070254633,
    "p50_e2e_ms": 1468.6296675354242,
    "p99_ttft_ms": 741.6111727058886,
    "p99_tpot_ms": 10.136918147776539,
    "p99_e2e_ms": 1913.6000324040651
  },
  "turn2": {
    "count": 160,
    "avg_ttft_ms": 74.99896246008575,
    "avg_tpot_ms": 9.521782283275204,
    "avg_e2e_ms": 1284.2653124360368,
    "p50_ttft_ms": 49.8461052775383,
    "p50_tpot_ms": 9.680572941195308,
    "p50_e2e_ms": 1285.5012156069279,
    "p99_ttft_ms": 326.1706674098968,
    "p99_tpot_ms": 10.122730578259219,
    "p99_e2e_ms": 1565.6948266178367
  },
  "average": {
    "count": 320,
    "avg_ttft_ms": 187.88192918291315,
    "avg_tpot_ms": 9.528282679357073,
    "avg_e2e_ms": 1397.9738294612616,
    "p50_ttft_ms": 109.64915342628956,
    "p50_tpot_ms": 9.676441183592392,
    "p50_e2e_ms": 1323.90096783638,
    "p99_ttft_ms": 682.949930727482,
    "p99_tpot_ms": 10.133593240239488,
    "p99_e2e_ms": 1896.7342838644981
  },
  "throughput": {
    "requests_per_sec": 25.869352378512037,
    "tokens_per_sec": 3311.2771044495407
  },
  "success_rate": 100.0,
  "total_requests": 320,
  "failed_requests": 0,
  "duration_sec": 12.369849670678377,
  "timestamp": "2026-01-18T08:24:39.395491",
  "error": null
}