{
  "config": "1P_3pD",
  "workload": "small_big_paste",
  "qps": 20,
  "turn1": {
    "count": 200,
    "avg_ttft_ms": 675.8091730251908,
    "avg_tpot_ms": 10.527225483326227,
    "avg_e2e_ms": 2012.7668094076216,
    "p50_ttft_ms": 650.9047504514456,
    "p50_tpot_ms": 10.573121682396085,
    "p50_e2e_ms": 1992.6689993590117,
    "p99_ttft_ms": 1282.8008903935547,
    "p99_tpot_ms": 11.751865698537957,
    "p99_e2e_ms": 2722.1374437212944
  },
  "turn2": {
    "count": 200,
    "avg_ttft_ms": 152.912562135607,
    "avg_tpot_ms": 10.478297295787979,
    "avg_e2e_ms": 813.0452917702496,
    "p50_ttft_ms": 87.46689930558205,
    "p50_tpot_ms": 10.561682727365266,
    "p50_e2e_ms": 763.6570408940315,
    "p99_ttft_ms": 690.7731552422043,
    "p99_tpot_ms": 12.237566329302293,
    "p99_e2e_ms": 1375.686918832361
  },
  "average": {
    "count": 400,
    "avg_ttft_ms": 414.3608675803989,
    "avg_tpot_ms": 10.502761389557104,
    "avg_e2e_ms": 1412.9060505889356,
    "p50_ttft_ms": 346.5783894062042,
    "p50_tpot_ms": 10.565298121832726,
    "p50_e2e_ms": 1261.26267015934,
    "p99_ttft_ms": 1236.1460058018563,
    "p99_tpot_ms": 12.121684799591701,
    "p99_e2e_ms": 2657.2602696344256
  },
  "throughput": {
    "requests_per_sec": 32.3503369410036,
    "tokens_per_sec": 3105.632346336345
  },
  "success_rate": 100.0,
  "total_requests": 400,
  "failed_requests": 0,
  "duration_sec": 12.364631649106741,
  "timestamp": "2026-01-18T08:28:38.183673",
  "error": null
}