{
  "config": "1P_3pD",
  "workload": "small_mid_bal",
  "qps": 1,
  "turn1": {
    "count": 10,
    "avg_ttft_ms": 106.30859583616257,
    "avg_tpot_ms": 7.902083798186986,
    "avg_e2e_ms": 1109.8732382059097,
    "p50_ttft_ms": 101.16835869848728,
    "p50_tpot_ms": 7.895799456384238,
    "p50_e2e_ms": 1092.605598270893,
    "p99_ttft_ms": 142.16618992388248,
    "p99_tpot_ms": 8.25998465464575,
    "p99_e2e_ms": 1171.1727214977145
  },
  "turn2": {
    "count": 10,
    "avg_ttft_ms": 52.9294703155756,
    "avg_tpot_ms": 7.942112321107407,
    "avg_e2e_ms": 1061.5777350962162,
    "p50_ttft_ms": 32.74138271808624,
    "p50_tpot_ms": 7.843890337376144,
    "p50_e2e_ms": 1062.747960910201,
    "p99_ttft_ms": 108.0973306670785,
    "p99_tpot_ms": 8.234332874710635,
    "p99_e2e_ms": 1140.3211788088083
  },
  "average": {
    "count": 20,
    "avg_ttft_ms": 79.61903307586908,
    "avg_tpot_ms": 7.922098059647195,
    "avg_e2e_ms": 1085.725486651063,
    "p50_ttft_ms": 92.48419851064682,
    "p50_tpot_ms": 7.872560552842035,
    "p50_e2e_ms": 1083.6210567504168,
    "p99_ttft_ms": 140.32406292855737,
    "p99_tpot_ms": 8.257798708271324,
    "p99_e2e_ms": 1170.9065848961473
  },
  "throughput": {
    "requests_per_sec": 2.009228802937386,
    "tokens_per_sec": 257.1812867759854
  },
  "success_rate": 100.0,
  "total_requests": 20,
  "failed_requests": 0,
  "duration_sec": 9.954067934304476,
  "timestamp": "2026-01-18T08:23:14.718949",
  "error": null
}