{
  "config": "1P_3pD",
  "workload": "large_tiny",
  "qps": 10,
  "turn1": {
    "count": 99,
    "avg_ttft_ms": 3712.24754386478,
    "avg_tpot_ms": 10.348212959400568,
    "avg_e2e_ms": 14298.469401331562,
    "p50_ttft_ms": 1030.8959148824215,
    "p50_tpot_ms": 10.384488184431081,
    "p50_e2e_ms": 12092.978741973639,
    "p99_ttft_ms": 8055.790281742811,
    "p99_tpot_ms": 10.902394533361274,
    "p99_e2e_ms": 19000.49245171249
  },
  "turn2": {
    "count": 99,
    "avg_ttft_ms": 119.08428999360162,
    "avg_tpot_ms": 10.315379685621847,
    "avg_e2e_ms": 438.8610602478788,
    "p50_ttft_ms": 80.85675165057182,
    "p50_tpot_ms": 10.481021216800135,
    "p50_e2e_ms": 415.960855782032,
    "p99_ttft_ms": 972.5032399594784,
    "p99_tpot_ms": 12.209405315018468,
    "p99_e2e_ms": 1278.4496434777975
  },
  "average": {
    "count": 198,
    "avg_ttft_ms": 1915.6659169291909,
    "avg_tpot_ms": 10.331796322511208,
    "avg_e2e_ms": 7368.66523078972,
    "p50_ttft_ms": 148.1716725975275,
    "p50_tpot_ms": 10.423988955985767,
    "p50_e2e_ms": 5389.054970815778,
    "p99_ttft_ms": 7978.861456103623,
    "p99_tpot_ms": 12.2002580858046,
    "p99_e2e_ms": 18931.582447998226
  },
  "throughput": {
    "requests_per_sec": 6.856464862631356,
    "tokens_per_sec": 3620.2134474693557
  },
  "success_rate": 100.0,
  "total_requests": 198,
  "failed_requests": 0,
  "duration_sec": 28.877855274826288,
  "timestamp": "2026-01-18T08:33:08.419338",
  "error": null
}