{
  "config": "1P_3pD",
  "workload": "large_very_long_gen",
  "qps": 4,
  "turn1": {
    "count": 33,
    "avg_ttft_ms": 142.9045975885608,
    "avg_tpot_ms": 9.580459616977445,
    "avg_e2e_ms": 9943.714785756487,
    "p50_ttft_ms": 141.22891426086426,
    "p50_tpot_ms": 9.620145498570109,
    "p50_e2e_ms": 9989.12350833416,
    "p99_ttft_ms": 188.48812982439995,
    "p99_tpot_ms": 10.459511244664094,
    "p99_e2e_ms": 10831.233851611614
  },
  "turn2": {
    "count": 33,
    "avg_ttft_ms": 93.66924078627066,
    "avg_tpot_ms": 9.90791648949431,
    "avg_e2e_ms": 10229.46780953895,
    "p50_ttft_ms": 76.28723233938217,
    "p50_tpot_ms": 9.723146053673817,
    "p50_e2e_ms": 10042.94829070568,
    "p99_ttft_ms": 174.2598980665207,
    "p99_tpot_ms": 10.613884277212073,
    "p99_e2e_ms": 10964.65490475297
  },
  "average": {
    "count": 66,
    "avg_ttft_ms": 118.28691918741573,
    "avg_tpot_ms": 9.744188053235877,
    "avg_e2e_ms": 10086.591297647718,
    "p50_ttft_ms": 133.59857723116875,
    "p50_tpot_ms": 9.680253510906898,
    "p50_e2e_ms": 10017.176641151309,
    "p99_ttft_ms": 185.393470712006,
    "p99_tpot_ms": 10.60917093177287,
    "p99_e2e_ms": 10939.0619315207
  },
  "throughput": {
    "requests_per_sec": 2.1874550167019473,
    "tokens_per_sec": 2239.953937102794
  },
  "success_rate": 100.0,
  "total_requests": 66,
  "failed_requests": 0,
  "duration_sec": 30.172049023211002,
  "timestamp": "2026-01-18T08:48:55.651958",
  "error": null
}