{
  "config": "1P_3pD",
  "workload": "large_short_gen",
  "qps": 16,
  "turn1": {
    "count": 160,
    "avg_ttft_ms": 12854.06236583367,
    "avg_tpot_ms": 10.319570626586472,
    "avg_e2e_ms": 23410.98311683163,
    "p50_ttft_ms": 11987.140581011772,
    "p50_tpot_ms": 10.398565280822016,
    "p50_e2e_ms": 22594.06115859747,
    "p99_ttft_ms": 32235.435602031648,
    "p99_tpot_ms": 10.996875570411499,
    "p99_e2e_ms": 42054.89134375006
  },
  "turn2": {
    "count": 160,
    "avg_ttft_ms": 93.84549704845995,
    "avg_tpot_ms": 10.732397885226153,
    "avg_e2e_ms": 2830.6069577811286,
    "p50_ttft_ms": 77.68662460148335,
    "p50_tpot_ms": 10.775525225143806,
    "p50_e2e_ms": 2858.7530832737684,
    "p99_ttft_ms": 232.5076724588869,
    "p99_tpot_ms": 12.150257582173628,
    "p99_e2e_ms": 3200.6769874319434
  },
  "average": {
    "count": 320,
    "avg_ttft_ms": 6473.953931441065,
    "avg_tpot_ms": 10.525984255906312,
    "avg_e2e_ms": 13120.79503730638,
    "p50_ttft_ms": 166.86044447124004,
    "p50_tpot_ms": 10.488286698173335,
    "p50_e2e_ms": 6580.273089930415,
    "p99_ttft_ms": 31919.680833145976,
    "p99_tpot_ms": 12.086664353515587,
    "p99_e2e_ms": 41833.218807950616
  },
  "throughput": {
    "requests_per_sec": 5.943644158331944,
    "tokens_per_sec": 3803.932261332444
  },
  "success_rate": 100.0,
  "total_requests": 320,
  "failed_requests": 0,
  "duration_sec": 53.83902391791344,
  "timestamp": "2026-01-18T08:39:37.220313",
  "error": null
}