{
  "config": "1P_3pD",
  "workload": "large_big_paste",
  "qps": 2,
  "turn1": {
    "count": 20,
    "avg_ttft_ms": 152.3053839802742,
    "avg_tpot_ms": 8.701282577408898,
    "avg_e2e_ms": 9053.717460669577,
    "p50_ttft_ms": 151.06134489178658,
    "p50_tpot_ms": 8.63940770012251,
    "p50_e2e_ms": 8995.684832334518,
    "p99_ttft_ms": 209.07006781548262,
    "p99_tpot_ms": 9.127517706466037,
    "p99_e2e_ms": 9480.478667505085
  },
  "turn2": {
    "count": 20,
    "avg_ttft_ms": 86.22740935534239,
    "avg_tpot_ms": 8.787465852404399,
    "avg_e2e_ms": 639.8377580568194,
    "p50_ttft_ms": 82.02896267175674,
    "p50_tpot_ms": 8.723762832463734,
    "p50_e2e_ms": 635.3780832141638,
    "p99_ttft_ms": 158.252186961472,
    "p99_tpot_ms": 9.695072043391447,
    "p99_e2e_ms": 758.3741494640707
  },
  "average": {
    "count": 40,
    "avg_ttft_ms": 119.2663966678083,
    "avg_tpot_ms": 8.744374214906648,
    "avg_e2e_ms": 4846.777609363198,
    "p50_ttft_ms": 126.60769745707512,
    "p50_tpot_ms": 8.650345043192743,
    "p50_e2e_ms": 4713.60070258379,
    "p99_ttft_ms": 208.7207257375121,
    "p99_tpot_ms": 9.691848957704174,
    "p99_e2e_ms": 9476.712815500796
  },
  "throughput": {
    "requests_per_sec": 2.0152857492109324,
    "tokens_per_sec": 1096.3154475707472
  },
  "success_rate": 100.0,
  "total_requests": 40,
  "failed_requests": 0,
  "duration_sec": 19.84830191731453,
  "timestamp": "2026-01-18T09:10:39.316684",
  "error": null
}