{
  "config": "1P_3pD",
  "workload": "small_long_gen",
  "qps": 20,
  "turn1": {
    "count": 198,
    "avg_ttft_ms": 5845.341179557521,
    "avg_tpot_ms": 9.51188914732637,
    "avg_e2e_ms": 7053.35110126797,
    "p50_ttft_ms": 4204.81994189322,
    "p50_tpot_ms": 9.57575658937608,
    "p50_e2e_ms": 5444.576781243086,
    "p99_ttft_ms": 12319.436523020267,
    "p99_tpot_ms": 10.116241077679817,
    "p99_e2e_ms": 13554.26963519305
  },
  "turn2": {
    "count": 198,
    "avg_ttft_ms": 68.35342823254942,
    "avg_tpot_ms": 9.405902359242809,
    "avg_e2e_ms": 4874.769533805625,
    "p50_ttft_ms": 45.49610614776611,
    "p50_tpot_ms": 9.497063372962163,
    "p50_e2e_ms": 4920.014714822173,
    "p99_ttft_ms": 312.9649749770761,
    "p99_tpot_ms": 9.717611751998474,
    "p99_e2e_ms": 5140.426987931132
  },
  "average": {
    "count": 396,
    "avg_ttft_ms": 2956.847303895035,
    "avg_tpot_ms": 9.458895753284589,
    "avg_e2e_ms": 5964.060317536797,
    "p50_ttft_ms": 115.94513431191444,
    "p50_tpot_ms": 9.524004070959446,
    "p50_e2e_ms": 4952.834218740463,
    "p99_ttft_ms": 12302.954516746104,
    "p99_tpot_ms": 10.039400093726757,
    "p99_e2e_ms": 13532.954369857907
  },
  "throughput": {
    "requests_per_sec": 14.21454650946296,
    "tokens_per_sec": 4548.654883028147
  },
  "success_rate": 100.0,
  "total_requests": 396,
  "failed_requests": 0,
  "duration_sec": 27.8587853461504,
  "timestamp": "2026-01-18T08:16:15.450078",
  "error": null
}