{
  "config": "1P_3pD",
  "workload": "small_huge_paste",
  "qps": 0.5,
  "turn1": {
    "count": 3,
    "avg_ttft_ms": 103.30122088392575,
    "avg_tpot_ms": 7.901393649537419,
    "avg_e2e_ms": 1106.778214375178,
    "p50_ttft_ms": 99.81206431984901,
    "p50_tpot_ms": 7.870728399340562,
    "p50_e2e_ms": 1095.7152247428894,
    "p99_ttft_ms": 113.6759439855814,
    "p99_tpot_ms": 7.998810768948766,
    "p99_e2e_ms": 1129.4513247162104
  },
  "turn2": {
    "count": 3,
    "avg_ttft_ms": 80.47143369913101,
    "avg_tpot_ms": 7.908496004278942,
    "avg_e2e_ms": 325.6348098317782,
    "p50_ttft_ms": 59.461724013090134,
    "p50_tpot_ms": 7.856941872066067,
    "p50_e2e_ms": 302.92823165655136,
    "p99_ttft_ms": 121.32698707282543,
    "p99_tpot_ms": 8.035228168291429,
    "p99_e2e_ms": 370.41708648204803
  },
  "average": {
    "count": 6,
    "avg_ttft_ms": 91.88632729152839,
    "avg_tpot_ms": 7.904944826908181,
    "avg_e2e_ms": 716.2065121034781,
    "p50_ttft_ms": 97.97239117324352,
    "p50_tpot_ms": 7.863835135703315,
    "p50_e2e_ms": 733.1370059400797,
    "p99_ttft_ms": 122.15801030397415,
    "p99_tpot_ms": 8.036994565669083,
    "p99_e2e_ms": 1128.418586961925
  },
  "throughput": {
    "requests_per_sec": 1.1717341373871493,
    "tokens_per_sec": 93.73873099097194
  },
  "success_rate": 100.0,
  "total_requests": 6,
  "failed_requests": 0,
  "duration_sec": 5.120615512132645,
  "timestamp": "2026-01-18T08:28:48.356189",
  "error": null
}