{
  "config": "1P_3pD",
  "workload": "small_tiny",
  "qps": 6,
  "turn1": {
    "count": 60,
    "avg_ttft_ms": 120.9890882174174,
    "avg_tpot_ms": 8.26801149287014,
    "avg_e2e_ms": 1171.0265478119254,
    "p50_ttft_ms": 102.69205458462238,
    "p50_tpot_ms": 8.266969811259292,
    "p50_e2e_ms": 1157.778648659587,
    "p99_ttft_ms": 220.937588661909,
    "p99_tpot_ms": 8.795629832160285,
    "p99_e2e_ms": 1322.8635613247752
  },
  "turn2": {
    "count": 60,
    "avg_ttft_ms": 53.233046270906925,
    "avg_tpot_ms": 8.38969286170698,
    "avg_e2e_ms": 313.3135249838233,
    "p50_ttft_ms": 33.46605971455574,
    "p50_tpot_ms": 8.359401576942012,
    "p50_e2e_ms": 294.2109480500221,
    "p99_ttft_ms": 201.88329286873335,
    "p99_tpot_ms": 9.027043913881625,
    "p99_e2e_ms": 472.8083913400769
  },
  "average": {
    "count": 120,
    "avg_ttft_ms": 87.11106724416216,
    "avg_tpot_ms": 8.328852177288562,
    "avg_e2e_ms": 742.1700363978744,
    "p50_ttft_ms": 87.50353939831257,
    "p50_tpot_ms": 8.305255968974333,
    "p50_e2e_ms": 780.69225884974,
    "p99_ttft_ms": 210.12279875576496,
    "p99_tpot_ms": 9.002320903443522,
    "p99_e2e_ms": 1312.6892775297165
  },
  "throughput": {
    "requests_per_sec": 10.977495682709339,
    "tokens_per_sec": 878.1996546167471
  },
  "success_rate": 100.0,
  "total_requests": 120,
  "failed_requests": 0,
  "duration_sec": 10.931454993784428,
  "timestamp": "2026-01-18T08:10:04.561114",
  "error": null
}