{
  "config": "1P_3pD",
  "workload": "small_huge_paste",
  "qps": 16,
  "turn1": {
    "count": 147,
    "avg_ttft_ms": 423.65232122694556,
    "avg_tpot_ms": 9.869788660765064,
    "avg_e2e_ms": 1677.1154811441088,
    "p50_ttft_ms": 395.02906426787376,
    "p50_tpot_ms": 9.606853420809498,
    "p50_e2e_ms": 1691.9970847666264,
    "p99_ttft_ms": 1098.4492751210926,
    "p99_tpot_ms": 12.00479942689261,
    "p99_e2e_ms": 2305.941201671958
  },
  "turn2": {
    "count": 147,
    "avg_ttft_ms": 197.19071562091509,
    "avg_tpot_ms": 9.944794442449874,
    "avg_e2e_ms": 505.4793433368612,
    "p50_ttft_ms": 107.0508062839508,
    "p50_tpot_ms": 9.732278003807991,
    "p50_e2e_ms": 415.53788632154465,
    "p99_ttft_ms": 1001.885180622339,
    "p99_tpot_ms": 12.928299449624554,
    "p99_e2e_ms": 1315.3281518071888
  },
  "average": {
    "count": 294,
    "avg_ttft_ms": 310.4215184239303,
    "avg_tpot_ms": 9.90729155160747,
    "avg_e2e_ms": 1091.2974122404848,
    "p50_ttft_ms": 152.78076194226742,
    "p50_tpot_ms": 9.645345189568655,
    "p50_e2e_ms": 1194.9557103216648,
    "p99_ttft_ms": 1088.7089380249379,
    "p99_tpot_ms": 12.917143471779362,
    "p99_e2e_ms": 2262.4736636877055
  },
  "throughput": {
    "requests_per_sec": 24.294607297001903,
    "tokens_per_sec": 1943.5685837601523
  },
  "success_rate": 100.0,
  "total_requests": 294,
  "failed_requests": 0,
  "duration_sec": 12.101451009511948,
  "timestamp": "2026-01-18T08:30:17.976842",
  "error": null
}