{
  "config": "1P_3pD",
  "workload": "small_short_gen",
  "qps": 8,
  "turn1": {
    "count": 80,
    "avg_ttft_ms": 119.42792916670442,
    "avg_tpot_ms": 8.951605748619855,
    "avg_e2e_ms": 1256.281859241426,
    "p50_ttft_ms": 103.85838150978088,
    "p50_tpot_ms": 9.05236026902837,
    "p50_e2e_ms": 1264.1885858029127,
    "p99_ttft_ms": 233.55344031006095,
    "p99_tpot_ms": 9.541695463199783,
    "p99_e2e_ms": 1401.433808915317
  },
  "turn2": {
    "count": 80,
    "avg_ttft_ms": 58.3750429097563,
    "avg_tpot_ms": 8.959781976197572,
    "avg_e2e_ms": 2343.1194468401372,
    "p50_ttft_ms": 42.494162917137146,
    "p50_tpot_ms": 9.020689867582977,
    "p50_e2e_ms": 2353.1128149479628,
    "p99_ttft_ms": 218.05604599416256,
    "p99_tpot_ms": 9.441006444540678,
    "p99_e2e_ms": 2557.6421884074803
  },
  "average": {
    "count": 160,
    "avg_ttft_ms": 88.90148603823036,
    "avg_tpot_ms": 8.955693862408713,
    "avg_e2e_ms": 1799.7006530407816,
    "p50_ttft_ms": 89.73729237914085,
    "p50_tpot_ms": 9.036982343778742,
    "p50_e2e_ms": 1716.8120611459017,
    "p99_ttft_ms": 224.49463628232473,
    "p99_tpot_ms": 9.489792575078768,
    "p99_e2e_ms": 2513.5645781829953
  },
  "throughput": {
    "requests_per_sec": 12.296873467970043,
    "tokens_per_sec": 2360.999705850248
  },
  "success_rate": 100.0,
  "total_requests": 160,
  "failed_requests": 0,
  "duration_sec": 13.011437453329563,
  "timestamp": "2026-01-18T08:12:17.588177",
  "error": null
}