{
  "config": "1P_3pD",
  "workload": "small_long_gen",
  "qps": 4,
  "turn1": {
    "count": 39,
    "avg_ttft_ms": 93.04694917339545,
    "avg_tpot_ms": 8.404396323183677,
    "avg_e2e_ms": 1160.4052822177227,
    "p50_ttft_ms": 89.1396552324295,
    "p50_tpot_ms": 8.35459658832062,
    "p50_e2e_ms": 1146.0430659353733,
    "p99_ttft_ms": 136.58659338951105,
    "p99_tpot_ms": 9.005708337182135,
    "p99_e2e_ms": 1254.0674217790365
  },
  "turn2": {
    "count": 39,
    "avg_ttft_ms": 48.74171784672982,
    "avg_tpot_ms": 8.519808716398696,
    "avg_e2e_ms": 4402.363971926463,
    "p50_ttft_ms": 34.51530635356903,
    "p50_tpot_ms": 8.5084014399061,
    "p50_e2e_ms": 4405.5568017065525,
    "p99_ttft_ms": 93.81571546196938,
    "p99_tpot_ms": 8.823736931129911,
    "p99_e2e_ms": 4566.328616291285
  },
  "average": {
    "count": 78,
    "avg_ttft_ms": 70.89433351006264,
    "avg_tpot_ms": 8.462102519791188,
    "avg_e2e_ms": 2781.384627072093,
    "p50_ttft_ms": 81.64018206298351,
    "p50_tpot_ms": 8.435283897547272,
    "p50_e2e_ms": 2741.3187194615602,
    "p99_ttft_ms": 127.18859657645235,
    "p99_tpot_ms": 8.99947071491968,
    "p99_e2e_ms": 4560.455448701978
  },
  "throughput": {
    "requests_per_sec": 5.004783429901906,
    "tokens_per_sec": 1601.5306975686099
  },
  "success_rate": 100.0,
  "total_requests": 78,
  "failed_requests": 0,
  "duration_sec": 15.585089962929487,
  "timestamp": "2026-01-18T08:14:18.077316",
  "error": null
}