{
  "config": "1P_3pD",
  "workload": "small_short_gen",
  "qps": 10,
  "turn1": {
    "count": 100,
    "avg_ttft_ms": 137.66654301434755,
    "avg_tpot_ms": 9.149602646022801,
    "avg_e2e_ms": 1299.6660790592432,
    "p50_ttft_ms": 119.00554038584232,
    "p50_tpot_ms": 9.164851305522319,
    "p50_e2e_ms": 1294.6892622858286,
    "p99_ttft_ms": 312.2562219947578,
    "p99_tpot_ms": 9.774299333473358,
    "p99_e2e_ms": 1498.4401789680123
  },
  "turn2": {
    "count": 100,
    "avg_ttft_ms": 63.70173640549183,
    "avg_tpot_ms": 9.120443395247648,
    "avg_e2e_ms": 2389.4148021936417,
    "p50_ttft_ms": 42.99741052091122,
    "p50_tpot_ms": 9.108125856694052,
    "p50_e2e_ms": 2390.7270301133394,
    "p99_ttft_ms": 218.34493573755068,
    "p99_tpot_ms": 9.65372645080674,
    "p99_e2e_ms": 2598.860210254789
  },
  "average": {
    "count": 200,
    "avg_ttft_ms": 100.68413970991969,
    "avg_tpot_ms": 9.135023020635224,
    "avg_e2e_ms": 1844.5404406264424,
    "p50_ttft_ms": 95.57895176112652,
    "p50_tpot_ms": 9.151139643554593,
    "p50_e2e_ms": 1841.5408339351416,
    "p99_ttft_ms": 306.31390213966364,
    "p99_tpot_ms": 9.760945553150702,
    "p99_e2e_ms": 2570.796888135373
  },
  "throughput": {
    "requests_per_sec": 15.701934020279989,
    "tokens_per_sec": 3014.7713318937576
  },
  "success_rate": 100.0,
  "total_requests": 200,
  "failed_requests": 0,
  "duration_sec": 12.737284447997808,
  "timestamp": "2026-01-18T08:12:30.365033",
  "error": null
}