{
  "config": "1P_3pD",
  "workload": "small_big_paste",
  "qps": 10,
  "turn1": {
    "count": 88,
    "avg_ttft_ms": 122.0510156232525,
    "avg_tpot_ms": 8.933933363772752,
    "avg_e2e_ms": 1256.660552822392,
    "p50_ttft_ms": 112.21342906355858,
    "p50_tpot_ms": 8.887425182372567,
    "p50_e2e_ms": 1255.1313545554876,
    "p99_ttft_ms": 232.61957578361012,
    "p99_tpot_ms": 9.968015577380113,
    "p99_e2e_ms": 1425.136180371046
  },
  "turn2": {
    "count": 88,
    "avg_ttft_ms": 81.19121083820409,
    "avg_tpot_ms": 9.012092868454788,
    "avg_e2e_ms": 648.9530615508556,
    "p50_ttft_ms": 61.609650030732155,
    "p50_tpot_ms": 9.031228041128507,
    "p50_e2e_ms": 644.8248364031315,
    "p99_ttft_ms": 190.8274251595139,
    "p99_tpot_ms": 10.0137195186246,
    "p99_e2e_ms": 771.2852475419639
  },
  "average": {
    "count": 176,
    "avg_ttft_ms": 101.62111323072828,
    "avg_tpot_ms": 8.97301311611377,
    "avg_e2e_ms": 952.8068071866238,
    "p50_ttft_ms": 93.688840046525,
    "p50_tpot_ms": 8.935208387329286,
    "p50_e2e_ms": 950.0253107398748,
    "p99_ttft_ms": 211.96566801518202,
    "p99_tpot_ms": 9.996044133130892,
    "p99_e2e_ms": 1403.8341911509633
  },
  "throughput": {
    "requests_per_sec": 14.941361065150856,
    "tokens_per_sec": 1434.370662254482
  },
  "success_rate": 100.0,
  "total_requests": 176,
  "failed_requests": 0,
  "duration_sec": 11.779382027685642,
  "timestamp": "2026-01-18T08:28:01.620179",
  "error": null
}