{
  "config": "1P_3pD",
  "workload": "large_long_gen",
  "qps": 10,
  "turn1": {
    "count": 100,
    "avg_ttft_ms": 6502.53870818764,
    "avg_tpot_ms": 10.5501727311201,
    "avg_e2e_ms": 17295.3654121235,
    "p50_ttft_ms": 5076.802585273981,
    "p50_tpot_ms": 10.521487586877562,
    "p50_e2e_ms": 16325.094442814589,
    "p99_ttft_ms": 13964.496814906597,
    "p99_tpot_ms": 11.429552415955742,
    "p99_e2e_ms": 25030.228302776814
  },
  "turn2": {
    "count": 100,
    "avg_ttft_ms": 94.52856212854385,
    "avg_tpot_ms": 10.909855028508696,
    "avg_e2e_ms": 5669.4644816964865,
    "p50_ttft_ms": 77.34351605176926,
    "p50_tpot_ms": 10.928511466473749,
    "p50_e2e_ms": 5666.69599711895,
    "p99_ttft_ms": 216.88377961516383,
    "p99_tpot_ms": 12.442346419300701,
    "p99_e2e_ms": 6443.714485354722
  },
  "average": {
    "count": 200,
    "avg_ttft_ms": 3298.533635158092,
    "avg_tpot_ms": 10.730013879814399,
    "avg_e2e_ms": 11482.414946909994,
    "p50_ttft_ms": 141.35748520493507,
    "p50_tpot_ms": 10.768806995202393,
    "p50_e2e_ms": 7803.274301812053,
    "p99_ttft_ms": 13857.984546422957,
    "p99_tpot_ms": 12.413467830976511,
    "p99_e2e_ms": 24949.440206624568
  },
  "throughput": {
    "requests_per_sec": 5.166423782610481,
    "tokens_per_sec": 3967.8134650448496
  },
  "success_rate": 100.0,
  "total_requests": 200,
  "failed_requests": 0,
  "duration_sec": 38.711497239768505,
  "timestamp": "2026-01-18T08:43:59.403458",
  "error": null
}