{
  "config": "1P_3pD",
  "workload": "large_mid_bal",
  "qps": 0.5,
  "turn1": {
    "count": 5,
    "avg_ttft_ms": 152.21133157610893,
    "avg_tpot_ms": 8.27094226682291,
    "avg_e2e_ms": 8613.385270535946,
    "p50_ttft_ms": 154.65958043932915,
    "p50_tpot_ms": 8.384391028190056,
    "p50_e2e_ms": 8736.669063568115,
    "p99_ttft_ms": 168.45341473817825,
    "p99_tpot_ms": 8.40502958872218,
    "p99_e2e_ms": 8754.503208696842
  },
  "turn2": {
    "count": 5,
    "avg_ttft_ms": 95.69265618920326,
    "avg_tpot_ms": 8.32252758225118,
    "avg_e2e_ms": 1152.6536591351032,
    "p50_ttft_ms": 74.69813898205757,
    "p50_tpot_ms": 8.267287868918396,
    "p50_e2e_ms": 1172.9011610150337,
    "p99_ttft_ms": 155.45044422149658,
    "p99_tpot_ms": 8.708613322475763,
    "p99_e2e_ms": 1225.5004107952118
  },
  "average": {
    "count": 10,
    "avg_ttft_ms": 123.9519938826561,
    "avg_tpot_ms": 8.296734924537045,
    "avg_e2e_ms": 4883.019464835525,
    "p50_ttft_ms": 140.69750532507896,
    "p50_tpot_ms": 8.331819072380327,
    "p50_e2e_ms": 4724.932830780745,
    "p99_ttft_ms": 167.818402685225,
    "p99_tpot_ms": 8.702095374171659,
    "p99_e2e_ms": 8754.070408567786
  },
  "throughput": {
    "requests_per_sec": 0.8331791183021445,
    "tokens_per_sec": 479.91117214203524
  },
  "success_rate": 100.0,
  "total_requests": 10,
  "failed_requests": 0,
  "duration_sec": 12.00222110748291,
  "timestamp": "2026-01-18T09:00:17.886447",
  "error": null
}