{
  "config": "1P_3pD",
  "workload": "small_mid_paste",
  "qps": 1,
  "turn1": {
    "count": 10,
    "avg_ttft_ms": 98.24503436684608,
    "avg_tpot_ms": 7.874710529338657,
    "avg_e2e_ms": 1098.3332715928555,
    "p50_ttft_ms": 96.10571525990963,
    "p50_tpot_ms": 7.859034639761203,
    "p50_e2e_ms": 1089.097848162055,
    "p99_ttft_ms": 120.82134455442429,
    "p99_tpot_ms": 8.126166425645351,
    "p99_e2e_ms": 1137.5683354586363
  },
  "turn2": {
    "count": 10,
    "avg_ttft_ms": 39.73431885242462,
    "avg_tpot_ms": 7.797764194390131,
    "avg_e2e_ms": 530.9934630990028,
    "p50_ttft_ms": 37.02547401189804,
    "p50_tpot_ms": 7.8056419770869,
    "p50_e2e_ms": 530.0275832414627,
    "p99_ttft_ms": 54.58318166434765,
    "p99_tpot_ms": 8.020499964791632,
    "p99_e2e_ms": 546.1225751042366
  },
  "average": {
    "count": 20,
    "avg_ttft_ms": 68.98967660963535,
    "avg_tpot_ms": 7.836237361864393,
    "avg_e2e_ms": 814.6633673459291,
    "p50_ttft_ms": 69.34632733464241,
    "p50_tpot_ms": 7.8119435693908965,
    "p50_e2e_ms": 813.6224430054426,
    "p99_ttft_ms": 119.84744489192961,
    "p99_tpot_ms": 8.117816624074612,
    "p99_e2e_ms": 1136.1883590370417
  },
  "throughput": {
    "requests_per_sec": 2.563225201939151,
    "tokens_per_sec": 246.06961938615848
  },
  "success_rate": 100.0,
  "total_requests": 20,
  "failed_requests": 0,
  "duration_sec": 7.80266984924674,
  "timestamp": "2026-01-18T08:25:14.727387",
  "error": null
}