{
  "config": "1P_3pD",
  "workload": "large_mid_bal",
  "qps": 2,
  "turn1": {
    "count": 20,
    "avg_ttft_ms": 143.97675413638353,
    "avg_tpot_ms": 8.881592283522453,
    "avg_e2e_ms": 9229.845660179853,
    "p50_ttft_ms": 134.6306186169386,
    "p50_tpot_ms": 9.02694638705615,
    "p50_e2e_ms": 9356.964880600572,
    "p99_ttft_ms": 214.8993282020092,
    "p99_tpot_ms": 9.133893586913686,
    "p99_e2e_ms": 9476.771368831396
  },
  "turn2": {
    "count": 20,
    "avg_ttft_ms": 81.41006510704756,
    "avg_tpot_ms": 8.79543660663244,
    "avg_e2e_ms": 1198.4305141493678,
    "p50_ttft_ms": 68.72129440307617,
    "p50_tpot_ms": 8.78962161620771,
    "p50_e2e_ms": 1199.4402147829533,
    "p99_ttft_ms": 138.92748422920704,
    "p99_tpot_ms": 9.771002141509468,
    "p99_e2e_ms": 1365.638085640967
  },
  "average": {
    "count": 40,
    "avg_ttft_ms": 112.69340962171555,
    "avg_tpot_ms": 8.838514445077447,
    "avg_e2e_ms": 5214.138087164611,
    "p50_ttft_ms": 123.60035255551338,
    "p50_tpot_ms": 8.916025279566032,
    "p50_e2e_ms": 5016.231931746006,
    "p99_ttft_ms": 214.11982163786888,
    "p99_tpot_ms": 9.759955359256173,
    "p99_e2e_ms": 9472.018509358168
  },
  "throughput": {
    "requests_per_sec": 2.218803980999551,
    "tokens_per_sec": 1278.0310930557414
  },
  "success_rate": 100.0,
  "total_requests": 40,
  "failed_requests": 0,
  "duration_sec": 18.02773040905595,
  "timestamp": "2026-01-18T09:00:53.885800",
  "error": null
}