{
  "config": "1P_3pD",
  "workload": "large_short_gen",
  "qps": 4,
  "turn1": {
    "count": 33,
    "avg_ttft_ms": 141.87101511792704,
    "avg_tpot_ms": 9.206126095419929,
    "avg_e2e_ms": 9559.738010732513,
    "p50_ttft_ms": 139.97022435069084,
    "p50_tpot_ms": 9.278734499554014,
    "p50_e2e_ms": 9646.504424512386,
    "p99_ttft_ms": 205.6077615916729,
    "p99_tpot_ms": 9.44868176345252,
    "p99_e2e_ms": 9842.427010089159
  },
  "turn2": {
    "count": 33,
    "avg_ttft_ms": 83.11977926077265,
    "avg_tpot_ms": 9.166464761599004,
    "avg_e2e_ms": 2420.5682934685187,
    "p50_ttft_ms": 67.57033616304398,
    "p50_tpot_ms": 9.233634977364073,
    "p50_e2e_ms": 2427.694596350193,
    "p99_ttft_ms": 163.27192276716232,
    "p99_tpot_ms": 10.003175720280293,
    "p99_e2e_ms": 2684.620641320944
  },
  "average": {
    "count": 66,
    "avg_ttft_ms": 112.49539718934984,
    "avg_tpot_ms": 9.186295428509466,
    "avg_e2e_ms": 5990.153152100516,
    "p50_ttft_ms": 122.06108868122101,
    "p50_tpot_ms": 9.273389463594231,
    "p50_e2e_ms": 5817.088594660163,
    "p99_ttft_ms": 202.6096416637301,
    "p99_tpot_ms": 9.9947689860767,
    "p99_e2e_ms": 9832.973746582866
  },
  "throughput": {
    "requests_per_sec": 3.027683649533978,
    "tokens_per_sec": 1937.7175357017459
  },
  "success_rate": 100.0,
  "total_requests": 66,
  "failed_requests": 0,
  "duration_sec": 21.798842824995518,
  "timestamp": "2026-01-18T08:36:33.953850",
  "error": null
}