{
  "config": "1P_3pD",
  "workload": "large_very_long_gen",
  "qps": 12,
  "turn1": {
    "count": 120,
    "avg_ttft_ms": 14642.159101366997,
    "avg_tpot_ms": 10.297603898312389,
    "avg_e2e_ms": 25176.60788934057,
    "p50_ttft_ms": 19208.449186757207,
    "p50_tpot_ms": 10.32411750999597,
    "p50_e2e_ms": 29910.128826275468,
    "p99_ttft_ms": 37827.86977767944,
    "p99_tpot_ms": 11.048593121787437,
    "p99_e2e_ms": 47954.343062750995
  },
  "turn2": {
    "count": 120,
    "avg_ttft_ms": 101.87185502921541,
    "avg_tpot_ms": 10.936355063768815,
    "avg_e2e_ms": 11289.763085264713,
    "p50_ttft_ms": 87.73165941238403,
    "p50_tpot_ms": 10.796186354881623,
    "p50_e2e_ms": 11180.85259385407,
    "p99_ttft_ms": 220.62324944883588,
    "p99_tpot_ms": 12.078649951354441,
    "p99_e2e_ms": 12491.022368744016
  },
  "average": {
    "count": 240,
    "avg_ttft_ms": 7372.015478198106,
    "avg_tpot_ms": 10.616979481040602,
    "avg_e2e_ms": 18233.185487302642,
    "p50_ttft_ms": 186.8262253701687,
    "p50_tpot_ms": 10.639717944425222,
    "p50_e2e_ms": 11853.319464251399,
    "p99_ttft_ms": 37769.40512184054,
    "p99_tpot_ms": 12.063247112089353,
    "p99_e2e_ms": 47847.22493838519
  },
  "throughput": {
    "requests_per_sec": 3.581527578907555,
    "tokens_per_sec": 3667.4842408013365
  },
  "success_rate": 100.0,
  "total_requests": 240,
  "failed_requests": 0,
  "duration_sec": 67.01051289215684,
  "timestamp": "2026-01-18T08:52:21.031469",
  "error": null
}