{
  "config": "1P_3pD",
  "workload": "large_tiny",
  "qps": 16,
  "turn1": {
    "count": 141,
    "avg_ttft_ms": 8158.018902208365,
    "avg_tpot_ms": 10.324500274838327,
    "avg_e2e_ms": 18719.982683367973,
    "p50_ttft_ms": 7725.2337001264095,
    "p50_tpot_ms": 10.297718715516236,
    "p50_e2e_ms": 18717.248264700174,
    "p99_ttft_ms": 17523.44867736101,
    "p99_tpot_ms": 10.959279397365984,
    "p99_e2e_ms": 28211.082734167576
  },
  "turn2": {
    "count": 141,
    "avg_ttft_ms": 303.31847605341716,
    "avg_tpot_ms": 10.468133444188524,
    "avg_e2e_ms": 627.8306128232614,
    "p50_ttft_ms": 84.63585376739502,
    "p50_tpot_ms": 10.555818316436582,
    "p50_e2e_ms": 419.05229538679123,
    "p99_ttft_ms": 7813.794511556559,
    "p99_tpot_ms": 12.449671279999517,
    "p99_e2e_ms": 8141.518327593737
  },
  "average": {
    "count": 282,
    "avg_ttft_ms": 4230.668689130891,
    "avg_tpot_ms": 10.396316859513428,
    "avg_e2e_ms": 9673.906648095617,
    "p50_ttft_ms": 305.51524087786674,
    "p50_tpot_ms": 10.403960688314596,
    "p50_e2e_ms": 9989.884188398719,
    "p99_ttft_ms": 17516.757389977574,
    "p99_tpot_ms": 12.341076835028586,
    "p99_e2e_ms": 28192.496070303023
  },
  "throughput": {
    "requests_per_sec": 7.344936259276417,
    "tokens_per_sec": 3878.126344897948
  },
  "success_rate": 100.0,
  "total_requests": 282,
  "failed_requests": 0,
  "duration_sec": 38.393798127770424,
  "timestamp": "2026-01-18T08:34:21.514672",
  "error": null
}