{
  "config": "1P_3pD",
  "workload": "small_huge_paste",
  "qps": 8,
  "turn1": {
    "count": 80,
    "avg_ttft_ms": 117.36379810608923,
    "avg_tpot_ms": 9.13486446979947,
    "avg_e2e_ms": 1277.491585770622,
    "p50_ttft_ms": 103.04336063563824,
    "p50_tpot_ms": 9.096702443450454,
    "p50_e2e_ms": 1258.3053521811962,
    "p99_ttft_ms": 281.8442852050066,
    "p99_tpot_ms": 10.621313963994734,
    "p99_e2e_ms": 1567.3188477754593
  },
  "turn2": {
    "count": 80,
    "avg_ttft_ms": 80.82371037453413,
    "avg_tpot_ms": 9.284527440585435,
    "avg_e2e_ms": 368.64406103268266,
    "p50_ttft_ms": 66.53556227684021,
    "p50_tpot_ms": 9.14839486921987,
    "p50_e2e_ms": 359.3165408819914,
    "p99_ttft_ms": 181.7134582996368,
    "p99_tpot_ms": 11.736866434014612,
    "p99_e2e_ms": 495.53966321051104
  },
  "average": {
    "count": 160,
    "avg_ttft_ms": 99.09375424031168,
    "avg_tpot_ms": 9.209695955192453,
    "avg_e2e_ms": 823.0678234016523,
    "p50_ttft_ms": 87.50487677752972,
    "p50_tpot_ms": 9.129016336308144,
    "p50_e2e_ms": 799.0865502506495,
    "p99_ttft_ms": 239.4796167686579,
    "p99_tpot_ms": 11.639592975618378,
    "p99_e2e_ms": 1514.501884654164
  },
  "throughput": {
    "requests_per_sec": 14.130115512731537,
    "tokens_per_sec": 1130.409241018523
  },
  "success_rate": 100.0,
  "total_requests": 160,
  "failed_requests": 0,
  "duration_sec": 11.323332767933607,
  "timestamp": "2026-01-18T08:29:42.906369",
  "error": null
}