{
  "config": "1P_3pD",
  "workload": "small_small_bal",
  "qps": 6,
  "turn1": {
    "count": 60,
    "avg_ttft_ms": 102.75137809415658,
    "avg_tpot_ms": 8.29220529538127,
    "avg_e2e_ms": 1155.861450607578,
    "p50_ttft_ms": 91.65552072227001,
    "p50_tpot_ms": 8.312682379183807,
    "p50_e2e_ms": 1149.8892828822136,
    "p99_ttft_ms": 183.4739045798778,
    "p99_tpot_ms": 8.620019300188137,
    "p99_e2e_ms": 1259.7554015740752
  },
  "turn2": {
    "count": 60,
    "avg_ttft_ms": 51.676443964242935,
    "avg_tpot_ms": 8.3113878600733,
    "avg_e2e_ms": 575.2938791488608,
    "p50_ttft_ms": 34.741198644042015,
    "p50_tpot_ms": 8.321842385662926,
    "p50_e2e_ms": 566.7816810309887,
    "p99_ttft_ms": 157.8788347542285,
    "p99_tpot_ms": 8.737839945251979,
    "p99_e2e_ms": 687.8006545454263
  },
  "average": {
    "count": 120,
    "avg_ttft_ms": 77.21391102919976,
    "avg_tpot_ms": 8.301796577727284,
    "avg_e2e_ms": 865.5776648782194,
    "p50_ttft_ms": 84.44239012897015,
    "p50_tpot_ms": 8.319113594223195,
    "p50_e2e_ms": 894.6641944348812,
    "p99_ttft_ms": 176.60570181906226,
    "p99_tpot_ms": 8.728063204103991,
    "p99_e2e_ms": 1252.6668164134026
  },
  "throughput": {
    "requests_per_sec": 10.436295205083995,
    "tokens_per_sec": 1001.8843396880636
  },
  "success_rate": 100.0,
  "total_requests": 120,
  "failed_requests": 0,
  "duration_sec": 11.498333234339952,
  "timestamp": "2026-01-18T08:21:50.540276",
  "error": null
}