{
  "config": "1P_3pD",
  "workload": "small_big_paste",
  "qps": 8,
  "turn1": {
    "count": 70,
    "avg_ttft_ms": 118.11608384762492,
    "avg_tpot_ms": 8.792447330193388,
    "avg_e2e_ms": 1234.7568947821856,
    "p50_ttft_ms": 108.39939303696156,
    "p50_tpot_ms": 8.753032826884525,
    "p50_e2e_ms": 1233.0640573054552,
    "p99_ttft_ms": 192.07728769630202,
    "p99_tpot_ms": 9.675225540702268,
    "p99_e2e_ms": 1358.4033155813813
  },
  "turn2": {
    "count": 70,
    "avg_ttft_ms": 83.19429909544331,
    "avg_tpot_ms": 8.841902437427686,
    "avg_e2e_ms": 640.2341526533876,
    "p50_ttft_ms": 58.8337816298008,
    "p50_tpot_ms": 8.673766391381385,
    "p50_e2e_ms": 632.5780265033245,
    "p99_ttft_ms": 220.03681212663656,
    "p99_tpot_ms": 10.183202290818805,
    "p99_e2e_ms": 762.7291042730212
  },
  "average": {
    "count": 140,
    "avg_ttft_ms": 100.65519147153411,
    "avg_tpot_ms": 8.817174883810539,
    "avg_e2e_ms": 937.4955237177866,
    "p50_ttft_ms": 97.22227603197098,
    "p50_tpot_ms": 8.728035624268099,
    "p50_e2e_ms": 919.2210882902145,
    "p99_ttft_ms": 215.11800471693272,
    "p99_tpot_ms": 10.13132649459063,
    "p99_e2e_ms": 1349.2863825336096
  },
  "throughput": {
    "requests_per_sec": 11.937217284182164,
    "tokens_per_sec": 1145.9728592814877
  },
  "success_rate": 100.0,
  "total_requests": 140,
  "failed_requests": 0,
  "duration_sec": 11.728026445955038,
  "timestamp": "2026-01-18T08:27:49.800966",
  "error": null
}