{
  "config": "1P_3pD",
  "workload": "large_mid_paste",
  "qps": 6,
  "turn1": {
    "count": 57,
    "avg_ttft_ms": 339.71099548956806,
    "avg_tpot_ms": 10.026768977392525,
    "avg_e2e_ms": 10597.09565936212,
    "p50_ttft_ms": 142.99168810248375,
    "p50_tpot_ms": 9.987660025484052,
    "p50_e2e_ms": 10419.035967439413,
    "p99_ttft_ms": 1914.8640492558477,
    "p99_tpot_ms": 10.881686708939972,
    "p99_e2e_ms": 12419.313378930092
  },
  "turn2": {
    "count": 57,
    "avg_ttft_ms": 94.4667363768084,
    "avg_tpot_ms": 9.967581449121662,
    "avg_e2e_ms": 722.424367671473,
    "p50_ttft_ms": 82.53718912601471,
    "p50_tpot_ms": 10.077989763683743,
    "p50_e2e_ms": 726.5106774866581,
    "p99_ttft_ms": 167.6672151684761,
    "p99_tpot_ms": 11.702973241843873,
    "p99_e2e_ms": 861.5129266679286
  },
  "average": {
    "count": 114,
    "avg_ttft_ms": 217.08886593318823,
    "avg_tpot_ms": 9.997175213257092,
    "avg_e2e_ms": 5659.760013516796,
    "p50_ttft_ms": 131.37481920421124,
    "p50_tpot_ms": 10.011338414888344,
    "p50_e2e_ms": 4963.934337720275,
    "p99_ttft_ms": 1847.8977518528702,
    "p99_tpot_ms": 11.562459834274792,
    "p99_e2e_ms": 12290.79988628626
  },
  "throughput": {
    "requests_per_sec": 4.993227924175385,
    "tokens_per_sec": 2716.3159907514096
  },
  "success_rate": 100.0,
  "total_requests": 114,
  "failed_requests": 0,
  "duration_sec": 22.830922547727823,
  "timestamp": "2026-01-18T09:06:36.216584",
  "error": null
}