{
  "config": "1P_3pD",
  "workload": "small_mid_paste",
  "qps": 8,
  "turn1": {
    "count": 80,
    "avg_ttft_ms": 116.89715906977654,
    "avg_tpot_ms": 8.607417756442244,
    "avg_e2e_ms": 1210.0392141379416,
    "p50_ttft_ms": 102.35601104795933,
    "p50_tpot_ms": 8.59785810347617,
    "p50_e2e_ms": 1203.970404341817,
    "p99_ttft_ms": 251.07224643230433,
    "p99_tpot_ms": 8.995639216888138,
    "p99_e2e_ms": 1371.7838033288717
  },
  "turn2": {
    "count": 80,
    "avg_ttft_ms": 54.86089615151286,
    "avg_tpot_ms": 8.64711328306132,
    "avg_e2e_ms": 599.629032984376,
    "p50_ttft_ms": 43.312231078743935,
    "p50_tpot_ms": 8.700445383077575,
    "p50_e2e_ms": 596.1989257484674,
    "p99_ttft_ms": 110.39663825184103,
    "p99_tpot_ms": 9.068507066085223,
    "p99_e2e_ms": 669.8182151094078
  },
  "average": {
    "count": 160,
    "avg_ttft_ms": 85.8790276106447,
    "avg_tpot_ms": 8.627265519751782,
    "avg_e2e_ms": 904.8341235611588,
    "p50_ttft_ms": 90.08083492517471,
    "p50_tpot_ms": 8.655903391598716,
    "p50_e2e_ms": 910.0463353097439,
    "p99_ttft_ms": 237.05966286361212,
    "p99_tpot_ms": 9.022445483576684,
    "p99_e2e_ms": 1359.2404222488403
  },
  "throughput": {
    "requests_per_sec": 14.45487986796102,
    "tokens_per_sec": 1387.668467324258
  },
  "success_rate": 100.0,
  "total_requests": 160,
  "failed_requests": 0,
  "duration_sec": 11.068926304578781,
  "timestamp": "2026-01-18T08:25:55.110910",
  "error": null
}