{
  "config": "1P_3pD",
  "workload": "small_short_gen",
  "qps": 2,
  "turn1": {
    "count": 20,
    "avg_ttft_ms": 94.82210297137499,
    "avg_tpot_ms": 8.07457877484363,
    "avg_e2e_ms": 1120.2936073765159,
    "p50_ttft_ms": 89.17765133082867,
    "p50_tpot_ms": 8.127575300223246,
    "p50_e2e_ms": 1123.0146251618862,
    "p99_ttft_ms": 137.05908156931397,
    "p99_tpot_ms": 8.276325683072796,
    "p99_e2e_ms": 1178.582593537867
  },
  "turn2": {
    "count": 20,
    "avg_ttft_ms": 40.40535669773817,
    "avg_tpot_ms": 8.10437961828475,
    "avg_e2e_ms": 2107.022159360349,
    "p50_ttft_ms": 33.079469576478004,
    "p50_tpot_ms": 8.128386867396973,
    "p50_e2e_ms": 2108.3488017320633,
    "p99_ttft_ms": 129.1039656102657,
    "p99_tpot_ms": 8.264845731211643,
    "p99_e2e_ms": 2222.451715171337
  },
  "average": {
    "count": 40,
    "avg_ttft_ms": 67.61372983455658,
    "avg_tpot_ms": 8.089479196564188,
    "avg_e2e_ms": 1613.6578833684325,
    "p50_ttft_ms": 81.792663782835,
    "p50_tpot_ms": 8.127575300223246,
    "p50_e2e_ms": 1602.4243962019682,
    "p99_ttft_ms": 139.21396244317293,
    "p99_tpot_ms": 8.276409141322484,
    "p99_e2e_ms": 2205.6593284010887
  },
  "throughput": {
    "requests_per_sec": 3.0579927924707,
    "tokens_per_sec": 587.1346161543745
  },
  "success_rate": 100.0,
  "total_requests": 40,
  "failed_requests": 0,
  "duration_sec": 13.080475565046072,
  "timestamp": "2026-01-18T08:11:40.979374",
  "error": null
}