{
  "config": "1P_3pD",
  "workload": "large_short_gen",
  "qps": 6,
  "turn1": {
    "count": 60,
    "avg_ttft_ms": 929.3541137129068,
    "avg_tpot_ms": 10.045996905234999,
    "avg_e2e_ms": 11206.40894776831,
    "p50_ttft_ms": 143.84807087481022,
    "p50_tpot_ms": 9.986545249659528,
    "p50_e2e_ms": 10726.536646485329,
    "p99_ttft_ms": 5359.604752622544,
    "p99_tpot_ms": 10.801371510449219,
    "p99_e2e_ms": 14817.201360799372
  },
  "turn2": {
    "count": 60,
    "avg_ttft_ms": 89.65056215723355,
    "avg_tpot_ms": 10.017529998972915,
    "avg_e2e_ms": 2644.1207118953266,
    "p50_ttft_ms": 73.91639053821564,
    "p50_tpot_ms": 10.16958594030025,
    "p50_e2e_ms": 2675.794769078493,
    "p99_ttft_ms": 216.4430803060531,
    "p99_tpot_ms": 11.248230791559406,
    "p99_e2e_ms": 2959.255238547921
  },
  "average": {
    "count": 120,
    "avg_ttft_ms": 509.5023379350702,
    "avg_tpot_ms": 10.031763452103956,
    "avg_e2e_ms": 6925.264829831819,
    "p50_ttft_ms": 129.6460796147585,
    "p50_tpot_ms": 10.045432788776417,
    "p50_e2e_ms": 6324.6864173561335,
    "p99_ttft_ms": 5163.517802208663,
    "p99_tpot_ms": 11.215647551797183,
    "p99_e2e_ms": 14713.902837261558
  },
  "throughput": {
    "requests_per_sec": 4.444633908827727,
    "tokens_per_sec": 2844.5657016497453
  },
  "success_rate": 100.0,
  "total_requests": 120,
  "failed_requests": 0,
  "duration_sec": 26.99884905293584,
  "timestamp": "2026-01-18T08:37:00.992202",
  "error": null
}