{
  "config": "1P_3pD",
  "workload": "small_long_gen",
  "qps": 2,
  "turn1": {
    "count": 20,
    "avg_ttft_ms": 89.83917329460382,
    "avg_tpot_ms": 8.10002188278934,
    "avg_e2e_ms": 1118.5419524088502,
    "p50_ttft_ms": 89.40974995493889,
    "p50_tpot_ms": 8.053861763768309,
    "p50_e2e_ms": 1118.8440807163715,
    "p99_ttft_ms": 109.04874820262194,
    "p99_tpot_ms": 8.373740364716747,
    "p99_e2e_ms": 1170.5210864171386
  },
  "turn2": {
    "count": 20,
    "avg_ttft_ms": 39.10984210669994,
    "avg_tpot_ms": 8.13983951215933,
    "avg_e2e_ms": 4198.5678328201175,
    "p50_ttft_ms": 32.495493069291115,
    "p50_tpot_ms": 8.125969422015192,
    "p50_e2e_ms": 4188.764734193683,
    "p99_ttft_ms": 93.69582716375587,
    "p99_tpot_ms": 8.379443449983391,
    "p99_e2e_ms": 4341.443443261087
  },
  "average": {
    "count": 40,
    "avg_ttft_ms": 64.47450770065188,
    "avg_tpot_ms": 8.119930697474334,
    "avg_e2e_ms": 2658.554892614484,
    "p50_ttft_ms": 76.61925815045834,
    "p50_tpot_ms": 8.116881991873282,
    "p50_e2e_ms": 2632.9012755304575,
    "p99_ttft_ms": 108.85239187628031,
    "p99_tpot_ms": 8.3790647796922,
    "p99_e2e_ms": 4334.775904528797
  },
  "throughput": {
    "requests_per_sec": 3.112095480807617,
    "tokens_per_sec": 995.8705538584373
  },
  "success_rate": 100.0,
  "total_requests": 40,
  "failed_requests": 0,
  "duration_sec": 12.853076085448265,
  "timestamp": "2026-01-18T08:14:02.453002",
  "error": null
}