{
  "config": "1P_3pD",
  "workload": "small_mid_bal",
  "qps": 4,
  "turn1": {
    "count": 35,
    "avg_ttft_ms": 108.19539629987308,
    "avg_tpot_ms": 8.199081489453837,
    "avg_e2e_ms": 1149.4787454605103,
    "p50_ttft_ms": 98.61160069704056,
    "p50_tpot_ms": 8.202950433483274,
    "p50_e2e_ms": 1145.9271125495434,
    "p99_ttft_ms": 227.0661791414021,
    "p99_tpot_ms": 8.462168906382688,
    "p99_e2e_ms": 1272.8053350001574
  },
  "turn2": {
    "count": 35,
    "avg_ttft_ms": 44.605606475046706,
    "avg_tpot_ms": 8.217975525740696,
    "avg_e2e_ms": 1088.2884982441153,
    "p50_ttft_ms": 33.93160179257393,
    "p50_tpot_ms": 8.217840858801143,
    "p50_e2e_ms": 1081.0407474637032,
    "p99_ttft_ms": 129.5629177987575,
    "p99_tpot_ms": 8.518665643540894,
    "p99_e2e_ms": 1198.2641265541315
  },
  "average": {
    "count": 70,
    "avg_ttft_ms": 76.4005013874599,
    "avg_tpot_ms": 8.208528507597265,
    "avg_e2e_ms": 1118.8836218523127,
    "p50_ttft_ms": 82.5802031904459,
    "p50_tpot_ms": 8.21271969929455,
    "p50_e2e_ms": 1114.858327433467,
    "p99_ttft_ms": 211.821808256209,
    "p99_tpot_ms": 8.514631701208005,
    "p99_e2e_ms": 1264.1989039257169
  },
  "throughput": {
    "requests_per_sec": 5.856026479984622,
    "tokens_per_sec": 749.5713894380316
  },
  "success_rate": 100.0,
  "total_requests": 70,
  "failed_requests": 0,
  "duration_sec": 11.953497860580683,
  "timestamp": "2026-01-18T08:23:38.230179",
  "error": null
}