{
  "config": "1P_3pD",
  "workload": "large_very_long_gen",
  "qps": 2,
  "turn1": {
    "count": 19,
    "avg_ttft_ms": 145.63818864132227,
    "avg_tpot_ms": 8.769650491404056,
    "avg_e2e_ms": 9116.990641347671,
    "p50_ttft_ms": 149.86780658364296,
    "p50_tpot_ms": 8.668363669692363,
    "p50_e2e_ms": 9017.60384067893,
    "p99_ttft_ms": 191.08569480478764,
    "p99_tpot_ms": 9.24543093354646,
    "p99_e2e_ms": 9595.302018374205
  },
  "turn2": {
    "count": 19,
    "avg_ttft_ms": 81.39357441350033,
    "avg_tpot_ms": 8.956184662951726,
    "avg_e2e_ms": 9243.570484613118,
    "p50_ttft_ms": 65.61161950230598,
    "p50_tpot_ms": 8.966964164262643,
    "p50_e2e_ms": 9236.878883093596,
    "p99_ttft_ms": 157.90861889719963,
    "p99_tpot_ms": 9.268395816752522,
    "p99_e2e_ms": 9529.328552633524
  },
  "average": {
    "count": 38,
    "avg_ttft_ms": 113.51588152741131,
    "avg_tpot_ms": 8.862917577177894,
    "avg_e2e_ms": 9180.280562980395,
    "p50_ttft_ms": 126.23139098286629,
    "p50_tpot_ms": 8.941443394851358,
    "p50_e2e_ms": 9217.300351709127,
    "p99_ttft_ms": 185.4762391373516,
    "p99_tpot_ms": 9.266778326985715,
    "p99_e2e_ms": 9587.467593476176
  },
  "throughput": {
    "requests_per_sec": 1.3477824251358697,
    "tokens_per_sec": 1380.1292033391305
  },
  "success_rate": 100.0,
  "total_requests": 38,
  "failed_requests": 0,
  "duration_sec": 28.194461725652218,
  "timestamp": "2026-01-18T08:48:25.441274",
  "error": null
}