{
  "config": "1P_3pD",
  "workload": "small_very_long_gen",
  "qps": 10,
  "turn1": {
    "count": 90,
    "avg_ttft_ms": 2582.0641349587177,
    "avg_tpot_ms": 9.270141740457488,
    "avg_e2e_ms": 3759.3721359968185,
    "p50_ttft_ms": 175.32973363995552,
    "p50_tpot_ms": 9.36146680353664,
    "p50_e2e_ms": 1325.62792673707,
    "p99_ttft_ms": 6196.0154669731855,
    "p99_tpot_ms": 10.094205018455588,
    "p99_e2e_ms": 7398.468783125281
  },
  "turn2": {
    "count": 90,
    "avg_ttft_ms": 53.879188787606026,
    "avg_tpot_ms": 9.403197641311568,
    "avg_e2e_ms": 9673.350375849339,
    "p50_ttft_ms": 43.239522725343704,
    "p50_tpot_ms": 9.400443664641791,
    "p50_e2e_ms": 9664.721820503473,
    "p99_ttft_ms": 150.561006590724,
    "p99_tpot_ms": 9.770432942103547,
    "p99_e2e_ms": 10094.85943287611
  },
  "average": {
    "count": 180,
    "avg_ttft_ms": 1317.9716618731618,
    "avg_tpot_ms": 9.336669690884529,
    "avg_e2e_ms": 6716.361255923079,
    "p50_ttft_ms": 96.7111624777317,
    "p50_tpot_ms": 9.391981039621395,
    "p50_e2e_ms": 8357.920493930578,
    "p99_ttft_ms": 6175.728208348155,
    "p99_tpot_ms": 10.071414458000755,
    "p99_e2e_ms": 10059.778445102274
  },
  "throughput": {
    "requests_per_sec": 6.797007016447679,
    "tokens_per_sec": 3915.0760414738625
  },
  "success_rate": 100.0,
  "total_requests": 180,
  "failed_requests": 0,
  "duration_sec": 26.48224425315857,
  "timestamp": "2026-01-18T08:18:44.767634",
  "error": null
}