{
  "config": "1P_3pD",
  "workload": "large_small_bal",
  "qps": 4,
  "turn1": {
    "count": 33,
    "avg_ttft_ms": 157.53238907817638,
    "avg_tpot_ms": 9.234346186632886,
    "avg_e2e_ms": 9604.268538003618,
    "p50_ttft_ms": 148.03418144583702,
    "p50_tpot_ms": 9.251296804272883,
    "p50_e2e_ms": 9614.244356751442,
    "p99_ttft_ms": 216.85693129897118,
    "p99_tpot_ms": 9.673600563176798,
    "p99_e2e_ms": 10063.199405372143
  },
  "turn2": {
    "count": 33,
    "avg_ttft_ms": 83.7477348519094,
    "avg_tpot_ms": 9.366203081570548,
    "avg_e2e_ms": 673.8185289908539,
    "p50_ttft_ms": 68.49230825901031,
    "p50_tpot_ms": 9.483651627623846,
    "p50_e2e_ms": 667.5968803465366,
    "p99_ttft_ms": 139.28405538201332,
    "p99_tpot_ms": 10.875698029994965,
    "p99_e2e_ms": 769.2987029254436
  },
  "average": {
    "count": 66,
    "avg_ttft_ms": 120.64006196504289,
    "avg_tpot_ms": 9.300274634101719,
    "avg_e2e_ms": 5139.043533497236,
    "p50_ttft_ms": 129.51374426484108,
    "p50_tpot_ms": 9.26508483578943,
    "p50_e2e_ms": 4845.131700858474,
    "p99_ttft_ms": 215.8717421814799,
    "p99_tpot_ms": 10.741556187470751,
    "p99_e2e_ms": 10062.234842218459
  },
  "throughput": {
    "requests_per_sec": 3.281506379648618,
    "tokens_per_sec": 1785.1394705288483
  },
  "success_rate": 100.0,
  "total_requests": 66,
  "failed_requests": 0,
  "duration_sec": 20.1127142123878,
  "timestamp": "2026-01-18T08:56:30.071740",
  "error": null
}