{
  "config": "1P_3pD",
  "workload": "large_small_bal",
  "qps": 12,
  "turn1": {
    "count": 120,
    "avg_ttft_ms": 6141.295478492975,
    "avg_tpot_ms": 10.284261718488263,
    "avg_e2e_ms": 16662.09521650647,
    "p50_ttft_ms": 7524.2912117391825,
    "p50_tpot_ms": 10.26769556316346,
    "p50_e2e_ms": 18196.28970324993,
    "p99_ttft_ms": 15218.501189313829,
    "p99_tpot_ms": 10.874218170987197,
    "p99_e2e_ms": 25182.543608136475
  },
  "turn2": {
    "count": 120,
    "avg_ttft_ms": 239.71227003882328,
    "avg_tpot_ms": 10.46782516820169,
    "avg_e2e_ms": 899.1852556355298,
    "p50_ttft_ms": 87.98766694962978,
    "p50_tpot_ms": 10.550210961983318,
    "p50_e2e_ms": 755.8035608381033,
    "p99_ttft_ms": 763.0350764840841,
    "p99_tpot_ms": 12.074184422455138,
    "p99_e2e_ms": 1415.5606975778937
  },
  "average": {
    "count": 240,
    "avg_ttft_ms": 3190.5038742658994,
    "avg_tpot_ms": 10.376043443344976,
    "avg_e2e_ms": 8780.640236071,
    "p50_ttft_ms": 207.82036520540714,
    "p50_tpot_ms": 10.35658918296509,
    "p50_e2e_ms": 10150.83696320653,
    "p99_ttft_ms": 15145.352373644708,
    "p99_tpot_ms": 12.023268942795102,
    "p99_e2e_ms": 25108.446505740285
  },
  "throughput": {
    "requests_per_sec": 6.797018424931397,
    "tokens_per_sec": 3697.57802316268
  },
  "success_rate": 100.0,
  "total_requests": 240,
  "failed_requests": 0,
  "duration_sec": 35.30959973856807,
  "timestamp": "2026-01-18T08:58:21.239331",
  "error": null
}