{
  "config": "1P_3pD",
  "workload": "large_mid_bal",
  "qps": 10,
  "turn1": {
    "count": 84,
    "avg_ttft_ms": 2656.069994017127,
    "avg_tpot_ms": 10.204163182067125,
    "avg_e2e_ms": 13094.928929271797,
    "p50_ttft_ms": 296.5681869536638,
    "p50_tpot_ms": 10.174224398964661,
    "p50_e2e_ms": 11604.75323535502,
    "p99_ttft_ms": 7043.6494617164135,
    "p99_tpot_ms": 11.216919645157262,
    "p99_e2e_ms": 17107.682886123657
  },
  "turn2": {
    "count": 84,
    "avg_ttft_ms": 102.56110038608313,
    "avg_tpot_ms": 10.1724603448383,
    "avg_e2e_ms": 1394.4635641805473,
    "p50_ttft_ms": 81.82713575661182,
    "p50_tpot_ms": 10.217038635897826,
    "p50_e2e_ms": 1397.7332636713982,
    "p99_ttft_ms": 240.87680745869875,
    "p99_tpot_ms": 11.924406926873631,
    "p99_e2e_ms": 1689.7939230501652
  },
  "average": {
    "count": 168,
    "avg_ttft_ms": 1379.315547201605,
    "avg_tpot_ms": 10.188311763452713,
    "avg_e2e_ms": 7244.696246726172,
    "p50_ttft_ms": 147.15188927948475,
    "p50_tpot_ms": 10.184900933477886,
    "p50_e2e_ms": 5762.191276997328,
    "p99_ttft_ms": 6844.838834330443,
    "p99_tpot_ms": 11.807118273215503,
    "p99_e2e_ms": 17066.99485063553
  },
  "throughput": {
    "requests_per_sec": 5.987706229569724,
    "tokens_per_sec": 3448.918788232161
  },
  "success_rate": 100.0,
  "total_requests": 168,
  "failed_requests": 0,
  "duration_sec": 28.057488720864058,
  "timestamp": "2026-01-18T09:02:32.778860",
  "error": null
}