{
  "config": "1P_3pD",
  "workload": "large_tiny",
  "qps": 8,
  "turn1": {
    "count": 80,
    "avg_ttft_ms": 2362.3292698524892,
    "avg_tpot_ms": 10.136952673522929,
    "avg_e2e_ms": 12732.431854866445,
    "p50_ttft_ms": 237.25033178925514,
    "p50_tpot_ms": 10.130581943971904,
    "p50_e2e_ms": 11178.258894011378,
    "p99_ttft_ms": 6734.8148645833135,
    "p99_tpot_ms": 10.908112139354587,
    "p99_e2e_ms": 16870.43983861804
  },
  "turn2": {
    "count": 80,
    "avg_ttft_ms": 94.18727280572057,
    "avg_tpot_ms": 10.357262716898996,
    "avg_e2e_ms": 415.2624170295894,
    "p50_ttft_ms": 76.52975246310234,
    "p50_tpot_ms": 10.255531257679387,
    "p50_e2e_ms": 405.5223185569048,
    "p99_ttft_ms": 353.39108075946547,
    "p99_tpot_ms": 13.024823470942435,
    "p99_e2e_ms": 667.5651012361046
  },
  "average": {
    "count": 160,
    "avg_ttft_ms": 1228.258271329105,
    "avg_tpot_ms": 10.247107695210962,
    "avg_e2e_ms": 6573.847135948017,
    "p50_ttft_ms": 141.00992120802402,
    "p50_tpot_ms": 10.166700550683665,
    "p50_e2e_ms": 5159.4906356185675,
    "p99_ttft_ms": 6665.783898308873,
    "p99_tpot_ms": 12.941667525277984,
    "p99_e2e_ms": 16844.200328439474
  },
  "throughput": {
    "requests_per_sec": 6.551029928279418,
    "tokens_per_sec": 3458.943802131533
  },
  "success_rate": 100.0,
  "total_requests": 160,
  "failed_requests": 0,
  "duration_sec": 24.42364051938057,
  "timestamp": "2026-01-18T08:32:39.501658",
  "error": null
}