{
  "config": "1P_3pD",
  "workload": "small_huge_paste",
  "qps": 2,
  "turn1": {
    "count": 16,
    "avg_ttft_ms": 109.11615961231291,
    "avg_tpot_ms": 8.02050274796784,
    "avg_e2e_ms": 1127.7200086042285,
    "p50_ttft_ms": 104.20545004308224,
    "p50_tpot_ms": 7.997011589839703,
    "p50_e2e_ms": 1109.9565867334604,
    "p99_ttft_ms": 178.61971240490675,
    "p99_tpot_ms": 8.50938675763804,
    "p99_e2e_ms": 1227.6985231786966
  },
  "turn2": {
    "count": 16,
    "avg_ttft_ms": 77.40098820067942,
    "avg_tpot_ms": 8.058985304688253,
    "avg_e2e_ms": 327.2295326460153,
    "p50_ttft_ms": 63.848063349723816,
    "p50_tpot_ms": 7.940491721514732,
    "p50_e2e_ms": 311.07319705188274,
    "p99_ttft_ms": 151.1143036186695,
    "p99_tpot_ms": 9.2927586828028,
    "p99_e2e_ms": 424.8168792575598
  },
  "average": {
    "count": 32,
    "avg_ttft_ms": 93.25857390649617,
    "avg_tpot_ms": 8.039744026328046,
    "avg_e2e_ms": 727.4747706251219,
    "p50_ttft_ms": 87.43862062692642,
    "p50_tpot_ms": 7.963624418799968,
    "p50_e2e_ms": 753.6723762750626,
    "p99_ttft_ms": 177.36619871109724,
    "p99_tpot_ms": 9.230816170813576,
    "p99_e2e_ms": 1223.9092449098825
  },
  "throughput": {
    "requests_per_sec": 3.182674622266703,
    "tokens_per_sec": 254.61396978133624
  },
  "success_rate": 100.0,
  "total_requests": 32,
  "failed_requests": 0,
  "duration_sec": 10.054436534643173,
  "timestamp": "2026-01-18T08:29:08.938377",
  "error": null
}