{
  "config": "1P_3pD",
  "workload": "large_very_long_gen",
  "qps": 16,
  "turn1": {
    "count": 150,
    "avg_ttft_ms": 19855.745476335287,
    "avg_tpot_ms": 10.518564475295442,
    "avg_e2e_ms": 30616.236934562523,
    "p50_ttft_ms": 19938.418932259083,
    "p50_tpot_ms": 10.50945119031014,
    "p50_e2e_ms": 30841.897416859865,
    "p99_ttft_ms": 40284.17601920664,
    "p99_tpot_ms": 11.580480469330665,
    "p99_e2e_ms": 51826.4050135389
  },
  "turn2": {
    "count": 150,
    "avg_ttft_ms": 89.18792143464088,
    "avg_tpot_ms": 11.183814853721117,
    "avg_e2e_ms": 11530.230516791344,
    "p50_ttft_ms": 74.37155768275261,
    "p50_tpot_ms": 11.384135889634125,
    "p50_e2e_ms": 11724.724380299449,
    "p99_ttft_ms": 203.12219545245162,
    "p99_tpot_ms": 12.058216195666429,
    "p99_e2e_ms": 12409.553072080016
  },
  "average": {
    "count": 300,
    "avg_ttft_ms": 9972.466698884964,
    "avg_tpot_ms": 10.851189664508281,
    "avg_e2e_ms": 21073.233725676935,
    "p50_ttft_ms": 167.78450459241867,
    "p50_tpot_ms": 10.834580407507957,
    "p50_e2e_ms": 11952.331695705652,
    "p99_ttft_ms": 40071.285830922425,
    "p99_tpot_ms": 12.03328012189266,
    "p99_e2e_ms": 51677.52365205437
  },
  "throughput": {
    "requests_per_sec": 4.088055976214075,
    "tokens_per_sec": 4186.1693196432125
  },
  "success_rate": 100.0,
  "total_requests": 300,
  "failed_requests": 0,
  "duration_sec": 73.38451375067234,
  "timestamp": "2026-01-18T08:53:34.458015",
  "error": null
}