{
  "config": "1P_3pD",
  "workload": "small_big_paste",
  "qps": 0.5,
  "turn1": {
    "count": 3,
    "avg_ttft_ms": 112.25886270403862,
    "avg_tpot_ms": 7.851795760274246,
    "avg_e2e_ms": 1109.436924258868,
    "p50_ttft_ms": 114.64574933052063,
    "p50_tpot_ms": 7.866292751914873,
    "p50_e2e_ms": 1110.2030761539936,
    "p99_ttft_ms": 120.63892461359501,
    "p99_tpot_ms": 7.942025085368495,
    "p99_e2e_ms": 1113.5956917703152
  },
  "turn2": {
    "count": 3,
    "avg_ttft_ms": 52.417063464721046,
    "avg_tpot_ms": 7.892141759237916,
    "avg_e2e_ms": 549.6219942967097,
    "p50_ttft_ms": 50.35591498017311,
    "p50_tpot_ms": 7.8863658247486,
    "p50_e2e_ms": 549.1455607116222,
    "p99_ttft_ms": 59.88016553223133,
    "p99_tpot_ms": 7.971669012118899,
    "p99_e2e_ms": 556.7601844668388
  },
  "average": {
    "count": 6,
    "avg_ttft_ms": 82.33796308437984,
    "avg_tpot_ms": 7.87196875975608,
    "avg_e2e_ms": 829.5294592777888,
    "p50_ttft_ms": 80.72207123041153,
    "p50_tpot_ms": 7.876329288331736,
    "p50_e2e_ms": 830.6791763752699,
    "p99_ttft_ms": 120.45546006411314,
    "p99_tpot_ms": 7.971917930978817,
    "p99_e2e_ms": 1113.4918361902237
  },
  "throughput": {
    "requests_per_sec": 0.9203038419962267,
    "tokens_per_sec": 88.34916883163777
  },
  "success_rate": 100.0,
  "total_requests": 6,
  "failed_requests": 0,
  "duration_sec": 6.519585952162743,
  "timestamp": "2026-01-18T08:26:53.598542",
  "error": null
}