{
  "config": "1P_3pD",
  "workload": "large_mid_bal",
  "qps": 6,
  "turn1": {
    "count": 55,
    "avg_ttft_ms": 377.31956561858004,
    "avg_tpot_ms": 10.038197466882293,
    "avg_e2e_ms": 10646.395574239168,
    "p50_ttft_ms": 155.43204545974731,
    "p50_tpot_ms": 10.212676408441185,
    "p50_e2e_ms": 10701.116967946291,
    "p99_ttft_ms": 2714.3451754003763,
    "p99_tpot_ms": 10.633280403322138,
    "p99_e2e_ms": 12544.556668549776
  },
  "turn2": {
    "count": 54,
    "avg_ttft_ms": 92.56590840717156,
    "avg_tpot_ms": 9.873007719406898,
    "avg_e2e_ms": 1346.4378887718474,
    "p50_ttft_ms": 77.915970236063,
    "p50_tpot_ms": 9.680010774356173,
    "p50_e2e_ms": 1332.7418826520443,
    "p99_ttft_ms": 187.1699122712016,
    "p99_tpot_ms": 11.917245424990579,
    "p99_e2e_ms": 1619.4200826063752
  },
  "average": {
    "count": 109,
    "avg_ttft_ms": 236.24894644962538,
    "avg_tpot_ms": 9.956360344279805,
    "avg_e2e_ms": 6039.077087860862,
    "p50_ttft_ms": 137.18123733997345,
    "p50_tpot_ms": 9.919564613848488,
    "p50_e2e_ms": 9003.757204860449,
    "p99_ttft_ms": 2691.1081528663635,
    "p99_tpot_ms": 11.879356541032866,
    "p99_e2e_ms": 12506.629702746868
  },
  "throughput": {
    "requests_per_sec": 4.665579698206629,
    "tokens_per_sec": 2706.549866761482
  },
  "success_rate": 99.0909090909091,
  "total_requests": 110,
  "failed_requests": 1,
  "duration_sec": 23.36258451268077,
  "timestamp": "2026-01-18T09:01:37.730720",
  "error": "Server disconnected"
}