{
  "config": "1P_3pD",
  "workload": "small_small_bal",
  "qps": 4,
  "turn1": {
    "count": 38,
    "avg_ttft_ms": 104.34489471739845,
    "avg_tpot_ms": 8.095946545811843,
    "avg_e2e_ms": 1132.5301060355023,
    "p50_ttft_ms": 99.0567822009325,
    "p50_tpot_ms": 8.109565472274316,
    "p50_e2e_ms": 1132.7646300196648,
    "p99_ttft_ms": 187.8273872286082,
    "p99_tpot_ms": 8.347756199714706,
    "p99_e2e_ms": 1221.1540653556585
  },
  "turn2": {
    "count": 38,
    "avg_ttft_ms": 47.68081911300358,
    "avg_tpot_ms": 8.143740949674557,
    "avg_e2e_ms": 560.7364989425007,
    "p50_ttft_ms": 34.02487933635712,
    "p50_tpot_ms": 8.206717551700653,
    "p50_e2e_ms": 552.2144138813019,
    "p99_ttft_ms": 114.43987742066386,
    "p99_tpot_ms": 8.526241276117544,
    "p99_e2e_ms": 636.0420821979642
  },
  "average": {
    "count": 76,
    "avg_ttft_ms": 76.01285691520101,
    "avg_tpot_ms": 8.119843747743198,
    "avg_e2e_ms": 846.6333024890015,
    "p50_ttft_ms": 87.2094165533781,
    "p50_tpot_ms": 8.137203620996061,
    "p50_e2e_ms": 864.0931807458401,
    "p99_ttft_ms": 179.34162728488445,
    "p99_tpot_ms": 8.498232796906478,
    "p99_e2e_ms": 1213.4634424000978
  },
  "throughput": {
    "requests_per_sec": 6.7007814210344785,
    "tokens_per_sec": 643.27501641931
  },
  "success_rate": 100.0,
  "total_requests": 76,
  "failed_requests": 0,
  "duration_sec": 11.34196076914668,
  "timestamp": "2026-01-18T08:21:39.003023",
  "error": null
}