{
  "config": "1P_3pD",
  "workload": "large_short_gen",
  "qps": 12,
  "turn1": {
    "count": 109,
    "avg_ttft_ms": 6210.044487012089,
    "avg_tpot_ms": 10.363949940697825,
    "avg_e2e_ms": 16812.365276345965,
    "p50_ttft_ms": 9052.864167839289,
    "p50_tpot_ms": 10.409424982724651,
    "p50_e2e_ms": 19454.01008054614,
    "p99_ttft_ms": 18519.6928755939,
    "p99_tpot_ms": 11.11245176994323,
    "p99_e2e_ms": 27817.615655958652
  },
  "turn2": {
    "count": 109,
    "avg_ttft_ms": 93.37434476805389,
    "avg_tpot_ms": 10.587035655642953,
    "avg_e2e_ms": 2793.068436957007,
    "p50_ttft_ms": 75.2025879919529,
    "p50_tpot_ms": 10.70332531543339,
    "p50_e2e_ms": 2807.201135903597,
    "p99_ttft_ms": 348.77941414713865,
    "p99_tpot_ms": 11.820567249083052,
    "p99_e2e_ms": 3144.0150701999664
  },
  "average": {
    "count": 218,
    "avg_ttft_ms": 3151.7094158900713,
    "avg_tpot_ms": 10.475492798170391,
    "avg_e2e_ms": 9802.716856651487,
    "p50_ttft_ms": 143.12082715332508,
    "p50_tpot_ms": 10.520317909429288,
    "p50_e2e_ms": 6444.301916286349,
    "p99_ttft_ms": 18503.616050742567,
    "p99_tpot_ms": 11.763562526480825,
    "p99_e2e_ms": 27749.594377614558
  },
  "throughput": {
    "requests_per_sec": 5.4850066039319225,
    "tokens_per_sec": 3510.4042265164303
  },
  "success_rate": 100.0,
  "total_requests": 218,
  "failed_requests": 0,
  "duration_sec": 39.7447105795145,
  "timestamp": "2026-01-18T08:38:43.340864",
  "error": null
}