{
  "config": "1P_3pD",
  "workload": "small_mid_bal",
  "qps": 20,
  "turn1": {
    "count": 196,
    "avg_ttft_ms": 702.7764706017107,
    "avg_tpot_ms": 9.68409569135734,
    "avg_e2e_ms": 1932.656623404093,
    "p50_ttft_ms": 651.0901749134064,
    "p50_tpot_ms": 9.78716317652248,
    "p50_e2e_ms": 1898.5087256878614,
    "p99_ttft_ms": 1546.6419793665416,
    "p99_tpot_ms": 10.46637503034252,
    "p99_e2e_ms": 2777.7866762131457
  },
  "turn2": {
    "count": 196,
    "avg_ttft_ms": 118.64381294925602,
    "avg_tpot_ms": 9.688362169567217,
    "avg_e2e_ms": 1349.0658084842928,
    "p50_ttft_ms": 53.98254469037056,
    "p50_tpot_ms": 9.810969042848415,
    "p50_e2e_ms": 1310.9110221266747,
    "p99_ttft_ms": 591.2099987268456,
    "p99_tpot_ms": 10.453208006449103,
    "p99_e2e_ms": 1814.6898377686748
  },
  "average": {
    "count": 392,
    "avg_ttft_ms": 410.7101417754834,
    "avg_tpot_ms": 9.68622893046228,
    "avg_e2e_ms": 1640.8612159441927,
    "p50_ttft_ms": 271.2006866931915,
    "p50_tpot_ms": 9.793890126812176,
    "p50_e2e_ms": 1494.9372112751007,
    "p99_ttft_ms": 1478.9974693953989,
    "p99_tpot_ms": 10.46093619039913,
    "p99_e2e_ms": 2628.775478340684
  },
  "throughput": {
    "requests_per_sec": 28.77545305781194,
    "tokens_per_sec": 3683.2579913999284
  },
  "success_rate": 100.0,
  "total_requests": 392,
  "failed_requests": 0,
  "duration_sec": 13.622722089290619,
  "timestamp": "2026-01-18T08:24:53.059188",
  "error": null
}