{
  "config": "1P_3pD",
  "workload": "large_tiny",
  "qps": 2,
  "turn1": {
    "count": 15,
    "avg_ttft_ms": 130.0555239121119,
    "avg_tpot_ms": 8.388097966123224,
    "avg_e2e_ms": 8711.079743256172,
    "p50_ttft_ms": 124.57495555281639,
    "p50_tpot_ms": 8.440145448884424,
    "p50_e2e_ms": 8758.843749761581,
    "p99_ttft_ms": 161.49929955601692,
    "p99_tpot_ms": 8.55269405324438,
    "p99_e2e_ms": 8877.153818681836
  },
  "turn2": {
    "count": 15,
    "avg_ttft_ms": 91.61401987075806,
    "avg_tpot_ms": 8.392357313504784,
    "avg_e2e_ms": 351.7770965894063,
    "p50_ttft_ms": 64.51314315199852,
    "p50_tpot_ms": 8.32290082208572,
    "p50_e2e_ms": 317.8522251546383,
    "p99_ttft_ms": 186.2124782055616,
    "p99_tpot_ms": 9.026012293273403,
    "p99_e2e_ms": 447.4806386232376
  },
  "average": {
    "count": 30,
    "avg_ttft_ms": 110.83477189143498,
    "avg_tpot_ms": 8.390227639814004,
    "avg_e2e_ms": 4531.428419922789,
    "p50_ttft_ms": 120.18982879817486,
    "p50_tpot_ms": 8.362334409140539,
    "p50_e2e_ms": 4442.471796646714,
    "p99_ttft_ms": 182.91604179888967,
    "p99_tpot_ms": 8.974975966397794,
    "p99_e2e_ms": 8875.617999769747
  },
  "throughput": {
    "requests_per_sec": 1.590283131179327,
    "tokens_per_sec": 839.6694932626847
  },
  "success_rate": 100.0,
  "total_requests": 30,
  "failed_requests": 0,
  "duration_sec": 18.864565316587687,
  "timestamp": "2026-01-18T08:31:31.076451",
  "error": null
}