{
  "config": "1P_3pD",
  "workload": "small_mid_bal",
  "qps": 0.5,
  "turn1": {
    "count": 1,
    "avg_ttft_ms": 115.34971371293068,
    "avg_tpot_ms": 7.628473475223451,
    "avg_e2e_ms": 1084.165845066309,
    "p50_ttft_ms": 115.34971371293068,
    "p50_tpot_ms": 7.628473475223451,
    "p50_e2e_ms": 1084.165845066309,
    "p99_ttft_ms": 115.34971371293068,
    "p99_tpot_ms": 7.628473475223451,
    "p99_e2e_ms": 1084.165845066309
  },
  "turn2": {
    "count": 1,
    "avg_ttft_ms": 31.31682053208351,
    "avg_tpot_ms": 7.7719543803864575,
    "avg_e2e_ms": 1018.3550268411636,
    "p50_ttft_ms": 31.31682053208351,
    "p50_tpot_ms": 7.7719543803864575,
    "p50_e2e_ms": 1018.3550268411636,
    "p99_ttft_ms": 31.31682053208351,
    "p99_tpot_ms": 7.7719543803864575,
    "p99_e2e_ms": 1018.3550268411636
  },
  "average": {
    "count": 2,
    "avg_ttft_ms": 73.3332671225071,
    "avg_tpot_ms": 7.700213927804954,
    "avg_e2e_ms": 1051.2604359537363,
    "p50_ttft_ms": 73.3332671225071,
    "p50_tpot_ms": 7.700213927804954,
    "p50_e2e_ms": 1051.2604359537363,
    "p99_ttft_ms": 114.50938478112221,
    "p99_tpot_ms": 7.770519571334828,
    "p99_e2e_ms": 1083.5077368840575
  },
  "throughput": {
    "requests_per_sec": 0.17124694421396366,
    "tokens_per_sec": 21.91960885938735
  },
  "success_rate": 100.0,
  "total_requests": 2,
  "failed_requests": 0,
  "duration_sec": 11.679040517657995,
  "timestamp": "2026-01-18T08:23:04.726224",
  "error": null
}