{
  "config": "1P_3pD",
  "workload": "large_big_paste",
  "qps": 12,
  "turn1": {
    "count": 106,
    "avg_ttft_ms": 4613.693113491501,
    "avg_tpot_ms": 10.500718747036856,
    "avg_e2e_ms": 15355.928391710206,
    "p50_ttft_ms": 6710.477452725172,
    "p50_tpot_ms": 10.564602181344554,
    "p50_e2e_ms": 17647.642366588116,
    "p99_ttft_ms": 14385.980586521327,
    "p99_tpot_ms": 11.671027210145054,
    "p99_e2e_ms": 24090.323718823493
  },
  "turn2": {
    "count": 105,
    "avg_ttft_ms": 378.7593749307451,
    "avg_tpot_ms": 10.82693092294111,
    "avg_e2e_ms": 1060.8560230760347,
    "p50_ttft_ms": 95.53810581564903,
    "p50_tpot_ms": 10.602471433461659,
    "p50_e2e_ms": 797.0691360533237,
    "p99_ttft_ms": 9687.90906906127,
    "p99_tpot_ms": 14.52801027231746,
    "p99_e2e_ms": 10466.385984420767
  },
  "average": {
    "count": 211,
    "avg_ttft_ms": 2506.2616322171916,
    "avg_tpot_ms": 10.663051820354138,
    "avg_e2e_ms": 8242.266786465712,
    "p50_ttft_ms": 180.3675778210163,
    "p50_tpot_ms": 10.571269043525525,
    "p50_e2e_ms": 9871.985707432032,
    "p99_ttft_ms": 14382.092357426882,
    "p99_tpot_ms": 14.072742579238755,
    "p99_e2e_ms": 24040.811415016655
  },
  "throughput": {
    "requests_per_sec": 6.09438723895026,
    "tokens_per_sec": 3329.210666873757
  },
  "success_rate": 99.52830188679245,
  "total_requests": 212,
  "failed_requests": 1,
  "duration_sec": 34.62202051281929,
  "timestamp": "2026-01-18T09:12:54.237527",
  "error": "Server disconnected"
}