{
  "config": "1P_3pD",
  "workload": "large_long_gen",
  "qps": 16,
  "turn1": {
    "count": 155,
    "avg_ttft_ms": 14748.255324820357,
    "avg_tpot_ms": 10.468344771531802,
    "avg_e2e_ms": 25457.37202609739,
    "p50_ttft_ms": 14207.913734018803,
    "p50_tpot_ms": 10.662945524542678,
    "p50_e2e_ms": 25048.847936093807,
    "p99_ttft_ms": 39005.64700216055,
    "p99_tpot_ms": 11.133835006538025,
    "p99_e2e_ms": 48614.88156609237
  },
  "turn2": {
    "count": 155,
    "avg_ttft_ms": 91.38290954212988,
    "avg_tpot_ms": 10.969819118212994,
    "avg_e2e_ms": 5696.96047894897,
    "p50_ttft_ms": 80.34392073750496,
    "p50_tpot_ms": 11.230814385495774,
    "p50_e2e_ms": 5827.2561356425285,
    "p99_ttft_ms": 203.74610669910928,
    "p99_tpot_ms": 12.002694596283122,
    "p99_e2e_ms": 6245.364525690675
  },
  "average": {
    "count": 310,
    "avg_ttft_ms": 7419.819117181243,
    "avg_tpot_ms": 10.719081944872398,
    "avg_e2e_ms": 15577.16625252318,
    "p50_ttft_ms": 188.92751075327396,
    "p50_tpot_ms": 10.822435474533968,
    "p50_e2e_ms": 8028.910739347339,
    "p99_ttft_ms": 38693.57226271184,
    "p99_tpot_ms": 11.996787324139516,
    "p99_e2e_ms": 48075.03851372749
  },
  "throughput": {
    "requests_per_sec": 4.911634587335805,
    "tokens_per_sec": 3772.1353630738986
  },
  "success_rate": 100.0,
  "total_requests": 310,
  "failed_requests": 0,
  "duration_sec": 63.11544445902109,
  "timestamp": "2026-01-18T08:45:52.788135",
  "error": null
}