{
  "config": "1P_3pD",
  "workload": "large_tiny",
  "qps": 20,
  "turn1": {
    "count": 200,
    "avg_ttft_ms": 15214.051574580371,
    "avg_tpot_ms": 10.438903712012959,
    "avg_e2e_ms": 25893.05007196963,
    "p50_ttft_ms": 14376.764489337802,
    "p50_tpot_ms": 10.42965261897442,
    "p50_e2e_ms": 25199.516661465168,
    "p99_ttft_ms": 31325.380002707243,
    "p99_tpot_ms": 11.361175710927123,
    "p99_e2e_ms": 41790.167999230325
  },
  "turn2": {
    "count": 200,
    "avg_ttft_ms": 419.80274902656674,
    "avg_tpot_ms": 10.625826786722868,
    "avg_e2e_ms": 749.2033794149756,
    "p50_ttft_ms": 85.28142981231213,
    "p50_tpot_ms": 10.657008316728376,
    "p50_e2e_ms": 421.0980609059334,
    "p99_ttft_ms": 1256.8935253096147,
    "p99_tpot_ms": 12.8604023663267,
    "p99_e2e_ms": 1566.6187197712584
  },
  "average": {
    "count": 400,
    "avg_ttft_ms": 7816.927161803469,
    "avg_tpot_ms": 10.532365249367913,
    "avg_e2e_ms": 13321.126725692302,
    "p50_ttft_ms": 613.7985289096832,
    "p50_tpot_ms": 10.51327403733108,
    "p50_e2e_ms": 10224.110208451748,
    "p99_ttft_ms": 31093.745533153415,
    "p99_tpot_ms": 12.790266136007924,
    "p99_e2e_ms": 41617.46829982847
  },
  "throughput": {
    "requests_per_sec": 7.748591215739055,
    "tokens_per_sec": 4091.256161910221
  },
  "success_rate": 100.0,
  "total_requests": 400,
  "failed_requests": 0,
  "duration_sec": 51.622287053614855,
  "timestamp": "2026-01-18T08:35:13.177960",
  "error": null
}