{
  "config": "1P_3pD",
  "workload": "large_very_long_gen",
  "qps": 20,
  "turn1": {
    "count": 200,
    "avg_ttft_ms": 30484.016042705625,
    "avg_tpot_ms": 10.601371346717064,
    "avg_e2e_ms": 41329.21893039718,
    "p50_ttft_ms": 25887.5116892159,
    "p50_tpot_ms": 10.617518395127206,
    "p50_e2e_ms": 37522.4048756063,
    "p99_ttft_ms": 63636.10800024121,
    "p99_tpot_ms": 11.68664740993917,
    "p99_e2e_ms": 74473.32375630736
  },
  "turn2": {
    "count": 200,
    "avg_ttft_ms": 1125.6480980291963,
    "avg_tpot_ms": 11.174501159728186,
    "avg_e2e_ms": 12557.16278443113,
    "p50_ttft_ms": 84.39908735454082,
    "p50_tpot_ms": 11.501230221179807,
    "p50_e2e_ms": 11892.318220809102,
    "p99_ttft_ms": 68151.81439757347,
    "p99_tpot_ms": 12.021508616807697,
    "p99_e2e_ms": 78425.0246272981
  },
  "average": {
    "count": 400,
    "avg_ttft_ms": 15804.83207036741,
    "avg_tpot_ms": 10.887936253222625,
    "avg_e2e_ms": 26943.190857414156,
    "p50_ttft_ms": 290.71832075715065,
    "p50_tpot_ms": 10.825469212302481,
    "p50_e2e_ms": 12140.558512881398,
    "p99_ttft_ms": 64236.15478429943,
    "p99_tpot_ms": 12.019160422382699,
    "p99_e2e_ms": 74539.63906958698
  },
  "throughput": {
    "requests_per_sec": 4.2065556266192,
    "tokens_per_sec": 4307.512961658061
  },
  "success_rate": 100.0,
  "total_requests": 400,
  "failed_requests": 0,
  "duration_sec": 95.08967323973775,
  "timestamp": "2026-01-18T08:55:09.590640",
  "error": null
}