{
  "config": "1P_3pD",
  "workload": "large_long_gen",
  "qps": 6,
  "turn1": {
    "count": 60,
    "avg_ttft_ms": 1482.7154753108819,
    "avg_tpot_ms": 10.096717336111597,
    "avg_e2e_ms": 11811.657310153047,
    "p50_ttft_ms": 139.10430110991,
    "p50_tpot_ms": 10.013535673405068,
    "p50_e2e_ms": 10815.309884026647,
    "p99_ttft_ms": 8651.476089805363,
    "p99_tpot_ms": 11.270249609818148,
    "p99_e2e_ms": 18179.99257374555
  },
  "turn2": {
    "count": 60,
    "avg_ttft_ms": 92.48370820035537,
    "avg_tpot_ms": 10.2615837824263,
    "avg_e2e_ms": 5336.153021020194,
    "p50_ttft_ms": 71.68651185929775,
    "p50_tpot_ms": 10.315780650000516,
    "p50_e2e_ms": 5401.255926117301,
    "p99_ttft_ms": 195.81285163760165,
    "p99_tpot_ms": 11.629588297420634,
    "p99_e2e_ms": 6084.494057036936
  },
  "average": {
    "count": 120,
    "avg_ttft_ms": 787.5995917556187,
    "avg_tpot_ms": 10.17915055926895,
    "avg_e2e_ms": 8573.90516558662,
    "p50_ttft_ms": 129.848288372159,
    "p50_tpot_ms": 10.208204732743525,
    "p50_e2e_ms": 7679.450158029795,
    "p99_ttft_ms": 8509.274163544178,
    "p99_tpot_ms": 11.626791281592823,
    "p99_e2e_ms": 18141.339505389333
  },
  "throughput": {
    "requests_per_sec": 3.795649526406495,
    "tokens_per_sec": 2915.058836280188
  },
  "success_rate": 100.0,
  "total_requests": 120,
  "failed_requests": 0,
  "duration_sec": 31.615142326802015,
  "timestamp": "2026-01-18T08:42:46.183899",
  "error": null
}