{
  "config": "1P_3pD",
  "workload": "small_huge_paste",
  "qps": 12,
  "turn1": {
    "count": 105,
    "avg_ttft_ms": 163.36316601151512,
    "avg_tpot_ms": 9.439458014156473,
    "avg_e2e_ms": 1362.174333809387,
    "p50_ttft_ms": 133.0917440354824,
    "p50_tpot_ms": 9.285725770503516,
    "p50_e2e_ms": 1340.5714221298695,
    "p99_ttft_ms": 380.7577191293239,
    "p99_tpot_ms": 11.0004608344844,
    "p99_e2e_ms": 1597.094932347536
  },
  "turn2": {
    "count": 105,
    "avg_ttft_ms": 98.18603715726307,
    "avg_tpot_ms": 9.453993279217942,
    "avg_e2e_ms": 391.2598288130192,
    "p50_ttft_ms": 76.12735778093338,
    "p50_tpot_ms": 9.307497571552954,
    "p50_e2e_ms": 378.07027623057365,
    "p99_ttft_ms": 212.3051244020462,
    "p99_tpot_ms": 12.66730089822123,
    "p99_e2e_ms": 503.48809704184526
  },
  "average": {
    "count": 210,
    "avg_ttft_ms": 130.7746015843891,
    "avg_tpot_ms": 9.446725646687208,
    "avg_e2e_ms": 876.7170813112032,
    "p50_ttft_ms": 106.99601285159588,
    "p50_tpot_ms": 9.289106970110277,
    "p50_e2e_ms": 847.8209860622883,
    "p99_ttft_ms": 368.28100234270096,
    "p99_tpot_ms": 12.272029466745371,
    "p99_e2e_ms": 1587.2095240652561
  },
  "throughput": {
    "requests_per_sec": 18.15354861312051,
    "tokens_per_sec": 1452.2838890496407
  },
  "success_rate": 100.0,
  "total_requests": 210,
  "failed_requests": 0,
  "duration_sec": 11.567986208945513,
  "timestamp": "2026-01-18T08:30:05.837290",
  "error": null
}