{
  "config": "1P_3pD",
  "workload": "small_big_paste",
  "qps": 12,
  "turn1": {
    "count": 120,
    "avg_ttft_ms": 143.42522717391452,
    "avg_tpot_ms": 9.43291580812942,
    "avg_e2e_ms": 1341.405534806351,
    "p50_ttft_ms": 119.51033025979996,
    "p50_tpot_ms": 9.345889766150574,
    "p50_e2e_ms": 1339.5748157054186,
    "p99_ttft_ms": 294.7942485660315,
    "p99_tpot_ms": 10.555112668144421,
    "p99_e2e_ms": 1528.1592505797744
  },
  "turn2": {
    "count": 120,
    "avg_ttft_ms": 83.59780265018344,
    "avg_tpot_ms": 9.434195468448616,
    "avg_e2e_ms": 677.9521171624461,
    "p50_ttft_ms": 63.44715319573879,
    "p50_tpot_ms": 9.414761253292598,
    "p50_e2e_ms": 660.3244375437498,
    "p99_ttft_ms": 286.67195953428745,
    "p99_tpot_ms": 10.773200824383705,
    "p99_e2e_ms": 941.1908242106438
  },
  "average": {
    "count": 240,
    "avg_ttft_ms": 113.51151491204898,
    "avg_tpot_ms": 9.433555638289018,
    "avg_e2e_ms": 1009.6788259843985,
    "p50_ttft_ms": 93.46036054193974,
    "p50_tpot_ms": 9.368220784180746,
    "p50_e2e_ms": 1052.9951322823763,
    "p99_ttft_ms": 293.7405211105941,
    "p99_tpot_ms": 10.746738895300835,
    "p99_e2e_ms": 1524.3291103094816
  },
  "throughput": {
    "requests_per_sec": 20.657540447980605,
    "tokens_per_sec": 1983.1238830061382
  },
  "success_rate": 100.0,
  "total_requests": 240,
  "failed_requests": 0,
  "duration_sec": 11.618033647537231,
  "timestamp": "2026-01-18T08:28:13.277061",
  "error": null
}