{
  "config": "1P_3pD",
  "workload": "large_small_bal",
  "qps": 0.5,
  "turn1": {
    "count": 4,
    "avg_ttft_ms": 133.9526828378439,
    "avg_tpot_ms": 7.913446926010202,
    "avg_e2e_ms": 8229.408888146281,
    "p50_ttft_ms": 134.2336591333151,
    "p50_tpot_ms": 7.913704384355018,
    "p50_e2e_ms": 8231.984548270702,
    "p99_ttft_ms": 137.96363983303308,
    "p99_tpot_ms": 7.951200831670565,
    "p99_e2e_ms": 8268.101360984147
  },
  "turn2": {
    "count": 4,
    "avg_ttft_ms": 122.50779196619987,
    "avg_tpot_ms": 8.046876846088303,
    "avg_e2e_ms": 629.461033269763,
    "p50_ttft_ms": 136.1275091767311,
    "p50_tpot_ms": 8.00374135493286,
    "p50_e2e_ms": 639.9697791785002,
    "p99_ttft_ms": 152.76868134737015,
    "p99_tpot_ms": 8.20652320507973,
    "p99_e2e_ms": 669.6679599955678
  },
  "average": {
    "count": 8,
    "avg_ttft_ms": 128.23023740202188,
    "avg_tpot_ms": 7.9801618860492525,
    "avg_e2e_ms": 4429.434960708022,
    "p50_ttft_ms": 134.2336591333151,
    "p50_tpot_ms": 7.95966586793348,
    "p50_e2e_ms": 4427.854400128126,
    "p99_ttft_ms": 152.5214245915413,
    "p99_tpot_ms": 8.199121926038984,
    "p99_e2e_ms": 8267.873239554465
  },
  "throughput": {
    "requests_per_sec": 0.4681522208290444,
    "tokens_per_sec": 254.67480813100013
  },
  "success_rate": 100.0,
  "total_requests": 8,
  "failed_requests": 0,
  "duration_sec": 17.08845893293619,
  "timestamp": "2026-01-18T08:55:31.730589",
  "error": null
}