{
  "config": "1P_3pD",
  "workload": "large_huge_paste",
  "qps": 10,
  "turn1": {
    "count": 100,
    "avg_ttft_ms": 4053.4284529462457,
    "avg_tpot_ms": 10.682194726150172,
    "avg_e2e_ms": 14981.313657797873,
    "p50_ttft_ms": 2872.27264046669,
    "p50_tpot_ms": 10.660408612774031,
    "p50_e2e_ms": 14017.388677224517,
    "p99_ttft_ms": 10056.167423166335,
    "p99_tpot_ms": 11.93474167777646,
    "p99_e2e_ms": 20967.006006091833
  },
  "turn2": {
    "count": 100,
    "avg_ttft_ms": 169.43590253591537,
    "avg_tpot_ms": 11.036703059029197,
    "avg_e2e_ms": 511.5736973658204,
    "p50_ttft_ms": 112.43315786123276,
    "p50_tpot_ms": 10.873552892477282,
    "p50_e2e_ms": 466.29406325519085,
    "p99_ttft_ms": 1104.2805353179604,
    "p99_tpot_ms": 15.041111199365513,
    "p99_e2e_ms": 1410.6947915628584
  },
  "average": {
    "count": 200,
    "avg_ttft_ms": 2111.4321777410805,
    "avg_tpot_ms": 10.859448892589683,
    "avg_e2e_ms": 7746.443677581847,
    "p50_ttft_ms": 170.0526736676693,
    "p50_tpot_ms": 10.745429087026029,
    "p50_e2e_ms": 5788.412552326918,
    "p99_ttft_ms": 10030.949960239232,
    "p99_tpot_ms": 14.584930637671098,
    "p99_e2e_ms": 20923.84180549532
  },
  "throughput": {
    "requests_per_sec": 6.705088314848453,
    "tokens_per_sec": 3540.2866302399834
  },
  "success_rate": 100.0,
  "total_requests": 200,
  "failed_requests": 0,
  "duration_sec": 29.828093323856592,
  "timestamp": "2026-01-18T09:17:04.788770",
  "error": null
}