{
  "config": "1P_3pD",
  "workload": "large_huge_paste",
  "qps": 20,
  "turn1": {
    "count": 200,
    "avg_ttft_ms": 16024.1505994834,
    "avg_tpot_ms": 10.683097910383609,
    "avg_e2e_ms": 26952.959761805832,
    "p50_ttft_ms": 15783.462604507804,
    "p50_tpot_ms": 10.748873048717792,
    "p50_e2e_ms": 26840.817669406533,
    "p99_ttft_ms": 33834.341968111694,
    "p99_tpot_ms": 11.598517202343409,
    "p99_e2e_ms": 44251.494262441985
  },
  "turn2": {
    "count": 200,
    "avg_ttft_ms": 1128.7159498222172,
    "avg_tpot_ms": 10.898861810564995,
    "avg_e2e_ms": 1466.580665949732,
    "p50_ttft_ms": 122.51386977732182,
    "p50_tpot_ms": 10.770803798110254,
    "p50_e2e_ms": 472.1283596009016,
    "p99_ttft_ms": 29734.01676952836,
    "p99_tpot_ms": 13.727184988317939,
    "p99_e2e_ms": 30136.758482530684
  },
  "average": {
    "count": 400,
    "avg_ttft_ms": 8576.433274652809,
    "avg_tpot_ms": 10.790979860474302,
    "avg_e2e_ms": 14209.770213877782,
    "p50_ttft_ms": 562.5695269554853,
    "p50_tpot_ms": 10.76135802049033,
    "p50_e2e_ms": 10520.714228972793,
    "p99_ttft_ms": 33693.00437197089,
    "p99_tpot_ms": 13.457038146593877,
    "p99_e2e_ms": 43984.588068276644
  },
  "throughput": {
    "requests_per_sec": 7.301037502858445,
    "tokens_per_sec": 3854.9478015092586
  },
  "success_rate": 100.0,
  "total_requests": 400,
  "failed_requests": 0,
  "duration_sec": 54.78673405572772,
  "timestamp": "2026-01-18T09:19:20.062928",
  "error": null
}