{
  "config": "1P_3pD",
  "workload": "large_mid_paste",
  "qps": 0.5,
  "turn1": {
    "count": 5,
    "avg_ttft_ms": 143.64674165844917,
    "avg_tpot_ms": 8.022845620225718,
    "avg_e2e_ms": 8351.017811149359,
    "p50_ttft_ms": 144.63548362255096,
    "p50_tpot_ms": 7.992620739215513,
    "p50_e2e_ms": 8321.086499840021,
    "p99_ttft_ms": 153.3609265089035,
    "p99_tpot_ms": 8.173447621736825,
    "p99_e2e_ms": 8514.797843545675
  },
  "turn2": {
    "count": 5,
    "avg_ttft_ms": 67.491914331913,
    "avg_tpot_ms": 8.053692572173617,
    "avg_e2e_ms": 574.8745463788509,
    "p50_ttft_ms": 66.6002668440342,
    "p50_tpot_ms": 8.049320843484667,
    "p50_e2e_ms": 569.166362285614,
    "p99_ttft_ms": 79.36482951045036,
    "p99_tpot_ms": 8.27113269813477,
    "p99_e2e_ms": 594.9606132507324
  },
  "average": {
    "count": 10,
    "avg_ttft_ms": 105.56932799518108,
    "avg_tpot_ms": 8.038269096199667,
    "avg_e2e_ms": 4462.946178764105,
    "p50_ttft_ms": 108.29466581344604,
    "p50_tpot_ms": 8.02097079135009,
    "p50_e2e_ms": 4390.5414417386055,
    "p99_ttft_ms": 152.9119649529457,
    "p99_tpot_ms": 8.266977778384609,
    "p99_e2e_ms": 8512.46063310653
  },
  "throughput": {
    "requests_per_sec": 0.5604216668299107,
    "tokens_per_sec": 304.86938675547145
  },
  "success_rate": 100.0,
  "total_requests": 10,
  "failed_requests": 0,
  "duration_sec": 17.843706965446472,
  "timestamp": "2026-01-18T09:05:16.140989",
  "error": null
}