{
  "config": "1P_3pD",
  "workload": "small_tiny",
  "qps": 8,
  "turn1": {
    "count": 74,
    "avg_ttft_ms": 106.4467091314696,
    "avg_tpot_ms": 8.32201764193665,
    "avg_e2e_ms": 1163.342949657424,
    "p50_ttft_ms": 94.68121267855167,
    "p50_tpot_ms": 8.325179452149886,
    "p50_e2e_ms": 1150.1864567399025,
    "p99_ttft_ms": 200.71674302220345,
    "p99_tpot_ms": 8.759746028213051,
    "p99_e2e_ms": 1290.7466550171375
  },
  "turn2": {
    "count": 74,
    "avg_ttft_ms": 41.1056166363729,
    "avg_tpot_ms": 8.320070351713518,
    "avg_e2e_ms": 299.0277975394919,
    "p50_ttft_ms": 33.144235610961914,
    "p50_tpot_ms": 8.287677841801797,
    "p50_e2e_ms": 293.38460601866245,
    "p99_ttft_ms": 106.39186359941957,
    "p99_tpot_ms": 9.057978222206716,
    "p99_e2e_ms": 363.5654894262552
  },
  "average": {
    "count": 148,
    "avg_ttft_ms": 73.77616288392124,
    "avg_tpot_ms": 8.321043996825084,
    "avg_e2e_ms": 731.185373598458,
    "p50_ttft_ms": 81.56588301062584,
    "p50_tpot_ms": 8.305994771063283,
    "p50_e2e_ms": 715.1807937771082,
    "p99_ttft_ms": 191.28149040043357,
    "p99_tpot_ms": 9.006886440179041,
    "p99_e2e_ms": 1270.793526172638
  },
  "throughput": {
    "requests_per_sec": 13.032552250036584,
    "tokens_per_sec": 1042.6041800029268
  },
  "success_rate": 100.0,
  "total_requests": 148,
  "failed_requests": 0,
  "duration_sec": 11.356179293245077,
  "timestamp": "2026-01-18T08:10:15.957441",
  "error": null
}