{
  "config": "2P_2D",
  "workload": "large_very_long_gen",
  "qps": 6,
  "turn1": {
    "count": 60,
    "avg_ttft_ms": 2631.9448878367743,
    "avg_tpot_ms": 10.764536817499541,
    "avg_e2e_ms": 13644.066052138805,
    "p50_ttft_ms": 150.48563852906227,
    "p50_tpot_ms": 10.672035651647452,
    "p50_e2e_ms": 11625.651273876429,
    "p99_ttft_ms": 15227.886188142002,
    "p99_tpot_ms": 11.86911535406538,
    "p99_e2e_ms": 25668.970166295767
  },
  "turn2": {
    "count": 60,
    "avg_ttft_ms": 170.68539913743734,
    "avg_tpot_ms": 11.382040765977674,
    "avg_e2e_ms": 11814.513102732599,
    "p50_ttft_ms": 160.89214012026787,
    "p50_tpot_ms": 11.802536210560497,
    "p50_e2e_ms": 12223.584661260247,
    "p99_ttft_ms": 390.49222003668547,
    "p99_tpot_ms": 12.342318149387312,
    "p99_e2e_ms": 12790.046694166958
  },
  "average": {
    "count": 120,
    "avg_ttft_ms": 1401.3151434871058,
    "avg_tpot_ms": 11.073288791738609,
    "avg_e2e_ms": 12729.289577435702,
    "p50_ttft_ms": 157.45456889271736,
    "p50_tpot_ms": 11.409005448804805,
    "p50_e2e_ms": 11992.903873324394,
    "p99_ttft_ms": 15200.658135227859,
    "p99_tpot_ms": 12.340869615701111,
    "p99_e2e_ms": 25650.81537887454
  },
  "throughput": {
    "requests_per_sec": 2.7478817743960553,
    "tokens_per_sec": 2813.8309369815606
  },
  "success_rate": 100.0,
  "total_requests": 120,
  "failed_requests": 0,
  "duration_sec": 43.670001059770584,
  "timestamp": "2026-01-18T10:03:23.572608",
  "error": null
}