{
  "config": "2P_2D",
  "workload": "large_mid_bal",
  "qps": 0.5,
  "turn1": {
    "count": 3,
    "avg_ttft_ms": 129.65292483568192,
    "avg_tpot_ms": 8.049465646695998,
    "avg_e2e_ms": 8364.256281405687,
    "p50_ttft_ms": 124.57971647381783,
    "p50_tpot_ms": 8.154179496674244,
    "p50_e2e_ms": 8483.007248491049,
    "p99_ttft_ms": 147.0119544863701,
    "p99_tpot_ms": 8.177527369802066,
    "p99_e2e_ms": 8489.071617722511
  },
  "turn2": {
    "count": 3,
    "avg_ttft_ms": 144.30871481696764,
    "avg_tpot_ms": 8.066191975995311,
    "avg_e2e_ms": 1168.7150957683723,
    "p50_ttft_ms": 147.2870260477066,
    "p50_tpot_ms": 8.112560048347383,
    "p50_e2e_ms": 1177.5821521878242,
    "p99_ttft_ms": 149.70509760081768,
    "p99_tpot_ms": 8.18914166351003,
    "p99_e2e_ms": 1189.7260888665915
  },
  "average": {
    "count": 6,
    "avg_ttft_ms": 136.9808198263248,
    "avg_tpot_ms": 8.057828811345654,
    "avg_e2e_ms": 4766.4856885870295,
    "p50_ttft_ms": 141.5858492255211,
    "p50_tpot_ms": 8.133369772510814,
    "p50_e2e_ms": 4655.27006983757,
    "p99_ttft_ms": 149.64021146297455,
    "p99_tpot_ms": 8.190069518785059,
    "p99_e2e_ms": 8488.885973766446
  },
  "throughput": {
    "requests_per_sec": 0.42659682777187785,
    "tokens_per_sec": 245.71977279660163
  },
  "success_rate": 100.0,
  "total_requests": 6,
  "failed_requests": 0,
  "duration_sec": 14.064802195876837,
  "timestamp": "2026-01-18T10:14:51.203233",
  "error": null
}