{
  "config": "2P_2D",
  "workload": "small_small_bal",
  "qps": 6,
  "turn1": {
    "count": 60,
    "avg_ttft_ms": 107.31876939535141,
    "avg_tpot_ms": 8.665989488461042,
    "avg_e2e_ms": 1207.8994344299037,
    "p50_ttft_ms": 104.50594313442707,
    "p50_tpot_ms": 8.650873619036412,
    "p50_e2e_ms": 1202.1002359688282,
    "p99_ttft_ms": 152.72935971617696,
    "p99_tpot_ms": 9.087212207162475,
    "p99_e2e_ms": 1296.900316439569
  },
  "turn2": {
    "count": 60,
    "avg_ttft_ms": 105.07650952786207,
    "avg_tpot_ms": 8.679963929194306,
    "avg_e2e_ms": 651.9142370671034,
    "p50_ttft_ms": 103.27884741127491,
    "p50_tpot_ms": 8.689507812498107,
    "p50_e2e_ms": 649.4684852659702,
    "p99_ttft_ms": 148.77470538020128,
    "p99_tpot_ms": 9.262088195435584,
    "p99_e2e_ms": 704.473325535655
  },
  "average": {
    "count": 120,
    "avg_ttft_ms": 106.19763946160674,
    "avg_tpot_ms": 8.672976708827674,
    "avg_e2e_ms": 929.9068357485036,
    "p50_ttft_ms": 103.59302721917629,
    "p50_tpot_ms": 8.662732494041677,
    "p50_e2e_ms": 928.8041051477194,
    "p99_ttft_ms": 154.94653012603524,
    "p99_tpot_ms": 9.254868571010848,
    "p99_e2e_ms": 1287.6803385093808
  },
  "throughput": {
    "requests_per_sec": 11.472810423796279,
    "tokens_per_sec": 1101.3898006844427
  },
  "success_rate": 100.0,
  "total_requests": 120,
  "failed_requests": 0,
  "duration_sec": 10.459512148052454,
  "timestamp": "2026-01-18T09:34:52.175237",
  "error": null
}