{
  "config": "2P_2D",
  "workload": "small_long_gen",
  "qps": 1,
  "turn1": {
    "count": 10,
    "avg_ttft_ms": 98.66082146763802,
    "avg_tpot_ms": 8.064217044143227,
    "avg_e2e_ms": 1122.8163860738277,
    "p50_ttft_ms": 97.57518768310547,
    "p50_tpot_ms": 8.100236465377131,
    "p50_e2e_ms": 1119.8288071900606,
    "p99_ttft_ms": 115.35961326211691,
    "p99_tpot_ms": 8.220238180493745,
    "p99_e2e_ms": 1145.95771510154
  },
  "turn2": {
    "count": 10,
    "avg_ttft_ms": 93.8423853367567,
    "avg_tpot_ms": 8.167813837878157,
    "avg_e2e_ms": 4267.5952564924955,
    "p50_ttft_ms": 94.18816678225994,
    "p50_tpot_ms": 8.191668375626701,
    "p50_e2e_ms": 4281.631834805012,
    "p99_ttft_ms": 105.0867012143135,
    "p99_tpot_ms": 8.328255029675896,
    "p99_e2e_ms": 4338.38480334729
  },
  "average": {
    "count": 20,
    "avg_ttft_ms": 96.25160340219736,
    "avg_tpot_ms": 8.11601544101069,
    "avg_e2e_ms": 2695.2058212831616,
    "p50_ttft_ms": 95.79873085021973,
    "p50_tpot_ms": 8.155520885103837,
    "p50_e2e_ms": 2640.942059457302,
    "p99_ttft_ms": 114.41043574362992,
    "p99_tpot_ms": 8.325444477484535,
    "p99_e2e_ms": 4337.830186225474
  },
  "throughput": {
    "requests_per_sec": 1.4160545430038967,
    "tokens_per_sec": 453.13745376124695
  },
  "success_rate": 100.0,
  "total_requests": 20,
  "failed_requests": 0,
  "duration_sec": 14.123749751597643,
  "timestamp": "2026-01-18T09:26:33.775525",
  "error": null
}