{
  "config": "2P_2D",
  "workload": "large_mid_bal",
  "qps": 16,
  "turn1": {
    "count": 152,
    "avg_ttft_ms": 10693.515324278882,
    "avg_tpot_ms": 11.208923563888998,
    "avg_e2e_ms": 22160.24413013733,
    "p50_ttft_ms": 10392.686551436782,
    "p50_tpot_ms": 11.2527544616575,
    "p50_e2e_ms": 21961.181189864874,
    "p99_ttft_ms": 25709.727735556735,
    "p99_tpot_ms": 11.60819354258616,
    "p99_e2e_ms": 36273.554556779614
  },
  "turn2": {
    "count": 152,
    "avg_ttft_ms": 222.31579888121863,
    "avg_tpot_ms": 11.627994423328447,
    "avg_e2e_ms": 1699.0710906439315,
    "p50_ttft_ms": 169.2196950316429,
    "p50_tpot_ms": 11.7888018400885,
    "p50_e2e_ms": 1693.5284994542599,
    "p99_ttft_ms": 937.0290338993098,
    "p99_tpot_ms": 12.857560738041176,
    "p99_e2e_ms": 2381.8725555017613
  },
  "average": {
    "count": 304,
    "avg_ttft_ms": 5457.91556158005,
    "avg_tpot_ms": 11.418458993608724,
    "avg_e2e_ms": 11929.65761039063,
    "p50_ttft_ms": 209.12908390164375,
    "p50_tpot_ms": 11.371249194645696,
    "p50_e2e_ms": 6791.185408830643,
    "p99_ttft_ms": 21582.80516989529,
    "p99_tpot_ms": 12.828921644882424,
    "p99_e2e_ms": 33186.973230317235
  },
  "throughput": {
    "requests_per_sec": 6.016927106751592,
    "tokens_per_sec": 3465.750013488917
  },
  "success_rate": 100.0,
  "total_requests": 304,
  "failed_requests": 0,
  "duration_sec": 50.524128779768944,
  "timestamp": "2026-01-18T10:18:39.498052",
  "error": null
}