{
  "config": "2P_2D",
  "workload": "small_short_gen",
  "qps": 12,
  "turn1": {
    "count": 120,
    "avg_ttft_ms": 427.0137052672605,
    "avg_tpot_ms": 9.969979673721815,
    "avg_e2e_ms": 1693.201123829931,
    "p50_ttft_ms": 251.72415748238564,
    "p50_tpot_ms": 10.039183758492545,
    "p50_e2e_ms": 1527.904087677598,
    "p99_ttft_ms": 1230.1443604752421,
    "p99_tpot_ms": 10.75020378880848,
    "p99_e2e_ms": 2566.8258327245712
  },
  "turn2": {
    "count": 120,
    "avg_ttft_ms": 153.60208181664348,
    "avg_tpot_ms": 9.93411588829522,
    "avg_e2e_ms": 2686.8016333319247,
    "p50_ttft_ms": 121.8422707170248,
    "p50_tpot_ms": 9.972787940619039,
    "p50_e2e_ms": 2675.137735903263,
    "p99_ttft_ms": 422.6395202428103,
    "p99_tpot_ms": 10.621750176391181,
    "p99_e2e_ms": 3120.467334277928
  },
  "average": {
    "count": 240,
    "avg_ttft_ms": 290.30789354195196,
    "avg_tpot_ms": 9.952047781008519,
    "avg_e2e_ms": 2190.001378580928,
    "p50_ttft_ms": 127.777811139822,
    "p50_tpot_ms": 10.013001165928637,
    "p50_e2e_ms": 2397.9527316987514,
    "p99_ttft_ms": 1227.5274584442377,
    "p99_tpot_ms": 10.63827400015095,
    "p99_e2e_ms": 3065.73674801737
  },
  "throughput": {
    "requests_per_sec": 17.986060543668692,
    "tokens_per_sec": 3453.323624384389
  },
  "success_rate": 100.0,
  "total_requests": 240,
  "failed_requests": 0,
  "duration_sec": 13.343666858971119,
  "timestamp": "2026-01-18T09:25:24.496960",
  "error": null
}