{
  "config": "2P_2D",
  "workload": "large_big_paste",
  "qps": 1,
  "turn1": {
    "count": 10,
    "avg_ttft_ms": 127.1246463060379,
    "avg_tpot_ms": 8.401463960797207,
    "avg_e2e_ms": 8721.82227820158,
    "p50_ttft_ms": 123.99336323142052,
    "p50_tpot_ms": 8.455483091745675,
    "p50_e2e_ms": 8774.23400990665,
    "p99_ttft_ms": 145.07959757000208,
    "p99_tpot_ms": 8.467754294270994,
    "p99_e2e_ms": 8793.501130230725
  },
  "turn2": {
    "count": 10,
    "avg_ttft_ms": 163.32238242030144,
    "avg_tpot_ms": 8.274886863572258,
    "avg_e2e_ms": 684.6402548253536,
    "p50_ttft_ms": 158.05986523628235,
    "p50_tpot_ms": 8.254901668618595,
    "p50_e2e_ms": 684.4231858849525,
    "p99_ttft_ms": 182.5666058808565,
    "p99_tpot_ms": 8.783460131122007,
    "p99_e2e_ms": 711.5721910446882
  },
  "average": {
    "count": 20,
    "avg_ttft_ms": 145.22351436316967,
    "avg_tpot_ms": 8.338175412184732,
    "avg_e2e_ms": 4703.231266513467,
    "p50_ttft_ms": 149.6028658002615,
    "p50_tpot_ms": 8.42792763832669,
    "p50_e2e_ms": 4561.887180432677,
    "p99_ttft_ms": 181.32973127067086,
    "p99_tpot_ms": 8.758873209238999,
    "p99_e2e_ms": 8793.391158543527
  },
  "throughput": {
    "requests_per_sec": 1.179702110510738,
    "tokens_per_sec": 641.7579481178415
  },
  "success_rate": 100.0,
  "total_requests": 20,
  "failed_requests": 0,
  "duration_sec": 16.95343241468072,
  "timestamp": "2026-01-18T10:25:21.968520",
  "error": null
}