{
  "config": "2P_2D",
  "workload": "large_mid_paste",
  "qps": 12,
  "turn1": {
    "count": 110,
    "avg_ttft_ms": 5081.974763558669,
    "avg_tpot_ms": 11.158983436054166,
    "avg_e2e_ms": 16497.614818642087,
    "p50_ttft_ms": 7160.19568964839,
    "p50_tpot_ms": 11.350059086130978,
    "p50_e2e_ms": 18633.135365322232,
    "p99_ttft_ms": 16285.185501985252,
    "p99_tpot_ms": 11.953967854249512,
    "p99_e2e_ms": 26006.942337080836
  },
  "turn2": {
    "count": 110,
    "avg_ttft_ms": 203.38856083425608,
    "avg_tpot_ms": 11.261720398997337,
    "avg_e2e_ms": 912.8769459710879,
    "p50_ttft_ms": 169.03017833828926,
    "p50_tpot_ms": 11.486433535104705,
    "p50_e2e_ms": 905.0508253276348,
    "p99_ttft_ms": 590.4216439649462,
    "p99_tpot_ms": 13.183675568609956,
    "p99_e2e_ms": 1313.7120668217538
  },
  "average": {
    "count": 220,
    "avg_ttft_ms": 2642.6816621964626,
    "avg_tpot_ms": 11.21035191752575,
    "avg_e2e_ms": 8705.245882306586,
    "p50_ttft_ms": 186.40483170747757,
    "p50_tpot_ms": 11.442280093592311,
    "p50_e2e_ms": 5888.233983889222,
    "p99_ttft_ms": 16239.028965458274,
    "p99_tpot_ms": 13.131735355016732,
    "p99_e2e_ms": 25953.482640348375
  },
  "throughput": {
    "requests_per_sec": 6.032005817916248,
    "tokens_per_sec": 3281.411164946439
  },
  "success_rate": 100.0,
  "total_requests": 220,
  "failed_requests": 0,
  "duration_sec": 36.472113363444805,
  "timestamp": "2026-01-18T10:22:58.406476",
  "error": null
}