{
  "config": "2P_2D",
  "workload": "small_big_paste",
  "qps": 4,
  "turn1": {
    "count": 39,
    "avg_ttft_ms": 108.29756485346036,
    "avg_tpot_ms": 8.321705247395306,
    "avg_e2e_ms": 1165.1541312726645,
    "p50_ttft_ms": 101.59901157021523,
    "p50_tpot_ms": 8.328568249002217,
    "p50_e2e_ms": 1169.3399138748646,
    "p99_ttft_ms": 199.77646507322777,
    "p99_tpot_ms": 8.609601948556938,
    "p99_e2e_ms": 1259.8834317177534
  },
  "turn2": {
    "count": 39,
    "avg_ttft_ms": 136.60293836624194,
    "avg_tpot_ms": 8.323617250721874,
    "avg_e2e_ms": 660.99082516172,
    "p50_ttft_ms": 132.48906657099724,
    "p50_tpot_ms": 8.304749571141743,
    "p50_e2e_ms": 660.1072661578655,
    "p99_ttft_ms": 225.22777654230586,
    "p99_tpot_ms": 8.790570321300674,
    "p99_e2e_ms": 750.1503343880177
  },
  "average": {
    "count": 78,
    "avg_ttft_ms": 122.45025160985115,
    "avg_tpot_ms": 8.32266124905859,
    "avg_e2e_ms": 913.0724782171922,
    "p50_ttft_ms": 119.55446936190128,
    "p50_tpot_ms": 8.318762527400443,
    "p50_e2e_ms": 921.5925503522158,
    "p99_ttft_ms": 222.6445962116123,
    "p99_tpot_ms": 8.759194448708543,
    "p99_e2e_ms": 1245.520099066198
  },
  "throughput": {
    "requests_per_sec": 6.933703968292073,
    "tokens_per_sec": 665.635580956039
  },
  "success_rate": 100.0,
  "total_requests": 78,
  "failed_requests": 0,
  "duration_sec": 11.24939864128828,
  "timestamp": "2026-01-18T09:40:31.755715",
  "error": null
}