{
  "config": "2P_2D",
  "workload": "small_huge_paste",
  "qps": 0.5,
  "turn1": {
    "count": 5,
    "avg_ttft_ms": 104.59449663758278,
    "avg_tpot_ms": 7.971343398094177,
    "avg_e2e_ms": 1116.9551081955433,
    "p50_ttft_ms": 107.40818455815315,
    "p50_tpot_ms": 7.943340467186425,
    "p50_e2e_ms": 1116.750095039606,
    "p99_ttft_ms": 122.18611940741539,
    "p99_tpot_ms": 8.061738728772937,
    "p99_e2e_ms": 1132.2323268651962
  },
  "turn2": {
    "count": 5,
    "avg_ttft_ms": 141.2142775952816,
    "avg_tpot_ms": 8.14037952692278,
    "avg_e2e_ms": 393.5660429298878,
    "p50_ttft_ms": 137.73508369922638,
    "p50_tpot_ms": 8.04447827319945,
    "p50_e2e_ms": 393.6305083334446,
    "p99_ttft_ms": 148.85239586234093,
    "p99_tpot_ms": 8.3354965573357,
    "p99_e2e_ms": 404.39577028155327
  },
  "average": {
    "count": 10,
    "avg_ttft_ms": 122.90438711643219,
    "avg_tpot_ms": 8.055861462508478,
    "avg_e2e_ms": 755.2605755627155,
    "p50_ttft_ms": 128.94317135214806,
    "p50_tpot_ms": 8.041729287622633,
    "p50_e2e_ms": 749.1722144186497,
    "p99_ttft_ms": 148.82663901895285,
    "p99_tpot_ms": 8.331130517105903,
    "p99_e2e_ms": 1132.1977652981877
  },
  "throughput": {
    "requests_per_sec": 1.4177464125550907,
    "tokens_per_sec": 113.41971300440726
  },
  "success_rate": 100.0,
  "total_requests": 10,
  "failed_requests": 0,
  "duration_sec": 7.05344757810235,
  "timestamp": "2026-01-18T09:41:52.131065",
  "error": null
}