{
  "config": "2P_2D",
  "workload": "small_tiny",
  "qps": 0.5,
  "turn1": {
    "count": 5,
    "avg_ttft_ms": 129.74858954548836,
    "avg_tpot_ms": 7.849600277547762,
    "avg_e2e_ms": 1126.647824794054,
    "p50_ttft_ms": 148.13000336289406,
    "p50_tpot_ms": 7.847031505089107,
    "p50_e2e_ms": 1137.3922675848007,
    "p99_ttft_ms": 153.58355715870857,
    "p99_tpot_ms": 7.942907540347632,
    "p99_e2e_ms": 1162.332814782858
  },
  "turn2": {
    "count": 5,
    "avg_ttft_ms": 95.19061297178268,
    "avg_tpot_ms": 7.910881143423819,
    "avg_e2e_ms": 340.42792841792107,
    "p50_ttft_ms": 92.95285493135452,
    "p50_tpot_ms": 7.950108858846849,
    "p50_e2e_ms": 339.5409435033798,
    "p99_ttft_ms": 101.26329004764557,
    "p99_tpot_ms": 8.010241187387896,
    "p99_e2e_ms": 349.57537829875946
  },
  "average": {
    "count": 10,
    "avg_ttft_ms": 112.46960125863552,
    "avg_tpot_ms": 7.880240710485789,
    "avg_e2e_ms": 733.5378766059875,
    "p50_ttft_ms": 99.97203014791012,
    "p50_tpot_ms": 7.851989749144382,
    "p50_e2e_ms": 719.8074385523796,
    "p99_ttft_ms": 153.30131147056818,
    "p99_tpot_ms": 8.007335629194014,
    "p99_e2e_ms": 1161.4819825068116
  },
  "throughput": {
    "requests_per_sec": 1.4741149838146117,
    "tokens_per_sec": 117.92919870516894
  },
  "success_rate": 100.0,
  "total_requests": 10,
  "failed_requests": 0,
  "duration_sec": 6.783731330186129,
  "timestamp": "2026-01-18T09:22:02.688772",
  "error": null
}