{
  "config": "2P_2D",
  "workload": "large_small_bal",
  "qps": 10,
  "turn1": {
    "count": 98,
    "avg_ttft_ms": 3774.899604445209,
    "avg_tpot_ms": 11.1168287950848,
    "avg_e2e_ms": 15147.415461816958,
    "p50_ttft_ms": 281.0213901102543,
    "p50_tpot_ms": 11.225197742805104,
    "p50_e2e_ms": 12181.730763986707,
    "p99_ttft_ms": 8823.189268819988,
    "p99_tpot_ms": 11.6694667799178,
    "p99_e2e_ms": 20182.5440665707
  },
  "turn2": {
    "count": 98,
    "avg_ttft_ms": 178.0557983307814,
    "avg_tpot_ms": 11.039629839252108,
    "avg_e2e_ms": 873.552478203664,
    "p50_ttft_ms": 161.08155995607376,
    "p50_tpot_ms": 11.390410274976777,
    "p50_e2e_ms": 878.8616005331278,
    "p99_ttft_ms": 330.9059301391244,
    "p99_tpot_ms": 12.449441467012678,
    "p99_e2e_ms": 1056.4288274943829
  },
  "average": {
    "count": 196,
    "avg_ttft_ms": 1976.4777013879955,
    "avg_tpot_ms": 11.078229317168454,
    "avg_e2e_ms": 8010.483970010311,
    "p50_ttft_ms": 170.13045400381088,
    "p50_tpot_ms": 11.263430291533703,
    "p50_e2e_ms": 5752.487702295184,
    "p99_ttft_ms": 8743.37544925511,
    "p99_tpot_ms": 12.398629807054052,
    "p99_e2e_ms": 20179.471038468182
  },
  "throughput": {
    "requests_per_sec": 6.377907656645857,
    "tokens_per_sec": 3469.5817652153464
  },
  "success_rate": 100.0,
  "total_requests": 196,
  "failed_requests": 0,
  "duration_sec": 30.731081500649452,
  "timestamp": "2026-01-18T10:12:13.169313",
  "error": null
}