{
  "config": "2P_2D",
  "workload": "small_tiny",
  "qps": 2,
  "turn1": {
    "count": 20,
    "avg_ttft_ms": 97.35519420355558,
    "avg_tpot_ms": 8.072212757909393,
    "avg_e2e_ms": 1122.5262144580483,
    "p50_ttft_ms": 95.81553936004639,
    "p50_tpot_ms": 8.025215982686817,
    "p50_e2e_ms": 1116.4778172969818,
    "p99_ttft_ms": 134.82564136385915,
    "p99_tpot_ms": 8.396612112153703,
    "p99_e2e_ms": 1192.605998851359
  },
  "turn2": {
    "count": 20,
    "avg_ttft_ms": 93.44092179089785,
    "avg_tpot_ms": 8.099839668120108,
    "avg_e2e_ms": 344.5359515026212,
    "p50_ttft_ms": 91.52635186910629,
    "p50_tpot_ms": 8.043580838749484,
    "p50_e2e_ms": 341.6180685162544,
    "p99_ttft_ms": 114.40709121525288,
    "p99_tpot_ms": 8.768974794976172,
    "p99_e2e_ms": 373.13125621527433
  },
  "average": {
    "count": 40,
    "avg_ttft_ms": 95.39805799722672,
    "avg_tpot_ms": 8.086026213014751,
    "avg_e2e_ms": 733.5310829803348,
    "p50_ttft_ms": 94.93623673915863,
    "p50_tpot_ms": 8.033491750095198,
    "p50_e2e_ms": 727.7556229382753,
    "p99_ttft_ms": 130.37124320864677,
    "p99_tpot_ms": 8.68105366585716,
    "p99_e2e_ms": 1186.3079686835408
  },
  "throughput": {
    "requests_per_sec": 5.009047046960386,
    "tokens_per_sec": 400.72376375683086
  },
  "success_rate": 100.0,
  "total_requests": 40,
  "failed_requests": 0,
  "duration_sec": 7.985550869256258,
  "timestamp": "2026-01-18T09:22:19.959102",
  "error": null
}