{
  "config": "2P_2D",
  "workload": "large_big_paste",
  "qps": 10,
  "turn1": {
    "count": 98,
    "avg_ttft_ms": 3790.3781789830145,
    "avg_tpot_ms": 11.185424556489691,
    "avg_e2e_ms": 15233.067500271967,
    "p50_ttft_ms": 265.3355821967125,
    "p50_tpot_ms": 11.196222778988723,
    "p50_e2e_ms": 12360.229389742017,
    "p99_ttft_ms": 8135.209640860558,
    "p99_tpot_ms": 11.924960303756674,
    "p99_e2e_ms": 19954.739184342325
  },
  "turn2": {
    "count": 98,
    "avg_ttft_ms": 190.42006959872586,
    "avg_tpot_ms": 11.397522941453772,
    "avg_e2e_ms": 908.4640149103135,
    "p50_ttft_ms": 178.6851566284895,
    "p50_tpot_ms": 11.485585883732826,
    "p50_e2e_ms": 904.2724967002869,
    "p99_ttft_ms": 313.45997504889965,
    "p99_tpot_ms": 13.255476434197691,
    "p99_e2e_ms": 1091.453810594976
  },
  "average": {
    "count": 196,
    "avg_ttft_ms": 1990.39912429087,
    "avg_tpot_ms": 11.291473748971733,
    "avg_e2e_ms": 8070.765757591141,
    "p50_ttft_ms": 181.38772435486317,
    "p50_tpot_ms": 11.330405738157378,
    "p50_e2e_ms": 5787.74980828166,
    "p99_ttft_ms": 8118.733746744692,
    "p99_tpot_ms": 13.232477523741268,
    "p99_e2e_ms": 19914.92034457624
  },
  "throughput": {
    "requests_per_sec": 6.534021204623461,
    "tokens_per_sec": 3554.5075353151633
  },
  "success_rate": 100.0,
  "total_requests": 196,
  "failed_requests": 0,
  "duration_sec": 29.996841739863157,
  "timestamp": "2026-01-18T10:27:20.006599",
  "error": null
}