{
  "config": "2P_2D",
  "workload": "small_short_gen",
  "qps": 4,
  "turn1": {
    "count": 40,
    "avg_ttft_ms": 106.52571804821491,
    "avg_tpot_ms": 8.58317324671689,
    "avg_e2e_ms": 1196.58872038126,
    "p50_ttft_ms": 100.81332363188267,
    "p50_tpot_ms": 8.642346136213288,
    "p50_e2e_ms": 1198.3421314507723,
    "p99_ttft_ms": 161.82513736188412,
    "p99_tpot_ms": 8.92751385670478,
    "p99_e2e_ms": 1255.02685893327
  },
  "turn2": {
    "count": 40,
    "avg_ttft_ms": 102.14348239824176,
    "avg_tpot_ms": 8.595693998550084,
    "avg_e2e_ms": 2294.045452028513,
    "p50_ttft_ms": 99.1251990199089,
    "p50_tpot_ms": 8.697167944674398,
    "p50_e2e_ms": 2320.5929957330227,
    "p99_ttft_ms": 141.5460530668497,
    "p99_tpot_ms": 8.875401800754023,
    "p99_e2e_ms": 2364.3912567570806
  },
  "average": {
    "count": 80,
    "avg_ttft_ms": 104.33460022322834,
    "avg_tpot_ms": 8.589433622633488,
    "avg_e2e_ms": 1745.3170862048864,
    "p50_ttft_ms": 99.41500797867775,
    "p50_tpot_ms": 8.662723855474802,
    "p50_e2e_ms": 1676.044788211584,
    "p99_ttft_ms": 153.52621279656873,
    "p99_tpot_ms": 8.917917579295128,
    "p99_e2e_ms": 2362.448447830975
  },
  "throughput": {
    "requests_per_sec": 6.335985248016944,
    "tokens_per_sec": 1216.5091676192533
  },
  "success_rate": 100.0,
  "total_requests": 80,
  "failed_requests": 0,
  "duration_sec": 12.626292023807764,
  "timestamp": "2026-01-18T09:24:31.704721",
  "error": null
}