{
  "config": "2P_2D",
  "workload": "large_very_long_gen",
  "qps": 8,
  "turn1": {
    "count": 80,
    "avg_ttft_ms": 6993.398045934737,
    "avg_tpot_ms": 10.892547045143381,
    "avg_e2e_ms": 18136.473673116416,
    "p50_ttft_ms": 193.24015080928802,
    "p50_tpot_ms": 11.015875705627984,
    "p50_e2e_ms": 11799.347514286637,
    "p99_ttft_ms": 19188.83699785918,
    "p99_tpot_ms": 11.475135665295877,
    "p99_e2e_ms": 30363.81570406258
  },
  "turn2": {
    "count": 80,
    "avg_ttft_ms": 164.20058221556246,
    "avg_tpot_ms": 11.659539384286731,
    "avg_e2e_ms": 12091.909372340888,
    "p50_ttft_ms": 158.94120931625366,
    "p50_tpot_ms": 11.846554845221931,
    "p50_e2e_ms": 12273.009149357677,
    "p99_ttft_ms": 250.50474707037156,
    "p99_tpot_ms": 12.570820211643172,
    "p99_e2e_ms": 13022.125387601554
  },
  "average": {
    "count": 160,
    "avg_ttft_ms": 3578.7993140751496,
    "avg_tpot_ms": 11.276043214715056,
    "avg_e2e_ms": 15114.191522728652,
    "p50_ttft_ms": 163.30312192440033,
    "p50_tpot_ms": 11.254193263086522,
    "p50_e2e_ms": 12029.738318175077,
    "p99_ttft_ms": 19155.78700851649,
    "p99_tpot_ms": 12.567657616175165,
    "p99_e2e_ms": 30307.636410556734
  },
  "throughput": {
    "requests_per_sec": 3.1837717199015536,
    "tokens_per_sec": 3260.182241179191
  },
  "success_rate": 100.0,
  "total_requests": 160,
  "failed_requests": 0,
  "duration_sec": 50.25485935434699,
  "timestamp": "2026-01-18T10:04:13.868554",
  "error": null
}