{
  "config": "2P_2D",
  "workload": "large_huge_paste",
  "qps": 1,
  "turn1": {
    "count": 10,
    "avg_ttft_ms": 148.21129590272903,
    "avg_tpot_ms": 8.519674728343213,
    "avg_e2e_ms": 8863.838542997837,
    "p50_ttft_ms": 140.12009277939796,
    "p50_tpot_ms": 8.543464600063956,
    "p50_e2e_ms": 8894.702458754182,
    "p99_ttft_ms": 206.88990764319897,
    "p99_tpot_ms": 8.69393298509854,
    "p99_e2e_ms": 9052.648863121867
  },
  "turn2": {
    "count": 10,
    "avg_ttft_ms": 181.1352141201496,
    "avg_tpot_ms": 8.487211191846479,
    "avg_e2e_ms": 444.23876106739044,
    "p50_ttft_ms": 182.73440934717655,
    "p50_tpot_ms": 8.585813365155651,
    "p50_e2e_ms": 445.3046452254057,
    "p99_ttft_ms": 202.58173190057278,
    "p99_tpot_ms": 8.971236296478779,
    "p99_e2e_ms": 480.69005709141493
  },
  "average": {
    "count": 20,
    "avg_ttft_ms": 164.67325501143932,
    "avg_tpot_ms": 8.503442960094846,
    "avg_e2e_ms": 4654.038652032614,
    "p50_ttft_ms": 169.22972723841667,
    "p50_tpot_ms": 8.545975361969813,
    "p50_e2e_ms": 4526.41854993999,
    "p99_ttft_ms": 209.01020873337984,
    "p99_tpot_ms": 8.96106866939414,
    "p99_e2e_ms": 9050.567827299237
  },
  "throughput": {
    "requests_per_sec": 1.2544210796852844,
    "tokens_per_sec": 662.3343300738301
  },
  "success_rate": 100.0,
  "total_requests": 20,
  "failed_requests": 0,
  "duration_sec": 15.94360962510109,
  "timestamp": "2026-01-18T10:30:15.260416",
  "error": null
}