{
  "config": "2P_2D",
  "workload": "small_mid_paste",
  "qps": 1,
  "turn1": {
    "count": 10,
    "avg_ttft_ms": 99.0792166441679,
    "avg_tpot_ms": 8.010951714135532,
    "avg_e2e_ms": 1116.4700843393803,
    "p50_ttft_ms": 95.57611122727394,
    "p50_tpot_ms": 8.051558933037473,
    "p50_e2e_ms": 1116.1546967923641,
    "p99_ttft_ms": 111.69421672821045,
    "p99_tpot_ms": 8.159633856120072,
    "p99_e2e_ms": 1132.0789735391736
  },
  "turn2": {
    "count": 10,
    "avg_ttft_ms": 108.31286422908306,
    "avg_tpot_ms": 7.980437470333918,
    "avg_e2e_ms": 611.0804248601198,
    "p50_ttft_ms": 108.25293511152267,
    "p50_tpot_ms": 7.954648474142665,
    "p50_e2e_ms": 609.3957889825106,
    "p99_ttft_ms": 125.90224858373404,
    "p99_tpot_ms": 8.264929584804035,
    "p99_e2e_ms": 638.838463909924
  },
  "average": {
    "count": 20,
    "avg_ttft_ms": 103.69604043662548,
    "avg_tpot_ms": 7.995694592234726,
    "avg_e2e_ms": 863.77525459975,
    "p50_ttft_ms": 105.63062317669392,
    "p50_tpot_ms": 7.9870841058138495,
    "p50_e2e_ms": 869.42358314991,
    "p99_ttft_ms": 125.38727898150682,
    "p99_tpot_ms": 8.261557700378553,
    "p99_e2e_ms": 1131.9498777016997
  },
  "throughput": {
    "requests_per_sec": 2.2692696074895657,
    "tokens_per_sec": 217.84988231899834
  },
  "success_rate": 100.0,
  "total_requests": 20,
  "failed_requests": 0,
  "duration_sec": 8.813408479094505,
  "timestamp": "2026-01-18T09:38:15.646435",
  "error": null
}