{
  "config": "2P_2D",
  "workload": "small_long_gen",
  "qps": 12,
  "turn1": {
    "count": 120,
    "avg_ttft_ms": 2533.6504933424294,
    "avg_tpot_ms": 9.9914015214548,
    "avg_e2e_ms": 3802.5584865671894,
    "p50_ttft_ms": 3180.2948992699385,
    "p50_tpot_ms": 10.007653268068793,
    "p50_e2e_ms": 4470.806302502751,
    "p99_ttft_ms": 6832.770551480353,
    "p99_tpot_ms": 10.879570806296323,
    "p99_e2e_ms": 8044.907009117305
  },
  "turn2": {
    "count": 120,
    "avg_ttft_ms": 132.45355086401105,
    "avg_tpot_ms": 9.889651797116482,
    "avg_e2e_ms": 5186.065619190534,
    "p50_ttft_ms": 115.73701351881027,
    "p50_tpot_ms": 9.885389416126824,
    "p50_e2e_ms": 5207.88905210793,
    "p99_ttft_ms": 346.72275412827753,
    "p99_tpot_ms": 10.546900766323924,
    "p99_e2e_ms": 5559.168602377176
  },
  "average": {
    "count": 240,
    "avg_ttft_ms": 1333.0520221032202,
    "avg_tpot_ms": 9.940526659285641,
    "avg_e2e_ms": 4494.312052878861,
    "p50_ttft_ms": 133.01067426800728,
    "p50_tpot_ms": 9.985061450384734,
    "p50_e2e_ms": 5006.19462877512,
    "p99_ttft_ms": 6787.1125968918195,
    "p99_tpot_ms": 10.86462177658879,
    "p99_e2e_ms": 8019.695744737983
  },
  "throughput": {
    "requests_per_sec": 11.186309020324115,
    "tokens_per_sec": 3579.618886503717
  },
  "success_rate": 100.0,
  "total_requests": 240,
  "failed_requests": 0,
  "duration_sec": 21.454797964543104,
  "timestamp": "2026-01-18T09:28:13.415992",
  "error": null
}