{
  "config": "2P_2D",
  "workload": "large_huge_paste",
  "qps": 10,
  "turn1": {
    "count": 100,
    "avg_ttft_ms": 4633.222504071891,
    "avg_tpot_ms": 11.17082221358869,
    "avg_e2e_ms": 16060.97362857312,
    "p50_ttft_ms": 3150.9270425885916,
    "p50_tpot_ms": 11.352570408833225,
    "p50_e2e_ms": 14652.446936815977,
    "p99_ttft_ms": 11846.807959340513,
    "p99_tpot_ms": 12.350378519912793,
    "p99_e2e_ms": 23257.32696145773
  },
  "turn2": {
    "count": 100,
    "avg_ttft_ms": 665.6511384621263,
    "avg_tpot_ms": 10.94732645418375,
    "avg_e2e_ms": 1005.0182585418224,
    "p50_ttft_ms": 235.6217708438635,
    "p50_tpot_ms": 10.890394028636717,
    "p50_e2e_ms": 586.5294896066189,
    "p99_ttft_ms": 2692.4541934579615,
    "p99_tpot_ms": 14.586215176649633,
    "p99_e2e_ms": 3036.962720230222
  },
  "average": {
    "count": 200,
    "avg_ttft_ms": 2649.436821267009,
    "avg_tpot_ms": 11.059074333886219,
    "avg_e2e_ms": 8532.995943557471,
    "p50_ttft_ms": 256.84886798262596,
    "p50_tpot_ms": 11.09566632385128,
    "p50_e2e_ms": 6635.587807744741,
    "p99_ttft_ms": 11828.542573824525,
    "p99_tpot_ms": 14.181979011383746,
    "p99_e2e_ms": 23193.087028488517
  },
  "throughput": {
    "requests_per_sec": 5.977136469693942,
    "tokens_per_sec": 3155.9280559984018
  },
  "success_rate": 100.0,
  "total_requests": 200,
  "failed_requests": 0,
  "duration_sec": 33.460838817059994,
  "timestamp": "2026-01-18T10:32:17.171724",
  "error": null
}