{
  "config": "2P_2D",
  "workload": "small_mid_bal",
  "qps": 20,
  "turn1": {
    "count": 200,
    "avg_ttft_ms": 745.2364950627089,
    "avg_tpot_ms": 10.30964997516373,
    "avg_e2e_ms": 2054.5620419085026,
    "p50_ttft_ms": 628.8520209491253,
    "p50_tpot_ms": 10.402369466940248,
    "p50_e2e_ms": 1917.6188055425882,
    "p99_ttft_ms": 2110.9634980186815,
    "p99_tpot_ms": 11.177587722699473,
    "p99_e2e_ms": 3378.851210772991
  },
  "turn2": {
    "count": 200,
    "avg_ttft_ms": 175.35382315516472,
    "avg_tpot_ms": 10.230086456368289,
    "avg_e2e_ms": 1474.5748031139374,
    "p50_ttft_ms": 145.04027925431728,
    "p50_tpot_ms": 10.335397283275295,
    "p50_e2e_ms": 1451.878473162651,
    "p99_ttft_ms": 419.5017855241889,
    "p99_tpot_ms": 11.135488351674999,
    "p99_e2e_ms": 1810.4043779894703
  },
  "average": {
    "count": 400,
    "avg_ttft_ms": 460.2951591089368,
    "avg_tpot_ms": 10.26986821576601,
    "avg_e2e_ms": 1764.56842251122,
    "p50_ttft_ms": 205.3821161389351,
    "p50_tpot_ms": 10.380726879623932,
    "p50_e2e_ms": 1538.432089611888,
    "p99_ttft_ms": 2005.1838651671999,
    "p99_tpot_ms": 11.175035220666196,
    "p99_e2e_ms": 3317.49957151711
  },
  "throughput": {
    "requests_per_sec": 27.827573267922627,
    "tokens_per_sec": 3561.9293782940963
  },
  "success_rate": 100.0,
  "total_requests": 400,
  "failed_requests": 0,
  "duration_sec": 14.374232210218906,
  "timestamp": "2026-01-18T09:37:53.543467",
  "error": null
}