{
  "config": "2P_2D",
  "workload": "small_very_long_gen",
  "qps": 6,
  "turn1": {
    "count": 56,
    "avg_ttft_ms": 352.79616800003816,
    "avg_tpot_ms": 9.373985670393811,
    "avg_e2e_ms": 1543.2923481400524,
    "p50_ttft_ms": 106.50588385760784,
    "p50_tpot_ms": 9.567672621429436,
    "p50_e2e_ms": 1324.2032676935196,
    "p99_ttft_ms": 2508.7067004293203,
    "p99_tpot_ms": 10.271527467104862,
    "p99_e2e_ms": 3758.554076217115
  },
  "turn2": {
    "count": 56,
    "avg_ttft_ms": 108.12945284747651,
    "avg_tpot_ms": 9.69807303726107,
    "avg_e2e_ms": 10029.258169965553,
    "p50_ttft_ms": 106.39777407050133,
    "p50_tpot_ms": 9.769489378727542,
    "p50_e2e_ms": 10106.693018227816,
    "p99_ttft_ms": 156.11753910779964,
    "p99_tpot_ms": 10.028370309034809,
    "p99_e2e_ms": 10375.587477721274
  },
  "average": {
    "count": 112,
    "avg_ttft_ms": 230.46281042375736,
    "avg_tpot_ms": 9.536029353827441,
    "avg_e2e_ms": 5786.2752590528025,
    "p50_ttft_ms": 106.50588385760784,
    "p50_tpot_ms": 9.689371683250414,
    "p50_e2e_ms": 6509.453659877181,
    "p99_ttft_ms": 2484.9572375789285,
    "p99_tpot_ms": 10.243491273461364,
    "p99_e2e_ms": 10370.790582858026
  },
  "throughput": {
    "requests_per_sec": 4.953423725209316,
    "tokens_per_sec": 2853.172065720566
  },
  "success_rate": 100.0,
  "total_requests": 112,
  "failed_requests": 0,
  "duration_sec": 22.610623724758625,
  "timestamp": "2026-01-18T09:30:46.198800",
  "error": null
}