{
  "config": "2P_2D",
  "workload": "large_huge_paste",
  "qps": 12,
  "turn1": {
    "count": 120,
    "avg_ttft_ms": 7171.977764119704,
    "avg_tpot_ms": 10.969405028023463,
    "avg_e2e_ms": 18393.67910778771,
    "p50_ttft_ms": 8738.24118822813,
    "p50_tpot_ms": 11.161786517745588,
    "p50_e2e_ms": 20194.821640849113,
    "p99_ttft_ms": 19037.129409983754,
    "p99_tpot_ms": 11.399063480542727,
    "p99_e2e_ms": 28887.53634277731
  },
  "turn2": {
    "count": 120,
    "avg_ttft_ms": 552.4407819223901,
    "avg_tpot_ms": 11.21538856457318,
    "avg_e2e_ms": 900.1178274241587,
    "p50_ttft_ms": 230.53393885493279,
    "p50_tpot_ms": 11.46817850249429,
    "p50_e2e_ms": 582.9948429018259,
    "p99_ttft_ms": 2520.3880408033738,
    "p99_tpot_ms": 13.306041149602782,
    "p99_e2e_ms": 2869.351463019849
  },
  "average": {
    "count": 240,
    "avg_ttft_ms": 3862.2092730210475,
    "avg_tpot_ms": 11.09239679629832,
    "avg_e2e_ms": 9646.898467605934,
    "p50_ttft_ms": 329.27339151501656,
    "p50_tpot_ms": 11.176024597294752,
    "p50_e2e_ms": 10841.456590220332,
    "p99_ttft_ms": 18343.418864496045,
    "p99_tpot_ms": 13.19509804849663,
    "p99_e2e_ms": 28479.047769755125
  },
  "throughput": {
    "requests_per_sec": 6.410475524137977,
    "tokens_per_sec": 3384.731076744852
  },
  "success_rate": 100.0,
  "total_requests": 240,
  "failed_requests": 0,
  "duration_sec": 37.438720278441906,
  "timestamp": "2026-01-18T10:32:54.650992",
  "error": null
}