{
  "config": "2P_2D",
  "workload": "small_very_long_gen",
  "qps": 4,
  "turn1": {
    "count": 40,
    "avg_ttft_ms": 111.57016977667809,
    "avg_tpot_ms": 9.163691008859498,
    "avg_e2e_ms": 1275.3589279018342,
    "p50_ttft_ms": 109.69467647373676,
    "p50_tpot_ms": 9.173366131158325,
    "p50_e2e_ms": 1282.9942051321268,
    "p99_ttft_ms": 143.32517690956593,
    "p99_tpot_ms": 10.168219917109163,
    "p99_e2e_ms": 1406.4200113713741
  },
  "turn2": {
    "count": 40,
    "avg_ttft_ms": 107.28822648525238,
    "avg_tpot_ms": 9.417500937738087,
    "avg_e2e_ms": 9741.391685791314,
    "p50_ttft_ms": 104.08408008515835,
    "p50_tpot_ms": 9.43078169688393,
    "p50_e2e_ms": 9754.847910255194,
    "p99_ttft_ms": 161.81641351431608,
    "p99_tpot_ms": 9.818727896637116,
    "p99_e2e_ms": 10152.675989344716
  },
  "average": {
    "count": 80,
    "avg_ttft_ms": 109.42919813096523,
    "avg_tpot_ms": 9.29059597329879,
    "avg_e2e_ms": 5508.375306846574,
    "p50_ttft_ms": 105.97073473036289,
    "p50_tpot_ms": 9.269867147323758,
    "p50_e2e_ms": 5315.632862970233,
    "p99_ttft_ms": 157.66006987541908,
    "p99_tpot_ms": 10.153163795572096,
    "p99_e2e_ms": 10150.849610641599
  },
  "throughput": {
    "requests_per_sec": 4.152166912428772,
    "tokens_per_sec": 2391.648141558973
  },
  "success_rate": 100.0,
  "total_requests": 80,
  "failed_requests": 0,
  "duration_sec": 19.267048191279173,
  "timestamp": "2026-01-18T09:30:23.548829",
  "error": null
}