{
  "config": "2P_2D",
  "workload": "large_long_gen",
  "qps": 20,
  "turn1": {
    "count": 177,
    "avg_ttft_ms": 19774.28606255664,
    "avg_tpot_ms": 11.172049033492598,
    "avg_e2e_ms": 31203.292223819568,
    "p50_ttft_ms": 15610.85730791092,
    "p50_tpot_ms": 11.351394782958959,
    "p50_e2e_ms": 27512.671437114477,
    "p99_ttft_ms": 46179.814483225346,
    "p99_tpot_ms": 11.978551837909723,
    "p99_e2e_ms": 57021.83918491006
  },
  "turn2": {
    "count": 177,
    "avg_ttft_ms": 166.00598731620164,
    "avg_tpot_ms": 11.684589783991504,
    "avg_e2e_ms": 6136.83136693586,
    "p50_ttft_ms": 159.92353111505508,
    "p50_tpot_ms": 11.81402077821836,
    "p50_e2e_ms": 6199.731785804033,
    "p99_ttft_ms": 265.5693785846234,
    "p99_tpot_ms": 12.597887402586275,
    "p99_e2e_ms": 6622.407656461
  },
  "average": {
    "count": 354,
    "avg_ttft_ms": 9970.14602493642,
    "avg_tpot_ms": 11.42831940874205,
    "avg_e2e_ms": 18670.061795377715,
    "p50_ttft_ms": 180.4107464849949,
    "p50_tpot_ms": 11.512883769351909,
    "p50_e2e_ms": 8529.047049582005,
    "p99_ttft_ms": 46145.94462227076,
    "p99_tpot_ms": 12.58973537505023,
    "p99_e2e_ms": 56963.95055554807
  },
  "throughput": {
    "requests_per_sec": 4.8905893109741685,
    "tokens_per_sec": 3755.972590828161
  },
  "success_rate": 100.0,
  "total_requests": 354,
  "failed_requests": 0,
  "duration_sec": 72.38391479849815,
  "timestamp": "2026-01-18T10:00:49.522422",
  "error": null
}