{
  "config": "2P_2D",
  "workload": "small_huge_paste",
  "qps": 12,
  "turn1": {
    "count": 109,
    "avg_ttft_ms": 143.54555835144237,
    "avg_tpot_ms": 9.176526015743754,
    "avg_e2e_ms": 1308.9643623508991,
    "p50_ttft_ms": 112.7205491065979,
    "p50_tpot_ms": 9.211045814546074,
    "p50_e2e_ms": 1288.4067445993423,
    "p99_ttft_ms": 327.61235445737844,
    "p99_tpot_ms": 10.029941318542,
    "p99_e2e_ms": 1556.4854124188423
  },
  "turn2": {
    "count": 109,
    "avg_ttft_ms": 185.42750815459348,
    "avg_tpot_ms": 9.147022969052792,
    "avg_e2e_ms": 468.98522019523,
    "p50_ttft_ms": 164.64067995548248,
    "p50_tpot_ms": 9.119320901170854,
    "p50_e2e_ms": 451.8657587468624,
    "p99_ttft_ms": 356.68825790286064,
    "p99_tpot_ms": 10.504602265934789,
    "p99_e2e_ms": 676.3320969045162
  },
  "average": {
    "count": 218,
    "avg_ttft_ms": 164.4865332530179,
    "avg_tpot_ms": 9.161774492398273,
    "avg_e2e_ms": 888.9747912730646,
    "p50_ttft_ms": 145.88638208806515,
    "p50_tpot_ms": 9.184993278819018,
    "p50_e2e_ms": 921.1418237537146,
    "p99_ttft_ms": 356.5236631408333,
    "p99_tpot_ms": 10.35044110109729,
    "p99_e2e_ms": 1503.6106874793766
  },
  "throughput": {
    "requests_per_sec": 18.80360130821451,
    "tokens_per_sec": 1504.2881046571608
  },
  "success_rate": 100.0,
  "total_requests": 218,
  "failed_requests": 0,
  "duration_sec": 11.59352383762598,
  "timestamp": "2026-01-18T09:43:09.165663",
  "error": null
}