{
  "config": "2P_2D",
  "workload": "large_small_bal",
  "qps": 6,
  "turn1": {
    "count": 60,
    "avg_ttft_ms": 737.5185974563161,
    "avg_tpot_ms": 10.49206089568268,
    "avg_e2e_ms": 11470.8968937397,
    "p50_ttft_ms": 151.87896601855755,
    "p50_tpot_ms": 10.594110642782871,
    "p50_e2e_ms": 11116.40616133809,
    "p99_ttft_ms": 4174.789363965391,
    "p99_tpot_ms": 11.210629948481321,
    "p99_e2e_ms": 14390.296817496417
  },
  "turn2": {
    "count": 60,
    "avg_ttft_ms": 170.47220971435308,
    "avg_tpot_ms": 10.425312854546718,
    "avg_e2e_ms": 827.2669195507964,
    "p50_ttft_ms": 165.2339156717062,
    "p50_tpot_ms": 10.341751551817335,
    "p50_e2e_ms": 830.6328281760216,
    "p99_ttft_ms": 247.72571511566636,
    "p99_tpot_ms": 12.132242148712514,
    "p99_e2e_ms": 957.3266707733272
  },
  "average": {
    "count": 120,
    "avg_ttft_ms": 453.9954035853346,
    "avg_tpot_ms": 10.458686875114699,
    "avg_e2e_ms": 6149.081906645249,
    "p50_ttft_ms": 161.07314638793468,
    "p50_tpot_ms": 10.561175699020762,
    "p50_e2e_ms": 5525.417925789952,
    "p99_ttft_ms": 4102.408719174564,
    "p99_tpot_ms": 12.099455913144444,
    "p99_e2e_ms": 14194.313067533076
  },
  "throughput": {
    "requests_per_sec": 5.157409904690863,
    "tokens_per_sec": 2805.6309881518296
  },
  "success_rate": 100.0,
  "total_requests": 120,
  "failed_requests": 0,
  "duration_sec": 23.267493221908808,
  "timestamp": "2026-01-18T10:11:14.604681",
  "error": null
}