{
  "config": "2P_2D",
  "workload": "large_mid_bal",
  "qps": 6,
  "turn1": {
    "count": 38,
    "avg_ttft_ms": 149.45324529942712,
    "avg_tpot_ms": 10.175270602768656,
    "avg_e2e_ms": 10558.755071931764,
    "p50_ttft_ms": 148.3028493821621,
    "p50_tpot_ms": 10.430432064049054,
    "p50_e2e_ms": 10812.674142420292,
    "p99_ttft_ms": 184.4148714095354,
    "p99_tpot_ms": 10.854257833493012,
    "p99_e2e_ms": 11264.960866458714
  },
  "turn2": {
    "count": 38,
    "avg_ttft_ms": 162.51069513198576,
    "avg_tpot_ms": 9.86266207031773,
    "avg_e2e_ms": 1415.0687780623373,
    "p50_ttft_ms": 159.9543858319521,
    "p50_tpot_ms": 9.834158124299499,
    "p50_e2e_ms": 1416.9632382690907,
    "p99_ttft_ms": 205.35913798958066,
    "p99_tpot_ms": 11.761751046741573,
    "p99_e2e_ms": 1669.3171410635114
  },
  "average": {
    "count": 76,
    "avg_ttft_ms": 155.98197021570644,
    "avg_tpot_ms": 10.018966336543194,
    "avg_e2e_ms": 5986.911924997051,
    "p50_ttft_ms": 156.50509297847748,
    "p50_tpot_ms": 9.941145337707415,
    "p50_e2e_ms": 5473.862500861287,
    "p99_ttft_ms": 201.23816188424826,
    "p99_tpot_ms": 11.72145277877727,
    "p99_e2e_ms": 11264.30610846728
  },
  "throughput": {
    "requests_per_sec": 3.536278513553175,
    "tokens_per_sec": 2036.8964238066287
  },
  "success_rate": 100.0,
  "total_requests": 76,
  "failed_requests": 0,
  "duration_sec": 21.491519887000322,
  "timestamp": "2026-01-18T10:16:08.646401",
  "error": null
}