{
  "config": "2P_2D",
  "workload": "large_long_gen",
  "qps": 8,
  "turn1": {
    "count": 80,
    "avg_ttft_ms": 4418.383255787194,
    "avg_tpot_ms": 10.845623690296303,
    "avg_e2e_ms": 15513.456290960312,
    "p50_ttft_ms": 186.7583766579628,
    "p50_tpot_ms": 10.79071501956366,
    "p50_e2e_ms": 11893.161356449127,
    "p99_ttft_ms": 12301.527417078614,
    "p99_tpot_ms": 11.711265229468006,
    "p99_e2e_ms": 23220.33162277192
  },
  "turn2": {
    "count": 80,
    "avg_ttft_ms": 161.22190821915865,
    "avg_tpot_ms": 11.289419401929132,
    "avg_e2e_ms": 5930.115222604945,
    "p50_ttft_ms": 154.71744909882545,
    "p50_tpot_ms": 11.615629532099238,
    "p50_e2e_ms": 6080.838795751333,
    "p99_ttft_ms": 247.65141256153578,
    "p99_tpot_ms": 12.258492175438633,
    "p99_e2e_ms": 6458.217729404569
  },
  "average": {
    "count": 160,
    "avg_ttft_ms": 2289.802582003176,
    "avg_tpot_ms": 11.067521546112719,
    "avg_e2e_ms": 10721.785756782629,
    "p50_ttft_ms": 163.3286103606224,
    "p50_tpot_ms": 11.062699777027728,
    "p50_e2e_ms": 8528.709320351481,
    "p99_ttft_ms": 12234.456643797457,
    "p99_tpot_ms": 12.252438985059172,
    "p99_e2e_ms": 23186.28251031041
  },
  "throughput": {
    "requests_per_sec": 4.252453161210628,
    "tokens_per_sec": 3265.884027809762
  },
  "success_rate": 100.0,
  "total_requests": 160,
  "failed_requests": 0,
  "duration_sec": 37.625340934842825,
  "timestamp": "2026-01-18T09:56:56.520888",
  "error": null
}