{
  "config": "2P_2D",
  "workload": "large_short_gen",
  "qps": 8,
  "turn1": {
    "count": 80,
    "avg_ttft_ms": 3441.8675592169166,
    "avg_tpot_ms": 10.844133093221185,
    "avg_e2e_ms": 14535.415713582188,
    "p50_ttft_ms": 163.82251307368279,
    "p50_tpot_ms": 10.92068048763951,
    "p50_e2e_ms": 11761.997070163488,
    "p99_ttft_ms": 9576.087755411862,
    "p99_tpot_ms": 11.4859698867591,
    "p99_e2e_ms": 20523.000991232693
  },
  "turn2": {
    "count": 80,
    "avg_ttft_ms": 159.18403747491539,
    "avg_tpot_ms": 11.103114808964378,
    "avg_e2e_ms": 2990.478313760832,
    "p50_ttft_ms": 153.67239713668823,
    "p50_tpot_ms": 11.49644718012389,
    "p50_e2e_ms": 3061.825318261981,
    "p99_ttft_ms": 248.69770020246466,
    "p99_tpot_ms": 12.299720460731608,
    "p99_e2e_ms": 3356.026811748743
  },
  "average": {
    "count": 160,
    "avg_ttft_ms": 1800.525798345916,
    "avg_tpot_ms": 10.973623951092781,
    "avg_e2e_ms": 8762.94701367151,
    "p50_ttft_ms": 155.2869975566864,
    "p50_tpot_ms": 11.020383312351427,
    "p50_e2e_ms": 6961.23412810266,
    "p99_ttft_ms": 9512.430575713515,
    "p99_tpot_ms": 12.292342597655221,
    "p99_e2e_ms": 20466.72096375376
  },
  "throughput": {
    "requests_per_sec": 5.091940681434085,
    "tokens_per_sec": 3258.8420361178146
  },
  "success_rate": 100.0,
  "total_requests": 160,
  "failed_requests": 0,
  "duration_sec": 31.422204226255417,
  "timestamp": "2026-01-18T09:50:50.150198",
  "error": null
}