{
  "config": "2P_2D",
  "workload": "small_mid_paste",
  "qps": 16,
  "turn1": {
    "count": 160,
    "avg_ttft_ms": 154.04689498245716,
    "avg_tpot_ms": 9.99669377035718,
    "avg_e2e_ms": 1423.627003817819,
    "p50_ttft_ms": 126.68970227241516,
    "p50_tpot_ms": 10.04633181325094,
    "p50_e2e_ms": 1405.9887938201427,
    "p99_ttft_ms": 424.7426260635257,
    "p99_tpot_ms": 10.878378411857632,
    "p99_e2e_ms": 1741.6073805466294
  },
  "turn2": {
    "count": 160,
    "avg_ttft_ms": 162.98924281727523,
    "avg_tpot_ms": 10.096199583217857,
    "avg_e2e_ms": 799.0498165600002,
    "p50_ttft_ms": 147.44517020881176,
    "p50_tpot_ms": 10.137505799768462,
    "p50_e2e_ms": 780.8488421142101,
    "p99_ttft_ms": 385.14528512954695,
    "p99_tpot_ms": 11.196581892196148,
    "p99_e2e_ms": 1072.489414103329
  },
  "average": {
    "count": 320,
    "avg_ttft_ms": 158.5180688998662,
    "avg_tpot_ms": 10.046446676787518,
    "avg_e2e_ms": 1111.3384101889096,
    "p50_ttft_ms": 135.00859588384628,
    "p50_tpot_ms": 10.07551805568686,
    "p50_e2e_ms": 1180.7800885289907,
    "p99_ttft_ms": 420.21257251501083,
    "p99_tpot_ms": 11.174076359186854,
    "p99_e2e_ms": 1727.631215378642
  },
  "throughput": {
    "requests_per_sec": 26.68706624559988,
    "tokens_per_sec": 2561.9583595775885
  },
  "success_rate": 100.0,
  "total_requests": 320,
  "failed_requests": 0,
  "duration_sec": 11.990827206522226,
  "timestamp": "2026-01-18T09:39:36.686610",
  "error": null
}