{
  "config": "2P_2D",
  "workload": "large_mid_paste",
  "qps": 0.5,
  "turn1": {
    "count": 4,
    "avg_ttft_ms": 151.03595796972513,
    "avg_tpot_ms": 8.00683877757684,
    "avg_e2e_ms": 8342.032027430832,
    "p50_ttft_ms": 140.11848159134388,
    "p50_tpot_ms": 8.026170146488607,
    "p50_e2e_ms": 8350.89054144919,
    "p99_ttft_ms": 185.9028036519885,
    "p99_tpot_ms": 8.12103311180748,
    "p99_e2e_ms": 8493.71967703104
  },
  "turn2": {
    "count": 4,
    "avg_ttft_ms": 152.7011450380087,
    "avg_tpot_ms": 8.074934062148843,
    "avg_e2e_ms": 661.4219909533858,
    "p50_ttft_ms": 157.09269791841507,
    "p50_tpot_ms": 8.10408326131957,
    "p50_e2e_ms": 667.6499433815479,
    "p99_ttft_ms": 162.18840841203928,
    "p99_tpot_ms": 8.317128679463789,
    "p99_e2e_ms": 686.1675152182579
  },
  "average": {
    "count": 8,
    "avg_ttft_ms": 151.8685515038669,
    "avg_tpot_ms": 8.040886419862844,
    "avg_e2e_ms": 4501.727009192109,
    "p50_ttft_ms": 148.76877330243587,
    "p50_tpot_ms": 8.039697234884756,
    "p50_e2e_ms": 4428.169671446085,
    "p99_ttft_ms": 185.4918212071061,
    "p99_tpot_ms": 8.31249358812495,
    "p99_e2e_ms": 8490.036182701588
  },
  "throughput": {
    "requests_per_sec": 0.42243705689151645,
    "tokens_per_sec": 229.80575894898493
  },
  "success_rate": 100.0,
  "total_requests": 8,
  "failed_requests": 0,
  "duration_sec": 18.9377325437963,
  "timestamp": "2026-01-18T10:20:01.051835",
  "error": null
}