{
  "config": "2P_2D",
  "workload": "large_mid_bal",
  "qps": 1,
  "turn1": {
    "count": 10,
    "avg_ttft_ms": 149.6974315494299,
    "avg_tpot_ms": 8.504063607296404,
    "avg_e2e_ms": 8849.35450181365,
    "p50_ttft_ms": 141.75336807966232,
    "p50_tpot_ms": 8.562945335637323,
    "p50_e2e_ms": 8899.365540593863,
    "p99_ttft_ms": 171.54803700745106,
    "p99_tpot_ms": 8.679716332195616,
    "p99_e2e_ms": 9020.907862149179
  },
  "turn2": {
    "count": 10,
    "avg_ttft_ms": 150.8843332529068,
    "avg_tpot_ms": 8.170308498299029,
    "avg_e2e_ms": 1188.5135125368834,
    "p50_ttft_ms": 151.5245921909809,
    "p50_tpot_ms": 8.013541612216807,
    "p50_e2e_ms": 1168.4576105326414,
    "p99_ttft_ms": 166.68256606906652,
    "p99_tpot_ms": 8.949094480416905,
    "p99_e2e_ms": 1289.5523806661367
  },
  "average": {
    "count": 20,
    "avg_ttft_ms": 150.29088240116835,
    "avg_tpot_ms": 8.337186052797716,
    "avg_e2e_ms": 5018.934007175267,
    "p50_ttft_ms": 149.69920180737972,
    "p50_tpot_ms": 8.484470214231632,
    "p50_e2e_ms": 4921.290593221784,
    "p99_ttft_ms": 171.49793408811092,
    "p99_tpot_ms": 8.93784500717178,
    "p99_e2e_ms": 9019.109865315259
  },
  "throughput": {
    "requests_per_sec": 1.25862951686088,
    "tokens_per_sec": 724.970601711867
  },
  "success_rate": 100.0,
  "total_requests": 20,
  "failed_requests": 0,
  "duration_sec": 15.890299513936043,
  "timestamp": "2026-01-18T10:15:07.132753",
  "error": null
}