{
  "config": "2P_2D",
  "workload": "small_big_paste",
  "qps": 10,
  "turn1": {
    "count": 100,
    "avg_ttft_ms": 148.1301475316286,
    "avg_tpot_ms": 9.460061241205285,
    "avg_e2e_ms": 1349.5579251646996,
    "p50_ttft_ms": 116.8131846934557,
    "p50_tpot_ms": 9.596830864590924,
    "p50_e2e_ms": 1337.1232002973557,
    "p99_ttft_ms": 328.6221009492876,
    "p99_tpot_ms": 10.013084530126394,
    "p99_e2e_ms": 1552.023709565401
  },
  "turn2": {
    "count": 100,
    "avg_ttft_ms": 168.80001358687878,
    "avg_tpot_ms": 9.527838396884146,
    "avg_e2e_ms": 769.05383259058,
    "p50_ttft_ms": 146.36144042015076,
    "p50_tpot_ms": 9.556004393195348,
    "p50_e2e_ms": 771.2916396558285,
    "p99_ttft_ms": 331.98388081044004,
    "p99_tpot_ms": 10.765668796523222,
    "p99_e2e_ms": 936.6383008286363
  },
  "average": {
    "count": 200,
    "avg_ttft_ms": 158.4650805592537,
    "avg_tpot_ms": 9.493949819044715,
    "avg_e2e_ms": 1059.3058788776398,
    "p50_ttft_ms": 137.58673518896103,
    "p50_tpot_ms": 9.58347086986852,
    "p50_e2e_ms": 1097.685607150197,
    "p99_ttft_ms": 331.379735022783,
    "p99_tpot_ms": 10.66082145486559,
    "p99_e2e_ms": 1546.200697273016
  },
  "throughput": {
    "requests_per_sec": 19.49977223057456,
    "tokens_per_sec": 1871.978134135158
  },
  "success_rate": 100.0,
  "total_requests": 200,
  "failed_requests": 0,
  "duration_sec": 10.256530057638884,
  "timestamp": "2026-01-18T09:41:03.994000",
  "error": null
}