{
  "config": "2P_2D",
  "workload": "small_big_paste",
  "qps": 20,
  "turn1": {
    "count": 200,
    "avg_ttft_ms": 410.92670544981956,
    "avg_tpot_ms": 10.546479427556356,
    "avg_e2e_ms": 1750.3295927494764,
    "p50_ttft_ms": 423.0058863759041,
    "p50_tpot_ms": 10.68708636453302,
    "p50_e2e_ms": 1789.5265445113182,
    "p99_ttft_ms": 998.1004815921178,
    "p99_tpot_ms": 11.225971468086318,
    "p99_e2e_ms": 2330.2280682325354
  },
  "turn2": {
    "count": 200,
    "avg_ttft_ms": 219.3670618534088,
    "avg_tpot_ms": 10.499216148127166,
    "avg_e2e_ms": 880.8176791854203,
    "p50_ttft_ms": 193.24136525392532,
    "p50_tpot_ms": 10.683107855064527,
    "p50_e2e_ms": 855.9835366904736,
    "p99_ttft_ms": 452.89009734988207,
    "p99_tpot_ms": 11.483616532077866,
    "p99_e2e_ms": 1121.7340537160633
  },
  "average": {
    "count": 400,
    "avg_ttft_ms": 315.1468836516142,
    "avg_tpot_ms": 10.52284778784176,
    "avg_e2e_ms": 1315.5736359674484,
    "p50_ttft_ms": 236.59328930079937,
    "p50_tpot_ms": 10.684628985703938,
    "p50_e2e_ms": 1189.1822647303343,
    "p99_ttft_ms": 958.5766715183852,
    "p99_tpot_ms": 11.475347588577913,
    "p99_e2e_ms": 2295.2052203565836
  },
  "throughput": {
    "requests_per_sec": 32.58993124332922,
    "tokens_per_sec": 3128.6333993596054
  },
  "success_rate": 100.0,
  "total_requests": 400,
  "failed_requests": 0,
  "duration_sec": 12.273729484528303,
  "timestamp": "2026-01-18T09:41:40.025367",
  "error": null
}