{
  "config": "2P_2D",
  "workload": "small_long_gen",
  "qps": 16,
  "turn1": {
    "count": 138,
    "avg_ttft_ms": 2735.183564217194,
    "avg_tpot_ms": 10.06219407893623,
    "avg_e2e_ms": 4013.0822122420955,
    "p50_ttft_ms": 2802.500693127513,
    "p50_tpot_ms": 10.060365685797112,
    "p50_e2e_ms": 4096.004288643599,
    "p99_ttft_ms": 6390.749756172299,
    "p99_tpot_ms": 10.746779323914858,
    "p99_e2e_ms": 7727.673129700124
  },
  "turn2": {
    "count": 138,
    "avg_ttft_ms": 124.97771272192831,
    "avg_tpot_ms": 9.907169097747595,
    "avg_e2e_ms": 5187.541121670949,
    "p50_ttft_ms": 112.9195187240839,
    "p50_tpot_ms": 9.963450381083964,
    "p50_e2e_ms": 5227.6865765452385,
    "p99_ttft_ms": 236.9053568691015,
    "p99_tpot_ms": 10.25762655015911,
    "p99_e2e_ms": 5417.858161441982
  },
  "average": {
    "count": 276,
    "avg_ttft_ms": 1430.0806384695613,
    "avg_tpot_ms": 9.984681588341912,
    "avg_e2e_ms": 4600.3116669565225,
    "p50_ttft_ms": 130.41377626359463,
    "p50_tpot_ms": 10.002763697662466,
    "p50_e2e_ms": 5153.67778390646,
    "p99_ttft_ms": 6356.412220746279,
    "p99_tpot_ms": 10.721065236006195,
    "p99_e2e_ms": 7693.651975132525
  },
  "throughput": {
    "requests_per_sec": 12.322571040875884,
    "tokens_per_sec": 3943.2227330802825
  },
  "success_rate": 100.0,
  "total_requests": 276,
  "failed_requests": 0,
  "duration_sec": 22.397923216223717,
  "timestamp": "2026-01-18T09:28:35.856076",
  "error": null
}