{
  "config": "2P_2D",
  "workload": "small_small_bal",
  "qps": 12,
  "turn1": {
    "count": 120,
    "avg_ttft_ms": 141.09379701937237,
    "avg_tpot_ms": 9.407707633025298,
    "avg_e2e_ms": 1335.8726664135854,
    "p50_ttft_ms": 116.53180979192257,
    "p50_tpot_ms": 9.483184504110042,
    "p50_e2e_ms": 1332.0209830999374,
    "p99_ttft_ms": 328.0396860092879,
    "p99_tpot_ms": 10.160040659169981,
    "p99_e2e_ms": 1543.542564213276
  },
  "turn2": {
    "count": 120,
    "avg_ttft_ms": 147.9507589402298,
    "avg_tpot_ms": 9.419589647382656,
    "avg_e2e_ms": 741.3849067253371,
    "p50_ttft_ms": 119.31814067065716,
    "p50_tpot_ms": 9.517522794859751,
    "p50_e2e_ms": 739.9069592356682,
    "p99_ttft_ms": 294.79751188308,
    "p99_tpot_ms": 10.278983304188365,
    "p99_e2e_ms": 917.9210551455617
  },
  "average": {
    "count": 240,
    "avg_ttft_ms": 144.5222779798011,
    "avg_tpot_ms": 9.413648640203977,
    "avg_e2e_ms": 1038.6287865694612,
    "p50_ttft_ms": 118.29602718353271,
    "p50_tpot_ms": 9.488072246313095,
    "p50_e2e_ms": 1060.9172489494085,
    "p99_ttft_ms": 307.11015388369555,
    "p99_tpot_ms": 10.253858383567561,
    "p99_e2e_ms": 1532.6284495368598
  },
  "throughput": {
    "requests_per_sec": 20.577296364980032,
    "tokens_per_sec": 1975.420451038083
  },
  "success_rate": 100.0,
  "total_requests": 240,
  "failed_requests": 0,
  "duration_sec": 11.66333981603384,
  "timestamp": "2026-01-18T09:35:27.263810",
  "error": null
}