{
  "config": "2P_2D",
  "workload": "small_long_gen",
  "qps": 10,
  "turn1": {
    "count": 100,
    "avg_ttft_ms": 1190.999202132225,
    "avg_tpot_ms": 9.944722418358005,
    "avg_e2e_ms": 2453.978949263692,
    "p50_ttft_ms": 1025.9928554296494,
    "p50_tpot_ms": 10.072306165193009,
    "p50_e2e_ms": 2297.20008559525,
    "p99_ttft_ms": 2563.5503490269184,
    "p99_tpot_ms": 10.503320768475533,
    "p99_e2e_ms": 3876.814319640398
  },
  "turn2": {
    "count": 100,
    "avg_ttft_ms": 122.99562510102987,
    "avg_tpot_ms": 9.87892652991175,
    "avg_e2e_ms": 5171.127081885934,
    "p50_ttft_ms": 114.36630599200726,
    "p50_tpot_ms": 9.988960666024289,
    "p50_e2e_ms": 5221.882281824946,
    "p99_ttft_ms": 212.34712287783634,
    "p99_tpot_ms": 10.24563455469396,
    "p99_e2e_ms": 5357.844862155616
  },
  "average": {
    "count": 200,
    "avg_ttft_ms": 656.9974136166275,
    "avg_tpot_ms": 9.911824474134876,
    "avg_e2e_ms": 3812.553015574813,
    "p50_ttft_ms": 123.61389584839344,
    "p50_tpot_ms": 10.016681509107116,
    "p50_e2e_ms": 4351.426839828491,
    "p99_ttft_ms": 2539.3158255517483,
    "p99_tpot_ms": 10.480854950082584,
    "p99_e2e_ms": 5355.793175213039
  },
  "throughput": {
    "requests_per_sec": 11.706919899730687,
    "tokens_per_sec": 3746.2143679138203
  },
  "success_rate": 100.0,
  "total_requests": 200,
  "failed_requests": 0,
  "duration_sec": 17.083912909030914,
  "timestamp": "2026-01-18T09:27:51.919262",
  "error": null
}