{
  "config": "2P_2D",
  "workload": "small_small_bal",
  "qps": 10,
  "turn1": {
    "count": 100,
    "avg_ttft_ms": 118.02048731595278,
    "avg_tpot_ms": 9.16902418358354,
    "avg_e2e_ms": 1282.4865586310625,
    "p50_ttft_ms": 107.89215750992298,
    "p50_tpot_ms": 9.20647988462542,
    "p50_e2e_ms": 1279.897727072239,
    "p99_ttft_ms": 204.34691179543736,
    "p99_tpot_ms": 9.797294650256164,
    "p99_e2e_ms": 1425.4453332722187
  },
  "turn2": {
    "count": 100,
    "avg_ttft_ms": 117.49985422939062,
    "avg_tpot_ms": 9.139711979835754,
    "avg_e2e_ms": 693.301708959043,
    "p50_ttft_ms": 107.28685185313225,
    "p50_tpot_ms": 9.184035339525767,
    "p50_e2e_ms": 694.9342973530293,
    "p99_ttft_ms": 189.64758232235926,
    "p99_tpot_ms": 9.904249023705248,
    "p99_e2e_ms": 795.2467590942979
  },
  "average": {
    "count": 200,
    "avg_ttft_ms": 117.7601707726717,
    "avg_tpot_ms": 9.154368081709647,
    "avg_e2e_ms": 987.8941337950528,
    "p50_ttft_ms": 107.46577009558678,
    "p50_tpot_ms": 9.196903585918307,
    "p50_e2e_ms": 985.3329602628946,
    "p99_ttft_ms": 204.34691179543728,
    "p99_tpot_ms": 9.879244886456974,
    "p99_e2e_ms": 1424.072438441217
  },
  "throughput": {
    "requests_per_sec": 17.304267731856278,
    "tokens_per_sec": 1661.2097022582025
  },
  "success_rate": 100.0,
  "total_requests": 200,
  "failed_requests": 0,
  "duration_sec": 11.557842440903187,
  "timestamp": "2026-01-18T09:35:15.559257",
  "error": null
}