{
  "config": "2P_2D",
  "workload": "small_tiny",
  "qps": 12,
  "turn1": {
    "count": 120,
    "avg_ttft_ms": 123.46571215117972,
    "avg_tpot_ms": 9.308044617052076,
    "avg_e2e_ms": 1305.5873785167933,
    "p50_ttft_ms": 109.83825474977493,
    "p50_tpot_ms": 9.229340568536848,
    "p50_e2e_ms": 1294.922348111868,
    "p99_ttft_ms": 230.53037486970425,
    "p99_tpot_ms": 10.39656305084313,
    "p99_e2e_ms": 1526.9485523179173
  },
  "turn2": {
    "count": 120,
    "avg_ttft_ms": 112.91784029453993,
    "avg_tpot_ms": 9.299762489935084,
    "avg_e2e_ms": 401.2104774825275,
    "p50_ttft_ms": 101.22235119342804,
    "p50_tpot_ms": 9.242774197651494,
    "p50_e2e_ms": 395.2418155968189,
    "p99_ttft_ms": 219.1191906854511,
    "p99_tpot_ms": 10.898593916527686,
    "p99_e2e_ms": 507.8655260056257
  },
  "average": {
    "count": 240,
    "avg_ttft_ms": 118.19177622285981,
    "avg_tpot_ms": 9.30390355349358,
    "avg_e2e_ms": 853.3989279996604,
    "p50_ttft_ms": 105.5686753243208,
    "p50_tpot_ms": 9.229340568536848,
    "p50_e2e_ms": 851.4539021998644,
    "p99_ttft_ms": 229.58241514861578,
    "p99_tpot_ms": 10.743623295378299,
    "p99_e2e_ms": 1498.5410563647747
  },
  "throughput": {
    "requests_per_sec": 21.967460089595654,
    "tokens_per_sec": 1757.3968071676525
  },
  "success_rate": 100.0,
  "total_requests": 240,
  "failed_requests": 0,
  "duration_sec": 10.925250303000212,
  "timestamp": "2026-01-18T09:23:15.054030",
  "error": null
}