{
  "config": "2P_2D",
  "workload": "small_very_long_gen",
  "qps": 12,
  "turn1": {
    "count": 117,
    "avg_ttft_ms": 5445.467325389131,
    "avg_tpot_ms": 10.136166802455232,
    "avg_e2e_ms": 6732.760509300945,
    "p50_ttft_ms": 7116.485960781574,
    "p50_tpot_ms": 10.059175939541163,
    "p50_e2e_ms": 8478.092361241579,
    "p99_ttft_ms": 15363.654113709927,
    "p99_tpot_ms": 11.067962517419199,
    "p99_e2e_ms": 16711.389097720385
  },
  "turn2": {
    "count": 117,
    "avg_ttft_ms": 121.4550758083152,
    "avg_tpot_ms": 10.001064925421526,
    "avg_e2e_ms": 10352.544494514537,
    "p50_ttft_ms": 114.9853803217411,
    "p50_tpot_ms": 10.142760400460961,
    "p50_e2e_ms": 10483.250740915537,
    "p99_ttft_ms": 221.9521237909794,
    "p99_tpot_ms": 10.443834531779164,
    "p99_e2e_ms": 10828.102256208658
  },
  "average": {
    "count": 234,
    "avg_ttft_ms": 2783.461200598723,
    "avg_tpot_ms": 10.06861586393838,
    "avg_e2e_ms": 8542.652501907742,
    "p50_ttft_ms": 122.3186794668436,
    "p50_tpot_ms": 10.10230337256952,
    "p50_e2e_ms": 9887.81332038343,
    "p99_ttft_ms": 15331.137661412358,
    "p99_tpot_ms": 11.001660224548944,
    "p99_e2e_ms": 16687.981332354248
  },
  "throughput": {
    "requests_per_sec": 6.6041432821671835,
    "tokens_per_sec": 3803.986530528298
  },
  "success_rate": 100.0,
  "total_requests": 234,
  "failed_requests": 0,
  "duration_sec": 35.43230211734772,
  "timestamp": "2026-01-18T09:32:15.866065",
  "error": null
}