{
  "config": "2P_2D",
  "workload": "small_mid_paste",
  "qps": 8,
  "turn1": {
    "count": 80,
    "avg_ttft_ms": 113.56205902993679,
    "avg_tpot_ms": 9.028583597465175,
    "avg_e2e_ms": 1260.1921759080142,
    "p50_ttft_ms": 101.81350633502007,
    "p50_tpot_ms": 9.021922329983372,
    "p50_e2e_ms": 1259.8029840737581,
    "p99_ttft_ms": 204.04361553490148,
    "p99_tpot_ms": 9.60725400802188,
    "p99_e2e_ms": 1379.1060409322379
  },
  "turn2": {
    "count": 80,
    "avg_ttft_ms": 122.26660568267107,
    "avg_tpot_ms": 9.05213377379354,
    "avg_e2e_ms": 692.5510334316641,
    "p50_ttft_ms": 113.34354244172573,
    "p50_tpot_ms": 9.158579041323964,
    "p50_e2e_ms": 688.0008708685637,
    "p99_ttft_ms": 223.46657708287222,
    "p99_tpot_ms": 9.857695879680769,
    "p99_e2e_ms": 820.735205709934
  },
  "average": {
    "count": 160,
    "avg_ttft_ms": 117.91433235630393,
    "avg_tpot_ms": 9.040358685629359,
    "avg_e2e_ms": 976.3716046698391,
    "p50_ttft_ms": 109.45145599544048,
    "p50_tpot_ms": 9.056074632786391,
    "p50_e2e_ms": 984.6073277294636,
    "p99_ttft_ms": 218.86661604046822,
    "p99_tpot_ms": 9.850931509974457,
    "p99_e2e_ms": 1366.4526664465666
  },
  "throughput": {
    "requests_per_sec": 14.49355704954307,
    "tokens_per_sec": 1391.3814767561348
  },
  "success_rate": 100.0,
  "total_requests": 160,
  "failed_requests": 0,
  "duration_sec": 11.03938801586628,
  "timestamp": "2026-01-18T09:39:01.716969",
  "error": null
}