{
  "config": "2P_2D",
  "workload": "small_tiny",
  "qps": 1,
  "turn1": {
    "count": 5,
    "avg_ttft_ms": 109.18034017086029,
    "avg_tpot_ms": 7.844441683273615,
    "avg_e2e_ms": 1105.4244339466095,
    "p50_ttft_ms": 99.99480843544006,
    "p50_tpot_ms": 7.749366537323148,
    "p50_e2e_ms": 1113.3578568696976,
    "p99_ttft_ms": 135.72372287511826,
    "p99_tpot_ms": 8.088241199574133,
    "p99_e2e_ms": 1139.7172616422176
  },
  "turn2": {
    "count": 5,
    "avg_ttft_ms": 100.15482604503632,
    "avg_tpot_ms": 7.89508038470822,
    "avg_e2e_ms": 344.90231797099113,
    "p50_ttft_ms": 100.99320486187935,
    "p50_tpot_ms": 7.87122763933674,
    "p50_e2e_ms": 345.6554524600506,
    "p99_ttft_ms": 108.52031782269478,
    "p99_tpot_ms": 7.983840136758743,
    "p99_e2e_ms": 350.95056638121605
  },
  "average": {
    "count": 10,
    "avg_ttft_ms": 104.6675831079483,
    "avg_tpot_ms": 7.869761033990917,
    "avg_e2e_ms": 725.1633759588003,
    "p50_ttft_ms": 100.4940066486597,
    "p50_tpot_ms": 7.855272341159083,
    "p50_e2e_ms": 709.0307157486677,
    "p99_ttft_ms": 135.3813847154379,
    "p99_tpot_ms": 8.083738271503739,
    "p99_e2e_ms": 1139.100436642766
  },
  "throughput": {
    "requests_per_sec": 1.0881258576435169,
    "tokens_per_sec": 87.05006861148135
  },
  "success_rate": 100.0,
  "total_requests": 10,
  "failed_requests": 0,
  "duration_sec": 9.190113376826048,
  "timestamp": "2026-01-18T09:22:11.921811",
  "error": null
}