{
  "config": "2P_2D",
  "workload": "large_tiny",
  "qps": 12,
  "turn1": {
    "count": 120,
    "avg_ttft_ms": 6642.235568569352,
    "avg_tpot_ms": 11.048489337700243,
    "avg_e2e_ms": 17944.8401610367,
    "p50_ttft_ms": 8165.505802258849,
    "p50_tpot_ms": 11.020040807777603,
    "p50_e2e_ms": 19689.16909955442,
    "p99_ttft_ms": 18147.62601029128,
    "p99_tpot_ms": 12.033752045782606,
    "p99_e2e_ms": 28155.506762340665
  },
  "turn2": {
    "count": 120,
    "avg_ttft_ms": 184.5544098255535,
    "avg_tpot_ms": 11.31758839492836,
    "avg_e2e_ms": 535.3996500683328,
    "p50_ttft_ms": 160.9865464270115,
    "p50_tpot_ms": 11.371514068976525,
    "p50_e2e_ms": 514.1947586089373,
    "p99_ttft_ms": 563.4580436348917,
    "p99_tpot_ms": 14.031552249385465,
    "p99_e2e_ms": 919.5432613417508
  },
  "average": {
    "count": 240,
    "avg_ttft_ms": 3413.394989197453,
    "avg_tpot_ms": 11.183038866314302,
    "avg_e2e_ms": 9240.119905552516,
    "p50_ttft_ms": 176.71606689691544,
    "p50_tpot_ms": 11.260244336237772,
    "p50_e2e_ms": 5761.279279366136,
    "p99_ttft_ms": 18123.985623195767,
    "p99_tpot_ms": 13.962237208841307,
    "p99_e2e_ms": 28126.393751762807
  },
  "throughput": {
    "requests_per_sec": 6.600843669858933,
    "tokens_per_sec": 3485.2454576855166
  },
  "success_rate": 100.0,
  "total_requests": 240,
  "failed_requests": 0,
  "duration_sec": 36.358988638967276,
  "timestamp": "2026-01-18T09:46:47.505536",
  "error": null
}