{
  "config": "2P_2D",
  "workload": "small_long_gen",
  "qps": 0.5,
  "turn1": {
    "count": 5,
    "avg_ttft_ms": 88.3619673550129,
    "avg_tpot_ms": 7.946821882968811,
    "avg_e2e_ms": 1097.608346492052,
    "p50_ttft_ms": 87.81244605779648,
    "p50_tpot_ms": 8.012753654652693,
    "p50_e2e_ms": 1098.265364766121,
    "p99_ttft_ms": 106.17999777197838,
    "p99_tpot_ms": 8.055480168325694,
    "p99_e2e_ms": 1110.899796783924
  },
  "turn2": {
    "count": 5,
    "avg_ttft_ms": 89.34037312865257,
    "avg_tpot_ms": 7.869528156728893,
    "avg_e2e_ms": 4110.669261217117,
    "p50_ttft_ms": 90.79098328948021,
    "p50_tpot_ms": 7.874928400241232,
    "p50_e2e_ms": 4107.884578406811,
    "p99_ttft_ms": 96.86026185750961,
    "p99_tpot_ms": 7.990475115885706,
    "p99_e2e_ms": 4174.624256789684
  },
  "average": {
    "count": 10,
    "avg_ttft_ms": 88.85117024183273,
    "avg_tpot_ms": 7.908175019848852,
    "avg_e2e_ms": 2604.1388038545847,
    "p50_ttft_ms": 88.29049207270145,
    "p50_tpot_ms": 7.923893145706556,
    "p50_e2e_ms": 2579.0030527859926,
    "p99_ttft_ms": 106.02142956107855,
    "p99_tpot_ms": 8.055105091725277,
    "p99_e2e_ms": 4174.118897877634
  },
  "throughput": {
    "requests_per_sec": 0.662391056276346,
    "tokens_per_sec": 211.96513800843073
  },
  "success_rate": 100.0,
  "total_requests": 10,
  "failed_requests": 0,
  "duration_sec": 15.096822194755077,
  "timestamp": "2026-01-18T09:26:19.611618",
  "error": null
}