{
  "config": "2P_2D",
  "workload": "small_short_gen",
  "qps": 8,
  "turn1": {
    "count": 80,
    "avg_ttft_ms": 117.27832998149097,
    "avg_tpot_ms": 9.483269164265376,
    "avg_e2e_ms": 1321.6535138431937,
    "p50_ttft_ms": 108.54269936680794,
    "p50_tpot_ms": 9.557814461978403,
    "p50_e2e_ms": 1325.1195382326841,
    "p99_ttft_ms": 225.6565302237868,
    "p99_tpot_ms": 9.957023247724443,
    "p99_e2e_ms": 1433.590228073299
  },
  "turn2": {
    "count": 80,
    "avg_ttft_ms": 124.1140082012862,
    "avg_tpot_ms": 9.425702136667336,
    "avg_e2e_ms": 2527.668053051457,
    "p50_ttft_ms": 111.22072115540504,
    "p50_tpot_ms": 9.609271374111081,
    "p50_e2e_ms": 2563.962522894144,
    "p99_ttft_ms": 273.3273553848265,
    "p99_tpot_ms": 9.902337092833191,
    "p99_e2e_ms": 2754.9800362437963
  },
  "average": {
    "count": 160,
    "avg_ttft_ms": 120.69616909138858,
    "avg_tpot_ms": 9.454485650466356,
    "avg_e2e_ms": 1924.6607834473252,
    "p50_ttft_ms": 110.09453050792217,
    "p50_tpot_ms": 9.56098158335233,
    "p50_e2e_ms": 1804.4495936483145,
    "p99_ttft_ms": 264.3335907906294,
    "p99_tpot_ms": 9.944915091838894,
    "p99_e2e_ms": 2739.7543827816844
  },
  "throughput": {
    "requests_per_sec": 12.852325135465646,
    "tokens_per_sec": 2467.646426009404
  },
  "success_rate": 100.0,
  "total_requests": 160,
  "failed_requests": 0,
  "duration_sec": 12.449109271168709,
  "timestamp": "2026-01-18T09:24:57.665961",
  "error": null
}