{
  "config": "2P_2D",
  "workload": "large_very_long_gen",
  "qps": 2,
  "turn1": {
    "count": 18,
    "avg_ttft_ms": 144.530534123381,
    "avg_tpot_ms": 8.603320796816709,
    "avg_e2e_ms": 8945.727709266874,
    "p50_ttft_ms": 140.71069657802582,
    "p50_tpot_ms": 8.672541511752156,
    "p50_e2e_ms": 8990.684805437922,
    "p99_ttft_ms": 195.78451424837112,
    "p99_tpot_ms": 8.97867357345591,
    "p99_e2e_ms": 9308.919805288315
  },
  "turn2": {
    "count": 18,
    "avg_ttft_ms": 135.55755362742477,
    "avg_tpot_ms": 8.917548220215824,
    "avg_e2e_ms": 9258.209382908211,
    "p50_ttft_ms": 132.7893566340208,
    "p50_tpot_ms": 8.947496447176878,
    "p50_e2e_ms": 9273.479519411922,
    "p99_ttft_ms": 163.2750417292118,
    "p99_tpot_ms": 9.128625686130215,
    "p99_e2e_ms": 9491.576142795384
  },
  "average": {
    "count": 36,
    "avg_ttft_ms": 140.04404387540288,
    "avg_tpot_ms": 8.760434508516267,
    "avg_e2e_ms": 9101.968546087543,
    "p50_ttft_ms": 135.51677390933037,
    "p50_tpot_ms": 8.810003660437182,
    "p50_e2e_ms": 9137.605432420969,
    "p99_ttft_ms": 194.62962746620178,
    "p99_tpot_ms": 9.128433843948974,
    "p99_e2e_ms": 9488.80264814943
  },
  "throughput": {
    "requests_per_sec": 1.318269510346334,
    "tokens_per_sec": 1349.907978594646
  },
  "success_rate": 100.0,
  "total_requests": 36,
  "failed_requests": 0,
  "duration_sec": 27.308528125286102,
  "timestamp": "2026-01-18T10:02:09.908262",
  "error": null
}