{
  "config": "2P_2D",
  "workload": "large_mid_bal",
  "qps": 8,
  "turn1": {
    "count": 78,
    "avg_ttft_ms": 2406.359670492701,
    "avg_tpot_ms": 10.844290058923624,
    "avg_e2e_ms": 13500.068400771572,
    "p50_ttft_ms": 158.82391668856144,
    "p50_tpot_ms": 10.788902527455129,
    "p50_e2e_ms": 12041.646370664239,
    "p99_ttft_ms": 7104.764038659632,
    "p99_tpot_ms": 11.804836065429221,
    "p99_e2e_ms": 17940.312761068344
  },
  "turn2": {
    "count": 78,
    "avg_ttft_ms": 168.83911493305976,
    "avg_tpot_ms": 10.953092431642421,
    "avg_e2e_ms": 1559.8818537516472,
    "p50_ttft_ms": 161.9057860225439,
    "p50_tpot_ms": 11.247040087899823,
    "p50_e2e_ms": 1594.7790741920471,
    "p99_ttft_ms": 272.6480774208905,
    "p99_tpot_ms": 12.817820440244487,
    "p99_e2e_ms": 1857.404417321086
  },
  "average": {
    "count": 156,
    "avg_ttft_ms": 1287.5993927128804,
    "avg_tpot_ms": 10.898691245283022,
    "avg_e2e_ms": 7529.9751272616095,
    "p50_ttft_ms": 160.74003092944622,
    "p50_tpot_ms": 10.910051287618899,
    "p50_e2e_ms": 6081.647329032421,
    "p99_ttft_ms": 7004.22056801617,
    "p99_tpot_ms": 12.793531245368671,
    "p99_e2e_ms": 17869.960254244506
  },
  "throughput": {
    "requests_per_sec": 5.390968372426617,
    "tokens_per_sec": 3105.197782517731
  },
  "success_rate": 100.0,
  "total_requests": 156,
  "failed_requests": 0,
  "duration_sec": 28.93728718534112,
  "timestamp": "2026-01-18T10:16:37.624085",
  "error": null
}