{
  "config": "2P_2D",
  "workload": "large_big_paste",
  "qps": 12,
  "turn1": {
    "count": 111,
    "avg_ttft_ms": 5754.118127530222,
    "avg_tpot_ms": 11.03373737990256,
    "avg_e2e_ms": 17041.631467170544,
    "p50_ttft_ms": 7566.273793578148,
    "p50_tpot_ms": 11.133994364552018,
    "p50_e2e_ms": 19274.478659033775,
    "p99_ttft_ms": 17488.495849072933,
    "p99_tpot_ms": 11.6781467067502,
    "p99_e2e_ms": 27103.995690122247
  },
  "turn2": {
    "count": 111,
    "avg_ttft_ms": 364.2061456769436,
    "avg_tpot_ms": 11.070982362751657,
    "avg_e2e_ms": 1061.6780345302982,
    "p50_ttft_ms": 179.59708720445633,
    "p50_tpot_ms": 11.434124871378852,
    "p50_e2e_ms": 925.8626736700535,
    "p99_ttft_ms": 1547.7212790399792,
    "p99_tpot_ms": 12.598182479777034,
    "p99_e2e_ms": 2280.8026779443026
  },
  "average": {
    "count": 222,
    "avg_ttft_ms": 3059.162136603583,
    "avg_tpot_ms": 11.05235987132711,
    "avg_e2e_ms": 9051.65475085042,
    "p50_ttft_ms": 211.32324635982513,
    "p50_tpot_ms": 11.18679496219972,
    "p50_e2e_ms": 6444.151548668742,
    "p99_ttft_ms": 17441.196670234203,
    "p99_tpot_ms": 12.575155250609866,
    "p99_e2e_ms": 27085.535379871726
  },
  "throughput": {
    "requests_per_sec": 5.875552274371631,
    "tokens_per_sec": 3196.300437258167
  },
  "success_rate": 100.0,
  "total_requests": 222,
  "failed_requests": 0,
  "duration_sec": 37.783682219684124,
  "timestamp": "2026-01-18T10:27:57.830888",
  "error": null
}