{
  "config": "2P_2D",
  "workload": "large_short_gen",
  "qps": 2,
  "turn1": {
    "count": 20,
    "avg_ttft_ms": 155.30139971524477,
    "avg_tpot_ms": 9.15830270792353,
    "avg_e2e_ms": 9524.245069921017,
    "p50_ttft_ms": 148.71355704963207,
    "p50_tpot_ms": 9.221384132450277,
    "p50_e2e_ms": 9602.394936606288,
    "p99_ttft_ms": 217.14969437569377,
    "p99_tpot_ms": 9.402688125244916,
    "p99_e2e_ms": 9807.62877508998
  },
  "turn2": {
    "count": 20,
    "avg_ttft_ms": 155.8225478976965,
    "avg_tpot_ms": 9.053809027023176,
    "avg_e2e_ms": 2464.543849788606,
    "p50_ttft_ms": 153.08727510273457,
    "p50_tpot_ms": 9.050270995380831,
    "p50_e2e_ms": 2477.431807667017,
    "p99_ttft_ms": 233.48574653267852,
    "p99_tpot_ms": 9.757144388322738,
    "p99_e2e_ms": 2647.8940887749195
  },
  "average": {
    "count": 40,
    "avg_ttft_ms": 155.56197380647063,
    "avg_tpot_ms": 9.106055867473353,
    "avg_e2e_ms": 5994.394459854811,
    "p50_ttft_ms": 150.88322013616562,
    "p50_tpot_ms": 9.188716675820356,
    "p50_e2e_ms": 5786.960372701287,
    "p99_ttft_ms": 235.89181300252676,
    "p99_tpot_ms": 9.749259833319515,
    "p99_e2e_ms": 9807.293132394552
  },
  "throughput": {
    "requests_per_sec": 2.0108287749138096,
    "tokens_per_sec": 1286.9304159448382
  },
  "success_rate": 100.0,
  "total_requests": 40,
  "failed_requests": 0,
  "duration_sec": 19.89229540526867,
  "timestamp": "2026-01-18T09:49:28.962194",
  "error": null
}