{
  "config": "2P_2D",
  "workload": "large_huge_paste",
  "qps": 4,
  "turn1": {
    "count": 32,
    "avg_ttft_ms": 146.7958833090961,
    "avg_tpot_ms": 9.69482588939977,
    "avg_e2e_ms": 10064.60276816506,
    "p50_ttft_ms": 140.05655981600285,
    "p50_tpot_ms": 9.692013935565598,
    "p50_e2e_ms": 10067.961635068059,
    "p99_ttft_ms": 194.10042203962803,
    "p99_tpot_ms": 10.033334201768056,
    "p99_e2e_ms": 10392.441277988255
  },
  "turn2": {
    "count": 32,
    "avg_ttft_ms": 175.95707683358341,
    "avg_tpot_ms": 9.49322949764469,
    "avg_e2e_ms": 470.2471912605688,
    "p50_ttft_ms": 175.86219497025013,
    "p50_tpot_ms": 9.492633924368889,
    "p50_e2e_ms": 484.3172039836645,
    "p99_ttft_ms": 222.86472797393802,
    "p99_tpot_ms": 11.015995022269987,
    "p99_e2e_ms": 521.1894226446748
  },
  "average": {
    "count": 64,
    "avg_ttft_ms": 161.37648007133976,
    "avg_tpot_ms": 9.594027693522229,
    "avg_e2e_ms": 5267.424979712814,
    "p50_ttft_ms": 158.32876786589622,
    "p50_tpot_ms": 9.681927346108246,
    "p50_e2e_ms": 5052.134435623884,
    "p99_ttft_ms": 215.63641071319574,
    "p99_tpot_ms": 10.859631888808742,
    "p99_e2e_ms": 10389.70972944051
  },
  "throughput": {
    "requests_per_sec": 3.214106031682001,
    "tokens_per_sec": 1697.0479847280967
  },
  "success_rate": 100.0,
  "total_requests": 64,
  "failed_requests": 0,
  "duration_sec": 19.912224229425192,
  "timestamp": "2026-01-18T10:30:53.249941",
  "error": null
}