{
  "config": "2P_2D",
  "workload": "large_small_bal",
  "qps": 0.5,
  "turn1": {
    "count": 3,
    "avg_ttft_ms": 131.12102448940277,
    "avg_tpot_ms": 8.010248568924991,
    "avg_e2e_ms": 8325.605310499668,
    "p50_ttft_ms": 126.75348669290543,
    "p50_tpot_ms": 8.073590932557776,
    "p50_e2e_ms": 8386.03701069951,
    "p99_ttft_ms": 142.68069483339787,
    "p99_tpot_ms": 8.081741057343613,
    "p99_e2e_ms": 8391.287941336632
  },
  "turn2": {
    "count": 3,
    "avg_ttft_ms": 156.98792785406113,
    "avg_tpot_ms": 8.039290864000876,
    "avg_e2e_ms": 663.4632522861162,
    "p50_ttft_ms": 156.11150488257408,
    "p50_tpot_ms": 8.029000153617254,
    "p50_e2e_ms": 667.0007444918156,
    "p99_ttft_ms": 166.9096528738737,
    "p99_tpot_ms": 8.151908217677994,
    "p99_e2e_ms": 669.7829671949148
  },
  "average": {
    "count": 6,
    "avg_ttft_ms": 144.05447617173195,
    "avg_tpot_ms": 8.024769716462933,
    "avg_e2e_ms": 4494.534281392892,
    "p50_ttft_ms": 145.36399766802788,
    "p50_tpot_ms": 8.051295543087516,
    "p50_e2e_ms": 4434.6117824316025,
    "p99_ttft_ms": 166.57909732311964,
    "p99_tpot_ms": 8.150791087561213,
    "p99_e2e_ms": 8391.127198562026
  },
  "throughput": {
    "requests_per_sec": 0.35022273335191967,
    "tokens_per_sec": 190.5211669434443
  },
  "success_rate": 100.0,
  "total_requests": 6,
  "failed_requests": 0,
  "duration_sec": 17.131954692304134,
  "timestamp": "2026-01-18T10:09:55.406627",
  "error": null
}