{
  "config": "2P_2D",
  "workload": "large_short_gen",
  "qps": 4,
  "turn1": {
    "count": 38,
    "avg_ttft_ms": 151.7161786752312,
    "avg_tpot_ms": 10.209341862322267,
    "avg_e2e_ms": 10595.87290383091,
    "p50_ttft_ms": 148.4898030757904,
    "p50_tpot_ms": 10.330315194987598,
    "p50_e2e_ms": 10718.164989724755,
    "p99_ttft_ms": 227.45514374226343,
    "p99_tpot_ms": 10.573994680794861,
    "p99_e2e_ms": 10969.45250865072
  },
  "turn2": {
    "count": 38,
    "avg_ttft_ms": 153.259741534528,
    "avg_tpot_ms": 9.924437581216463,
    "avg_e2e_ms": 2683.9913247447266,
    "p50_ttft_ms": 148.7327516078949,
    "p50_tpot_ms": 10.094655093316938,
    "p50_e2e_ms": 2713.928772136569,
    "p99_ttft_ms": 187.36748240888122,
    "p99_tpot_ms": 11.041545691589514,
    "p99_e2e_ms": 2975.505765117705
  },
  "average": {
    "count": 76,
    "avg_ttft_ms": 152.4879601048796,
    "avg_tpot_ms": 10.066889721769366,
    "avg_e2e_ms": 6639.932114287819,
    "p50_ttft_ms": 148.4898030757904,
    "p50_tpot_ms": 10.249335648362704,
    "p50_e2e_ms": 6329.357411712408,
    "p99_ttft_ms": 211.85084152966738,
    "p99_tpot_ms": 11.041459028481269,
    "p99_e2e_ms": 10953.91742978245
  },
  "throughput": {
    "requests_per_sec": 3.410757586379854,
    "tokens_per_sec": 2182.8848552831064
  },
  "success_rate": 100.0,
  "total_requests": 76,
  "failed_requests": 0,
  "duration_sec": 22.28243962675333,
  "timestamp": "2026-01-18T09:49:51.283087",
  "error": null
}