{
  "config": "2P_2D",
  "workload": "small_mid_bal",
  "qps": 6,
  "turn1": {
    "count": 58,
    "avg_ttft_ms": 108.78874425744188,
    "avg_tpot_ms": 8.891417885903687,
    "avg_e2e_ms": 1237.99881576721,
    "p50_ttft_ms": 103.49445790052414,
    "p50_tpot_ms": 8.838345480012142,
    "p50_e2e_ms": 1230.5626720190048,
    "p99_ttft_ms": 165.81096414476633,
    "p99_tpot_ms": 9.79491565493852,
    "p99_e2e_ms": 1378.2829433307052
  },
  "turn2": {
    "count": 58,
    "avg_ttft_ms": 106.12375449774594,
    "avg_tpot_ms": 8.789512697236065,
    "avg_e2e_ms": 1222.3918670467262,
    "p50_ttft_ms": 100.98567232489586,
    "p50_tpot_ms": 8.772721910101222,
    "p50_e2e_ms": 1225.1213490962982,
    "p99_ttft_ms": 148.3306861296296,
    "p99_tpot_ms": 9.818954370974556,
    "p99_e2e_ms": 1373.0067892745137
  },
  "average": {
    "count": 116,
    "avg_ttft_ms": 107.4562493775939,
    "avg_tpot_ms": 8.840465291569876,
    "avg_e2e_ms": 1230.195341406968,
    "p50_ttft_ms": 103.46288047730923,
    "p50_tpot_ms": 8.816615876367711,
    "p50_e2e_ms": 1226.3093870133162,
    "p99_ttft_ms": 161.68668530881402,
    "p99_tpot_ms": 9.807240918982686,
    "p99_e2e_ms": 1373.70586078614
  },
  "throughput": {
    "requests_per_sec": 9.400095561153487,
    "tokens_per_sec": 1203.2122318276463
  },
  "success_rate": 100.0,
  "total_requests": 116,
  "failed_requests": 0,
  "duration_sec": 12.34030007943511,
  "timestamp": "2026-01-18T09:36:50.759543",
  "error": null
}