{
  "config": "2P_2D",
  "workload": "large_huge_paste",
  "qps": 0.5,
  "turn1": {
    "count": 1,
    "avg_ttft_ms": 127.69997492432594,
    "avg_tpot_ms": 7.791459145259298,
    "avg_e2e_ms": 8098.362680524588,
    "p50_ttft_ms": 127.69997492432594,
    "p50_tpot_ms": 7.791459145259298,
    "p50_e2e_ms": 8098.362680524588,
    "p99_ttft_ms": 127.69997492432594,
    "p99_tpot_ms": 7.791459145259298,
    "p99_e2e_ms": 8098.362680524588
  },
  "turn2": {
    "count": 1,
    "avg_ttft_ms": 160.56952625513077,
    "avg_tpot_ms": 7.965514977132121,
    "avg_e2e_ms": 407.5004905462265,
    "p50_ttft_ms": 160.56952625513077,
    "p50_tpot_ms": 7.965514977132121,
    "p50_e2e_ms": 407.5004905462265,
    "p99_ttft_ms": 160.56952625513077,
    "p99_tpot_ms": 7.965514977132121,
    "p99_e2e_ms": 407.5004905462265
  },
  "average": {
    "count": 2,
    "avg_ttft_ms": 144.13475058972836,
    "avg_tpot_ms": 7.87848706119571,
    "avg_e2e_ms": 4252.931585535407,
    "p50_ttft_ms": 144.13475058972836,
    "p50_tpot_ms": 7.87848706119571,
    "p50_e2e_ms": 4252.931585535407,
    "p99_ttft_ms": 160.24083074182272,
    "p99_tpot_ms": 7.963774418813393,
    "p99_e2e_ms": 8021.454058624804
  },
  "throughput": {
    "requests_per_sec": 0.1853276108094667,
    "tokens_per_sec": 97.85297850739842
  },
  "success_rate": 100.0,
  "total_requests": 2,
  "failed_requests": 0,
  "duration_sec": 10.79170012101531,
  "timestamp": "2026-01-18T10:29:59.276579",
  "error": null
}