{
  "config": "2P_2D",
  "workload": "small_small_bal",
  "qps": 0.5,
  "turn1": {
    "count": 5,
    "avg_ttft_ms": 105.93874007463455,
    "avg_tpot_ms": 7.831327241706097,
    "avg_e2e_ms": 1100.517299771309,
    "p50_ttft_ms": 103.1014695763588,
    "p50_tpot_ms": 7.879511343212578,
    "p50_e2e_ms": 1096.797365695238,
    "p99_ttft_ms": 126.92321702837944,
    "p99_tpot_ms": 7.931465898442457,
    "p99_e2e_ms": 1127.0937626063824
  },
  "turn2": {
    "count": 5,
    "avg_ttft_ms": 109.67717245221138,
    "avg_tpot_ms": 7.745724975589722,
    "avg_e2e_ms": 597.6578459143639,
    "p50_ttft_ms": 106.13208636641502,
    "p50_tpot_ms": 7.7560688886377545,
    "p50_e2e_ms": 591.2277810275555,
    "p99_ttft_ms": 123.37207093834877,
    "p99_tpot_ms": 7.783789502249824,
    "p99_e2e_ms": 613.4891277551651
  },
  "average": {
    "count": 10,
    "avg_ttft_ms": 107.80795626342297,
    "avg_tpot_ms": 7.788526108647909,
    "avg_e2e_ms": 849.0875728428364,
    "p50_ttft_ms": 104.61677797138691,
    "p50_tpot_ms": 7.7824194930375565,
    "p50_e2e_ms": 846.7073254287243,
    "p99_ttft_ms": 126.7581707984209,
    "p99_tpot_ms": 7.9288717060107885,
    "p99_e2e_ms": 1125.9237845242023
  },
  "throughput": {
    "requests_per_sec": 0.878250199019922,
    "tokens_per_sec": 84.31201910591251
  },
  "success_rate": 100.0,
  "total_requests": 10,
  "failed_requests": 0,
  "duration_sec": 11.386276952922344,
  "timestamp": "2026-01-18T09:34:09.358104",
  "error": null
}