{
  "config": "2P_2D",
  "workload": "small_long_gen",
  "qps": 6,
  "turn1": {
    "count": 54,
    "avg_ttft_ms": 110.49123142880423,
    "avg_tpot_ms": 9.207977749000976,
    "avg_e2e_ms": 1279.904405551928,
    "p50_ttft_ms": 104.7513447701931,
    "p50_tpot_ms": 9.426452454150192,
    "p50_e2e_ms": 1310.2912101894617,
    "p99_ttft_ms": 156.74416657537222,
    "p99_tpot_ms": 9.892185944623835,
    "p99_e2e_ms": 1393.714537061751
  },
  "turn2": {
    "count": 54,
    "avg_ttft_ms": 112.8033995628357,
    "avg_tpot_ms": 9.235883951500341,
    "avg_e2e_ms": 4832.34009877951,
    "p50_ttft_ms": 110.07075943052769,
    "p50_tpot_ms": 9.3325333607815,
    "p50_e2e_ms": 4880.763413384557,
    "p99_ttft_ms": 165.0190635025501,
    "p99_tpot_ms": 9.710159878776848,
    "p99_e2e_ms": 5062.064002119005
  },
  "average": {
    "count": 108,
    "avg_ttft_ms": 111.64731549581995,
    "avg_tpot_ms": 9.221930850250658,
    "avg_e2e_ms": 3056.122252165719,
    "p50_ttft_ms": 107.75955952703953,
    "p50_tpot_ms": 9.344947558997195,
    "p50_e2e_ms": 2917.8023990243673,
    "p99_ttft_ms": 158.62088058143854,
    "p99_tpot_ms": 9.872118566390567,
    "p99_e2e_ms": 5050.15909742564
  },
  "throughput": {
    "requests_per_sec": 6.768734336660879,
    "tokens_per_sec": 2165.994987731481
  },
  "success_rate": 100.0,
  "total_requests": 108,
  "failed_requests": 0,
  "duration_sec": 15.955715592950583,
  "timestamp": "2026-01-18T09:27:19.044173",
  "error": null
}