{
  "config": "2P_2D",
  "workload": "small_big_paste",
  "qps": 6,
  "turn1": {
    "count": 60,
    "avg_ttft_ms": 122.08409116913874,
    "avg_tpot_ms": 8.815113418879784,
    "avg_e2e_ms": 1241.6034953668714,
    "p50_ttft_ms": 103.17074321210384,
    "p50_tpot_ms": 8.685161718937355,
    "p50_e2e_ms": 1212.1357917785645,
    "p99_ttft_ms": 239.5326275005936,
    "p99_tpot_ms": 9.584298159369803,
    "p99_e2e_ms": 1422.7944646030664
  },
  "turn2": {
    "count": 60,
    "avg_ttft_ms": 158.90322147558132,
    "avg_tpot_ms": 8.984807061731184,
    "avg_e2e_ms": 724.946066364646,
    "p50_ttft_ms": 146.12572267651558,
    "p50_tpot_ms": 8.874145912982168,
    "p50_e2e_ms": 706.7822180688381,
    "p99_ttft_ms": 271.85579951852554,
    "p99_tpot_ms": 9.977071861780825,
    "p99_e2e_ms": 871.6451112553477
  },
  "average": {
    "count": 120,
    "avg_ttft_ms": 140.49365632236004,
    "avg_tpot_ms": 8.899960240305484,
    "avg_e2e_ms": 983.2747808657587,
    "p50_ttft_ms": 130.49952127039433,
    "p50_tpot_ms": 8.767432459290065,
    "p50_e2e_ms": 1010.5459243059158,
    "p99_ttft_ms": 263.68714291602373,
    "p99_tpot_ms": 9.946727441653373,
    "p99_e2e_ms": 1414.7059157118201
  },
  "throughput": {
    "requests_per_sec": 11.565087351551792,
    "tokens_per_sec": 1110.248385748972
  },
  "success_rate": 100.0,
  "total_requests": 120,
  "failed_requests": 0,
  "duration_sec": 10.376056518405676,
  "timestamp": "2026-01-18T09:40:42.172437",
  "error": null
}