{
  "config": "2P_2D",
  "workload": "small_mid_bal",
  "qps": 4,
  "turn1": {
    "count": 27,
    "avg_ttft_ms": 93.55742594710102,
    "avg_tpot_ms": 8.213536010457045,
    "avg_e2e_ms": 1136.6764992751457,
    "p50_ttft_ms": 92.92508289217949,
    "p50_tpot_ms": 8.228752204752343,
    "p50_e2e_ms": 1139.0220150351524,
    "p99_ttft_ms": 118.56538005173205,
    "p99_tpot_ms": 8.40277319583367,
    "p99_e2e_ms": 1169.303786456585
  },
  "turn2": {
    "count": 27,
    "avg_ttft_ms": 95.50772000242162,
    "avg_tpot_ms": 8.236207952301926,
    "avg_e2e_ms": 1141.506129944766,
    "p50_ttft_ms": 95.22907435894012,
    "p50_tpot_ms": 8.2504774231141,
    "p50_e2e_ms": 1137.872464954853,
    "p99_ttft_ms": 107.40671269595623,
    "p99_tpot_ms": 8.441384324994614,
    "p99_e2e_ms": 1169.7976695746183
  },
  "average": {
    "count": 54,
    "avg_ttft_ms": 94.53257297476132,
    "avg_tpot_ms": 8.224871981379485,
    "avg_e2e_ms": 1139.0913146099558,
    "p50_ttft_ms": 94.85292062163353,
    "p50_tpot_ms": 8.244635786597184,
    "p50_e2e_ms": 1138.8571690768003,
    "p99_ttft_ms": 117.09984887391329,
    "p99_tpot_ms": 8.436945430113106,
    "p99_e2e_ms": 1170.078218318522
  },
  "throughput": {
    "requests_per_sec": 4.7848723871860654,
    "tokens_per_sec": 612.4636655598164
  },
  "success_rate": 100.0,
  "total_requests": 54,
  "failed_requests": 0,
  "duration_sec": 11.285567436367273,
  "timestamp": "2026-01-18T09:36:38.378203",
  "error": null
}