{
  "config": "2P_2D",
  "workload": "large_short_gen",
  "qps": 0.5,
  "turn1": {
    "count": 3,
    "avg_ttft_ms": 128.51153686642647,
    "avg_tpot_ms": 7.971561771479753,
    "avg_e2e_ms": 8283.419229090214,
    "p50_ttft_ms": 124.95704367756844,
    "p50_tpot_ms": 7.987961610041755,
    "p50_e2e_ms": 8296.641770750284,
    "p99_ttft_ms": 136.05478964745998,
    "p99_tpot_ms": 8.06883003741124,
    "p99_e2e_ms": 8390.467917919159
  },
  "turn2": {
    "count": 3,
    "avg_ttft_ms": 136.73090065519014,
    "avg_tpot_ms": 7.9735806808362595,
    "avg_e2e_ms": 2169.9939742684364,
    "p50_ttft_ms": 134.90699976682663,
    "p50_tpot_ms": 7.913135883270526,
    "p50_e2e_ms": 2166.5421947836876,
    "p99_ttft_ms": 148.41683365404606,
    "p99_tpot_ms": 8.181227520108223,
    "p99_e2e_ms": 2221.395728290081
  },
  "average": {
    "count": 6,
    "avg_ttft_ms": 132.62121876080832,
    "avg_tpot_ms": 7.972571226158007,
    "avg_e2e_ms": 5226.706601679325,
    "p50_ttft_ms": 130.75007870793343,
    "p50_tpot_ms": 7.950548746656141,
    "p50_e2e_ms": 5191.87418371439,
    "p99_ttft_ms": 148.07198103517294,
    "p99_tpot_ms": 8.180887859776727,
    "p99_e2e_ms": 8387.595688924193
  },
  "throughput": {
    "requests_per_sec": 0.2980035844759282,
    "tokens_per_sec": 190.72229406459402
  },
  "success_rate": 100.0,
  "total_requests": 6,
  "failed_requests": 0,
  "duration_sec": 20.13398600742221,
  "timestamp": "2026-01-18T09:48:51.572279",
  "error": null
}