{
  "config": "2P_2D",
  "workload": "small_mid_bal",
  "qps": 10,
  "turn1": {
    "count": 96,
    "avg_ttft_ms": 116.50098282067727,
    "avg_tpot_ms": 9.231040965560384,
    "avg_e2e_ms": 1288.843185446846,
    "p50_ttft_ms": 102.6587225496769,
    "p50_tpot_ms": 9.271913992725018,
    "p50_e2e_ms": 1284.9653083831072,
    "p99_ttft_ms": 244.20421272516236,
    "p99_tpot_ms": 9.717384244747988,
    "p99_e2e_ms": 1426.020126789808
  },
  "turn2": {
    "count": 96,
    "avg_ttft_ms": 115.29391387011856,
    "avg_tpot_ms": 9.276169525481409,
    "avg_e2e_ms": 1293.3674436062574,
    "p50_ttft_ms": 105.5233534425497,
    "p50_tpot_ms": 9.359118389332387,
    "p50_e2e_ms": 1298.626372590661,
    "p99_ttft_ms": 260.6139348819852,
    "p99_tpot_ms": 9.731065729764971,
    "p99_e2e_ms": 1441.792511753738
  },
  "average": {
    "count": 192,
    "avg_ttft_ms": 115.8974483453979,
    "avg_tpot_ms": 9.253605245520896,
    "avg_e2e_ms": 1291.1053145265516,
    "p50_ttft_ms": 104.87745516002178,
    "p50_tpot_ms": 9.319624093573864,
    "p50_e2e_ms": 1296.9240434467793,
    "p99_ttft_ms": 260.9179973974824,
    "p99_tpot_ms": 9.72282652339832,
    "p99_e2e_ms": 1442.6463552936912
  },
  "throughput": {
    "requests_per_sec": 15.570245429928764,
    "tokens_per_sec": 1992.9914150308819
  },
  "success_rate": 100.0,
  "total_requests": 192,
  "failed_requests": 0,
  "duration_sec": 12.331212174147367,
  "timestamp": "2026-01-18T09:37:15.454555",
  "error": null
}