{
  "config": "2P_2D",
  "workload": "small_big_paste",
  "qps": 16,
  "turn1": {
    "count": 149,
    "avg_ttft_ms": 141.2635046313673,
    "avg_tpot_ms": 9.808538367115709,
    "avg_e2e_ms": 1386.9478772550622,
    "p50_ttft_ms": 118.77763643860817,
    "p50_tpot_ms": 9.92742588552903,
    "p50_e2e_ms": 1382.248766720295,
    "p99_ttft_ms": 403.7869718670848,
    "p99_tpot_ms": 10.275987845471525,
    "p99_e2e_ms": 1659.559502154589
  },
  "turn2": {
    "count": 149,
    "avg_ttft_ms": 166.45064417447819,
    "avg_tpot_ms": 9.802121559124831,
    "avg_e2e_ms": 783.9843023993425,
    "p50_ttft_ms": 150.4477895796299,
    "p50_tpot_ms": 9.858516237092397,
    "p50_e2e_ms": 775.7832556962967,
    "p99_ttft_ms": 321.97593778371817,
    "p99_tpot_ms": 10.524338616265192,
    "p99_e2e_ms": 950.2220919728279
  },
  "average": {
    "count": 298,
    "avg_ttft_ms": 153.85707440292276,
    "avg_tpot_ms": 9.805329963120268,
    "avg_e2e_ms": 1085.4660898272023,
    "p50_ttft_ms": 139.42120969295502,
    "p50_tpot_ms": 9.899481494524913,
    "p50_e2e_ms": 1097.4738243967295,
    "p99_ttft_ms": 382.56085842847807,
    "p99_tpot_ms": 10.406947202743991,
    "p99_e2e_ms": 1611.5662130340922
  },
  "throughput": {
    "requests_per_sec": 25.01264969134705,
    "tokens_per_sec": 2401.214370369317
  },
  "success_rate": 100.0,
  "total_requests": 298,
  "failed_requests": 0,
  "duration_sec": 11.913971677422523,
  "timestamp": "2026-01-18T09:41:27.710759",
  "error": null
}