{
  "config": "2P_2D",
  "workload": "large_very_long_gen",
  "qps": 10,
  "turn1": {
    "count": 85,
    "avg_ttft_ms": 7743.0315814035785,
    "avg_tpot_ms": 10.887744542176806,
    "avg_e2e_ms": 18881.19424805045,
    "p50_ttft_ms": 179.08483371138573,
    "p50_tpot_ms": 10.911968745152855,
    "p50_e2e_ms": 11796.127781271935,
    "p99_ttft_ms": 19003.41841235757,
    "p99_tpot_ms": 11.515482270094191,
    "p99_e2e_ms": 30186.644793599844
  },
  "turn2": {
    "count": 84,
    "avg_ttft_ms": 165.6935273980101,
    "avg_tpot_ms": 11.6727595044423,
    "avg_e2e_ms": 12106.926500442481,
    "p50_ttft_ms": 162.79157623648643,
    "p50_tpot_ms": 11.93142444521684,
    "p50_e2e_ms": 12382.060984149575,
    "p99_ttft_ms": 232.43435993790632,
    "p99_tpot_ms": 12.325920377651325,
    "p99_e2e_ms": 12777.870038039982
  },
  "average": {
    "count": 169,
    "avg_ttft_ms": 3976.7807143238874,
    "avg_tpot_ms": 11.277929493835394,
    "avg_e2e_ms": 15514.102586517496,
    "p50_ttft_ms": 166.15857928991318,
    "p50_tpot_ms": 11.229442933233836,
    "p50_e2e_ms": 12235.34321039915,
    "p99_ttft_ms": 18938.954627364874,
    "p99_tpot_ms": 12.321743507189485,
    "p99_e2e_ms": 30119.869777560234
  },
  "throughput": {
    "requests_per_sec": 3.312232459165165,
    "tokens_per_sec": 3391.726038185129
  },
  "success_rate": 99.41176470588235,
  "total_requests": 170,
  "failed_requests": 1,
  "duration_sec": 51.02298890054226,
  "timestamp": "2026-01-18T10:05:04.932280",
  "error": "Server disconnected"
}