{
  "config": "2P_2D",
  "workload": "large_tiny",
  "qps": 20,
  "turn1": {
    "count": 179,
    "avg_ttft_ms": 12936.317123743242,
    "avg_tpot_ms": 11.220690137078506,
    "avg_e2e_ms": 24415.083133974556,
    "p50_ttft_ms": 10052.28142440319,
    "p50_tpot_ms": 11.370204054074087,
    "p50_e2e_ms": 22097.386974841356,
    "p99_ttft_ms": 30126.710296869278,
    "p99_tpot_ms": 11.995132468633521,
    "p99_e2e_ms": 40870.194089487195
  },
  "turn2": {
    "count": 179,
    "avg_ttft_ms": 513.7287649903551,
    "avg_tpot_ms": 11.388373330764502,
    "avg_e2e_ms": 866.7683382440546,
    "p50_ttft_ms": 184.96179953217506,
    "p50_tpot_ms": 11.377129463418838,
    "p50_e2e_ms": 551.9554913043976,
    "p99_ttft_ms": 3871.1975771933667,
    "p99_tpot_ms": 14.085658459413436,
    "p99_e2e_ms": 4245.744427740561
  },
  "average": {
    "count": 358,
    "avg_ttft_ms": 6725.022944366799,
    "avg_tpot_ms": 11.304531733921502,
    "avg_e2e_ms": 12640.925736109304,
    "p50_ttft_ms": 290.43199121952057,
    "p50_tpot_ms": 11.376052133498654,
    "p50_e2e_ms": 10708.265176042914,
    "p99_ttft_ms": 30003.071319833398,
    "p99_tpot_ms": 13.822733984599193,
    "p99_e2e_ms": 40687.445291914046
  },
  "throughput": {
    "requests_per_sec": 6.984108106565801,
    "tokens_per_sec": 3687.6090802667427
  },
  "success_rate": 100.0,
  "total_requests": 358,
  "failed_requests": 0,
  "duration_sec": 51.259229458868504,
  "timestamp": "2026-01-18T09:48:26.385367",
  "error": null
}