{
  "config": "2P_2D",
  "workload": "small_long_gen",
  "qps": 8,
  "turn1": {
    "count": 72,
    "avg_ttft_ms": 117.20569483521912,
    "avg_tpot_ms": 9.569517729929398,
    "avg_e2e_ms": 1332.534446536253,
    "p50_ttft_ms": 111.9871735572815,
    "p50_tpot_ms": 9.648985940757699,
    "p50_e2e_ms": 1342.4394261091948,
    "p99_ttft_ms": 193.46716422587633,
    "p99_tpot_ms": 10.366656964747458,
    "p99_e2e_ms": 1452.8472835198045
  },
  "turn2": {
    "count": 72,
    "avg_ttft_ms": 109.43471987007393,
    "avg_tpot_ms": 9.595395543149408,
    "avg_e2e_ms": 5012.6818424194225,
    "p50_ttft_ms": 106.13504983484745,
    "p50_tpot_ms": 9.657366066412916,
    "p50_e2e_ms": 5042.281540110707,
    "p99_ttft_ms": 171.13937865942742,
    "p99_tpot_ms": 10.141254853814432,
    "p99_e2e_ms": 5318.3273873105645
  },
  "average": {
    "count": 144,
    "avg_ttft_ms": 113.32020735264652,
    "avg_tpot_ms": 9.582456636539403,
    "avg_e2e_ms": 3172.6081444778374,
    "p50_ttft_ms": 108.2806084305048,
    "p50_tpot_ms": 9.650061699915565,
    "p50_e2e_ms": 2946.3927391916513,
    "p99_ttft_ms": 193.65106467157602,
    "p99_tpot_ms": 10.28913098262755,
    "p99_e2e_ms": 5307.250786460936
  },
  "throughput": {
    "requests_per_sec": 9.166590107053548,
    "tokens_per_sec": 2933.308834257135
  },
  "success_rate": 100.0,
  "total_requests": 144,
  "failed_requests": 0,
  "duration_sec": 15.709222111850977,
  "timestamp": "2026-01-18T09:27:34.793668",
  "error": null
}