{
  "config": "2P_2D",
  "workload": "small_short_gen",
  "qps": 10,
  "turn1": {
    "count": 91,
    "avg_ttft_ms": 115.18556792493705,
    "avg_tpot_ms": 9.451805785178436,
    "avg_e2e_ms": 1315.5649026425986,
    "p50_ttft_ms": 108.25886204838753,
    "p50_tpot_ms": 9.535757663447088,
    "p50_e2e_ms": 1322.528537362814,
    "p99_ttft_ms": 239.15108554065222,
    "p99_tpot_ms": 9.85067208099553,
    "p99_e2e_ms": 1467.2464210540056
  },
  "turn2": {
    "count": 91,
    "avg_ttft_ms": 113.91228232737426,
    "avg_tpot_ms": 9.452966312971949,
    "avg_e2e_ms": 2524.418692135221,
    "p50_ttft_ms": 104.92334887385368,
    "p50_tpot_ms": 9.584061436209025,
    "p50_e2e_ms": 2545.72469368577,
    "p99_ttft_ms": 207.24669136106968,
    "p99_tpot_ms": 9.939487963622692,
    "p99_e2e_ms": 2685.2372013032436
  },
  "average": {
    "count": 182,
    "avg_ttft_ms": 114.54892512615565,
    "avg_tpot_ms": 9.452386049075193,
    "avg_e2e_ms": 1919.9917973889098,
    "p50_ttft_ms": 105.52385821938515,
    "p50_tpot_ms": 9.557043796214533,
    "p50_e2e_ms": 1840.7200817018747,
    "p99_ttft_ms": 214.1092670336365,
    "p99_tpot_ms": 9.911520997975387,
    "p99_e2e_ms": 2683.510776795447
  },
  "throughput": {
    "requests_per_sec": 13.577232311385847,
    "tokens_per_sec": 2606.8286037860826
  },
  "success_rate": 100.0,
  "total_requests": 182,
  "failed_requests": 0,
  "duration_sec": 13.404793836176395,
  "timestamp": "2026-01-18T09:25:11.111700",
  "error": null
}