{
  "config": "2P_2D",
  "workload": "small_huge_paste",
  "qps": 6,
  "turn1": {
    "count": 60,
    "avg_ttft_ms": 106.4948699126641,
    "avg_tpot_ms": 8.676299180473713,
    "avg_e2e_ms": 1208.3848658328254,
    "p50_ttft_ms": 99.22253154218197,
    "p50_tpot_ms": 8.66021969773638,
    "p50_e2e_ms": 1200.460959225893,
    "p99_ttft_ms": 189.5187007263302,
    "p99_tpot_ms": 9.325178631940696,
    "p99_e2e_ms": 1325.6774550676346
  },
  "turn2": {
    "count": 60,
    "avg_ttft_ms": 143.33120690037808,
    "avg_tpot_ms": 8.705373667180538,
    "avg_e2e_ms": 413.19779058297473,
    "p50_ttft_ms": 142.52713322639465,
    "p50_tpot_ms": 8.685980532919206,
    "p50_e2e_ms": 411.33235581219196,
    "p99_ttft_ms": 205.97061276435852,
    "p99_tpot_ms": 9.620890154713583,
    "p99_e2e_ms": 490.3008310124278
  },
  "average": {
    "count": 120,
    "avg_ttft_ms": 124.91303840652108,
    "avg_tpot_ms": 8.690836423827125,
    "avg_e2e_ms": 810.7913282079002,
    "p50_ttft_ms": 120.2018242329359,
    "p50_tpot_ms": 8.670598840502304,
    "p50_e2e_ms": 803.5021554678679,
    "p99_ttft_ms": 204.546634927392,
    "p99_tpot_ms": 9.500323592895462,
    "p99_e2e_ms": 1311.5563384070992
  },
  "throughput": {
    "requests_per_sec": 10.955618790615995,
    "tokens_per_sec": 876.4495032492797
  },
  "success_rate": 100.0,
  "total_requests": 120,
  "failed_requests": 0,
  "duration_sec": 10.95328363403678,
  "timestamp": "2026-01-18T09:42:34.802135",
  "error": null
}