{
  "config": "2P_2D",
  "workload": "small_tiny",
  "qps": 20,
  "turn1": {
    "count": 187,
    "avg_ttft_ms": 151.9436501962616,
    "avg_tpot_ms": 9.795082122924489,
    "avg_e2e_ms": 1395.9190798076716,
    "p50_ttft_ms": 134.35251265764236,
    "p50_tpot_ms": 9.790036504662881,
    "p50_e2e_ms": 1391.2973962724209,
    "p99_ttft_ms": 317.1656024456023,
    "p99_tpot_ms": 10.575511029034148,
    "p99_e2e_ms": 1587.6324374228716
  },
  "turn2": {
    "count": 187,
    "avg_ttft_ms": 156.98433992139158,
    "avg_tpot_ms": 9.84790356730477,
    "avg_e2e_ms": 462.2693505078395,
    "p50_ttft_ms": 133.91252979636192,
    "p50_tpot_ms": 9.86902067257512,
    "p50_e2e_ms": 443.8161998987198,
    "p99_ttft_ms": 342.15772047638893,
    "p99_tpot_ms": 11.347390245045386,
    "p99_e2e_ms": 694.4910001009703
  },
  "average": {
    "count": 374,
    "avg_ttft_ms": 154.46399505882658,
    "avg_tpot_ms": 9.82149284511463,
    "avg_e2e_ms": 929.0942151577556,
    "p50_ttft_ms": 134.0489760041237,
    "p50_tpot_ms": 9.816481640284698,
    "p50_e2e_ms": 961.9663283228874,
    "p99_ttft_ms": 335.25560427457077,
    "p99_tpot_ms": 11.269774281930538,
    "p99_e2e_ms": 1578.392982184887
  },
  "throughput": {
    "requests_per_sec": 32.09662381438481,
    "tokens_per_sec": 2567.729905150785
  },
  "success_rate": 100.0,
  "total_requests": 374,
  "failed_requests": 0,
  "duration_sec": 11.652315899729729,
  "timestamp": "2026-01-18T09:23:37.037848",
  "error": null
}