{
  "config": "2P_2D",
  "workload": "large_very_long_gen",
  "qps": 12,
  "turn1": {
    "count": 120,
    "avg_ttft_ms": 15420.940611014763,
    "avg_tpot_ms": 11.066523926656085,
    "avg_e2e_ms": 26741.994587983936,
    "p50_ttft_ms": 20363.27438428998,
    "p50_tpot_ms": 11.320671723938874,
    "p50_e2e_ms": 31744.07410994172,
    "p99_ttft_ms": 41668.32706823945,
    "p99_tpot_ms": 12.242703156205275,
    "p99_e2e_ms": 51813.06902773678
  },
  "turn2": {
    "count": 120,
    "avg_ttft_ms": 166.9251162558794,
    "avg_tpot_ms": 11.883310504432472,
    "avg_e2e_ms": 12323.551762290299,
    "p50_ttft_ms": 160.1747553795576,
    "p50_tpot_ms": 11.99273051346269,
    "p50_e2e_ms": 12435.00193580985,
    "p99_ttft_ms": 353.96070901304495,
    "p99_tpot_ms": 13.516097433741258,
    "p99_e2e_ms": 14142.087770923972
  },
  "average": {
    "count": 240,
    "avg_ttft_ms": 7793.932863635321,
    "avg_tpot_ms": 11.474917215544279,
    "avg_e2e_ms": 19532.773175137118,
    "p50_ttft_ms": 175.80229602754116,
    "p50_tpot_ms": 11.440988131166087,
    "p50_e2e_ms": 12717.280145734549,
    "p99_ttft_ms": 41650.04813119769,
    "p99_tpot_ms": 13.505876563190832,
    "p99_e2e_ms": 51664.322076551616
  },
  "throughput": {
    "requests_per_sec": 3.3986525766888556,
    "tokens_per_sec": 3480.220238529388
  },
  "success_rate": 100.0,
  "total_requests": 240,
  "failed_requests": 0,
  "duration_sec": 70.61622057110071,
  "timestamp": "2026-01-18T10:06:15.589864",
  "error": null
}