{
  "config": "2P_2D",
  "workload": "small_mid_bal",
  "qps": 16,
  "turn1": {
    "count": 160,
    "avg_ttft_ms": 784.6010198816657,
    "avg_tpot_ms": 10.338080975073058,
    "avg_e2e_ms": 2097.5373037159443,
    "p50_ttft_ms": 882.9620592296124,
    "p50_tpot_ms": 10.39138106321256,
    "p50_e2e_ms": 2181.9878686219454,
    "p99_ttft_ms": 1439.917179904878,
    "p99_tpot_ms": 11.298130165462888,
    "p99_e2e_ms": 2789.3808294832706
  },
  "turn2": {
    "count": 160,
    "avg_ttft_ms": 183.43475894071162,
    "avg_tpot_ms": 10.311869244406543,
    "avg_e2e_ms": 1493.0421529803425,
    "p50_ttft_ms": 151.11828595399857,
    "p50_tpot_ms": 10.426639014576363,
    "p50_e2e_ms": 1489.4770234823227,
    "p99_ttft_ms": 438.1393974646926,
    "p99_tpot_ms": 11.351438389401736,
    "p99_e2e_ms": 1868.0630845576525
  },
  "average": {
    "count": 320,
    "avg_ttft_ms": 484.01788941118866,
    "avg_tpot_ms": 10.324975109739801,
    "avg_e2e_ms": 1795.2897283481434,
    "p50_ttft_ms": 231.68257251381874,
    "p50_tpot_ms": 10.403356786201318,
    "p50_e2e_ms": 1586.4061005413532,
    "p99_ttft_ms": 1412.3649775609374,
    "p99_tpot_ms": 11.343088407568105,
    "p99_e2e_ms": 2772.7325013279915
  },
  "throughput": {
    "requests_per_sec": 27.248653848754714,
    "tokens_per_sec": 3487.8276926406033
  },
  "success_rate": 100.0,
  "total_requests": 320,
  "failed_requests": 0,
  "duration_sec": 11.74369940534234,
  "timestamp": "2026-01-18T09:37:39.127837",
  "error": null
}