{
  "config": "2P_2D",
  "workload": "large_long_gen",
  "qps": 10,
  "turn1": {
    "count": 85,
    "avg_ttft_ms": 5143.237972741618,
    "avg_tpot_ms": 11.003509910028448,
    "avg_e2e_ms": 16399.82861070072,
    "p50_ttft_ms": 182.30639398097992,
    "p50_tpot_ms": 11.22018154109678,
    "p50_e2e_ms": 11934.265658259392,
    "p99_ttft_ms": 13011.56627908349,
    "p99_tpot_ms": 11.619172911227972,
    "p99_e2e_ms": 24634.60323512554
  },
  "turn2": {
    "count": 85,
    "avg_ttft_ms": 160.26891767978668,
    "avg_tpot_ms": 11.411269657340412,
    "avg_e2e_ms": 5991.427712580737,
    "p50_ttft_ms": 155.8266580104828,
    "p50_tpot_ms": 11.726798201727075,
    "p50_e2e_ms": 6170.18374055624,
    "p99_ttft_ms": 237.13308542966843,
    "p99_tpot_ms": 12.21821998109323,
    "p99_e2e_ms": 6412.704093307257
  },
  "average": {
    "count": 170,
    "avg_ttft_ms": 2651.7534452107025,
    "avg_tpot_ms": 11.207389783684429,
    "avg_e2e_ms": 11195.628161640729,
    "p50_ttft_ms": 158.75235199928284,
    "p50_tpot_ms": 11.43111767045214,
    "p50_e2e_ms": 8465.462850406766,
    "p99_ttft_ms": 12982.062750309706,
    "p99_tpot_ms": 12.214478689615857,
    "p99_e2e_ms": 24624.424318820238
  },
  "throughput": {
    "requests_per_sec": 4.296534214732484,
    "tokens_per_sec": 3299.7382769145474
  },
  "success_rate": 100.0,
  "total_requests": 170,
  "failed_requests": 0,
  "duration_sec": 39.566774405539036,
  "timestamp": "2026-01-18T09:57:36.129759",
  "error": null
}