{
  "config": "2P_2D",
  "workload": "small_mid_paste",
  "qps": 4,
  "turn1": {
    "count": 29,
    "avg_ttft_ms": 101.59993505683438,
    "avg_tpot_ms": 8.189393482048358,
    "avg_e2e_ms": 1141.6529072769756,
    "p50_ttft_ms": 95.82287818193436,
    "p50_tpot_ms": 8.162029996866316,
    "p50_e2e_ms": 1142.9969295859337,
    "p99_ttft_ms": 157.397833019495,
    "p99_tpot_ms": 8.643511165314772,
    "p99_e2e_ms": 1218.8258065283298
  },
  "turn2": {
    "count": 29,
    "avg_ttft_ms": 105.66533780817328,
    "avg_tpot_ms": 8.23886941080545,
    "avg_e2e_ms": 624.7141106889165,
    "p50_ttft_ms": 101.3733558356762,
    "p50_tpot_ms": 8.219692796941787,
    "p50_e2e_ms": 619.0486550331116,
    "p99_ttft_ms": 152.9995988309383,
    "p99_tpot_ms": 8.744085263165216,
    "p99_e2e_ms": 674.6011444926262
  },
  "average": {
    "count": 58,
    "avg_ttft_ms": 103.63263643250383,
    "avg_tpot_ms": 8.2141314464269,
    "avg_e2e_ms": 883.1835089829461,
    "p50_ttft_ms": 99.51703436672688,
    "p50_tpot_ms": 8.20943559446032,
    "p50_e2e_ms": 872.8061765432358,
    "p99_ttft_ms": 159.3170102313161,
    "p99_tpot_ms": 8.715852066756241,
    "p99_e2e_ms": 1210.3844770789146
  },
  "throughput": {
    "requests_per_sec": 4.98103593322297,
    "tokens_per_sec": 478.1794495894052
  },
  "success_rate": 100.0,
  "total_requests": 58,
  "failed_requests": 0,
  "duration_sec": 11.644164141267538,
  "timestamp": "2026-01-18T09:38:38.978408",
  "error": null
}