{
  "config": "2P_2D",
  "workload": "large_very_long_gen",
  "qps": 4,
  "turn1": {
    "count": 30,
    "avg_ttft_ms": 136.52394774059454,
    "avg_tpot_ms": 9.260920752125129,
    "avg_e2e_ms": 9610.445877164602,
    "p50_ttft_ms": 133.3162896335125,
    "p50_tpot_ms": 9.274945298495647,
    "p50_e2e_ms": 9653.70575338602,
    "p99_ttft_ms": 191.01797737181187,
    "p99_tpot_ms": 10.02453308909374,
    "p99_e2e_ms": 10387.642960809171
  },
  "turn2": {
    "count": 30,
    "avg_ttft_ms": 142.4641360839208,
    "avg_tpot_ms": 9.680705271362676,
    "avg_e2e_ms": 10045.825628687939,
    "p50_ttft_ms": 141.64849929511547,
    "p50_tpot_ms": 9.673155221509095,
    "p50_e2e_ms": 10048.716504126787,
    "p99_ttft_ms": 185.74203144758943,
    "p99_tpot_ms": 10.12699908852752,
    "p99_e2e_ms": 10509.456560462713
  },
  "average": {
    "count": 60,
    "avg_ttft_ms": 139.49404191225767,
    "avg_tpot_ms": 9.470813011743902,
    "avg_e2e_ms": 9828.13575292627,
    "p50_ttft_ms": 137.02633790671825,
    "p50_tpot_ms": 9.578740956190744,
    "p50_e2e_ms": 9936.094829812646,
    "p99_ttft_ms": 191.61866080015898,
    "p99_tpot_ms": 10.126280330361858,
    "p99_e2e_ms": 10506.52013167739
  },
  "throughput": {
    "requests_per_sec": 2.0056670974545927,
    "tokens_per_sec": 2053.803107793503
  },
  "success_rate": 100.0,
  "total_requests": 60,
  "failed_requests": 0,
  "duration_sec": 29.915233727544546,
  "timestamp": "2026-01-18T10:02:39.863030",
  "error": null
}