{
  "config": "2P_1D_1pD",
  "ppd_enabled": false,
  "qps": 4.0,
  "num_conversations": 500,
  "duration_sec": 313.95095889642835,
  "timestamp": "2026-01-21T09:52:11.240419",
  "turn1": {
    "count": 266,
    "avg_ttft_ms": 86661.32978673436,
    "avg_tpot_ms": 9.14644775572261,
    "avg_e2e_ms": 89489.29897896049,
    "p50_ttft_ms": 86324.3629578501,
    "p50_tpot_ms": 9.020365303684068,
    "p50_e2e_ms": 87091.69049933553,
    "p90_ttft_ms": 165396.71565033495,
    "p90_tpot_ms": 10.339063518887972,
    "p90_e2e_ms": 168514.34699259698,
    "p99_ttft_ms": 170320.8849331364,
    "p99_tpot_ms": 10.941438228198136,
    "p99_e2e_ms": 176037.79725115746
  },
  "turn2plus": {
    "count": 961,
    "avg_ttft_ms": 39.735767536803415,
    "avg_tpot_ms": 9.219422282596204,
    "avg_e2e_ms": 2861.4312015574633,
    "p50_ttft_ms": 38.37136551737785,
    "p50_tpot_ms": 9.076893950502079,
    "p50_e2e_ms": 2660.7386507093906,
    "p90_ttft_ms": 49.58156496286392,
    "p90_tpot_ms": 10.43438946028375,
    "p90_e2e_ms": 5311.032135039568,
    "p99_ttft_ms": 64.43392932415009,
    "p99_tpot_ms": 11.055539162390668,
    "p99_e2e_ms": 8104.73220422864
  },
  "all_turns": {
    "count": 1227,
    "avg_ttft_ms": 18818.33724195127,
    "avg_tpot_ms": 9.203631073502248,
    "avg_e2e_ms": 21641.39275721289,
    "p50_ttft_ms": 40.10075330734253,
    "p50_tpot_ms": 9.059223339206591,
    "p50_e2e_ms": 3152.2908583283424,
    "p90_ttft_ms": 94906.18622154,
    "p90_tpot_ms": 10.417797558418497,
    "p90_e2e_ms": 97442.20784083009,
    "p99_ttft_ms": 168325.02733916044,
    "p99_tpot_ms": 11.044007649412183,
    "p99_e2e_ms": 171204.11027118564
  },
  "throughput": {
    "conversations_per_sec": 1.592605423973076,
    "requests_per_sec": 4.653593048849328,
    "tokens_per_sec": 1193.6099871051013
  },
  "success_rate": {
    "turns": 83.9835728952772,
    "conversations": 53.2
  },
  "counts": {
    "total_conversations": 500,
    "successful_conversations": 266,
    "total_turns": 1461,
    "turn1_count": 500,
    "turn2plus_count": 961,
    "successful_turns": 1227
  },
  "slo_attainment": {
    "ttft_100ms": 1.0,
    "ttft_200ms": 1.0,
    "ttft_500ms": 1.0,
    "tpot_15ms": 1.0,
    "tpot_30ms": 1.0,
    "e2e_5000ms": 0.8792924037460979,
    "e2e_10000ms": 0.9989594172736732
  }
}