{
  "config": "1R_2P_1D",
  "ppd_enabled": false,
  "qps": 12.0,
  "num_conversations": 500,
  "duration_sec": 274.13326159492135,
  "timestamp": "2026-01-21T14:17:20.273165",
  "turn1": {
    "count": 196,
    "avg_ttft_ms": 98070.49151700066,
    "avg_tpot_ms": 12.384240397468462,
    "avg_e2e_ms": 102128.5271854615,
    "p50_ttft_ms": 109125.4642419517,
    "p50_tpot_ms": 11.896503781821547,
    "p50_e2e_ms": 114280.47953173518,
    "p90_ttft_ms": 177559.61273424327,
    "p90_tpot_ms": 15.313130997032989,
    "p90_e2e_ms": 178808.3586562425,
    "p99_ttft_ms": 178837.3133301735,
    "p99_tpot_ms": 19.040401834365607,
    "p99_e2e_ms": 180199.1784505546
  },
  "turn2plus": {
    "count": 569,
    "avg_ttft_ms": 51.241544865870516,
    "avg_tpot_ms": 12.990773156434605,
    "avg_e2e_ms": 3332.5098627009584,
    "p50_ttft_ms": 44.056519865989685,
    "p50_tpot_ms": 12.264605235616001,
    "p50_e2e_ms": 2100.2423651516438,
    "p90_ttft_ms": 58.535053580999374,
    "p90_tpot_ms": 16.74295386845176,
    "p90_e2e_ms": 8069.020663201808,
    "p99_ttft_ms": 113.39790597558083,
    "p99_tpot_ms": 18.487118831996277,
    "p99_e2e_ms": 13076.334812790157
  },
  "all_turns": {
    "count": 765,
    "avg_ttft_ms": 25164.670295896485,
    "avg_tpot_ms": 12.836556439213856,
    "avg_e2e_ms": 28644.953516636993,
    "p50_ttft_ms": 46.7790886759758,
    "p50_tpot_ms": 12.177857378686683,
    "p50_e2e_ms": 3307.1431554853916,
    "p90_ttft_ms": 123533.39739888908,
    "p90_tpot_ms": 16.497325645080775,
    "p90_e2e_ms": 130048.94983619456,
    "p99_ttft_ms": 178352.25753709674,
    "p99_tpot_ms": 18.75305301196576,
    "p99_e2e_ms": 179947.6829443872
  },
  "throughput": {
    "conversations_per_sec": 1.823930438396911,
    "requests_per_sec": 3.9032111381693895,
    "tokens_per_sec": 723.9909482172699
  },
  "success_rate": {
    "turns": 71.49532710280374,
    "conversations": 39.0
  },
  "counts": {
    "total_conversations": 500,
    "successful_conversations": 195,
    "total_turns": 1070,
    "turn1_count": 500,
    "turn2plus_count": 570,
    "successful_turns": 765
  },
  "slo_attainment": {
    "ttft_100ms": 0.9789103690685413,
    "ttft_200ms": 0.9982425307557118,
    "ttft_500ms": 0.9982425307557118,
    "tpot_15ms": 0.8031634446397188,
    "tpot_30ms": 1.0,
    "e2e_5000ms": 0.7785588752196837,
    "e2e_10000ms": 0.929701230228471
  }
}