{
  "config": "1R_1P_1D_1pD",
  "ppd_enabled": true,
  "qps": 2.0,
  "num_conversations": 500,
  "duration_sec": 295.2453147433698,
  "timestamp": "2026-01-22T03:47:38.146302",
  "turn1": {
    "count": 500,
    "avg_ttft_ms": 80.27195592224598,
    "avg_tpot_ms": 9.79290850012496,
    "avg_e2e_ms": 2731.4183395579457,
    "p50_ttft_ms": 87.69760094583035,
    "p50_tpot_ms": 9.077282748940522,
    "p50_e2e_ms": 1802.9214385896921,
    "p90_ttft_ms": 113.00296522676949,
    "p90_tpot_ms": 12.287400838747423,
    "p90_e2e_ms": 6846.201828494671,
    "p99_ttft_ms": 180.1364114508032,
    "p99_tpot_ms": 14.22879098504983,
    "p99_e2e_ms": 10825.019818954168
  },
  "turn2plus": {
    "count": 1556,
    "avg_ttft_ms": 64.22411246287486,
    "avg_tpot_ms": 9.933120095624611,
    "avg_e2e_ms": 2798.5955810145615,
    "p50_ttft_ms": 46.538952738046646,
    "p50_tpot_ms": 9.118931657738155,
    "p50_e2e_ms": 1845.6192463636398,
    "p90_ttft_ms": 114.7969625890255,
    "p90_tpot_ms": 12.693436590599772,
    "p90_e2e_ms": 6772.508455440402,
    "p99_ttft_ms": 175.9945185855031,
    "p99_tpot_ms": 14.345016029528956,
    "p99_e2e_ms": 11518.452924117473
  },
  "all_turns": {
    "count": 2056,
    "avg_ttft_ms": 68.12679812906433,
    "avg_tpot_ms": 9.89917917255588,
    "avg_e2e_ms": 2782.2587032284196,
    "p50_ttft_ms": 49.85560476779938,
    "p50_tpot_ms": 9.093483373270196,
    "p50_e2e_ms": 1818.8995365053415,
    "p90_ttft_ms": 114.64759521186352,
    "p90_tpot_ms": 12.55947484784129,
    "p90_e2e_ms": 6795.443730428815,
    "p99_ttft_ms": 176.47670935839417,
    "p99_tpot_ms": 14.345688316756481,
    "p99_e2e_ms": 11188.319442607466
  },
  "throughput": {
    "conversations_per_sec": 1.6935069754946155,
    "requests_per_sec": 6.963700683233858,
    "tokens_per_sec": 1911.4511621989195
  },
  "success_rate": {
    "turns": 100.0,
    "conversations": 100.0
  },
  "counts": {
    "total_conversations": 500,
    "successful_conversations": 500,
    "total_turns": 2056,
    "turn1_count": 500,
    "turn2plus_count": 1556,
    "successful_turns": 2056
  },
  "slo_attainment": {
    "ttft_100ms": 0.8284061696658098,
    "ttft_200ms": 0.9961439588688946,
    "ttft_500ms": 1.0,
    "tpot_15ms": 0.9948486799742434,
    "tpot_30ms": 1.0,
    "e2e_5000ms": 0.8258354755784062,
    "e2e_10000ms": 0.9781491002570694
  }
}