{
  "config": "1R_1P_1D_1pD",
  "ppd_enabled": true,
  "qps": 4.0,
  "num_conversations": 500,
  "duration_sec": 193.95008774846792,
  "timestamp": "2026-01-22T03:50:52.715191",
  "turn1": {
    "count": 500,
    "avg_ttft_ms": 3053.2183424830437,
    "avg_tpot_ms": 11.121393705529782,
    "avg_e2e_ms": 6084.566394150257,
    "p50_ttft_ms": 3739.01504278183,
    "p50_tpot_ms": 9.758371558111616,
    "p50_e2e_ms": 6046.287536621094,
    "p90_ttft_ms": 6004.52376306057,
    "p90_tpot_ms": 15.18433460264237,
    "p90_e2e_ms": 11831.276946514847,
    "p99_ttft_ms": 8914.09017097205,
    "p99_tpot_ms": 18.383381313433148,
    "p99_e2e_ms": 17748.418570384383
  },
  "turn2plus": {
    "count": 1556,
    "avg_ttft_ms": 75.50518068659734,
    "avg_tpot_ms": 11.401600398290075,
    "avg_e2e_ms": 3213.6353932028987,
    "p50_ttft_ms": 55.57404085993767,
    "p50_tpot_ms": 9.778955408061544,
    "p50_e2e_ms": 2038.244066759944,
    "p90_ttft_ms": 126.33488141000271,
    "p90_tpot_ms": 16.236393577414386,
    "p90_e2e_ms": 7656.186748296022,
    "p99_ttft_ms": 193.08523070067167,
    "p99_tpot_ms": 19.066029261588017,
    "p99_e2e_ms": 13890.188649296768
  },
  "all_turns": {
    "count": 2056,
    "avg_ttft_ms": 799.6572141974062,
    "avg_tpot_ms": 11.333770959730238,
    "avg_e2e_ms": 3911.8190023827037,
    "p50_ttft_ms": 61.5458358079195,
    "p50_tpot_ms": 9.775728909742265,
    "p50_e2e_ms": 2712.4659214168787,
    "p90_ttft_ms": 4428.16823720932,
    "p90_tpot_ms": 16.07612905415526,
    "p90_e2e_ms": 8952.768811956048,
    "p99_ttft_ms": 6908.188586868347,
    "p99_tpot_ms": 19.020660111687448,
    "p99_e2e_ms": 15729.84054330737
  },
  "throughput": {
    "conversations_per_sec": 2.577982850146711,
    "requests_per_sec": 10.600665479803276,
    "tokens_per_sec": 2909.7537750634915
  },
  "success_rate": {
    "turns": 100.0,
    "conversations": 100.0
  },
  "counts": {
    "total_conversations": 500,
    "successful_conversations": 500,
    "total_turns": 2056,
    "turn1_count": 500,
    "turn2plus_count": 1556,
    "successful_turns": 2056
  },
  "slo_attainment": {
    "ttft_100ms": 0.7718508997429306,
    "ttft_200ms": 0.9903598971722365,
    "ttft_500ms": 0.9993573264781491,
    "tpot_15ms": 0.8441725692208628,
    "tpot_30ms": 1.0,
    "e2e_5000ms": 0.7769922879177378,
    "e2e_10000ms": 0.9517994858611826
  }
}