{
  "config": "1R_1P_1D_1pD",
  "ppd_enabled": true,
  "qps": 4.0,
  "num_conversations": 500,
  "duration_sec": 195.57006872072816,
  "timestamp": "2026-01-22T03:32:04.870064",
  "turn1": {
    "count": 500,
    "avg_ttft_ms": 19463.991895586252,
    "avg_tpot_ms": 11.890069186112493,
    "avg_e2e_ms": 23005.464596912265,
    "p50_ttft_ms": 19231.195317581296,
    "p50_tpot_ms": 9.719797311675638,
    "p50_e2e_ms": 21933.472203090787,
    "p90_ttft_ms": 41544.77859027688,
    "p90_tpot_ms": 18.456977988547756,
    "p90_e2e_ms": 45586.47813759744,
    "p99_ttft_ms": 48716.38302166015,
    "p99_tpot_ms": 19.564359070220476,
    "p99_e2e_ms": 54500.15009712427
  },
  "turn2plus": {
    "count": 1704,
    "avg_ttft_ms": 70.7384967616816,
    "avg_tpot_ms": 12.176477451172198,
    "avg_e2e_ms": 3864.6018202460323,
    "p50_ttft_ms": 55.93249388039112,
    "p50_tpot_ms": 9.82319851400991,
    "p50_e2e_ms": 3313.2232166826725,
    "p90_ttft_ms": 120.92609480023384,
    "p90_tpot_ms": 18.46271844336076,
    "p90_e2e_ms": 7459.604413062334,
    "p99_ttft_ms": 186.50213006883865,
    "p99_tpot_ms": 19.830261654039816,
    "p99_e2e_ms": 13912.033002600076
  },
  "all_turns": {
    "count": 2204,
    "avg_ttft_ms": 4470.296890324425,
    "avg_tpot_ms": 12.111467735584355,
    "avg_e2e_ms": 8206.902813137645,
    "p50_ttft_ms": 64.43039514124393,
    "p50_tpot_ms": 9.800929720090195,
    "p50_e2e_ms": 3976.973870769143,
    "p90_ttft_ms": 21401.13169439138,
    "p90_tpot_ms": 18.461906437625846,
    "p90_e2e_ms": 26949.24205765129,
    "p99_ttft_ms": 46336.85988627367,
    "p99_tpot_ms": 19.690255893563698,
    "p99_e2e_ms": 49889.46907274424
  },
  "throughput": {
    "conversations_per_sec": 2.556628441512665,
    "requests_per_sec": 11.269618170187826,
    "tokens_per_sec": 3481.6524044501284
  },
  "success_rate": {
    "turns": 100.0,
    "conversations": 100.0
  },
  "counts": {
    "total_conversations": 500,
    "successful_conversations": 500,
    "total_turns": 2204,
    "turn1_count": 500,
    "turn2plus_count": 1704,
    "successful_turns": 2204
  },
  "slo_attainment": {
    "ttft_100ms": 0.7857981220657277,
    "ttft_200ms": 0.994131455399061,
    "ttft_500ms": 1.0,
    "tpot_15ms": 0.7163915094339622,
    "tpot_30ms": 1.0,
    "e2e_5000ms": 0.721830985915493,
    "e2e_10000ms": 0.9636150234741784
  }
}