{
  "config": "1R_2P_1pD",
  "ppd_enabled": false,
  "qps": 2.0,
  "num_conversations": 500,
  "duration_sec": 293.3450593575835,
  "timestamp": "2026-01-21T14:44:04.217445",
  "turn1": {
    "count": 500,
    "avg_ttft_ms": 73.02529598027468,
    "avg_tpot_ms": 11.407747561855917,
    "avg_e2e_ms": 3186.7367335036397,
    "p50_ttft_ms": 77.32313871383667,
    "p50_tpot_ms": 9.874888188485466,
    "p50_e2e_ms": 1936.0529407858849,
    "p90_ttft_ms": 110.34576147794724,
    "p90_tpot_ms": 16.73193084432949,
    "p90_e2e_ms": 8238.975838571794,
    "p99_ttft_ms": 164.09876879304645,
    "p99_tpot_ms": 19.37890767430266,
    "p99_e2e_ms": 14399.526615887877
  },
  "turn2plus": {
    "count": 1556,
    "avg_ttft_ms": 45.91108834643903,
    "avg_tpot_ms": 11.424282223516897,
    "avg_e2e_ms": 3182.476527239543,
    "p50_ttft_ms": 41.56180843710899,
    "p50_tpot_ms": 9.902690079782094,
    "p50_e2e_ms": 2082.926969975233,
    "p90_ttft_ms": 60.8556866645813,
    "p90_tpot_ms": 16.87250525587135,
    "p90_e2e_ms": 7627.565799281001,
    "p99_ttft_ms": 124.4441306218507,
    "p99_tpot_ms": 18.737258713952787,
    "p99_e2e_ms": 14666.9762916863
  },
  "all_turns": {
    "count": 2056,
    "avg_ttft_ms": 52.50501043637961,
    "avg_tpot_ms": 11.42027968950819,
    "avg_e2e_ms": 3183.512569618944,
    "p50_ttft_ms": 44.385675340890884,
    "p50_tpot_ms": 9.894178450107574,
    "p50_e2e_ms": 2050.788229331374,
    "p90_ttft_ms": 92.51219406723976,
    "p90_tpot_ms": 16.84306847559849,
    "p90_e2e_ms": 7667.231805622578,
    "p99_ttft_ms": 147.12341073900467,
    "p99_tpot_ms": 18.839620391650833,
    "p99_e2e_ms": 14666.9762916863
  },
  "throughput": {
    "conversations_per_sec": 1.7044773179237596,
    "requests_per_sec": 7.008810731302499,
    "tokens_per_sec": 1923.8333218766397
  },
  "success_rate": {
    "turns": 100.0,
    "conversations": 100.0
  },
  "counts": {
    "total_conversations": 500,
    "successful_conversations": 500,
    "total_turns": 2056,
    "turn1_count": 500,
    "turn2plus_count": 1556,
    "successful_turns": 2056
  },
  "slo_attainment": {
    "ttft_100ms": 0.9839331619537275,
    "ttft_200ms": 0.9980719794344473,
    "ttft_500ms": 1.0,
    "tpot_15ms": 0.8480360592401803,
    "tpot_30ms": 1.0,
    "e2e_5000ms": 0.7898457583547558,
    "e2e_10000ms": 0.9550128534704371
  }
}