{
  "config": "1P_1D_2pD",
  "ppd_enabled": true,
  "qps": 2.0,
  "num_conversations": 500,
  "duration_sec": 288.35837657004595,
  "timestamp": "2026-01-22T02:35:04.562151",
  "turn1": {
    "count": 500,
    "avg_ttft_ms": 100.46182753890753,
    "avg_tpot_ms": 8.946899457129916,
    "avg_e2e_ms": 2530.0881116464734,
    "p50_ttft_ms": 93.61189603805542,
    "p50_tpot_ms": 8.921000031455431,
    "p50_e2e_ms": 1647.177629172802,
    "p90_ttft_ms": 137.39010728895664,
    "p90_tpot_ms": 9.568823284982914,
    "p90_e2e_ms": 5965.127123147249,
    "p99_ttft_ms": 200.22635392844668,
    "p99_tpot_ms": 10.122202608202183,
    "p99_e2e_ms": 9999.279875680802
  },
  "turn2plus": {
    "count": 1556,
    "avg_ttft_ms": 68.64354236333949,
    "avg_tpot_ms": 8.992133619975142,
    "avg_e2e_ms": 2527.4627695607073,
    "p50_ttft_ms": 46.28092423081398,
    "p50_tpot_ms": 8.954934788543616,
    "p50_e2e_ms": 1685.6420394033194,
    "p90_ttft_ms": 125.61140954494476,
    "p90_tpot_ms": 9.607739317597765,
    "p90_e2e_ms": 5927.1977301687,
    "p99_ttft_ms": 189.11423422396206,
    "p99_tpot_ms": 10.258625492136531,
    "p99_e2e_ms": 9970.42431700975
  },
  "all_turns": {
    "count": 2056,
    "avg_ttft_ms": 76.38145218230059,
    "avg_tpot_ms": 8.981183817744183,
    "avg_e2e_ms": 2528.1012282391525,
    "p50_ttft_ms": 80.49258589744568,
    "p50_tpot_ms": 8.942768189078528,
    "p50_e2e_ms": 1677.2977821528912,
    "p90_ttft_ms": 128.39062698185444,
    "p90_tpot_ms": 9.596033940210164,
    "p90_e2e_ms": 5948.12885671854,
    "p99_ttft_ms": 193.28843094408518,
    "p99_tpot_ms": 10.242424658366613,
    "p99_e2e_ms": 10007.563720270993
  },
  "throughput": {
    "conversations_per_sec": 1.7339534434455508,
    "requests_per_sec": 7.130016559448105,
    "tokens_per_sec": 1957.1028478963324
  },
  "success_rate": {
    "turns": 100.0,
    "conversations": 100.0
  },
  "counts": {
    "total_conversations": 500,
    "successful_conversations": 500,
    "total_turns": 2056,
    "turn1_count": 500,
    "turn2plus_count": 1556,
    "successful_turns": 2056
  },
  "slo_attainment": {
    "ttft_100ms": 0.7737789203084833,
    "ttft_200ms": 0.993573264781491,
    "ttft_500ms": 1.0,
    "tpot_15ms": 1.0,
    "tpot_30ms": 1.0,
    "e2e_5000ms": 0.8541131105398457,
    "e2e_10000ms": 0.9897172236503856
  }
}