{
  "config": "1R_1P_1D_1pD",
  "workload": "large_mid_paste",
  "qps": 0.5,
  "turn1": {
    "count": 5,
    "avg_ttft_ms": 133.599054813385,
    "avg_tpot_ms": 8.51449799721192,
    "avg_e2e_ms": 8843.93050596118,
    "p50_ttft_ms": 139.2197385430336,
    "p50_tpot_ms": 7.597151779563313,
    "p50_e2e_ms": 7934.892375022173,
    "p99_ttft_ms": 186.21456757187843,
    "p99_tpot_ms": 10.253336836136915,
    "p99_e2e_ms": 10632.102951705456
  },
  "turn2": {
    "count": 5,
    "avg_ttft_ms": 147.14070782065392,
    "avg_tpot_ms": 8.185249247721263,
    "avg_e2e_ms": 662.8114104270935,
    "p50_ttft_ms": 133.64526629447937,
    "p50_tpot_ms": 7.671654342658936,
    "p50_e2e_ms": 638.7056410312653,
    "p99_ttft_ms": 263.1242272257805,
    "p99_tpot_ms": 9.404160434764528,
    "p99_e2e_ms": 853.9157874882221
  },
  "average": {
    "count": 10,
    "avg_ttft_ms": 140.36988131701946,
    "avg_tpot_ms": 8.349873622466593,
    "avg_e2e_ms": 4753.370958194137,
    "p50_ttft_ms": 137.51389645040035,
    "p50_tpot_ms": 7.637935143614572,
    "p50_e2e_ms": 4315.518291667104,
    "p99_ttft_ms": 260.436337813735,
    "p99_tpot_ms": 10.222556063157024,
    "p99_e2e_ms": 10596.223861649632
  },
  "throughput": {
    "requests_per_sec": 0.5674025247946703,
    "tokens_per_sec": 308.6669734883007
  },
  "success_rate": 100.0,
  "total_requests": 10,
  "failed_requests": 0,
  "duration_sec": 17.624172545969486,
  "timestamp": "2026-01-18T02:34:44.740571",
  "error": null
}