{
  "config": "1R_1P_1D_1pD",
  "workload": "small_small_bal",
  "qps": 12,
  "turn1": {
    "count": 117,
    "avg_ttft_ms": 101.63481778696053,
    "avg_tpot_ms": 9.266850865539483,
    "avg_e2e_ms": 1278.5248777104748,
    "p50_ttft_ms": 99.59791973233223,
    "p50_tpot_ms": 8.273037311833674,
    "p50_e2e_ms": 1209.270790219307,
    "p99_ttft_ms": 295.11106729507446,
    "p99_tpot_ms": 12.668593272449463,
    "p99_e2e_ms": 1649.423613101244
  },
  "turn2": {
    "count": 117,
    "avg_ttft_ms": 71.5440044290999,
    "avg_tpot_ms": 9.347127272156518,
    "avg_e2e_ms": 660.4130225749607,
    "p50_ttft_ms": 42.323559522628784,
    "p50_tpot_ms": 8.215290331651294,
    "p50_e2e_ms": 631.6330879926682,
    "p99_ttft_ms": 284.3983960151673,
    "p99_tpot_ms": 13.351140852485386,
    "p99_e2e_ms": 882.8534989058973
  },
  "average": {
    "count": 234,
    "avg_ttft_ms": 86.58941110803022,
    "avg_tpot_ms": 9.306989068848,
    "avg_e2e_ms": 969.4689501427177,
    "p50_ttft_ms": 60.072291642427444,
    "p50_tpot_ms": 8.253195948471369,
    "p50_e2e_ms": 982.9901047050953,
    "p99_ttft_ms": 294.62177198380226,
    "p99_tpot_ms": 13.0863108556895,
    "p99_e2e_ms": 1639.4005841389298
  },
  "throughput": {
    "requests_per_sec": 19.65574219993066,
    "tokens_per_sec": 1886.9512511933433
  },
  "success_rate": 100.0,
  "total_requests": 234,
  "failed_requests": 0,
  "duration_sec": 11.904918044805527,
  "timestamp": "2026-01-18T01:45:07.609476",
  "error": null
}