{
  "config": "1R_1P_1D_1pD",
  "workload": "small_long_gen",
  "qps": 6,
  "turn1": {
    "count": 60,
    "avg_ttft_ms": 109.44355204701424,
    "avg_tpot_ms": 9.030319598755183,
    "avg_e2e_ms": 1256.2941410889227,
    "p50_ttft_ms": 106.15167021751404,
    "p50_tpot_ms": 8.260887306858237,
    "p50_e2e_ms": 1189.7819340229034,
    "p99_ttft_ms": 274.90594010800095,
    "p99_tpot_ms": 12.070276356177537,
    "p99_e2e_ms": 1579.1013189032674
  },
  "turn2": {
    "count": 60,
    "avg_ttft_ms": 76.48520935326815,
    "avg_tpot_ms": 9.28551823906819,
    "avg_e2e_ms": 4821.385029517114,
    "p50_ttft_ms": 43.53535361588001,
    "p50_tpot_ms": 8.51608662995457,
    "p50_e2e_ms": 4395.1635658741,
    "p99_ttft_ms": 311.994416862726,
    "p99_tpot_ms": 11.832915640157264,
    "p99_e2e_ms": 6086.464974917471
  },
  "average": {
    "count": 120,
    "avg_ttft_ms": 92.96438070014119,
    "avg_tpot_ms": 9.157918918911689,
    "avg_e2e_ms": 3038.8395853030183,
    "p50_ttft_ms": 81.33708126842976,
    "p50_tpot_ms": 8.45670911999822,
    "p50_e2e_ms": 2808.160588145256,
    "p99_ttft_ms": 317.37619020044815,
    "p99_tpot_ms": 12.063815988248258,
    "p99_e2e_ms": 6082.9313342273235
  },
  "throughput": {
    "requests_per_sec": 7.963400821608854,
    "tokens_per_sec": 2548.288262914833
  },
  "success_rate": 100.0,
  "total_requests": 120,
  "failed_requests": 0,
  "duration_sec": 15.068938847631216,
  "timestamp": "2026-01-18T01:36:35.907217",
  "error": null
}