{
  "config": "1R_1P_1D_1pD",
  "workload": "small_mid_bal",
  "qps": 20,
  "turn1": {
    "count": 200,
    "avg_ttft_ms": 1831.6420499235392,
    "avg_tpot_ms": 10.12034417841378,
    "avg_e2e_ms": 3116.9257605820894,
    "p50_ttft_ms": 1821.857824921608,
    "p50_tpot_ms": 9.265569544683292,
    "p50_e2e_ms": 3181.055387482047,
    "p99_ttft_ms": 4127.192560583351,
    "p99_tpot_ms": 16.461527571962105,
    "p99_e2e_ms": 5640.3109001740795
  },
  "turn2": {
    "count": 200,
    "avg_ttft_ms": 329.25379280000925,
    "avg_tpot_ms": 10.300621274184055,
    "avg_e2e_ms": 1637.4326946213841,
    "p50_ttft_ms": 99.58145208656788,
    "p50_tpot_ms": 9.3814561099518,
    "p50_e2e_ms": 1653.66555377841,
    "p99_ttft_ms": 1200.4911532252993,
    "p99_tpot_ms": 16.742724287873646,
    "p99_e2e_ms": 2396.1374074965634
  },
  "average": {
    "count": 400,
    "avg_ttft_ms": 1080.4479213617742,
    "avg_tpot_ms": 10.210482726298919,
    "avg_e2e_ms": 2377.179227601737,
    "p50_ttft_ms": 468.32227893173695,
    "p50_tpot_ms": 9.377155482299685,
    "p50_e2e_ms": 1802.6278782635927,
    "p99_ttft_ms": 4026.6089548915625,
    "p99_tpot_ms": 16.67044242095994,
    "p99_e2e_ms": 5553.429496996105
  },
  "throughput": {
    "requests_per_sec": 24.75260308113261,
    "tokens_per_sec": 3168.333194384974
  },
  "success_rate": 100.0,
  "total_requests": 400,
  "failed_requests": 0,
  "duration_sec": 16.159916542470455,
  "timestamp": "2026-01-18T01:47:34.827009",
  "error": null
}