{
  "config": "1R_1P_1D_1pD",
  "workload": "large_short_gen",
  "qps": 8,
  "turn1": {
    "count": 74,
    "avg_ttft_ms": 2239.899091573583,
    "avg_tpot_ms": 10.764292889980057,
    "avg_e2e_ms": 13251.770718023181,
    "p50_ttft_ms": 166.12466052174568,
    "p50_tpot_ms": 9.443062597035428,
    "p50_e2e_ms": 15051.66755989194,
    "p99_ttft_ms": 7502.826665341854,
    "p99_tpot_ms": 15.044029609665259,
    "p99_e2e_ms": 21051.11296355724
  },
  "turn2": {
    "count": 74,
    "avg_ttft_ms": 120.53798088753545,
    "avg_tpot_ms": 10.34157721628793,
    "avg_e2e_ms": 2757.640171040957,
    "p50_ttft_ms": 134.03663039207458,
    "p50_tpot_ms": 9.722979629740994,
    "p50_e2e_ms": 2601.293509826064,
    "p99_ttft_ms": 254.3516148999333,
    "p99_tpot_ms": 16.86138426234909,
    "p99_e2e_ms": 4416.922226473689
  },
  "average": {
    "count": 148,
    "avg_ttft_ms": 1180.2185362305593,
    "avg_tpot_ms": 10.552935053133993,
    "avg_e2e_ms": 8004.705444532069,
    "p50_ttft_ms": 141.1282867193222,
    "p50_tpot_ms": 9.530597852141248,
    "p50_e2e_ms": 6652.874231338501,
    "p99_ttft_ms": 7463.026840239763,
    "p99_tpot_ms": 16.672336411826752,
    "p99_e2e_ms": 20879.384931884706
  },
  "throughput": {
    "requests_per_sec": 4.478468052772524,
    "tokens_per_sec": 2866.219553774415
  },
  "success_rate": 100.0,
  "total_requests": 148,
  "failed_requests": 0,
  "duration_sec": 33.04701479524374,
  "timestamp": "2026-01-18T02:01:32.154732",
  "error": null
}