{
  "config": "1R_1P_1D_1pD",
  "workload": "large_mid_bal",
  "qps": 20,
  "turn1": {
    "count": 200,
    "avg_ttft_ms": 17763.806540127844,
    "avg_tpot_ms": 12.23294750329395,
    "avg_e2e_ms": 30278.11183599755,
    "p50_ttft_ms": 16866.879850625992,
    "p50_tpot_ms": 9.760707514843052,
    "p50_e2e_ms": 29037.438744679093,
    "p99_ttft_ms": 41558.65712914616,
    "p99_tpot_ms": 21.981985667940748,
    "p99_e2e_ms": 57350.56747548282
  },
  "turn2": {
    "count": 200,
    "avg_ttft_ms": 361.19345404207706,
    "avg_tpot_ms": 12.666639169223432,
    "avg_e2e_ms": 1969.8566285334527,
    "p50_ttft_ms": 151.1562131345272,
    "p50_tpot_ms": 10.05469831660038,
    "p50_e2e_ms": 1438.4024627506733,
    "p99_ttft_ms": 754.9532214924693,
    "p99_tpot_ms": 29.126988202626773,
    "p99_e2e_ms": 3956.9036628305907
  },
  "average": {
    "count": 400,
    "avg_ttft_ms": 9062.49999708496,
    "avg_tpot_ms": 12.44979333625869,
    "avg_e2e_ms": 16123.984232265502,
    "p50_ttft_ms": 364.3007278442383,
    "p50_tpot_ms": 9.91518593092603,
    "p50_e2e_ms": 9349.77892972529,
    "p99_ttft_ms": 41487.13665295392,
    "p99_tpot_ms": 27.19640692739973,
    "p99_e2e_ms": 56631.90454412252
  },
  "throughput": {
    "requests_per_sec": 5.907437808772317,
    "tokens_per_sec": 3402.6841778528546
  },
  "success_rate": 100.0,
  "total_requests": 400,
  "failed_requests": 0,
  "duration_sec": 67.71125028282404,
  "timestamp": "2026-01-18T02:34:21.951880",
  "error": null
}