{
  "config": "1R_1P_1D_1pD",
  "workload": "small_tiny",
  "qps": 10,
  "turn1": {
    "count": 100,
    "avg_ttft_ms": 127.44117394089699,
    "avg_tpot_ms": 8.521899361251377,
    "avg_e2e_ms": 1209.7223928198218,
    "p50_ttft_ms": 106.55761323869228,
    "p50_tpot_ms": 8.294974959741428,
    "p50_e2e_ms": 1206.1567809432745,
    "p99_ttft_ms": 328.21118753403425,
    "p99_tpot_ms": 9.81384782399249,
    "p99_e2e_ms": 1370.2788603678346
  },
  "turn2": {
    "count": 100,
    "avg_ttft_ms": 86.6614955663681,
    "avg_tpot_ms": 8.584841988500088,
    "avg_e2e_ms": 352.7915972098708,
    "p50_ttft_ms": 37.06325404345989,
    "p50_tpot_ms": 8.371402118955888,
    "p50_e2e_ms": 326.3790551573038,
    "p99_ttft_ms": 268.05107954889576,
    "p99_tpot_ms": 10.381847698121302,
    "p99_e2e_ms": 529.0836947783831
  },
  "average": {
    "count": 200,
    "avg_ttft_ms": 107.05133475363255,
    "avg_tpot_ms": 8.553370674875731,
    "avg_e2e_ms": 781.2569950148463,
    "p50_ttft_ms": 100.50143674015999,
    "p50_tpot_ms": 8.334690104088477,
    "p50_e2e_ms": 851.5200447291136,
    "p99_ttft_ms": 328.21118753403425,
    "p99_tpot_ms": 10.354770879832005,
    "p99_e2e_ms": 1348.333221748471
  },
  "throughput": {
    "requests_per_sec": 18.28550498112069,
    "tokens_per_sec": 1462.8403984896552
  },
  "success_rate": 100.0,
  "total_requests": 200,
  "failed_requests": 0,
  "duration_sec": 10.93762519583106,
  "timestamp": "2026-01-18T01:32:23.216835",
  "error": null
}