{
  "config": "1R_1P_1D_1pD",
  "workload": "large_very_long_gen",
  "qps": 8,
  "turn1": {
    "count": 58,
    "avg_ttft_ms": 1778.6794912455412,
    "avg_tpot_ms": 11.825086591681087,
    "avg_e2e_ms": 13875.743074535296,
    "p50_ttft_ms": 143.19351501762867,
    "p50_tpot_ms": 9.58368523394141,
    "p50_e2e_ms": 10092.986669391394,
    "p99_ttft_ms": 12491.369499973953,
    "p99_tpot_ms": 17.814311021074055,
    "p99_e2e_ms": 30453.04974809289
  },
  "turn2": {
    "count": 58,
    "avg_ttft_ms": 124.43702809255699,
    "avg_tpot_ms": 12.03646419386706,
    "avg_e2e_ms": 12437.739898418558,
    "p50_ttft_ms": 140.4588557779789,
    "p50_tpot_ms": 10.425183576106559,
    "p50_e2e_ms": 10732.478968799114,
    "p99_ttft_ms": 358.2591038197279,
    "p99_tpot_ms": 18.065305444815234,
    "p99_e2e_ms": 18594.6327977255
  },
  "average": {
    "count": 116,
    "avg_ttft_ms": 951.558259669049,
    "avg_tpot_ms": 11.930775392774073,
    "avg_e2e_ms": 13156.741486476927,
    "p50_ttft_ms": 141.23887196183205,
    "p50_tpot_ms": 10.05731709119395,
    "p50_e2e_ms": 10673.915710300207,
    "p99_ttft_ms": 12369.683525338769,
    "p99_tpot_ms": 18.061553360757767,
    "p99_e2e_ms": 30104.665396176275
  },
  "throughput": {
    "requests_per_sec": 2.265187870328174,
    "tokens_per_sec": 2319.55237921605
  },
  "success_rate": 100.0,
  "total_requests": 116,
  "failed_requests": 0,
  "duration_sec": 51.20988043397665,
  "timestamp": "2026-01-18T02:16:40.854218",
  "error": null
}