{
  "config": "1R_1P_1D_1pD",
  "workload": "small_very_long_gen",
  "qps": 12,
  "turn1": {
    "count": 110,
    "avg_ttft_ms": 4523.2635709033775,
    "avg_tpot_ms": 10.121676874325031,
    "avg_e2e_ms": 5808.7165339426565,
    "p50_ttft_ms": 6146.855153143406,
    "p50_tpot_ms": 8.889015206671136,
    "p50_e2e_ms": 7280.051190406084,
    "p99_ttft_ms": 13108.900388441978,
    "p99_tpot_ms": 15.79179441512335,
    "p99_e2e_ms": 14258.463144153355
  },
  "turn2": {
    "count": 110,
    "avg_ttft_ms": 77.84289341758598,
    "avg_tpot_ms": 10.320703051524154,
    "avg_e2e_ms": 10635.922115126794,
    "p50_ttft_ms": 54.36927452683449,
    "p50_tpot_ms": 8.894064899748837,
    "p50_e2e_ms": 9158.756572753191,
    "p99_ttft_ms": 217.92120207101104,
    "p99_tpot_ms": 14.32820305279215,
    "p99_e2e_ms": 14711.918935403228
  },
  "average": {
    "count": 220,
    "avg_ttft_ms": 2300.5532321604815,
    "avg_tpot_ms": 10.221189962924592,
    "avg_e2e_ms": 8222.319324534725,
    "p50_ttft_ms": 108.49387757480145,
    "p50_tpot_ms": 8.889980994123597,
    "p50_e2e_ms": 8893.2637963444,
    "p99_ttft_ms": 12440.899339169264,
    "p99_tpot_ms": 15.602512391885435,
    "p99_e2e_ms": 14704.77553986013
  },
  "throughput": {
    "requests_per_sec": 6.059648321202125,
    "tokens_per_sec": 3490.357433012424
  },
  "success_rate": 100.0,
  "total_requests": 220,
  "failed_requests": 0,
  "duration_sec": 36.30573728680611,
  "timestamp": "2026-01-18T01:41:56.795240",
  "error": null
}