{
  "config": "1R_1P_1D_1pD",
  "workload": "small_mid_paste",
  "qps": 6,
  "turn1": {
    "count": 60,
    "avg_ttft_ms": 101.83577214678128,
    "avg_tpot_ms": 8.54651895339486,
    "avg_e2e_ms": 1187.2436792279284,
    "p50_ttft_ms": 102.75322571396828,
    "p50_tpot_ms": 8.070740716781202,
    "p50_e2e_ms": 1141.7272556573153,
    "p99_ttft_ms": 237.82339140772814,
    "p99_tpot_ms": 11.168650058134801,
    "p99_e2e_ms": 1466.1397233232854
  },
  "turn2": {
    "count": 60,
    "avg_ttft_ms": 85.50744137416284,
    "avg_tpot_ms": 8.734677546711824,
    "avg_e2e_ms": 635.7921268170079,
    "p50_ttft_ms": 62.76246719062328,
    "p50_tpot_ms": 8.185974721397672,
    "p50_e2e_ms": 627.6249345391989,
    "p99_ttft_ms": 274.78699393570423,
    "p99_tpot_ms": 11.66327919278826,
    "p99_e2e_ms": 809.617816954851
  },
  "average": {
    "count": 120,
    "avg_ttft_ms": 93.67160676047206,
    "avg_tpot_ms": 8.640598250053342,
    "avg_e2e_ms": 911.5179030224681,
    "p50_ttft_ms": 96.30442783236504,
    "p50_tpot_ms": 8.147712353439559,
    "p50_e2e_ms": 939.3083900213242,
    "p99_ttft_ms": 267.19695460051304,
    "p99_tpot_ms": 11.580044936564263,
    "p99_e2e_ms": 1433.25957685709
  },
  "throughput": {
    "requests_per_sec": 10.280941566083209,
    "tokens_per_sec": 986.970390343988
  },
  "success_rate": 100.0,
  "total_requests": 120,
  "failed_requests": 0,
  "duration_sec": 11.672082681208849,
  "timestamp": "2026-01-18T01:48:29.576355",
  "error": null
}