{
  "config": "1R_1P_1D_1pD",
  "workload": "small_small_bal",
  "qps": 16,
  "turn1": {
    "count": 151,
    "avg_ttft_ms": 187.10863489090212,
    "avg_tpot_ms": 9.293990391427261,
    "avg_e2e_ms": 1367.4454146021644,
    "p50_ttft_ms": 121.42392992973328,
    "p50_tpot_ms": 8.49307709791529,
    "p50_e2e_ms": 1378.3062808215618,
    "p99_ttft_ms": 620.856449007988,
    "p99_tpot_ms": 12.336999309931215,
    "p99_e2e_ms": 1686.5303181111813
  },
  "turn2": {
    "count": 151,
    "avg_ttft_ms": 135.7797207372473,
    "avg_tpot_ms": 9.19634924255234,
    "avg_e2e_ms": 715.1497230180447,
    "p50_ttft_ms": 53.09828370809555,
    "p50_tpot_ms": 8.472479998119294,
    "p50_e2e_ms": 701.7667219042778,
    "p99_ttft_ms": 590.8006429672241,
    "p99_tpot_ms": 13.071997120739923,
    "p99_e2e_ms": 1125.1276265829802
  },
  "average": {
    "count": 302,
    "avg_ttft_ms": 161.4441778140747,
    "avg_tpot_ms": 9.2451698169898,
    "avg_e2e_ms": 1041.2975688101046,
    "p50_ttft_ms": 106.26754723489285,
    "p50_tpot_ms": 8.479123189207272,
    "p50_e2e_ms": 1098.3771793544292,
    "p99_ttft_ms": 613.0792309343816,
    "p99_tpot_ms": 12.911793342421928,
    "p99_e2e_ms": 1634.048737548292
  },
  "throughput": {
    "requests_per_sec": 25.47759528972507,
    "tokens_per_sec": 2445.8491478136066
  },
  "success_rate": 100.0,
  "total_requests": 302,
  "failed_requests": 0,
  "duration_sec": 11.853551976382732,
  "timestamp": "2026-01-18T01:45:19.501040",
  "error": null
}