{
  "config": "1R_1P_1D_1pD",
  "workload": "large_big_paste",
  "qps": 4,
  "turn1": {
    "count": 32,
    "avg_ttft_ms": 137.36752467229962,
    "avg_tpot_ms": 10.607743681975634,
    "avg_e2e_ms": 10989.089311333373,
    "p50_ttft_ms": 132.3525719344616,
    "p50_tpot_ms": 8.838559208639905,
    "p50_e2e_ms": 9173.31225425005,
    "p99_ttft_ms": 218.90502993017438,
    "p99_tpot_ms": 14.42435962855379,
    "p99_e2e_ms": 14883.15238699317
  },
  "turn2": {
    "count": 32,
    "avg_ttft_ms": 136.82438666000962,
    "avg_tpot_ms": 10.6366565155368,
    "avg_e2e_ms": 806.933747138828,
    "p50_ttft_ms": 145.23496478796005,
    "p50_tpot_ms": 9.089802968360129,
    "p50_e2e_ms": 733.7444555014372,
    "p99_ttft_ms": 280.670892558992,
    "p99_tpot_ms": 16.599613897620685,
    "p99_e2e_ms": 1299.148364514113
  },
  "average": {
    "count": 64,
    "avg_ttft_ms": 137.09595566615462,
    "avg_tpot_ms": 10.622200098756217,
    "avg_e2e_ms": 5898.011529236101,
    "p50_ttft_ms": 139.3781490623951,
    "p50_tpot_ms": 8.896675817739535,
    "p50_e2e_ms": 4782.537572085857,
    "p99_ttft_ms": 257.8275916725395,
    "p99_tpot_ms": 16.16423345392658,
    "p99_e2e_ms": 14866.715466827154
  },
  "throughput": {
    "requests_per_sec": 2.6216138507288056,
    "tokens_per_sec": 1426.15793479647
  },
  "success_rate": 100.0,
  "total_requests": 64,
  "failed_requests": 0,
  "duration_sec": 24.41244349628687,
  "timestamp": "2026-01-18T02:41:31.065576",
  "error": null
}