{
  "config": "1R_1P_1D_1pD",
  "workload": "large_very_long_gen",
  "qps": 6,
  "turn1": {
    "count": 60,
    "avg_ttft_ms": 2389.5663794130087,
    "avg_tpot_ms": 11.327363718294992,
    "avg_e2e_ms": 13977.459463228783,
    "p50_ttft_ms": 151.83433517813683,
    "p50_tpot_ms": 10.002180489685063,
    "p50_e2e_ms": 10706.97840116918,
    "p99_ttft_ms": 14327.941487133503,
    "p99_tpot_ms": 15.930835259777885,
    "p99_e2e_ms": 29956.88232935965
  },
  "turn2": {
    "count": 60,
    "avg_ttft_ms": 113.27048018574715,
    "avg_tpot_ms": 11.721998151439085,
    "avg_e2e_ms": 12104.87458910793,
    "p50_ttft_ms": 126.08093023300171,
    "p50_tpot_ms": 10.909953130043148,
    "p50_e2e_ms": 11243.257721886039,
    "p99_ttft_ms": 268.2536599040028,
    "p99_tpot_ms": 16.94502994687618,
    "p99_e2e_ms": 17463.52677181363
  },
  "average": {
    "count": 120,
    "avg_ttft_ms": 1251.418429799378,
    "avg_tpot_ms": 11.524680934867035,
    "avg_e2e_ms": 13041.167026168356,
    "p50_ttft_ms": 136.9278021156788,
    "p50_tpot_ms": 10.4041849285772,
    "p50_e2e_ms": 11107.104828581214,
    "p99_ttft_ms": 14170.228208824992,
    "p99_tpot_ms": 16.926613206905063,
    "p99_e2e_ms": 29763.549082912505
  },
  "throughput": {
    "requests_per_sec": 2.374467105226988,
    "tokens_per_sec": 2431.454315752436
  },
  "success_rate": 100.0,
  "total_requests": 120,
  "failed_requests": 0,
  "duration_sec": 50.537655264139175,
  "timestamp": "2026-01-18T02:15:49.596311",
  "error": null
}