{
  "config": "1R_1P_1D_1pD",
  "workload": "large_mid_paste",
  "qps": 4,
  "turn1": {
    "count": 40,
    "avg_ttft_ms": 150.25785258039832,
    "avg_tpot_ms": 10.787755744631891,
    "avg_e2e_ms": 11186.131979338825,
    "p50_ttft_ms": 140.78621193766594,
    "p50_tpot_ms": 8.932860579090384,
    "p50_e2e_ms": 9301.866291090846,
    "p99_ttft_ms": 252.67212316393852,
    "p99_tpot_ms": 14.541472195595764,
    "p99_e2e_ms": 15007.04842519015
  },
  "turn2": {
    "count": 40,
    "avg_ttft_ms": 130.28295058757067,
    "avg_tpot_ms": 10.60991587472104,
    "avg_e2e_ms": 798.7076506949961,
    "p50_ttft_ms": 137.97060772776604,
    "p50_tpot_ms": 9.169802690545717,
    "p50_e2e_ms": 724.6011141687632,
    "p99_ttft_ms": 287.0515538752079,
    "p99_tpot_ms": 17.732935985402456,
    "p99_e2e_ms": 1280.8508372679353
  },
  "average": {
    "count": 80,
    "avg_ttft_ms": 140.2704015839845,
    "avg_tpot_ms": 10.698835809676464,
    "avg_e2e_ms": 5992.41981501691,
    "p50_ttft_ms": 140.22451639175415,
    "p50_tpot_ms": 8.973920950893666,
    "p50_e2e_ms": 4856.139304116368,
    "p99_ttft_ms": 283.53619709610933,
    "p99_tpot_ms": 17.012884628678115,
    "p99_e2e_ms": 15001.280568651855
  },
  "throughput": {
    "requests_per_sec": 3.4374181816213047,
    "tokens_per_sec": 1869.95549080199
  },
  "success_rate": 100.0,
  "total_requests": 80,
  "failed_requests": 0,
  "duration_sec": 23.2732812166214,
  "timestamp": "2026-01-18T02:35:49.942328",
  "error": null
}