{
  "config": "1R_1P_1D_1pD",
  "workload": "large_long_gen",
  "qps": 10,
  "turn1": {
    "count": 79,
    "avg_ttft_ms": 3799.7560180440732,
    "avg_tpot_ms": 11.628682913166086,
    "avg_e2e_ms": 15695.898638212982,
    "p50_ttft_ms": 173.3836568892002,
    "p50_tpot_ms": 9.609471005137248,
    "p50_e2e_ms": 15644.981939345598,
    "p99_ttft_ms": 11518.970983475447,
    "p99_tpot_ms": 17.87976780573119,
    "p99_e2e_ms": 28416.297903954983
  },
  "turn2": {
    "count": 79,
    "avg_ttft_ms": 130.21025641620915,
    "avg_tpot_ms": 12.08192643787066,
    "avg_e2e_ms": 6304.074666168116,
    "p50_ttft_ms": 140.19561558961868,
    "p50_tpot_ms": 9.955453290923002,
    "p50_e2e_ms": 5233.174044638872,
    "p99_ttft_ms": 267.85682149231434,
    "p99_tpot_ms": 21.12176929405524,
    "p99_e2e_ms": 10966.246550902724
  },
  "average": {
    "count": 158,
    "avg_ttft_ms": 1964.9831372301412,
    "avg_tpot_ms": 11.855304675518374,
    "avg_e2e_ms": 10999.98665219055,
    "p50_ttft_ms": 145.0917348265648,
    "p50_tpot_ms": 9.662222823643383,
    "p50_e2e_ms": 9447.572104632854,
    "p99_ttft_ms": 11427.996452488005,
    "p99_tpot_ms": 21.08082506608823,
    "p99_e2e_ms": 28314.79393042624
  },
  "throughput": {
    "requests_per_sec": 3.5877271708748046,
    "tokens_per_sec": 2755.37446723185
  },
  "success_rate": 100.0,
  "total_requests": 158,
  "failed_requests": 0,
  "duration_sec": 44.03902316838503,
  "timestamp": "2026-01-18T02:09:00.871348",
  "error": null
}