{
  "config": "1R_1P_1D_1pD",
  "workload": "small_huge_paste",
  "qps": 4,
  "turn1": {
    "count": 31,
    "avg_ttft_ms": 87.10995689034462,
    "avg_tpot_ms": 8.707090171424454,
    "avg_e2e_ms": 1192.9104086612501,
    "p50_ttft_ms": 95.85748240351677,
    "p50_tpot_ms": 7.960480850512587,
    "p50_e2e_ms": 1121.7403002083302,
    "p99_ttft_ms": 162.8728035837412,
    "p99_tpot_ms": 11.207633474328386,
    "p99_e2e_ms": 1565.8583998680115
  },
  "turn2": {
    "count": 31,
    "avg_ttft_ms": 118.02707444275579,
    "avg_tpot_ms": 8.87521876179217,
    "avg_e2e_ms": 393.158856058313,
    "p50_ttft_ms": 123.99396672844887,
    "p50_tpot_ms": 8.188264504555733,
    "p50_e2e_ms": 383.5326321423054,
    "p99_ttft_ms": 246.8129474669695,
    "p99_tpot_ms": 12.572123446772174,
    "p99_e2e_ms": 602.7650102972984
  },
  "average": {
    "count": 62,
    "avg_ttft_ms": 102.56851566655021,
    "avg_tpot_ms": 8.79115446660831,
    "avg_e2e_ms": 793.0346323597815,
    "p50_ttft_ms": 103.37148793041706,
    "p50_tpot_ms": 7.991204051982638,
    "p50_e2e_ms": 826.4209944754839,
    "p99_ttft_ms": 246.0182524099946,
    "p99_tpot_ms": 12.093826645324308,
    "p99_e2e_ms": 1558.3114997297525
  },
  "throughput": {
    "requests_per_sec": 5.49407138039831,
    "tokens_per_sec": 439.5257104318648
  },
  "success_rate": 100.0,
  "total_requests": 62,
  "failed_requests": 0,
  "duration_sec": 11.284891605377197,
  "timestamp": "2026-01-18T01:52:14.705084",
  "error": null
}