{
  "config": "1R_1P_1D_1pD",
  "workload": "small_small_bal",
  "qps": 0.5,
  "turn1": {
    "count": 5,
    "avg_ttft_ms": 87.16556504368782,
    "avg_tpot_ms": 7.226365077213979,
    "avg_e2e_ms": 1004.913929849863,
    "p50_ttft_ms": 94.69844773411751,
    "p50_tpot_ms": 7.211104299374453,
    "p50_e2e_ms": 1006.5753348171711,
    "p99_ttft_ms": 118.01397457718849,
    "p99_tpot_ms": 7.3548901632545505,
    "p99_e2e_ms": 1035.7922866940498
  },
  "turn2": {
    "count": 5,
    "avg_ttft_ms": 54.84531745314598,
    "avg_tpot_ms": 7.3268891563491225,
    "avg_e2e_ms": 516.4393343031406,
    "p50_ttft_ms": 26.43214911222458,
    "p50_tpot_ms": 7.204430857821117,
    "p50_e2e_ms": 517.9684236645699,
    "p99_ttft_ms": 100.54699093103409,
    "p99_tpot_ms": 7.780195647288883,
    "p99_e2e_ms": 552.688774317503
  },
  "average": {
    "count": 10,
    "avg_ttft_ms": 71.0054412484169,
    "avg_tpot_ms": 7.27662711678155,
    "avg_e2e_ms": 760.6766320765018,
    "p50_ttft_ms": 92.24605560302734,
    "p50_tpot_ms": 7.207767578597785,
    "p50_e2e_ms": 762.2950877994299,
    "p99_ttft_ms": 117.33605109155178,
    "p99_tpot_ms": 7.762386775327063,
    "p99_e2e_ms": 1034.475432895124
  },
  "throughput": {
    "requests_per_sec": 1.3812407149687236,
    "tokens_per_sec": 132.59910863699747
  },
  "success_rate": 100.0,
  "total_requests": 10,
  "failed_requests": 0,
  "duration_sec": 7.239867672324181,
  "timestamp": "2026-01-18T01:43:51.961434",
  "error": null
}