{
  "config": "1R_1P_1D_1pD",
  "workload": "small_tiny",
  "qps": 20,
  "turn1": {
    "count": 200,
    "avg_ttft_ms": 754.1552012972534,
    "avg_tpot_ms": 9.412322436554694,
    "avg_e2e_ms": 1949.5201507396996,
    "p50_ttft_ms": 634.878495708108,
    "p50_tpot_ms": 8.931742643746805,
    "p50_e2e_ms": 1806.9532588124275,
    "p99_ttft_ms": 2829.5409603789444,
    "p99_tpot_ms": 12.220175601541994,
    "p99_e2e_ms": 3929.2117422819133
  },
  "turn2": {
    "count": 200,
    "avg_ttft_ms": 484.42321171984076,
    "avg_tpot_ms": 9.840843568165457,
    "avg_e2e_ms": 789.4893623329699,
    "p50_ttft_ms": 61.33401021361351,
    "p50_tpot_ms": 9.436644974254794,
    "p50_e2e_ms": 419.2899502813816,
    "p99_ttft_ms": 1893.958565816283,
    "p99_tpot_ms": 13.276515831389734,
    "p99_e2e_ms": 2218.2779333740473
  },
  "average": {
    "count": 400,
    "avg_ttft_ms": 619.2892065085471,
    "avg_tpot_ms": 9.626583002360075,
    "avg_e2e_ms": 1369.5047565363348,
    "p50_ttft_ms": 318.1032594293356,
    "p50_tpot_ms": 9.040851145982742,
    "p50_e2e_ms": 1395.9312308579683,
    "p99_ttft_ms": 2766.16436317563,
    "p99_tpot_ms": 12.85801945314292,
    "p99_e2e_ms": 3841.868914403021
  },
  "throughput": {
    "requests_per_sec": 28.557543160356932,
    "tokens_per_sec": 2284.6034528285545
  },
  "success_rate": 100.0,
  "total_requests": 400,
  "failed_requests": 0,
  "duration_sec": 14.006807159632444,
  "timestamp": "2026-01-18T01:33:00.341783",
  "error": null
}