{
  "config": "1R_1P_1D_1pD",
  "workload": "small_tiny",
  "qps": 12,
  "turn1": {
    "count": 120,
    "avg_ttft_ms": 169.00409068912268,
    "avg_tpot_ms": 8.747950097267315,
    "avg_e2e_ms": 1279.993753042072,
    "p50_ttft_ms": 120.91337703168392,
    "p50_tpot_ms": 8.450762141407944,
    "p50_e2e_ms": 1266.2463709712029,
    "p99_ttft_ms": 468.22042085230356,
    "p99_tpot_ms": 10.487379898412492,
    "p99_e2e_ms": 1546.8729718402028
  },
  "turn2": {
    "count": 120,
    "avg_ttft_ms": 107.56146376952529,
    "avg_tpot_ms": 8.879897514137848,
    "avg_e2e_ms": 382.83828670779866,
    "p50_ttft_ms": 41.5675975382328,
    "p50_tpot_ms": 8.559992536902428,
    "p50_e2e_ms": 358.0181058496237,
    "p99_ttft_ms": 450.7425784692169,
    "p99_tpot_ms": 11.2901387868389,
    "p99_e2e_ms": 718.1549677625299
  },
  "average": {
    "count": 240,
    "avg_ttft_ms": 138.28277722932398,
    "avg_tpot_ms": 8.813923805702583,
    "avg_e2e_ms": 831.4160198749354,
    "p50_ttft_ms": 104.75310124456882,
    "p50_tpot_ms": 8.498032334392404,
    "p50_e2e_ms": 889.8364380002022,
    "p99_ttft_ms": 455.8209392055869,
    "p99_tpot_ms": 11.215835363874511,
    "p99_e2e_ms": 1531.8268331512807
  },
  "throughput": {
    "requests_per_sec": 21.20296904949931,
    "tokens_per_sec": 1696.2375239599448
  },
  "success_rate": 100.0,
  "total_requests": 240,
  "failed_requests": 0,
  "duration_sec": 11.319169472903013,
  "timestamp": "2026-01-18T01:32:34.585738",
  "error": null
}