{
  "config": "1R_1P_1D_1pD",
  "workload": "small_short_gen",
  "qps": 0.5,
  "turn1": {
    "count": 5,
    "avg_ttft_ms": 117.65819862484932,
    "avg_tpot_ms": 8.0011997401245,
    "avg_e2e_ms": 1133.8105656206608,
    "p50_ttft_ms": 126.3875775039196,
    "p50_tpot_ms": 7.980955397988867,
    "p50_e2e_ms": 1133.9482069015503,
    "p99_ttft_ms": 176.75536826252937,
    "p99_tpot_ms": 8.297076310933106,
    "p99_e2e_ms": 1211.2900617718697
  },
  "turn2": {
    "count": 5,
    "avg_ttft_ms": 50.94783157110214,
    "avg_tpot_ms": 8.00180547085463,
    "avg_e2e_ms": 2091.4082266390324,
    "p50_ttft_ms": 32.477542757987976,
    "p50_tpot_ms": 8.118740951313692,
    "p50_e2e_ms": 2105.59818521142,
    "p99_ttft_ms": 117.04028382897377,
    "p99_tpot_ms": 8.253902718716976,
    "p99_e2e_ms": 2137.5285908579826
  },
  "average": {
    "count": 10,
    "avg_ttft_ms": 84.30301509797573,
    "avg_tpot_ms": 8.001502605489565,
    "avg_e2e_ms": 1612.6093961298466,
    "p50_ttft_ms": 80.18452301621437,
    "p50_tpot_ms": 8.049848174651279,
    "p50_e2e_ms": 1605.2112188190222,
    "p99_ttft_ms": 174.39748711884022,
    "p99_tpot_ms": 8.299640995901097,
    "p99_e2e_ms": 2136.243971064687
  },
  "throughput": {
    "requests_per_sec": 1.1453132390313279,
    "tokens_per_sec": 219.90014189401495
  },
  "success_rate": 100.0,
  "total_requests": 10,
  "failed_requests": 0,
  "duration_sec": 8.731235839426517,
  "timestamp": "2026-01-18T01:33:14.134497",
  "error": null
}