{
  "config": "1R_1P_1D_1pD",
  "workload": "small_long_gen",
  "qps": 2,
  "turn1": {
    "count": 20,
    "avg_ttft_ms": 76.32405925542116,
    "avg_tpot_ms": 8.728657740600935,
    "avg_e2e_ms": 1184.86359231174,
    "p50_ttft_ms": 89.24572542309761,
    "p50_tpot_ms": 8.071422312907346,
    "p50_e2e_ms": 1123.435428366065,
    "p99_ttft_ms": 142.30448648333547,
    "p99_tpot_ms": 10.612657489915064,
    "p99_e2e_ms": 1386.7806756868958
  },
  "turn2": {
    "count": 20,
    "avg_ttft_ms": 52.34547443687916,
    "avg_tpot_ms": 8.951501473930252,
    "avg_e2e_ms": 4626.562727615237,
    "p50_ttft_ms": 37.42715157568455,
    "p50_tpot_ms": 8.103301340382393,
    "p50_e2e_ms": 4205.598220229149,
    "p99_ttft_ms": 129.84363719820973,
    "p99_tpot_ms": 10.407585059083022,
    "p99_e2e_ms": 5356.871462203562
  },
  "average": {
    "count": 40,
    "avg_ttft_ms": 64.33476684615016,
    "avg_tpot_ms": 8.840079607265592,
    "avg_e2e_ms": 2905.7131599634886,
    "p50_ttft_ms": 39.031293243169785,
    "p50_tpot_ms": 8.103301340382393,
    "p50_e2e_ms": 2673.5415253788233,
    "p99_ttft_ms": 142.28533178567886,
    "p99_tpot_ms": 10.60955758492543,
    "p99_e2e_ms": 5356.240436024964
  },
  "throughput": {
    "requests_per_sec": 3.0365648998211694,
    "tokens_per_sec": 971.7007679427743
  },
  "success_rate": 100.0,
  "total_requests": 40,
  "failed_requests": 0,
  "duration_sec": 13.17277954518795,
  "timestamp": "2026-01-18T01:36:05.483385",
  "error": null
}