{
  "config": "1R_1P_1D_1pD",
  "workload": "small_big_paste",
  "qps": 0.5,
  "turn1": {
    "count": 4,
    "avg_ttft_ms": 103.33866160362959,
    "avg_tpot_ms": 7.737939385330583,
    "avg_e2e_ms": 1086.0569635406137,
    "p50_ttft_ms": 121.60763889551163,
    "p50_tpot_ms": 7.816056904243672,
    "p50_e2e_ms": 1123.1287512928247,
    "p99_ttft_ms": 138.47002394497395,
    "p99_tpot_ms": 8.027125156418546,
    "p99_e2e_ms": 1141.0258998721838
  },
  "turn2": {
    "count": 4,
    "avg_ttft_ms": 77.6266809552908,
    "avg_tpot_ms": 7.960736041977292,
    "avg_e2e_ms": 579.1530515998602,
    "p50_ttft_ms": 59.47761796414852,
    "p50_tpot_ms": 7.8896517968840065,
    "p50_e2e_ms": 556.202195584774,
    "p99_ttft_ms": 141.8809704855084,
    "p99_tpot_ms": 8.286316806361787,
    "p99_e2e_ms": 663.9189292863011
  },
  "average": {
    "count": 8,
    "avg_ttft_ms": 90.48267127946019,
    "avg_tpot_ms": 7.849337713653938,
    "avg_e2e_ms": 832.6050075702369,
    "p50_ttft_ms": 91.51734597980976,
    "p50_tpot_ms": 7.835102034878201,
    "p50_e2e_ms": 811.8643872439861,
    "p99_ttft_ms": 143.89430552721024,
    "p99_tpot_ms": 8.276686640068704,
    "p99_e2e_ms": 1140.917651578784
  },
  "throughput": {
    "requests_per_sec": 0.7523709007092605,
    "tokens_per_sec": 72.22760646808901
  },
  "success_rate": 100.0,
  "total_requests": 8,
  "failed_requests": 0,
  "duration_sec": 10.633053448051214,
  "timestamp": "2026-01-18T01:49:46.492687",
  "error": null
}