{
  "config": "1R_1P_1D_1pD",
  "workload": "small_huge_paste",
  "qps": 20,
  "turn1": {
    "count": 200,
    "avg_ttft_ms": 1264.5860420167446,
    "avg_tpot_ms": 12.618343532378749,
    "avg_e2e_ms": 2867.1156706288457,
    "p50_ttft_ms": 1284.3116149306297,
    "p50_tpot_ms": 9.672678068397552,
    "p50_e2e_ms": 2858.585549518466,
    "p99_ttft_ms": 2402.1527255326496,
    "p99_tpot_ms": 30.661504858826085,
    "p99_e2e_ms": 5008.190719559789
  },
  "turn2": {
    "count": 200,
    "avg_ttft_ms": 475.702206492424,
    "avg_tpot_ms": 13.552525212327318,
    "avg_e2e_ms": 895.8304880745709,
    "p50_ttft_ms": 297.379732131958,
    "p50_tpot_ms": 9.321074512216352,
    "p50_e2e_ms": 890.1683259755373,
    "p99_ttft_ms": 1643.1132534518815,
    "p99_tpot_ms": 39.92192872709805,
    "p99_e2e_ms": 2218.188317418097
  },
  "average": {
    "count": 400,
    "avg_ttft_ms": 870.1441242545843,
    "avg_tpot_ms": 13.085434372353033,
    "avg_e2e_ms": 1881.4730793517083,
    "p50_ttft_ms": 771.5059202164412,
    "p50_tpot_ms": 9.563023918056386,
    "p50_e2e_ms": 1443.4245824813843,
    "p99_ttft_ms": 2249.1277548670764,
    "p99_tpot_ms": 35.83263022044012,
    "p99_e2e_ms": 4930.163585022092
  },
  "throughput": {
    "requests_per_sec": 26.506741996790048,
    "tokens_per_sec": 2120.539359743204
  },
  "success_rate": 100.0,
  "total_requests": 400,
  "failed_requests": 0,
  "duration_sec": 15.090500373393297,
  "timestamp": "2026-01-18T01:53:29.371091",
  "error": null
}