{
  "config": "1R_1P_1D_1pD",
  "workload": "large_big_paste",
  "qps": 10,
  "turn1": {
    "count": 99,
    "avg_ttft_ms": 4003.024264266997,
    "avg_tpot_ms": 11.687805530539444,
    "avg_e2e_ms": 15959.649322008845,
    "p50_ttft_ms": 428.42886224389076,
    "p50_tpot_ms": 10.142467635613615,
    "p50_e2e_ms": 16285.908661782742,
    "p99_ttft_ms": 11919.920144751668,
    "p99_tpot_ms": 17.834548889891494,
    "p99_e2e_ms": 25924.21780928969
  },
  "turn2": {
    "count": 99,
    "avg_ttft_ms": 193.87554787475653,
    "avg_tpot_ms": 11.990878803881579,
    "avg_e2e_ms": 949.300912519296,
    "p50_ttft_ms": 149.47739243507385,
    "p50_tpot_ms": 10.736858324399071,
    "p50_e2e_ms": 818.9924247562885,
    "p99_ttft_ms": 496.93064838646205,
    "p99_tpot_ms": 21.11809437710141,
    "p99_e2e_ms": 1770.749793276176
  },
  "average": {
    "count": 198,
    "avg_ttft_ms": 2098.4499060708768,
    "avg_tpot_ms": 11.83934216721051,
    "avg_e2e_ms": 8454.475117264072,
    "p50_ttft_ms": 171.07835412025452,
    "p50_tpot_ms": 10.255356981097663,
    "p50_e2e_ms": 7600.312858819962,
    "p99_ttft_ms": 11897.615281417966,
    "p99_tpot_ms": 20.869428244611573,
    "p99_e2e_ms": 25747.242052704096
  },
  "throughput": {
    "requests_per_sec": 5.301706419357481,
    "tokens_per_sec": 2884.1282921304696
  },
  "success_rate": 100.0,
  "total_requests": 198,
  "failed_requests": 0,
  "duration_sec": 37.34646627679467,
  "timestamp": "2026-01-18T02:43:11.522149",
  "error": null
}