{
  "config": "1R_1P_1D_1pD",
  "workload": "small_huge_paste",
  "qps": 0.5,
  "turn1": {
    "count": 2,
    "avg_ttft_ms": 119.72634494304657,
    "avg_tpot_ms": 7.8443352455698605,
    "avg_e2e_ms": 1115.9569211304188,
    "p50_ttft_ms": 119.72634494304657,
    "p50_tpot_ms": 7.8443352455698605,
    "p50_e2e_ms": 1115.9569211304188,
    "p99_ttft_ms": 126.84993088245392,
    "p99_tpot_ms": 7.897896307307905,
    "p99_e2e_ms": 1129.8827619105577
  },
  "turn2": {
    "count": 2,
    "avg_ttft_ms": 110.63796654343605,
    "avg_tpot_ms": 7.6924764340923675,
    "avg_e2e_ms": 349.10473600029945,
    "p50_ttft_ms": 110.63796654343605,
    "p50_tpot_ms": 7.6924764340923675,
    "p50_e2e_ms": 349.10473600029945,
    "p99_ttft_ms": 148.24747949838638,
    "p99_tpot_ms": 8.013922238061504,
    "p99_e2e_ms": 396.67906887829304
  },
  "average": {
    "count": 4,
    "avg_ttft_ms": 115.18215574324131,
    "avg_tpot_ms": 7.768405839831114,
    "avg_e2e_ms": 732.5308285653591,
    "p50_ttft_ms": 119.72634494304657,
    "p50_tpot_ms": 7.8443352455698605,
    "p50_e2e_ms": 749.6984265744686,
    "p99_ttft_ms": 148.35442926734686,
    "p99_tpot_ms": 8.016837567520573,
    "p99_e2e_ms": 1129.3143602460623
  },
  "throughput": {
    "requests_per_sec": 0.381964365416239,
    "tokens_per_sec": 30.55714923329912
  },
  "success_rate": 100.0,
  "total_requests": 4,
  "failed_requests": 0,
  "duration_sec": 10.47218107804656,
  "timestamp": "2026-01-18T01:51:43.248649",
  "error": null
}