{
  "config": "1R_1P_1D_1pD",
  "workload": "small_long_gen",
  "qps": 10,
  "turn1": {
    "count": 100,
    "avg_ttft_ms": 1247.7453558519483,
    "avg_tpot_ms": 9.553479511789451,
    "avg_e2e_ms": 2461.0372538492084,
    "p50_ttft_ms": 918.792150914669,
    "p50_tpot_ms": 9.020040750386208,
    "p50_e2e_ms": 2263.2278092205524,
    "p99_ttft_ms": 3092.158793136478,
    "p99_tpot_ms": 13.73680299661291,
    "p99_e2e_ms": 4234.3735275790095
  },
  "turn2": {
    "count": 100,
    "avg_ttft_ms": 96.69969007372856,
    "avg_tpot_ms": 9.66559986385231,
    "avg_e2e_ms": 5035.821220502257,
    "p50_ttft_ms": 52.90431156754494,
    "p50_tpot_ms": 8.920321047830955,
    "p50_e2e_ms": 4640.758318826556,
    "p99_ttft_ms": 391.96833115071075,
    "p99_tpot_ms": 12.676738842432396,
    "p99_e2e_ms": 6523.510755933821
  },
  "average": {
    "count": 200,
    "avg_ttft_ms": 672.2225229628384,
    "avg_tpot_ms": 9.60953968782088,
    "avg_e2e_ms": 3748.429237175733,
    "p50_ttft_ms": 113.3844330906868,
    "p50_tpot_ms": 8.956331569026775,
    "p50_e2e_ms": 4195.166217163205,
    "p99_ttft_ms": 3043.7171999737616,
    "p99_tpot_ms": 13.47127269513494,
    "p99_e2e_ms": 6518.493541665375
  },
  "throughput": {
    "requests_per_sec": 11.055687753872379,
    "tokens_per_sec": 3537.820081239161
  },
  "success_rate": 100.0,
  "total_requests": 200,
  "failed_requests": 0,
  "duration_sec": 18.09023594483733,
  "timestamp": "2026-01-18T01:37:10.423253",
  "error": null
}