{
  "config": "1R_1P_1D_1pD",
  "workload": "small_very_long_gen",
  "qps": 20,
  "turn1": {
    "count": 185,
    "avg_ttft_ms": 12869.32151118243,
    "avg_tpot_ms": 10.56922479836097,
    "avg_e2e_ms": 14211.613060574275,
    "p50_ttft_ms": 12851.081930100918,
    "p50_tpot_ms": 9.047154982493618,
    "p50_e2e_ms": 13967.216692864895,
    "p99_ttft_ms": 29683.505618572235,
    "p99_tpot_ms": 16.294899709581387,
    "p99_e2e_ms": 31413.766429573298
  },
  "turn2": {
    "count": 185,
    "avg_ttft_ms": 87.77223406611262,
    "avg_tpot_ms": 10.636556060462958,
    "avg_e2e_ms": 10968.96908391972,
    "p50_ttft_ms": 62.04131990671158,
    "p50_tpot_ms": 8.971719914284387,
    "p50_e2e_ms": 9307.722110301256,
    "p99_ttft_ms": 285.41206479072565,
    "p99_tpot_ms": 15.61405475479883,
    "p99_e2e_ms": 16027.457295954227
  },
  "average": {
    "count": 370,
    "avg_ttft_ms": 6478.546872624272,
    "avg_tpot_ms": 10.602890429411962,
    "avg_e2e_ms": 12590.291072246997,
    "p50_ttft_ms": 123.94551187753677,
    "p50_tpot_ms": 8.985487156104249,
    "p50_e2e_ms": 9541.11698642373,
    "p99_ttft_ms": 29442.29571633041,
    "p99_tpot_ms": 16.252732331769202,
    "p99_e2e_ms": 31295.880087018013
  },
  "throughput": {
    "requests_per_sec": 6.704479835990549,
    "tokens_per_sec": 3861.780385530556
  },
  "success_rate": 100.0,
  "total_requests": 370,
  "failed_requests": 0,
  "duration_sec": 55.18698080256581,
  "timestamp": "2026-01-18T01:43:39.654351",
  "error": null
}