{
  "config": "1R_1P_1D_1pD",
  "workload": "small_huge_paste",
  "qps": 10,
  "turn1": {
    "count": 100,
    "avg_ttft_ms": 169.96073111891747,
    "avg_tpot_ms": 10.371142193147048,
    "avg_e2e_ms": 1487.0957896485925,
    "p50_ttft_ms": 133.29890370368958,
    "p50_tpot_ms": 9.256880979721002,
    "p50_e2e_ms": 1422.1520517021418,
    "p99_ttft_ms": 517.1793929859997,
    "p99_tpot_ms": 17.622329280015055,
    "p99_e2e_ms": 2370.743602104485
  },
  "turn2": {
    "count": 100,
    "avg_ttft_ms": 165.7382394000888,
    "avg_tpot_ms": 10.517983034012781,
    "avg_e2e_ms": 491.79571345448494,
    "p50_ttft_ms": 128.98092158138752,
    "p50_tpot_ms": 9.338738396763802,
    "p50_e2e_ms": 448.45641404390335,
    "p99_ttft_ms": 475.4421260580421,
    "p99_tpot_ms": 22.760438886621348,
    "p99_e2e_ms": 1066.6005190461876
  },
  "average": {
    "count": 200,
    "avg_ttft_ms": 167.84948525950313,
    "avg_tpot_ms": 10.444562613579915,
    "avg_e2e_ms": 989.4457515515387,
    "p50_ttft_ms": 131.83868676424026,
    "p50_tpot_ms": 9.317357710981113,
    "p50_e2e_ms": 1094.2513532936573,
    "p99_ttft_ms": 489.25561178475596,
    "p99_tpot_ms": 22.654570660764172,
    "p99_e2e_ms": 2320.019792951643
  },
  "throughput": {
    "requests_per_sec": 17.07328178397612,
    "tokens_per_sec": 1365.8625427180898
  },
  "success_rate": 100.0,
  "total_requests": 200,
  "failed_requests": 0,
  "duration_sec": 11.714209519326687,
  "timestamp": "2026-01-18T01:52:48.911731",
  "error": null
}