{
  "config": "1R_1P_1D_1pD",
  "workload": "small_very_long_gen",
  "qps": 16,
  "turn1": {
    "count": 158,
    "avg_ttft_ms": 9741.829125752933,
    "avg_tpot_ms": 10.292562776314146,
    "avg_e2e_ms": 11048.984598344829,
    "p50_ttft_ms": 8554.249512031674,
    "p50_tpot_ms": 9.059827510766157,
    "p50_e2e_ms": 10104.458410292864,
    "p99_ttft_ms": 23563.938074857,
    "p99_tpot_ms": 16.757490394680985,
    "p99_e2e_ms": 25053.82976785302
  },
  "turn2": {
    "count": 158,
    "avg_ttft_ms": 124.38249059870273,
    "avg_tpot_ms": 10.333256287017205,
    "avg_e2e_ms": 10695.303672217304,
    "p50_ttft_ms": 65.75649045407772,
    "p50_tpot_ms": 9.005356450744504,
    "p50_e2e_ms": 9327.315649017692,
    "p99_ttft_ms": 656.4221112057567,
    "p99_tpot_ms": 14.445488212351576,
    "p99_e2e_ms": 14829.827209301293
  },
  "average": {
    "count": 316,
    "avg_ttft_ms": 4933.105808175817,
    "avg_tpot_ms": 10.312909531665676,
    "avg_e2e_ms": 10872.144135281067,
    "p50_ttft_ms": 193.3249868452549,
    "p50_tpot_ms": 9.03575867050321,
    "p50_e2e_ms": 9749.970575794578,
    "p99_ttft_ms": 22832.00436159969,
    "p99_tpot_ms": 16.051342207791766,
    "p99_e2e_ms": 24203.313629515473
  },
  "throughput": {
    "requests_per_sec": 6.6379222712195105,
    "tokens_per_sec": 3823.443228222438
  },
  "success_rate": 100.0,
  "total_requests": 316,
  "failed_requests": 0,
  "duration_sec": 47.60525765269995,
  "timestamp": "2026-01-18T01:42:44.439172",
  "error": null
}