{
  "config": "1R_1P_1D_1pD",
  "workload": "large_small_bal",
  "qps": 16,
  "turn1": {
    "count": 151,
    "avg_ttft_ms": 11288.768913547527,
    "avg_tpot_ms": 12.907527420639479,
    "avg_e2e_ms": 24493.169464861716,
    "p50_ttft_ms": 8873.03651496768,
    "p50_tpot_ms": 9.4825713799671,
    "p50_e2e_ms": 25712.15680986643,
    "p99_ttft_ms": 27865.06853811443,
    "p99_tpot_ms": 22.969075637930533,
    "p99_e2e_ms": 42876.92184560001
  },
  "turn2": {
    "count": 151,
    "avg_ttft_ms": 154.25113566367833,
    "avg_tpot_ms": 14.516395500931697,
    "avg_e2e_ms": 1068.784052222375,
    "p50_ttft_ms": 145.87416872382164,
    "p50_tpot_ms": 9.647950411789001,
    "p50_e2e_ms": 750.5861036479473,
    "p99_ttft_ms": 376.0940842330456,
    "p99_tpot_ms": 40.80393118044687,
    "p99_e2e_ms": 2891.6065841913223
  },
  "average": {
    "count": 302,
    "avg_ttft_ms": 5721.510024605603,
    "avg_tpot_ms": 13.711961460785586,
    "avg_e2e_ms": 12780.976758542045,
    "p50_ttft_ms": 193.8263438642025,
    "p50_tpot_ms": 9.548607510239925,
    "p50_e2e_ms": 6340.123172849417,
    "p99_ttft_ms": 27635.863531269137,
    "p99_tpot_ms": 39.21994799541104,
    "p99_e2e_ms": 42756.80738180876
  },
  "throughput": {
    "requests_per_sec": 5.641358746506864,
    "tokens_per_sec": 3068.899158099734
  },
  "success_rate": 100.0,
  "total_requests": 302,
  "failed_requests": 0,
  "duration_sec": 53.5332024730742,
  "timestamp": "2026-01-18T02:27:19.334699",
  "error": null
}