{
  "config": "1R_1P_1D_1pD",
  "workload": "small_huge_paste",
  "qps": 12,
  "turn1": {
    "count": 108,
    "avg_ttft_ms": 101.40150009344022,
    "avg_tpot_ms": 12.574812586124052,
    "avg_e2e_ms": 1698.402698531195,
    "p50_ttft_ms": 95.86408920586109,
    "p50_tpot_ms": 8.971623284375575,
    "p50_e2e_ms": 1257.6957661658525,
    "p99_ttft_ms": 223.5499553009867,
    "p99_tpot_ms": 24.439743593276486,
    "p99_e2e_ms": 3148.255169764161
  },
  "turn2": {
    "count": 108,
    "avg_ttft_ms": 136.1653152508316,
    "avg_tpot_ms": 13.025075780270063,
    "avg_e2e_ms": 539.9426644392036,
    "p50_ttft_ms": 125.60813687741756,
    "p50_tpot_ms": 9.367362445881291,
    "p50_e2e_ms": 405.6312832981348,
    "p99_ttft_ms": 383.7175358459351,
    "p99_tpot_ms": 33.24804796206374,
    "p99_e2e_ms": 1200.1946505531666
  },
  "average": {
    "count": 216,
    "avg_ttft_ms": 118.78340767213592,
    "avg_tpot_ms": 12.799944183197058,
    "avg_e2e_ms": 1119.1726814851993,
    "p50_ttft_ms": 110.78493110835552,
    "p50_tpot_ms": 9.041508446819655,
    "p50_e2e_ms": 1099.3053298443556,
    "p99_ttft_ms": 354.9936592578887,
    "p99_tpot_ms": 32.02801754758242,
    "p99_e2e_ms": 3143.937267549336
  },
  "throughput": {
    "requests_per_sec": 16.945106195069485,
    "tokens_per_sec": 1355.6084956055588
  },
  "success_rate": 100.0,
  "total_requests": 216,
  "failed_requests": 0,
  "duration_sec": 12.747043158859015,
  "timestamp": "2026-01-18T01:53:01.699627",
  "error": null
}