{
  "config": "1R_1P_1D_1pD",
  "workload": "small_short_gen",
  "qps": 20,
  "turn1": {
    "count": 194,
    "avg_ttft_ms": 3179.7528288029516,
    "avg_tpot_ms": 10.429143964608038,
    "avg_e2e_ms": 4504.254112308173,
    "p50_ttft_ms": 3315.3021950274706,
    "p50_tpot_ms": 9.583360478868634,
    "p50_e2e_ms": 4647.874768823385,
    "p99_ttft_ms": 6585.276048704982,
    "p99_tpot_ms": 16.056000845521453,
    "p99_e2e_ms": 7746.93304669112
  },
  "turn2": {
    "count": 194,
    "avg_ttft_ms": 164.7537592606446,
    "avg_tpot_ms": 10.475667554765415,
    "avg_e2e_ms": 2836.048985725826,
    "p50_ttft_ms": 69.28860954940319,
    "p50_tpot_ms": 9.459290836079447,
    "p50_e2e_ms": 2830.576242879033,
    "p99_ttft_ms": 620.2783529460421,
    "p99_tpot_ms": 14.861229260178172,
    "p99_e2e_ms": 3847.5065442174673
  },
  "average": {
    "count": 388,
    "avg_ttft_ms": 1672.2532940317983,
    "avg_tpot_ms": 10.452405759686728,
    "avg_e2e_ms": 3670.151549016999,
    "p50_ttft_ms": 321.6320350766182,
    "p50_tpot_ms": 9.53741934853874,
    "p50_e2e_ms": 3035.2235827594995,
    "p99_ttft_ms": 6550.6122517213225,
    "p99_tpot_ms": 15.929967531362387,
    "p99_e2e_ms": 7731.564988344908
  },
  "throughput": {
    "requests_per_sec": 19.04147206999998,
    "tokens_per_sec": 3655.962637439996
  },
  "success_rate": 100.0,
  "total_requests": 388,
  "failed_requests": 0,
  "duration_sec": 20.376575853675604,
  "timestamp": "2026-01-18T01:35:25.225392",
  "error": null
}