{
  "config": "1R_1P_1D_1pD",
  "workload": "small_short_gen",
  "qps": 12,
  "turn1": {
    "count": 119,
    "avg_ttft_ms": 375.2274364859116,
    "avg_tpot_ms": 10.233357317007677,
    "avg_e2e_ms": 1674.8638157458865,
    "p50_ttft_ms": 246.10800296068192,
    "p50_tpot_ms": 9.682052394771201,
    "p50_e2e_ms": 1675.4009760916233,
    "p99_ttft_ms": 1255.0952543318263,
    "p99_tpot_ms": 13.042595990178153,
    "p99_e2e_ms": 2482.348280921578
  },
  "turn2": {
    "count": 119,
    "avg_ttft_ms": 141.57076511813813,
    "avg_tpot_ms": 10.172023994439634,
    "avg_e2e_ms": 2735.4368837002444,
    "p50_ttft_ms": 60.02551317214966,
    "p50_tpot_ms": 9.480846717077142,
    "p50_e2e_ms": 2645.974460989237,
    "p99_ttft_ms": 708.0265230685471,
    "p99_tpot_ms": 12.856894889882966,
    "p99_e2e_ms": 3329.3972746282816
  },
  "average": {
    "count": 238,
    "avg_ttft_ms": 258.39910080202486,
    "avg_tpot_ms": 10.202690655723655,
    "avg_e2e_ms": 2205.1503497230656,
    "p50_ttft_ms": 133.92071798443794,
    "p50_tpot_ms": 9.642593521019164,
    "p50_e2e_ms": 2319.6125235408545,
    "p99_ttft_ms": 1134.0903477743266,
    "p99_tpot_ms": 13.036115176565065,
    "p99_e2e_ms": 3303.0447947233915
  },
  "throughput": {
    "requests_per_sec": 16.050791564145126,
    "tokens_per_sec": 3081.751980315864
  },
  "success_rate": 100.0,
  "total_requests": 238,
  "failed_requests": 0,
  "duration_sec": 14.827929142862558,
  "timestamp": "2026-01-18T01:34:47.339513",
  "error": null
}