{
  "config": "1R_1P_1D_1pD",
  "workload": "small_mid_bal",
  "qps": 12,
  "turn1": {
    "count": 117,
    "avg_ttft_ms": 147.78060854500177,
    "avg_tpot_ms": 9.485238754510224,
    "avg_e2e_ms": 1352.4059303678,
    "p50_ttft_ms": 109.2396154999733,
    "p50_tpot_ms": 8.625570156677501,
    "p50_e2e_ms": 1340.8874869346619,
    "p99_ttft_ms": 420.48253655433655,
    "p99_tpot_ms": 13.880806530085138,
    "p99_e2e_ms": 1806.5473902225497
  },
  "turn2": {
    "count": 117,
    "avg_ttft_ms": 111.67850603277867,
    "avg_tpot_ms": 9.429952880470804,
    "avg_e2e_ms": 1309.2825218525707,
    "p50_ttft_ms": 62.228985130786896,
    "p50_tpot_ms": 8.582037352905498,
    "p50_e2e_ms": 1239.738542586565,
    "p99_ttft_ms": 397.32475876808167,
    "p99_tpot_ms": 13.769923464989098,
    "p99_e2e_ms": 1803.6383351683617
  },
  "average": {
    "count": 234,
    "avg_ttft_ms": 129.72955728889022,
    "avg_tpot_ms": 9.457595817490512,
    "avg_e2e_ms": 1330.8442261101852,
    "p50_ttft_ms": 100.72791017591953,
    "p50_tpot_ms": 8.599069541481537,
    "p50_e2e_ms": 1313.559416681528,
    "p99_ttft_ms": 419.08686131238926,
    "p99_tpot_ms": 13.794576518648253,
    "p99_e2e_ms": 1810.3704949468374
  },
  "throughput": {
    "requests_per_sec": 18.118771640624715,
    "tokens_per_sec": 2319.2027699999635
  },
  "success_rate": 100.0,
  "total_requests": 234,
  "failed_requests": 0,
  "duration_sec": 12.914782781153917,
  "timestamp": "2026-01-18T01:47:05.180292",
  "error": null
}