{
  "config": "1R_1P_1D_1pD",
  "workload": "large_short_gen",
  "qps": 6,
  "turn1": {
    "count": 60,
    "avg_ttft_ms": 904.3724457422892,
    "avg_tpot_ms": 11.278273954650077,
    "avg_e2e_ms": 12442.046701349318,
    "p50_ttft_ms": 153.92944030463696,
    "p50_tpot_ms": 9.570567558209103,
    "p50_e2e_ms": 10110.109245404601,
    "p99_ttft_ms": 5599.637502506374,
    "p99_tpot_ms": 17.093390414631493,
    "p99_e2e_ms": 20920.82708746195
  },
  "turn2": {
    "count": 60,
    "avg_ttft_ms": 141.00283036629358,
    "avg_tpot_ms": 11.612261081589203,
    "avg_e2e_ms": 3102.1294061715403,
    "p50_ttft_ms": 141.6038703173399,
    "p50_tpot_ms": 9.805045401056606,
    "p50_e2e_ms": 2671.9947699457407,
    "p99_ttft_ms": 362.4125398695464,
    "p99_tpot_ms": 19.568290942439845,
    "p99_e2e_ms": 5172.364590950309
  },
  "average": {
    "count": 120,
    "avg_ttft_ms": 522.6876380542914,
    "avg_tpot_ms": 11.445267518119639,
    "avg_e2e_ms": 7772.088053760429,
    "p50_ttft_ms": 145.33648639917374,
    "p50_tpot_ms": 9.664329061992941,
    "p50_e2e_ms": 6978.884417563677,
    "p99_ttft_ms": 5508.666199408472,
    "p99_tpot_ms": 19.380046192775758,
    "p99_e2e_ms": 20694.580974951386
  },
  "throughput": {
    "requests_per_sec": 3.6587824190198064,
    "tokens_per_sec": 2341.620748172676
  },
  "success_rate": 100.0,
  "total_requests": 120,
  "failed_requests": 0,
  "duration_sec": 32.79779616743326,
  "timestamp": "2026-01-18T02:00:59.063700",
  "error": null
}