{
  "config": "1R_1P_1D_1pD",
  "workload": "large_very_long_gen",
  "qps": 20,
  "turn1": {
    "count": 180,
    "avg_ttft_ms": 29239.747994744943,
    "avg_tpot_ms": 12.386125033114205,
    "avg_e2e_ms": 41910.753903620775,
    "p50_ttft_ms": 34666.30776040256,
    "p50_tpot_ms": 10.047797048109366,
    "p50_e2e_ms": 44516.53763093054,
    "p99_ttft_ms": 70903.98114860058,
    "p99_tpot_ms": 20.444841919064466,
    "p99_e2e_ms": 87207.65467789026
  },
  "turn2": {
    "count": 180,
    "avg_ttft_ms": 164.87008010347685,
    "avg_tpot_ms": 12.779741911366267,
    "avg_e2e_ms": 13238.546055431167,
    "p50_ttft_ms": 150.4287775605917,
    "p50_tpot_ms": 10.502865703690903,
    "p50_e2e_ms": 10859.772466123104,
    "p99_ttft_ms": 498.38821478188044,
    "p99_tpot_ms": 21.03563319582161,
    "p99_e2e_ms": 21887.444790564477
  },
  "average": {
    "count": 360,
    "avg_ttft_ms": 14702.30903742421,
    "avg_tpot_ms": 12.582933472240237,
    "avg_e2e_ms": 27574.64997952597,
    "p50_ttft_ms": 276.1415019631386,
    "p50_tpot_ms": 10.245511000602708,
    "p50_e2e_ms": 17528.323732316494,
    "p99_ttft_ms": 68675.22955924278,
    "p99_tpot_ms": 20.912980443687854,
    "p99_e2e_ms": 80392.37100146712
  },
  "throughput": {
    "requests_per_sec": 3.1568129005383416,
    "tokens_per_sec": 3232.576410151262
  },
  "success_rate": 100.0,
  "total_requests": 360,
  "failed_requests": 0,
  "duration_sec": 114.03906767442822,
  "timestamp": "2026-01-18T02:22:39.502662",
  "error": null
}