{
  "config": "1R_1P_1D_1pD",
  "workload": "large_tiny",
  "qps": 10,
  "turn1": {
    "count": 100,
    "avg_ttft_ms": 4349.125972241163,
    "avg_tpot_ms": 11.428613882668436,
    "avg_e2e_ms": 16040.597974210978,
    "p50_ttft_ms": 3061.7780331522226,
    "p50_tpot_ms": 9.564352153508196,
    "p50_e2e_ms": 16701.758610084653,
    "p99_ttft_ms": 12386.828771941364,
    "p99_tpot_ms": 18.291254368622518,
    "p99_e2e_ms": 25031.47452209145
  },
  "turn2": {
    "count": 99,
    "avg_ttft_ms": 140.73627144850866,
    "avg_tpot_ms": 12.5732485456201,
    "avg_e2e_ms": 530.5069763627317,
    "p50_ttft_ms": 143.68368685245514,
    "p50_tpot_ms": 9.707420103011593,
    "p50_e2e_ms": 456.5288685262203,
    "p99_ttft_ms": 313.4462752938269,
    "p99_tpot_ms": 32.38173801331751,
    "p99_e2e_ms": 1202.299967780709
  },
  "average": {
    "count": 199,
    "avg_ttft_ms": 2255.504965314164,
    "avg_tpot_ms": 11.99805524765444,
    "avg_e2e_ms": 8324.522553170895,
    "p50_ttft_ms": 162.90274262428284,
    "p50_tpot_ms": 9.63354903844095,
    "p50_e2e_ms": 8983.253471553326,
    "p99_ttft_ms": 12348.742229193449,
    "p99_tpot_ms": 32.34135130480413,
    "p99_e2e_ms": 24932.889366298914
  },
  "throughput": {
    "requests_per_sec": 5.797300479136336,
    "tokens_per_sec": 3075.4242059370085
  },
  "success_rate": 99.5,
  "total_requests": 200,
  "failed_requests": 1,
  "duration_sec": 34.32632148638368,
  "timestamp": "2026-01-18T01:56:20.658939",
  "error": "ServerDown: [Errno 104] Connection reset by peer"
}