{
  "config": "1R_1P_1D_1pD",
  "workload": "small_very_long_gen",
  "qps": 4,
  "turn1": {
    "count": 36,
    "avg_ttft_ms": 80.86600785868035,
    "avg_tpot_ms": 9.247456071042794,
    "avg_e2e_ms": 1255.2929288811154,
    "p50_ttft_ms": 87.7581536769867,
    "p50_tpot_ms": 8.838659973712417,
    "p50_e2e_ms": 1229.7633681446314,
    "p99_ttft_ms": 168.89526862651104,
    "p99_tpot_ms": 11.884484529553905,
    "p99_e2e_ms": 1557.5161784887314
  },
  "turn2": {
    "count": 36,
    "avg_ttft_ms": 55.664204992353916,
    "avg_tpot_ms": 9.799553393958329,
    "avg_e2e_ms": 10080.607327011725,
    "p50_ttft_ms": 44.15350779891014,
    "p50_tpot_ms": 8.765574391723728,
    "p50_e2e_ms": 9018.93768645823,
    "p99_ttft_ms": 114.20805361121892,
    "p99_tpot_ms": 11.727081452617432,
    "p99_e2e_ms": 12042.55504924804
  },
  "average": {
    "count": 72,
    "avg_ttft_ms": 68.26510642551713,
    "avg_tpot_ms": 9.523504732500562,
    "avg_e2e_ms": 5667.95012794642,
    "p50_ttft_ms": 48.299603164196014,
    "p50_tpot_ms": 8.777274868458463,
    "p50_e2e_ms": 4573.625111952424,
    "p99_ttft_ms": 154.99894086271547,
    "p99_tpot_ms": 11.883276722386597,
    "p99_e2e_ms": 12039.02794841677
  },
  "throughput": {
    "requests_per_sec": 3.3320639135435846,
    "tokens_per_sec": 1919.2688142011048
  },
  "success_rate": 100.0,
  "total_requests": 72,
  "failed_requests": 0,
  "duration_sec": 21.608228974044323,
  "timestamp": "2026-01-18T01:39:54.906147",
  "error": null
}