{
  "config": "1R_1P_1D_1pD",
  "workload": "large_mid_paste",
  "qps": 10,
  "turn1": {
    "count": 79,
    "avg_ttft_ms": 1968.1874223619322,
    "avg_tpot_ms": 12.425122378538955,
    "avg_e2e_ms": 14679.087615607283,
    "p50_ttft_ms": 170.0025536119938,
    "p50_tpot_ms": 9.362827662382191,
    "p50_e2e_ms": 13750.12968108058,
    "p99_ttft_ms": 6789.995704069734,
    "p99_tpot_ms": 19.416007701660764,
    "p99_e2e_ms": 23850.27655377984
  },
  "turn2": {
    "count": 79,
    "avg_ttft_ms": 142.1303182746036,
    "avg_tpot_ms": 12.14719194037885,
    "avg_e2e_ms": 907.4034105184712,
    "p50_ttft_ms": 138.8285793364048,
    "p50_tpot_ms": 9.600228023907494,
    "p50_e2e_ms": 735.6509529054165,
    "p99_ttft_ms": 370.5952826887369,
    "p99_tpot_ms": 24.733402557552804,
    "p99_e2e_ms": 1811.7490224540234
  },
  "average": {
    "count": 158,
    "avg_ttft_ms": 1055.1588703182679,
    "avg_tpot_ms": 12.286157159458902,
    "avg_e2e_ms": 7793.245513062877,
    "p50_ttft_ms": 147.02189527451992,
    "p50_tpot_ms": 9.448025825334202,
    "p50_e2e_ms": 5381.58892095089,
    "p99_ttft_ms": 6484.026032797996,
    "p99_tpot_ms": 24.118894563899158,
    "p99_e2e_ms": 23686.227129101753
  },
  "throughput": {
    "requests_per_sec": 4.701250600713709,
    "tokens_per_sec": 2557.4803267882576
  },
  "success_rate": 100.0,
  "total_requests": 158,
  "failed_requests": 0,
  "duration_sec": 33.60807866230607,
  "timestamp": "2026-01-18T02:37:21.147235",
  "error": null
}