{
  "config": "1R_1P_1D_1pD",
  "workload": "large_long_gen",
  "qps": 16,
  "turn1": {
    "count": 141,
    "avg_ttft_ms": 13680.974643730315,
    "avg_tpot_ms": 13.012961924581658,
    "avg_e2e_ms": 26993.234692577353,
    "p50_ttft_ms": 12853.518318384886,
    "p50_tpot_ms": 9.521938044712574,
    "p50_e2e_ms": 22965.20970389247,
    "p99_ttft_ms": 39485.76586097478,
    "p99_tpot_ms": 22.79150912052026,
    "p99_e2e_ms": 55240.086559951305
  },
  "turn2": {
    "count": 141,
    "avg_ttft_ms": 383.3416273936312,
    "avg_tpot_ms": 13.215793661178719,
    "avg_e2e_ms": 7136.612188255956,
    "p50_ttft_ms": 141.4678730070591,
    "p50_tpot_ms": 9.932470560773712,
    "p50_e2e_ms": 5216.472510248423,
    "p99_ttft_ms": 341.0204082727432,
    "p99_tpot_ms": 23.528824917199326,
    "p99_e2e_ms": 12283.958315849304
  },
  "average": {
    "count": 282,
    "avg_ttft_ms": 7032.158135561973,
    "avg_tpot_ms": 13.11437779288019,
    "avg_e2e_ms": 17064.923440416653,
    "p50_ttft_ms": 168.01836341619492,
    "p50_tpot_ms": 9.724789468567899,
    "p50_e2e_ms": 10267.568051815033,
    "p99_ttft_ms": 38560.25367889553,
    "p99_tpot_ms": 23.312181013320988,
    "p99_e2e_ms": 50876.038843840346
  },
  "throughput": {
    "requests_per_sec": 3.836011017496054,
    "tokens_per_sec": 2946.0564614369696
  },
  "success_rate": 100.0,
  "total_requests": 282,
  "failed_requests": 0,
  "duration_sec": 73.5138660222292,
  "timestamp": "2026-01-18T02:11:14.651400",
  "error": null
}