{
  "config": "1R_1P_1D_1pD",
  "workload": "small_small_bal",
  "qps": 6,
  "turn1": {
    "count": 57,
    "avg_ttft_ms": 89.95348463455836,
    "avg_tpot_ms": 8.40048637847855,
    "avg_e2e_ms": 1156.8152547013342,
    "p50_ttft_ms": 89.44940567016602,
    "p50_tpot_ms": 7.858373342067238,
    "p50_e2e_ms": 1130.6092366576195,
    "p99_ttft_ms": 258.65354448556894,
    "p99_tpot_ms": 10.566144702941413,
    "p99_e2e_ms": 1380.3585328161716
  },
  "turn2": {
    "count": 57,
    "avg_ttft_ms": 64.90645158970565,
    "avg_tpot_ms": 8.374860019022892,
    "avg_e2e_ms": 592.5226327881478,
    "p50_ttft_ms": 40.35312682390213,
    "p50_tpot_ms": 7.906132806388158,
    "p50_e2e_ms": 597.998358309269,
    "p99_ttft_ms": 151.3180255889892,
    "p99_tpot_ms": 10.6418810571943,
    "p99_e2e_ms": 701.5841974318027
  },
  "average": {
    "count": 114,
    "avg_ttft_ms": 77.429968112132,
    "avg_tpot_ms": 8.38767319875072,
    "avg_e2e_ms": 874.668943744741,
    "p50_ttft_ms": 79.56409454345703,
    "p50_tpot_ms": 7.887683690540374,
    "p50_e2e_ms": 870.5353680998087,
    "p99_ttft_ms": 243.2417252659801,
    "p99_tpot_ms": 10.6650180151853,
    "p99_e2e_ms": 1368.2430351898074
  },
  "throughput": {
    "requests_per_sec": 9.56226472337501,
    "tokens_per_sec": 917.977413444001
  },
  "success_rate": 100.0,
  "total_requests": 114,
  "failed_requests": 0,
  "duration_sec": 11.921861954033375,
  "timestamp": "2026-01-18T01:44:33.151875",
  "error": null
}