{
  "config": "1R_1P_1D_1pD",
  "workload": "large_huge_paste",
  "qps": 12,
  "turn1": {
    "count": 115,
    "avg_ttft_ms": 6003.837489531092,
    "avg_tpot_ms": 13.489737627723255,
    "avg_e2e_ms": 19803.839082691982,
    "p50_ttft_ms": 6342.325251549482,
    "p50_tpot_ms": 9.398822870218392,
    "p50_e2e_ms": 20660.51109880209,
    "p99_ttft_ms": 16751.449195593596,
    "p99_tpot_ms": 22.61194267165451,
    "p99_e2e_ms": 35538.11333805323
  },
  "turn2": {
    "count": 115,
    "avg_ttft_ms": 205.87113700483155,
    "avg_tpot_ms": 15.993655985025335,
    "avg_e2e_ms": 701.674472540617,
    "p50_ttft_ms": 171.06377705931664,
    "p50_tpot_ms": 9.969438155812602,
    "p50_e2e_ms": 462.85709366202354,
    "p99_ttft_ms": 892.5511454045773,
    "p99_tpot_ms": 72.69006585642214,
    "p99_e2e_ms": 2560.396215170622
  },
  "average": {
    "count": 230,
    "avg_ttft_ms": 3104.854313267962,
    "avg_tpot_ms": 14.741696806374295,
    "avg_e2e_ms": 10252.7567776163,
    "p50_ttft_ms": 190.92866033315659,
    "p50_tpot_ms": 9.439499056438313,
    "p50_e2e_ms": 5868.601735681295,
    "p99_ttft_ms": 16655.66603578627,
    "p99_tpot_ms": 68.85076319017719,
    "p99_e2e_ms": 35336.34777627885
  },
  "throughput": {
    "requests_per_sec": 4.98948410071265,
    "tokens_per_sec": 2634.4476051762795
  },
  "success_rate": 100.0,
  "total_requests": 230,
  "failed_requests": 0,
  "duration_sec": 46.09695017710328,
  "timestamp": "2026-01-18T02:49:38.696680",
  "error": null
}