{
  "config": "1R_1P_1D_1pD",
  "workload": "large_small_bal",
  "qps": 4,
  "turn1": {
    "count": 38,
    "avg_ttft_ms": 144.07727171323802,
    "avg_tpot_ms": 10.689073498831577,
    "avg_e2e_ms": 11078.999461017942,
    "p50_ttft_ms": 137.30348274111748,
    "p50_tpot_ms": 9.353782480923078,
    "p50_e2e_ms": 9756.168283522129,
    "p99_ttft_ms": 251.0215275734664,
    "p99_tpot_ms": 14.449286540225513,
    "p99_e2e_ms": 14921.85554239899
  },
  "turn2": {
    "count": 38,
    "avg_ttft_ms": 137.58928946366436,
    "avg_tpot_ms": 10.894651373003361,
    "avg_e2e_ms": 823.952325962876,
    "p50_ttft_ms": 140.70750027894974,
    "p50_tpot_ms": 9.272721492581898,
    "p50_e2e_ms": 734.747676178813,
    "p99_ttft_ms": 263.8058105111122,
    "p99_tpot_ms": 23.869168721139435,
    "p99_e2e_ms": 1662.1123620495202
  },
  "average": {
    "count": 76,
    "avg_ttft_ms": 140.83328058845117,
    "avg_tpot_ms": 10.791862435917468,
    "avg_e2e_ms": 5951.475893490408,
    "p50_ttft_ms": 139.53889906406403,
    "p50_tpot_ms": 9.340870784976149,
    "p50_e2e_ms": 4867.715407162905,
    "p99_ttft_ms": 263.74875009059906,
    "p99_tpot_ms": 23.188457469500246,
    "p99_e2e_ms": 14892.89880450815
  },
  "throughput": {
    "requests_per_sec": 3.161875468874579,
    "tokens_per_sec": 1720.0602550677709
  },
  "success_rate": 100.0,
  "total_requests": 76,
  "failed_requests": 0,
  "duration_sec": 24.036367259919643,
  "timestamp": "2026-01-18T02:24:05.923969",
  "error": null
}