{
  "config": "1R_1P_1D_1pD",
  "workload": "large_mid_bal",
  "qps": 8,
  "turn1": {
    "count": 77,
    "avg_ttft_ms": 2313.0202697856084,
    "avg_tpot_ms": 12.744230357567686,
    "avg_e2e_ms": 15350.36792557735,
    "p50_ttft_ms": 162.83996775746346,
    "p50_tpot_ms": 9.466553057743308,
    "p50_e2e_ms": 15390.800345689058,
    "p99_ttft_ms": 8095.2357268333435,
    "p99_tpot_ms": 19.848121399841002,
    "p99_e2e_ms": 24637.712554186583
  },
  "turn2": {
    "count": 77,
    "avg_ttft_ms": 140.03516878787573,
    "avg_tpot_ms": 12.277029590706528,
    "avg_e2e_ms": 1699.2179268076047,
    "p50_ttft_ms": 143.26594397425652,
    "p50_tpot_ms": 9.601885350201073,
    "p50_e2e_ms": 1333.4850631654263,
    "p99_ttft_ms": 388.5671308636664,
    "p99_tpot_ms": 23.49120286740656,
    "p99_e2e_ms": 3182.5007778406143
  },
  "average": {
    "count": 154,
    "avg_ttft_ms": 1226.5277192867422,
    "avg_tpot_ms": 12.510629974137107,
    "avg_e2e_ms": 8524.792926192476,
    "p50_ttft_ms": 151.2468382716179,
    "p50_tpot_ms": 9.552725598098725,
    "p50_e2e_ms": 6044.249948114157,
    "p99_ttft_ms": 7975.582036375999,
    "p99_tpot_ms": 22.97936334414041,
    "p99_e2e_ms": 24576.83675006032
  },
  "throughput": {
    "requests_per_sec": 4.270103539854867,
    "tokens_per_sec": 2459.5796389564034
  },
  "success_rate": 100.0,
  "total_requests": 154,
  "failed_requests": 0,
  "duration_sec": 36.06469926610589,
  "timestamp": "2026-01-18T02:30:51.906491",
  "error": null
}