{
  "config": "1R_1P_1D_1pD",
  "workload": "large_mid_bal",
  "qps": 0.5,
  "turn1": {
    "count": 5,
    "avg_ttft_ms": 103.55866327881813,
    "avg_tpot_ms": 8.90485348575043,
    "avg_e2e_ms": 9213.223779201508,
    "p50_ttft_ms": 127.40838900208473,
    "p50_tpot_ms": 9.395064722349684,
    "p50_e2e_ms": 9675.125189125538,
    "p99_ttft_ms": 130.14118671417236,
    "p99_tpot_ms": 9.932603480645755,
    "p99_e2e_ms": 10286.09466984868
  },
  "turn2": {
    "count": 5,
    "avg_ttft_ms": 87.38551139831543,
    "avg_tpot_ms": 8.859153138840291,
    "avg_e2e_ms": 1212.4979600310326,
    "p50_ttft_ms": 90.21006524562836,
    "p50_tpot_ms": 8.148024459992806,
    "p50_e2e_ms": 1162.1353812515736,
    "p99_ttft_ms": 147.6525703072548,
    "p99_tpot_ms": 10.128568008424729,
    "p99_e2e_ms": 1389.074200540781
  },
  "average": {
    "count": 10,
    "avg_ttft_ms": 95.47208733856678,
    "avg_tpot_ms": 8.88200331229536,
    "avg_e2e_ms": 5212.86086961627,
    "p50_ttft_ms": 97.66824170947075,
    "p50_tpot_ms": 8.771544591171246,
    "p50_e2e_ms": 4770.876720547676,
    "p99_ttft_ms": 147.69722413271666,
    "p99_tpot_ms": 10.12105459090295,
    "p99_e2e_ms": 10259.338825419545
  },
  "throughput": {
    "requests_per_sec": 0.523791242421563,
    "tokens_per_sec": 301.7037556348203
  },
  "success_rate": 100.0,
  "total_requests": 10,
  "failed_requests": 0,
  "duration_sec": 19.091575402766466,
  "timestamp": "2026-01-18T02:28:47.656989",
  "error": null
}