{
  "config": "1R_1P_1D_1pD",
  "workload": "large_very_long_gen",
  "qps": 4,
  "turn1": {
    "count": 37,
    "avg_ttft_ms": 147.252731226586,
    "avg_tpot_ms": 10.604306614946013,
    "avg_e2e_ms": 10995.458398316357,
    "p50_ttft_ms": 136.25967875123024,
    "p50_tpot_ms": 9.482033230284209,
    "p50_e2e_ms": 9827.154748141766,
    "p99_ttft_ms": 254.4003210961819,
    "p99_tpot_ms": 15.486053366028319,
    "p99_e2e_ms": 15966.388447880745
  },
  "turn2": {
    "count": 37,
    "avg_ttft_ms": 143.9335742914999,
    "avg_tpot_ms": 11.821347369073369,
    "avg_e2e_ms": 12237.171932853556,
    "p50_ttft_ms": 146.89046517014503,
    "p50_tpot_ms": 10.138900533595276,
    "p50_e2e_ms": 10515.30209556222,
    "p99_ttft_ms": 260.6841042637825,
    "p99_tpot_ms": 16.332909565488148,
    "p99_e2e_ms": 16952.975050210953
  },
  "average": {
    "count": 74,
    "avg_ttft_ms": 145.59315275904294,
    "avg_tpot_ms": 11.21282699200969,
    "avg_e2e_ms": 11616.315165584958,
    "p50_ttft_ms": 140.8200077712536,
    "p50_tpot_ms": 9.994230802122683,
    "p50_e2e_ms": 10367.976183071733,
    "p99_ttft_ms": 263.63929342478514,
    "p99_tpot_ms": 16.323020220247123,
    "p99_e2e_ms": 16941.601680144668
  },
  "throughput": {
    "requests_per_sec": 1.8424694820406178,
    "tokens_per_sec": 1886.6887496095926
  },
  "success_rate": 100.0,
  "total_requests": 74,
  "failed_requests": 0,
  "duration_sec": 40.16348749399185,
  "timestamp": "2026-01-18T02:14:59.016887",
  "error": null
}