{
  "config": "1R_1P_1D_1pD",
  "workload": "small_small_bal",
  "qps": 20,
  "turn1": {
    "count": 200,
    "avg_ttft_ms": 1454.6701879426837,
    "avg_tpot_ms": 9.898984828069219,
    "avg_e2e_ms": 2711.8412611074746,
    "p50_ttft_ms": 1406.9378841668367,
    "p50_tpot_ms": 8.75904678007749,
    "p50_e2e_ms": 2595.1531007885933,
    "p99_ttft_ms": 3569.840402752161,
    "p99_tpot_ms": 13.535876968127535,
    "p99_e2e_ms": 4699.249641597271
  },
  "turn2": {
    "count": 200,
    "avg_ttft_ms": 406.69422291219234,
    "avg_tpot_ms": 9.971629942338618,
    "avg_e2e_ms": 1034.9069092795253,
    "p50_ttft_ms": 75.13170130550861,
    "p50_tpot_ms": 8.892420649765029,
    "p50_e2e_ms": 858.9240293949842,
    "p99_ttft_ms": 1491.3867628946898,
    "p99_tpot_ms": 13.715351196745084,
    "p99_e2e_ms": 2080.8749892935157
  },
  "average": {
    "count": 400,
    "avg_ttft_ms": 930.682205427438,
    "avg_tpot_ms": 9.935307385203918,
    "avg_e2e_ms": 1873.3740851935,
    "p50_ttft_ms": 786.1163429915905,
    "p50_tpot_ms": 8.820007960610637,
    "p50_e2e_ms": 1556.86598084867,
    "p99_ttft_ms": 3527.325849980116,
    "p99_tpot_ms": 13.637828303696795,
    "p99_e2e_ms": 4596.674900762736
  },
  "throughput": {
    "requests_per_sec": 28.97345935603029,
    "tokens_per_sec": 2781.452098178908
  },
  "success_rate": 100.0,
  "total_requests": 400,
  "failed_requests": 0,
  "duration_sec": 13.805738385766745,
  "timestamp": "2026-01-18T01:45:33.331355",
  "error": null
}