{
  "config": "1R_1P_1D_1pD",
  "workload": "large_mid_bal",
  "qps": 2,
  "turn1": {
    "count": 20,
    "avg_ttft_ms": 133.51202998310328,
    "avg_tpot_ms": 9.382738036450403,
    "avg_e2e_ms": 9732.053041271865,
    "p50_ttft_ms": 131.97099789977074,
    "p50_tpot_ms": 8.636385581127476,
    "p50_e2e_ms": 8969.32745911181,
    "p99_ttft_ms": 171.63073908537626,
    "p99_tpot_ms": 11.409308228638107,
    "p99_e2e_ms": 11803.837973736227
  },
  "turn2": {
    "count": 20,
    "avg_ttft_ms": 118.74478179961443,
    "avg_tpot_ms": 8.888276425872263,
    "avg_e2e_ms": 1247.5558878853917,
    "p50_ttft_ms": 139.92423191666603,
    "p50_tpot_ms": 8.314135873059588,
    "p50_e2e_ms": 1213.6161401867867,
    "p99_ttft_ms": 163.6901343241334,
    "p99_tpot_ms": 12.032647218525877,
    "p99_e2e_ms": 1630.0539807230234
  },
  "average": {
    "count": 40,
    "avg_ttft_ms": 126.12840589135885,
    "avg_tpot_ms": 9.135507231161332,
    "avg_e2e_ms": 5489.8044645786285,
    "p50_ttft_ms": 136.23704202473164,
    "p50_tpot_ms": 8.55818271768058,
    "p50_e2e_ms": 4903.173360973597,
    "p99_ttft_ms": 171.38301398605108,
    "p99_tpot_ms": 11.896836822413572,
    "p99_e2e_ms": 11802.575649432838
  },
  "throughput": {
    "requests_per_sec": 1.9534802958002018,
    "tokens_per_sec": 1125.2046503809163
  },
  "success_rate": 100.0,
  "total_requests": 40,
  "failed_requests": 0,
  "duration_sec": 20.476275131106377,
  "timestamp": "2026-01-18T02:29:26.835734",
  "error": null
}