{
  "config": "1R_1P_1D_1pD",
  "workload": "large_mid_bal",
  "qps": 6,
  "turn1": {
    "count": 54,
    "avg_ttft_ms": 280.35736829042435,
    "avg_tpot_ms": 10.258697108869844,
    "avg_e2e_ms": 10775.004510664277,
    "p50_ttft_ms": 150.05083940923214,
    "p50_tpot_ms": 9.613936144279595,
    "p50_e2e_ms": 10013.946471735835,
    "p99_ttft_ms": 2196.4014085009694,
    "p99_tpot_ms": 13.537288831250118,
    "p99_e2e_ms": 14115.095581188798
  },
  "turn2": {
    "count": 54,
    "avg_ttft_ms": 132.13939537052755,
    "avg_tpot_ms": 9.692958083256892,
    "avg_e2e_ms": 1363.145071944153,
    "p50_ttft_ms": 142.4313597381115,
    "p50_tpot_ms": 9.619561310006876,
    "p50_e2e_ms": 1318.3319997042418,
    "p99_ttft_ms": 258.3785515651107,
    "p99_tpot_ms": 13.562962902108515,
    "p99_e2e_ms": 1879.7311592102049
  },
  "average": {
    "count": 108,
    "avg_ttft_ms": 206.24838183047595,
    "avg_tpot_ms": 9.97582759606337,
    "avg_e2e_ms": 6069.074791304215,
    "p50_ttft_ms": 144.20526660978794,
    "p50_tpot_ms": 9.61699342154948,
    "p50_e2e_ms": 5268.888836726546,
    "p99_ttft_ms": 2133.8116922602017,
    "p99_tpot_ms": 13.547171352509471,
    "p99_e2e_ms": 14024.674750715494
  },
  "throughput": {
    "requests_per_sec": 4.3436239615797625,
    "tokens_per_sec": 2501.927401869943
  },
  "success_rate": 100.0,
  "total_requests": 108,
  "failed_requests": 0,
  "duration_sec": 24.864030808210373,
  "timestamp": "2026-01-18T02:30:15.690759",
  "error": null
}