{
  "config": "1R_1P_1D_1pD",
  "workload": "large_long_gen",
  "qps": 6,
  "turn1": {
    "count": 54,
    "avg_ttft_ms": 516.7660791840818,
    "avg_tpot_ms": 10.252301076547882,
    "avg_e2e_ms": 11004.870080492563,
    "p50_ttft_ms": 141.6594758629799,
    "p50_tpot_ms": 9.951630889466315,
    "p50_e2e_ms": 10467.068480327725,
    "p99_ttft_ms": 5206.5853483602405,
    "p99_tpot_ms": 13.206059833476912,
    "p99_e2e_ms": 15580.239966921508
  },
  "turn2": {
    "count": 54,
    "avg_ttft_ms": 115.51672309913018,
    "avg_tpot_ms": 10.338189422051752,
    "avg_e2e_ms": 5398.331517767575,
    "p50_ttft_ms": 127.17095017433167,
    "p50_tpot_ms": 9.917429384070132,
    "p50_e2e_ms": 5229.984054341912,
    "p99_ttft_ms": 257.46076520532364,
    "p99_tpot_ms": 13.404292567849975,
    "p99_e2e_ms": 7031.778288669884
  },
  "average": {
    "count": 108,
    "avg_ttft_ms": 316.14140114160597,
    "avg_tpot_ms": 10.295245249299816,
    "avg_e2e_ms": 8201.600799130068,
    "p50_ttft_ms": 137.3094618320465,
    "p50_tpot_ms": 9.951630889466315,
    "p50_e2e_ms": 8109.691262245178,
    "p99_ttft_ms": 5155.061117075383,
    "p99_tpot_ms": 13.315039124253754,
    "p99_e2e_ms": 15437.234278693788
  },
  "throughput": {
    "requests_per_sec": 3.4902888586294383,
    "tokens_per_sec": 2680.541843427409
  },
  "success_rate": 100.0,
  "total_requests": 108,
  "failed_requests": 0,
  "duration_sec": 30.94299766421318,
  "timestamp": "2026-01-18T02:07:30.855715",
  "error": null
}