{
  "config": "1R_1P_1D_1pD",
  "workload": "small_mid_paste",
  "qps": 8,
  "turn1": {
    "count": 80,
    "avg_ttft_ms": 100.78849606215954,
    "avg_tpot_ms": 8.976706925515582,
    "avg_e2e_ms": 1240.8302756026387,
    "p50_ttft_ms": 101.29301063716412,
    "p50_tpot_ms": 8.372347992588216,
    "p50_e2e_ms": 1197.4712535738945,
    "p99_ttft_ms": 229.1398645564913,
    "p99_tpot_ms": 11.500627884245292,
    "p99_e2e_ms": 1498.3144035190342
  },
  "turn2": {
    "count": 80,
    "avg_ttft_ms": 85.96411515027285,
    "avg_tpot_ms": 9.188667052085437,
    "avg_e2e_ms": 664.8501394316554,
    "p50_ttft_ms": 69.47341002523899,
    "p50_tpot_ms": 8.357036267481153,
    "p50_e2e_ms": 662.8860756754875,
    "p99_ttft_ms": 201.39825664460628,
    "p99_tpot_ms": 12.725816946772353,
    "p99_e2e_ms": 875.8983146771787
  },
  "average": {
    "count": 160,
    "avg_ttft_ms": 93.37630560621619,
    "avg_tpot_ms": 9.082686988800509,
    "avg_e2e_ms": 952.8402075171471,
    "p50_ttft_ms": 95.54540365934372,
    "p50_tpot_ms": 8.371468070731984,
    "p50_e2e_ms": 960.6771469116211,
    "p99_ttft_ms": 232.0962124690413,
    "p99_tpot_ms": 12.586226406551543,
    "p99_e2e_ms": 1490.0996674969792
  },
  "throughput": {
    "requests_per_sec": 13.141561871632543,
    "tokens_per_sec": 1261.5899396767243
  },
  "success_rate": 100.0,
  "total_requests": 160,
  "failed_requests": 0,
  "duration_sec": 12.175112940371037,
  "timestamp": "2026-01-18T01:48:41.786865",
  "error": null
}