{
  "config": "1R_1P_1D_1pD",
  "workload": "small_tiny",
  "qps": 2,
  "turn1": {
    "count": 16,
    "avg_ttft_ms": 91.77103778347373,
    "avg_tpot_ms": 7.9836466763989895,
    "avg_e2e_ms": 1105.6941656861454,
    "p50_ttft_ms": 107.99843445420265,
    "p50_tpot_ms": 7.920980218827255,
    "p50_e2e_ms": 1100.4230082035065,
    "p99_ttft_ms": 212.87119574844837,
    "p99_tpot_ms": 8.312294646862924,
    "p99_e2e_ms": 1219.4977583363652
  },
  "turn2": {
    "count": 16,
    "avg_ttft_ms": 53.326018154621124,
    "avg_tpot_ms": 8.045435379890185,
    "avg_e2e_ms": 302.73451493121684,
    "p50_ttft_ms": 31.37299418449402,
    "p50_tpot_ms": 8.031198754906654,
    "p50_e2e_ms": 283.47185626626015,
    "p99_ttft_ms": 128.08065675199032,
    "p99_tpot_ms": 8.750972962908207,
    "p99_e2e_ms": 387.90973350405693
  },
  "average": {
    "count": 32,
    "avg_ttft_ms": 72.54852796904743,
    "avg_tpot_ms": 8.014541028144587,
    "avg_e2e_ms": 704.2143403086811,
    "p50_ttft_ms": 33.41549076139927,
    "p50_tpot_ms": 7.984688297360719,
    "p50_e2e_ms": 706.764992326498,
    "p99_ttft_ms": 207.42046423256403,
    "p99_tpot_ms": 8.681944112383551,
    "p99_e2e_ms": 1215.4493625834584
  },
  "throughput": {
    "requests_per_sec": 3.0366378190735337,
    "tokens_per_sec": 242.9310255258827
  },
  "success_rate": 100.0,
  "total_requests": 32,
  "failed_requests": 0,
  "duration_sec": 10.537970580160618,
  "timestamp": "2026-01-18T01:31:39.208414",
  "error": null
}