{
  "config": "1R_1P_1D_1pD",
  "workload": "large_mid_paste",
  "qps": 6,
  "turn1": {
    "count": 60,
    "avg_ttft_ms": 624.8692771419883,
    "avg_tpot_ms": 10.909549662714074,
    "avg_e2e_ms": 11785.338582098484,
    "p50_ttft_ms": 149.55276064574718,
    "p50_tpot_ms": 9.812130768467487,
    "p50_e2e_ms": 10283.690487965941,
    "p99_ttft_ms": 3152.09838334471,
    "p99_tpot_ms": 15.52642742199195,
    "p99_e2e_ms": 17209.057462587953
  },
  "turn2": {
    "count": 60,
    "avg_ttft_ms": 128.33128335575262,
    "avg_tpot_ms": 10.607887166872542,
    "avg_e2e_ms": 796.6281748687228,
    "p50_ttft_ms": 139.3237691372633,
    "p50_tpot_ms": 9.683656314062695,
    "p50_e2e_ms": 737.0387054979801,
    "p99_ttft_ms": 292.04315893352026,
    "p99_tpot_ms": 20.911126670146732,
    "p99_e2e_ms": 1555.4650331288572
  },
  "average": {
    "count": 120,
    "avg_ttft_ms": 376.60028024887043,
    "avg_tpot_ms": 10.758718414793309,
    "avg_e2e_ms": 6290.983378483604,
    "p50_ttft_ms": 144.51801404356956,
    "p50_tpot_ms": 9.808579882204475,
    "p50_e2e_ms": 5525.420978665352,
    "p99_ttft_ms": 3151.036304309964,
    "p99_tpot_ms": 18.95974146645694,
    "p99_e2e_ms": 16914.08134236932
  },
  "throughput": {
    "requests_per_sec": 4.426638075226618,
    "tokens_per_sec": 2408.0911129232804
  },
  "success_rate": 100.0,
  "total_requests": 120,
  "failed_requests": 0,
  "duration_sec": 27.108608826994896,
  "timestamp": "2026-01-18T02:36:17.092344",
  "error": null
}