{
  "config": "1R_1P_1D_1pD",
  "workload": "small_mid_bal",
  "qps": 0.5,
  "turn1": {
    "count": 3,
    "avg_ttft_ms": 153.73421708742777,
    "avg_tpot_ms": 7.653166918851572,
    "avg_e2e_ms": 1125.6864157815774,
    "p50_ttft_ms": 203.85348051786423,
    "p50_tpot_ms": 7.827911232634793,
    "p50_e2e_ms": 1197.9982070624828,
    "p99_ttft_ms": 205.51216334104538,
    "p99_tpot_ms": 7.86142439940783,
    "p99_e2e_ms": 1203.9130620658398
  },
  "turn2": {
    "count": 3,
    "avg_ttft_ms": 61.75419191519419,
    "avg_tpot_ms": 7.709006683563623,
    "avg_e2e_ms": 1040.7980407277744,
    "p50_ttft_ms": 34.26804766058922,
    "p50_tpot_ms": 7.707014738574741,
    "p50_e2e_ms": 1022.4299803376198,
    "p99_ttft_ms": 121.03306286036968,
    "p99_tpot_ms": 7.826222539769383,
    "p99_e2e_ms": 1085.6157175451517
  },
  "average": {
    "count": 6,
    "avg_ttft_ms": 107.74420450131099,
    "avg_tpot_ms": 7.681086801207598,
    "avg_e2e_ms": 1083.2422282546759,
    "p50_ttft_ms": 87.30346709489822,
    "p50_tpot_ms": 7.767462985604767,
    "p50_e2e_ms": 1054.6676013618708,
    "p99_ttft_ms": 205.46138733625412,
    "p99_tpot_ms": 7.860435692109461,
    "p99_e2e_ms": 1203.731995075941
  },
  "throughput": {
    "requests_per_sec": 0.7665723195865656,
    "tokens_per_sec": 98.1212569070804
  },
  "success_rate": 100.0,
  "total_requests": 6,
  "failed_requests": 0,
  "duration_sec": 7.827050164341927,
  "timestamp": "2026-01-18T01:45:46.221832",
  "error": null
}