{
  "config": "1R_1P_1D_1pD",
  "workload": "small_very_long_gen",
  "qps": 10,
  "turn1": {
    "count": 93,
    "avg_ttft_ms": 2931.840302522785,
    "avg_tpot_ms": 9.754881719490806,
    "avg_e2e_ms": 4170.710280898117,
    "p50_ttft_ms": 188.64144757390022,
    "p50_tpot_ms": 8.981573622761749,
    "p50_e2e_ms": 1519.0339349210262,
    "p99_ttft_ms": 6937.191584408283,
    "p99_tpot_ms": 13.027332480263523,
    "p99_e2e_ms": 8463.565359860659
  },
  "turn2": {
    "count": 93,
    "avg_ttft_ms": 78.08697612215114,
    "avg_tpot_ms": 9.613483944122171,
    "avg_e2e_ms": 9912.681050959134,
    "p50_ttft_ms": 53.95686998963356,
    "p50_tpot_ms": 8.807671177160005,
    "p50_e2e_ms": 9127.334736287594,
    "p99_ttft_ms": 185.20812273025513,
    "p99_tpot_ms": 12.242869764770347,
    "p99_e2e_ms": 12571.828634291887
  },
  "average": {
    "count": 186,
    "avg_ttft_ms": 1504.963639322468,
    "avg_tpot_ms": 9.684182831806488,
    "avg_e2e_ms": 7041.695665928625,
    "p50_ttft_ms": 113.77587541937828,
    "p50_tpot_ms": 8.911592632765178,
    "p50_e2e_ms": 8573.758641257882,
    "p99_ttft_ms": 6917.349188774824,
    "p99_tpot_ms": 12.991042237171508,
    "p99_e2e_ms": 12562.128210626543
  },
  "throughput": {
    "requests_per_sec": 6.249394297336854,
    "tokens_per_sec": 3599.6511152660282
  },
  "success_rate": 100.0,
  "total_requests": 186,
  "failed_requests": 0,
  "duration_sec": 29.76288439333439,
  "timestamp": "2026-01-18T01:41:20.450497",
  "error": null
}