{
  "config": "1R_1P_1D_1pD",
  "workload": "small_tiny",
  "qps": 8,
  "turn1": {
    "count": 80,
    "avg_ttft_ms": 104.70478958450258,
    "avg_tpot_ms": 9.03224540933028,
    "avg_e2e_ms": 1251.799956569448,
    "p50_ttft_ms": 117.69326590001583,
    "p50_tpot_ms": 8.538638571585256,
    "p50_e2e_ms": 1230.1708366721869,
    "p99_ttft_ms": 305.45505568385107,
    "p99_tpot_ms": 11.135216343883922,
    "p99_e2e_ms": 1454.9993938580153
  },
  "turn2": {
    "count": 80,
    "avg_ttft_ms": 74.95844410732388,
    "avg_tpot_ms": 8.997804422171846,
    "avg_e2e_ms": 353.8903811946511,
    "p50_ttft_ms": 40.00197909772396,
    "p50_tpot_ms": 8.721491201750695,
    "p50_e2e_ms": 345.3956935554743,
    "p99_ttft_ms": 223.64203482866284,
    "p99_tpot_ms": 11.519865275871362,
    "p99_e2e_ms": 480.8119075372814
  },
  "average": {
    "count": 160,
    "avg_ttft_ms": 89.83161684591323,
    "avg_tpot_ms": 9.015024915751063,
    "avg_e2e_ms": 802.8451688820496,
    "p50_ttft_ms": 46.22397758066654,
    "p50_tpot_ms": 8.622421552577325,
    "p50_e2e_ms": 808.920519426465,
    "p99_ttft_ms": 293.6208317428827,
    "p99_tpot_ms": 11.221575687332127,
    "p99_e2e_ms": 1449.7833290696144
  },
  "throughput": {
    "requests_per_sec": 15.268575918636474,
    "tokens_per_sec": 1221.486073490918
  },
  "success_rate": 100.0,
  "total_requests": 160,
  "failed_requests": 0,
  "duration_sec": 10.479038834571838,
  "timestamp": "2026-01-18T01:32:12.231240",
  "error": null
}