{
  "config": "1R_1P_1D_1pD",
  "workload": "large_huge_paste",
  "qps": 10,
  "turn1": {
    "count": 89,
    "avg_ttft_ms": 2759.206280488981,
    "avg_tpot_ms": 12.914613012570136,
    "avg_e2e_ms": 15970.85539234823,
    "p50_ttft_ms": 278.6765322089195,
    "p50_tpot_ms": 9.49416532821203,
    "p50_e2e_ms": 14214.063823223114,
    "p99_ttft_ms": 10236.713510900738,
    "p99_tpot_ms": 20.095462222398787,
    "p99_e2e_ms": 27694.909201562405
  },
  "turn2": {
    "count": 89,
    "avg_ttft_ms": 195.39666782771604,
    "avg_tpot_ms": 13.850996079717957,
    "avg_e2e_ms": 624.7775462989727,
    "p50_ttft_ms": 165.7741293311119,
    "p50_tpot_ms": 9.828746679329104,
    "p50_e2e_ms": 465.2959369122982,
    "p99_ttft_ms": 523.8721314072609,
    "p99_tpot_ms": 49.26382746907973,
    "p99_e2e_ms": 2051.0507829487324
  },
  "average": {
    "count": 178,
    "avg_ttft_ms": 1477.3014741583486,
    "avg_tpot_ms": 13.382804546144046,
    "avg_e2e_ms": 8297.816469323601,
    "p50_ttft_ms": 186.65586784482002,
    "p50_tpot_ms": 9.574239317943157,
    "p50_e2e_ms": 5533.66113267839,
    "p99_ttft_ms": 10136.980103477836,
    "p99_tpot_ms": 47.39801259771468,
    "p99_e2e_ms": 27510.112726986405
  },
  "throughput": {
    "requests_per_sec": 4.644724660954137,
    "tokens_per_sec": 2452.414620983784
  },
  "success_rate": 100.0,
  "total_requests": 178,
  "failed_requests": 0,
  "duration_sec": 38.323046680539846,
  "timestamp": "2026-01-18T02:48:52.551551",
  "error": null
}