{
  "config": "2P_2D",
  "ppd_enabled": true,
  "qps": 4.0,
  "num_conversations": 500,
  "duration_sec": 168.3557680696249,
  "timestamp": "2026-01-21T20:01:46.476522",
  "turn1": {
    "count": 500,
    "avg_ttft_ms": 10400.273787669837,
    "avg_tpot_ms": 10.051831217687724,
    "avg_e2e_ms": 13384.562862090766,
    "p50_ttft_ms": 11894.759817048907,
    "p50_tpot_ms": 10.085793300388879,
    "p50_e2e_ms": 13790.09104706347,
    "p90_ttft_ms": 20805.730659142137,
    "p90_tpot_ms": 11.088121615599354,
    "p90_e2e_ms": 24549.32111352682,
    "p99_ttft_ms": 24778.512301184237,
    "p99_tpot_ms": 11.761020918652571,
    "p99_e2e_ms": 30065.478348806497
  },
  "turn2plus": {
    "count": 1702,
    "avg_ttft_ms": 47.27555385688987,
    "avg_tpot_ms": 10.095498316325312,
    "avg_e2e_ms": 3199.935363955822,
    "p50_ttft_ms": 46.49684205651283,
    "p50_tpot_ms": 10.064896106817034,
    "p50_e2e_ms": 2984.1959569603205,
    "p90_ttft_ms": 58.77393558621407,
    "p90_tpot_ms": 11.084938296851155,
    "p90_e2e_ms": 6005.3622901439685,
    "p99_ttft_ms": 77.69255742430687,
    "p99_tpot_ms": 11.692004985153584,
    "p99_e2e_ms": 9036.744501143694
  },
  "all_turns": {
    "count": 2202,
    "avg_ttft_ms": 2398.092591507423,
    "avg_tpot_ms": 10.085577597747978,
    "avg_e2e_ms": 5512.521081061849,
    "p50_ttft_ms": 48.487650230526924,
    "p50_tpot_ms": 10.066760909582605,
    "p50_e2e_ms": 3405.730191618204,
    "p90_ttft_ms": 12881.42670057714,
    "p90_tpot_ms": 11.08603818674047,
    "p90_e2e_ms": 15874.13160428405,
    "p99_ttft_ms": 23510.28613254427,
    "p99_tpot_ms": 11.720741871558461,
    "p99_e2e_ms": 26780.063682347507
  },
  "throughput": {
    "conversations_per_sec": 2.969901214155139,
    "requests_per_sec": 13.085384749567543,
    "tokens_per_sec": 4040.3724077852175
  },
  "success_rate": {
    "turns": 99.95460735360872,
    "conversations": 99.8
  },
  "counts": {
    "total_conversations": 500,
    "successful_conversations": 499,
    "total_turns": 2203,
    "turn1_count": 500,
    "turn2plus_count": 1703,
    "successful_turns": 2202
  },
  "slo_attainment": {
    "ttft_100ms": 0.9958871915393654,
    "ttft_200ms": 1.0,
    "ttft_500ms": 1.0,
    "tpot_15ms": 0.999409681227863,
    "tpot_30ms": 1.0,
    "e2e_5000ms": 0.8125734430082256,
    "e2e_10000ms": 0.9964747356051704
  }
}