{
  "config": "2P_2D",
  "ppd_enabled": true,
  "qps": 12.0,
  "num_conversations": 500,
  "duration_sec": 156.45012154057622,
  "timestamp": "2026-01-21T20:07:01.569392",
  "turn1": {
    "count": 500,
    "avg_ttft_ms": 40588.97780265659,
    "avg_tpot_ms": 9.860317688899952,
    "avg_e2e_ms": 43527.660262569785,
    "p50_ttft_ms": 41901.89882181585,
    "p50_tpot_ms": 9.933360960431358,
    "p50_e2e_ms": 44398.19394052029,
    "p90_ttft_ms": 78712.3035069555,
    "p90_tpot_ms": 10.549435515646454,
    "p90_e2e_ms": 80644.86837126315,
    "p99_ttft_ms": 87909.9797218293,
    "p99_tpot_ms": 11.18389559909701,
    "p99_e2e_ms": 91284.62109219281
  },
  "turn2plus": {
    "count": 1704,
    "avg_ttft_ms": 46.43745138419206,
    "avg_tpot_ms": 9.914803568955188,
    "avg_e2e_ms": 3130.736082239173,
    "p50_ttft_ms": 46.33976146578789,
    "p50_tpot_ms": 9.946898432714418,
    "p50_e2e_ms": 2946.8119498342276,
    "p90_ttft_ms": 56.896847859025,
    "p90_tpot_ms": 10.608668529635501,
    "p90_e2e_ms": 5907.738705724478,
    "p99_ttft_ms": 66.35891731828451,
    "p99_tpot_ms": 11.115819541737437,
    "p99_e2e_ms": 8914.335558600724
  },
  "all_turns": {
    "count": 2204,
    "avg_ttft_ms": 9243.928456663774,
    "avg_tpot_ms": 9.902436217876105,
    "avg_e2e_ms": 12295.192565980236,
    "p50_ttft_ms": 48.47683757543564,
    "p50_tpot_ms": 9.942501160826179,
    "p50_e2e_ms": 3495.960945263505,
    "p90_ttft_ms": 45568.21311376989,
    "p90_tpot_ms": 10.602428574797655,
    "p90_e2e_ms": 49103.783095255494,
    "p99_ttft_ms": 85002.12331958115,
    "p99_tpot_ms": 11.139814051775598,
    "p99_e2e_ms": 87406.00613210349
  },
  "throughput": {
    "conversations_per_sec": 3.195906753388633,
    "requests_per_sec": 14.087556968937095,
    "tokens_per_sec": 4352.230559459188
  },
  "success_rate": {
    "turns": 100.0,
    "conversations": 100.0
  },
  "counts": {
    "total_conversations": 500,
    "successful_conversations": 500,
    "total_turns": 2204,
    "turn1_count": 500,
    "turn2plus_count": 1704,
    "successful_turns": 2204
  },
  "slo_attainment": {
    "ttft_100ms": 0.9994131455399061,
    "ttft_200ms": 1.0,
    "ttft_500ms": 1.0,
    "tpot_15ms": 0.9994103773584906,
    "tpot_30ms": 1.0,
    "e2e_5000ms": 0.8280516431924883,
    "e2e_10000ms": 0.9982394366197183
  }
}