{
  "config": "2P_2D",
  "ppd_enabled": true,
  "qps": 8.0,
  "num_conversations": 500,
  "duration_sec": 157.99420917779207,
  "timestamp": "2026-01-21T20:04:24.818033",
  "turn1": {
    "count": 500,
    "avg_ttft_ms": 30435.396133631468,
    "avg_tpot_ms": 9.962563404026914,
    "avg_e2e_ms": 33397.60118491948,
    "p50_ttft_ms": 33379.30436991155,
    "p50_tpot_ms": 9.93758236348884,
    "p50_e2e_ms": 34612.460911273956,
    "p90_ttft_ms": 58136.50338426232,
    "p90_tpot_ms": 10.897021875917,
    "p90_e2e_ms": 60176.54530778527,
    "p99_ttft_ms": 66774.5531564951,
    "p99_tpot_ms": 11.370029171991641,
    "p99_e2e_ms": 70387.66563389449
  },
  "turn2plus": {
    "count": 1704,
    "avg_ttft_ms": 47.3204471297702,
    "avg_tpot_ms": 10.019755486140578,
    "avg_e2e_ms": 3161.9726427756423,
    "p50_ttft_ms": 46.896664425730705,
    "p50_tpot_ms": 10.017998605017912,
    "p50_e2e_ms": 2966.1009553819895,
    "p90_ttft_ms": 58.2386314868927,
    "p90_tpot_ms": 10.897092278830321,
    "p90_e2e_ms": 5938.846899569035,
    "p99_ttft_ms": 74.15811382234098,
    "p99_tpot_ms": 11.368529185646237,
    "p99_e2e_ms": 9081.023364663126
  },
  "all_turns": {
    "count": 2204,
    "avg_ttft_ms": 6941.167018477705,
    "avg_tpot_ms": 10.006773874065555,
    "avg_e2e_ms": 10021.235016220251,
    "p50_ttft_ms": 49.193572252988815,
    "p50_tpot_ms": 10.002449952131075,
    "p50_e2e_ms": 3526.566758751869,
    "p90_ttft_ms": 35450.765762105584,
    "p90_tpot_ms": 10.897641298142755,
    "p90_e2e_ms": 38554.673393070705,
    "p99_ttft_ms": 64085.181680396134,
    "p99_tpot_ms": 11.370157472885662,
    "p99_e2e_ms": 66935.02257190635
  },
  "throughput": {
    "conversations_per_sec": 3.164672949736697,
    "requests_per_sec": 13.949878362439362,
    "tokens_per_sec": 4309.695928372731
  },
  "success_rate": {
    "turns": 100.0,
    "conversations": 100.0
  },
  "counts": {
    "total_conversations": 500,
    "successful_conversations": 500,
    "total_turns": 2204,
    "turn1_count": 500,
    "turn2plus_count": 1704,
    "successful_turns": 2204
  },
  "slo_attainment": {
    "ttft_100ms": 0.9982394366197183,
    "ttft_200ms": 1.0,
    "ttft_500ms": 1.0,
    "tpot_15ms": 0.9994103773584906,
    "tpot_30ms": 1.0,
    "e2e_5000ms": 0.829225352112676,
    "e2e_10000ms": 0.9958920187793427
  }
}