{
  "config": "2P_2D",
  "ppd_enabled": true,
  "qps": 2.0,
  "num_conversations": 500,
  "duration_sec": 284.94001046568155,
  "timestamp": "2026-01-21T19:58:57.776199",
  "turn1": {
    "count": 500,
    "avg_ttft_ms": 105.5794293358922,
    "avg_tpot_ms": 9.40136150968605,
    "avg_e2e_ms": 2882.7042287141085,
    "p50_ttft_ms": 101.6102060675621,
    "p50_tpot_ms": 9.389572093492742,
    "p50_e2e_ms": 2712.3423274606466,
    "p90_ttft_ms": 133.43444094061852,
    "p90_tpot_ms": 9.942180526310553,
    "p90_e2e_ms": 5481.9046568125505,
    "p99_ttft_ms": 185.75736101716757,
    "p99_tpot_ms": 10.59448425500956,
    "p99_e2e_ms": 8132.319142855702
  },
  "turn2plus": {
    "count": 1704,
    "avg_ttft_ms": 41.7815156394677,
    "avg_tpot_ms": 9.454014492817121,
    "avg_e2e_ms": 2983.814860593545,
    "p50_ttft_ms": 39.29498791694641,
    "p50_tpot_ms": 9.455092590413713,
    "p50_e2e_ms": 2775.888901203871,
    "p90_ttft_ms": 50.858597829937935,
    "p90_tpot_ms": 10.0224226564813,
    "p90_e2e_ms": 5539.364583045244,
    "p99_ttft_ms": 70.24205349385738,
    "p99_tpot_ms": 10.64909502902289,
    "p99_e2e_ms": 8663.199736960234
  },
  "all_turns": {
    "count": 2204,
    "avg_ttft_ms": 56.25472655063478,
    "avg_tpot_ms": 9.442063177594115,
    "avg_e2e_ms": 2960.876876954834,
    "p50_ttft_ms": 43.26316714286804,
    "p50_tpot_ms": 9.439441965977576,
    "p50_e2e_ms": 2749.842196702957,
    "p90_ttft_ms": 103.8386419415474,
    "p90_tpot_ms": 10.016410149019206,
    "p90_e2e_ms": 5539.364583045244,
    "p99_ttft_ms": 158.74496221542356,
    "p99_tpot_ms": 10.649155945123471,
    "p99_e2e_ms": 8613.29911425705
  },
  "throughput": {
    "conversations_per_sec": 1.7547553226478894,
    "requests_per_sec": 7.7349614622318965,
    "tokens_per_sec": 2389.650364956413
  },
  "success_rate": {
    "turns": 100.0,
    "conversations": 100.0
  },
  "counts": {
    "total_conversations": 500,
    "successful_conversations": 500,
    "total_turns": 2204,
    "turn1_count": 500,
    "turn2plus_count": 1704,
    "successful_turns": 2204
  },
  "slo_attainment": {
    "ttft_100ms": 0.9988262910798122,
    "ttft_200ms": 1.0,
    "ttft_500ms": 1.0,
    "tpot_15ms": 1.0,
    "tpot_30ms": 1.0,
    "e2e_5000ms": 0.8515258215962441,
    "e2e_10000ms": 0.9988262910798122
  }
}