{
  "config": "1R_1P_2pD",
  "ppd_enabled": false,
  "qps": 8.0,
  "num_conversations": 500,
  "duration_sec": 172.26280928775668,
  "timestamp": "2026-01-21T13:10:30.263060",
  "turn1": {
    "count": 500,
    "avg_ttft_ms": 36502.694865211844,
    "avg_tpot_ms": 10.982835040878372,
    "avg_e2e_ms": 39766.99015329033,
    "p50_ttft_ms": 37242.22085624933,
    "p50_tpot_ms": 9.758239180794737,
    "p50_e2e_ms": 40609.16228219867,
    "p90_ttft_ms": 69897.03130833805,
    "p90_tpot_ms": 15.180062021014013,
    "p90_e2e_ms": 72281.38274401426,
    "p99_ttft_ms": 79690.28041500598,
    "p99_tpot_ms": 16.953646029484396,
    "p99_e2e_ms": 84091.47730659693
  },
  "turn2plus": {
    "count": 1704,
    "avg_ttft_ms": 47.876256555231386,
    "avg_tpot_ms": 11.135060649921064,
    "avg_e2e_ms": 3496.465600253096,
    "p50_ttft_ms": 46.28612846136093,
    "p50_tpot_ms": 9.827448451053998,
    "p50_e2e_ms": 3123.276073485613,
    "p90_ttft_ms": 61.012253910303116,
    "p90_tpot_ms": 15.370336874070702,
    "p90_e2e_ms": 6745.448499172926,
    "p99_ttft_ms": 105.45149445533757,
    "p99_tpot_ms": 16.989092833027332,
    "p99_e2e_ms": 11252.731989212338
  },
  "all_turns": {
    "count": 2204,
    "avg_ttft_ms": 8318.025668682412,
    "avg_tpot_ms": 11.10050807321037,
    "avg_e2e_ms": 11724.806016096389,
    "p50_ttft_ms": 48.63227158784866,
    "p50_tpot_ms": 9.810751241232964,
    "p50_e2e_ms": 3781.547922641039,
    "p90_ttft_ms": 43593.0412773043,
    "p90_tpot_ms": 15.342527898353051,
    "p90_e2e_ms": 46919.24942098558,
    "p99_ttft_ms": 76253.77470076084,
    "p99_tpot_ms": 16.95712711148828,
    "p99_e2e_ms": 79574.18667737392
  },
  "throughput": {
    "conversations_per_sec": 2.902541773626681,
    "requests_per_sec": 12.79440413814641,
    "tokens_per_sec": 3952.722022909645
  },
  "success_rate": {
    "turns": 100.0,
    "conversations": 100.0
  },
  "counts": {
    "total_conversations": 500,
    "successful_conversations": 500,
    "total_turns": 2204,
    "turn1_count": 500,
    "turn2plus_count": 1704,
    "successful_turns": 2204
  },
  "slo_attainment": {
    "ttft_100ms": 0.9882629107981221,
    "ttft_200ms": 1.0,
    "ttft_500ms": 1.0,
    "tpot_15ms": 0.8685141509433962,
    "tpot_30ms": 1.0,
    "e2e_5000ms": 0.7828638497652582,
    "e2e_10000ms": 0.9841549295774648
  }
}