{
  "config": "1R_1P_2pD",
  "ppd_enabled": false,
  "qps": 4.0,
  "num_conversations": 500,
  "duration_sec": 179.4292964860797,
  "timestamp": "2026-01-21T13:07:37.657940",
  "turn1": {
    "count": 500,
    "avg_ttft_ms": 16047.428958274424,
    "avg_tpot_ms": 11.165541747586433,
    "avg_e2e_ms": 19340.50208746642,
    "p50_ttft_ms": 15917.342934757471,
    "p50_tpot_ms": 9.728307905394818,
    "p50_e2e_ms": 18951.487781479955,
    "p90_ttft_ms": 32189.710942283273,
    "p90_tpot_ms": 16.42014690004703,
    "p90_e2e_ms": 36208.249543607235,
    "p99_ttft_ms": 37617.223081216216,
    "p99_tpot_ms": 17.83841096141349,
    "p99_e2e_ms": 43902.744587138295
  },
  "turn2plus": {
    "count": 1704,
    "avg_ttft_ms": 48.11112496547156,
    "avg_tpot_ms": 11.265721277439345,
    "avg_e2e_ms": 3547.4033897279155,
    "p50_ttft_ms": 45.959895476698875,
    "p50_tpot_ms": 9.749577679087615,
    "p50_e2e_ms": 3107.657192274928,
    "p90_ttft_ms": 62.414365634322166,
    "p90_tpot_ms": 16.43776001789464,
    "p90_e2e_ms": 6969.8467176407585,
    "p99_ttft_ms": 104.85446710139514,
    "p99_tpot_ms": 18.050083945658557,
    "p99_e2e_ms": 12090.242423675958
  },
  "all_turns": {
    "count": 2204,
    "avg_ttft_ms": 3677.7204337923663,
    "avg_tpot_ms": 11.242982259268537,
    "avg_e2e_ms": 7130.229773062421,
    "p50_ttft_ms": 47.77698032557964,
    "p50_tpot_ms": 9.74407222003801,
    "p50_e2e_ms": 3701.9441071897745,
    "p90_ttft_ms": 19603.330266103163,
    "p90_tpot_ms": 16.43582260663241,
    "p90_e2e_ms": 23417.528443411007,
    "p99_ttft_ms": 34482.83734336495,
    "p99_tpot_ms": 18.00862139725474,
    "p99_e2e_ms": 39168.795222081244
  },
  "throughput": {
    "conversations_per_sec": 2.7866129433260665,
    "requests_per_sec": 12.283389854181301,
    "tokens_per_sec": 3794.8485188026443
  },
  "success_rate": {
    "turns": 100.0,
    "conversations": 100.0
  },
  "counts": {
    "total_conversations": 500,
    "successful_conversations": 500,
    "total_turns": 2204,
    "turn1_count": 500,
    "turn2plus_count": 1704,
    "successful_turns": 2204
  },
  "slo_attainment": {
    "ttft_100ms": 0.988849765258216,
    "ttft_200ms": 1.0,
    "ttft_500ms": 1.0,
    "tpot_15ms": 0.8178066037735849,
    "tpot_30ms": 1.0,
    "e2e_5000ms": 0.784037558685446,
    "e2e_10000ms": 0.9730046948356808
  }
}