{
  "config": "1R_1P_2D",
  "ppd_enabled": false,
  "qps": 8.0,
  "num_conversations": 500,
  "duration_sec": 179.564032651484,
  "timestamp": "2026-01-21T12:35:40.023950",
  "turn1": {
    "count": 500,
    "avg_ttft_ms": 37852.16585365683,
    "avg_tpot_ms": 11.3282114851289,
    "avg_e2e_ms": 41236.826551258564,
    "p50_ttft_ms": 38852.9687281698,
    "p50_tpot_ms": 10.18112829393025,
    "p50_e2e_ms": 42308.61908569932,
    "p90_ttft_ms": 71726.38897150755,
    "p90_tpot_ms": 14.934958673201622,
    "p90_e2e_ms": 74464.4599016756,
    "p99_ttft_ms": 85873.6977410689,
    "p99_tpot_ms": 19.216728920102653,
    "p99_e2e_ms": 91784.14762735367
  },
  "turn2plus": {
    "count": 1704,
    "avg_ttft_ms": 110.5502525108381,
    "avg_tpot_ms": 11.402219053350867,
    "avg_e2e_ms": 3654.056096281157,
    "p50_ttft_ms": 106.72305896878242,
    "p50_tpot_ms": 10.242327022081167,
    "p50_e2e_ms": 3290.355095639825,
    "p90_ttft_ms": 182.47683085501197,
    "p90_tpot_ms": 14.576488263165736,
    "p90_e2e_ms": 6995.780394598843,
    "p99_ttft_ms": 308.74503597617155,
    "p99_tpot_ms": 19.399032733740402,
    "p99_e2e_ms": 11882.806230224678
  },
  "all_turns": {
    "count": 2204,
    "avg_ttft_ms": 8672.622757308023,
    "avg_tpot_ms": 11.385420617172864,
    "avg_e2e_ms": 12180.092950858609,
    "p50_ttft_ms": 118.14552173018456,
    "p50_tpot_ms": 10.22741548708101,
    "p50_e2e_ms": 3983.8096257299185,
    "p90_ttft_ms": 44058.396648243084,
    "p90_tpot_ms": 14.712076442172895,
    "p90_e2e_ms": 48212.251268699765,
    "p99_ttft_ms": 81412.29115702207,
    "p99_tpot_ms": 19.34730336995037,
    "p99_e2e_ms": 84947.68234174684
  },
  "throughput": {
    "conversations_per_sec": 2.7845220037492164,
    "requests_per_sec": 12.274172992526546,
    "tokens_per_sec": 3792.0010480137357
  },
  "success_rate": {
    "turns": 100.0,
    "conversations": 100.0
  },
  "counts": {
    "total_conversations": 500,
    "successful_conversations": 500,
    "total_turns": 2204,
    "turn1_count": 500,
    "turn2plus_count": 1704,
    "successful_turns": 2204
  },
  "slo_attainment": {
    "ttft_100ms": 0.43485915492957744,
    "ttft_200ms": 0.9313380281690141,
    "ttft_500ms": 1.0,
    "tpot_15ms": 0.9186320754716981,
    "tpot_30ms": 1.0,
    "e2e_5000ms": 0.7658450704225352,
    "e2e_10000ms": 0.971244131455399
  }
}