{
  "config": "1P_2D_1pD",
  "ppd_enabled": false,
  "qps": 8.0,
  "num_conversations": 500,
  "duration_sec": 160.50390265136957,
  "timestamp": "2026-01-21T07:28:45.012033",
  "turn1": {
    "count": 500,
    "avg_ttft_ms": 31639.278367213905,
    "avg_tpot_ms": 9.894834684598118,
    "avg_e2e_ms": 34569.211325369775,
    "p50_ttft_ms": 33724.16785173118,
    "p50_tpot_ms": 9.897761159039678,
    "p50_e2e_ms": 35928.48055437207,
    "p90_ttft_ms": 60739.49033841491,
    "p90_tpot_ms": 10.550894491226957,
    "p90_e2e_ms": 62324.675438553095,
    "p99_ttft_ms": 68862.08188846707,
    "p99_tpot_ms": 11.054529834006514,
    "p99_e2e_ms": 72328.78331776708
  },
  "turn2plus": {
    "count": 1704,
    "avg_ttft_ms": 114.64151915844897,
    "avg_tpot_ms": 9.98416979738163,
    "avg_e2e_ms": 3213.2171984595802,
    "p50_ttft_ms": 111.2165916711092,
    "p50_tpot_ms": 9.989139011296832,
    "p50_e2e_ms": 2994.1895361989737,
    "p90_ttft_ms": 198.6690767109394,
    "p90_tpot_ms": 10.554814698919047,
    "p90_e2e_ms": 5902.610889077187,
    "p99_ttft_ms": 312.4497248232365,
    "p99_tpot_ms": 10.891632839013331,
    "p99_e2e_ms": 8828.782392740251
  },
  "all_turns": {
    "count": 2204,
    "avg_ttft_ms": 7266.32864439789,
    "avg_tpot_ms": 9.963892274060667,
    "avg_e2e_ms": 10326.645993130676,
    "p50_ttft_ms": 123.07391874492168,
    "p50_tpot_ms": 9.972839482296049,
    "p50_e2e_ms": 3554.9298152327538,
    "p90_ttft_ms": 36619.79349106552,
    "p90_tpot_ms": 10.553338910779091,
    "p90_e2e_ms": 40126.34990699589,
    "p99_ttft_ms": 66557.9219705984,
    "p99_tpot_ms": 10.922034363417577,
    "p99_e2e_ms": 68731.2283671647
  },
  "throughput": {
    "conversations_per_sec": 3.1151890498641,
    "requests_per_sec": 13.731753331800954,
    "tokens_per_sec": 4242.3080607516295
  },
  "success_rate": {
    "turns": 100.0,
    "conversations": 100.0
  },
  "counts": {
    "total_conversations": 500,
    "successful_conversations": 500,
    "total_turns": 2204,
    "turn1_count": 500,
    "turn2plus_count": 1704,
    "successful_turns": 2204
  },
  "slo_attainment": {
    "ttft_100ms": 0.3890845070422535,
    "ttft_200ms": 0.903755868544601,
    "ttft_500ms": 1.0,
    "tpot_15ms": 1.0,
    "tpot_30ms": 1.0,
    "e2e_5000ms": 0.8163145539906104,
    "e2e_10000ms": 0.9964788732394366
  }
}