{
  "config": "1P_2D_1pD",
  "ppd_enabled": false,
  "qps": 12.0,
  "num_conversations": 500,
  "duration_sec": 160.1090850830078,
  "timestamp": "2026-01-21T07:31:25.470568",
  "turn1": {
    "count": 500,
    "avg_ttft_ms": 42770.481243819,
    "avg_tpot_ms": 9.92374528054108,
    "avg_e2e_ms": 45722.874413482845,
    "p50_ttft_ms": 44343.77798065543,
    "p50_tpot_ms": 9.94112145404743,
    "p50_e2e_ms": 46655.12022934854,
    "p90_ttft_ms": 82308.76757986844,
    "p90_tpot_ms": 10.549728451365914,
    "p90_e2e_ms": 84090.15185721219,
    "p99_ttft_ms": 91929.24973979592,
    "p99_tpot_ms": 11.070879905795055,
    "p99_e2e_ms": 94946.7808646336
  },
  "turn2plus": {
    "count": 1704,
    "avg_ttft_ms": 118.23665900287074,
    "avg_tpot_ms": 10.025891343832555,
    "avg_e2e_ms": 3228.2204401062827,
    "p50_ttft_ms": 112.57866211235523,
    "p50_tpot_ms": 10.052760348965725,
    "p50_e2e_ms": 3015.4730025678873,
    "p90_ttft_ms": 214.4391406327486,
    "p90_tpot_ms": 10.604957406726193,
    "p90_e2e_ms": 5942.6510494202375,
    "p99_ttft_ms": 322.3863981664182,
    "p99_tpot_ms": 11.071507737946671,
    "p99_e2e_ms": 8911.998450681569
  },
  "all_turns": {
    "count": 2204,
    "avg_ttft_ms": 9794.335702745186,
    "avg_tpot_ms": 10.002705956631482,
    "avg_e2e_ms": 12868.568437696247,
    "p50_ttft_ms": 126.40119530260563,
    "p50_tpot_ms": 10.022625912081978,
    "p50_e2e_ms": 3612.747771665454,
    "p90_ttft_ms": 47842.08400025965,
    "p90_tpot_ms": 10.594212282352498,
    "p90_e2e_ms": 51415.88651165367,
    "p99_ttft_ms": 89202.15129330753,
    "p99_tpot_ms": 11.071594162466559,
    "p99_e2e_ms": 90864.61255669592
  },
  "throughput": {
    "conversations_per_sec": 3.1228708835652723,
    "requests_per_sec": 13.765614854755722,
    "tokens_per_sec": 4252.769289431558
  },
  "success_rate": {
    "turns": 100.0,
    "conversations": 100.0
  },
  "counts": {
    "total_conversations": 500,
    "successful_conversations": 500,
    "total_turns": 2204,
    "turn1_count": 500,
    "turn2plus_count": 1704,
    "successful_turns": 2204
  },
  "slo_attainment": {
    "ttft_100ms": 0.3785211267605634,
    "ttft_200ms": 0.8796948356807511,
    "ttft_500ms": 1.0,
    "tpot_15ms": 1.0,
    "tpot_30ms": 1.0,
    "e2e_5000ms": 0.8133802816901409,
    "e2e_10000ms": 0.9964788732394366
  }
}