{
  "config": "1P_2D_1pD",
  "ppd_enabled": false,
  "qps": 2.0,
  "num_conversations": 500,
  "duration_sec": 283.8938459865749,
  "timestamp": "2026-01-21T07:23:17.131747",
  "turn1": {
    "count": 500,
    "avg_ttft_ms": 160.0210948213935,
    "avg_tpot_ms": 8.995291127148542,
    "avg_e2e_ms": 2807.1352266967297,
    "p50_ttft_ms": 96.57071903347969,
    "p50_tpot_ms": 8.991106050065415,
    "p50_e2e_ms": 2638.969462364912,
    "p90_ttft_ms": 164.82887044548988,
    "p90_tpot_ms": 9.547257579667988,
    "p90_e2e_ms": 5259.412901476026,
    "p99_ttft_ms": 2435.074692256744,
    "p99_tpot_ms": 10.273585878312586,
    "p99_e2e_ms": 7956.68520249426
  },
  "turn2plus": {
    "count": 1701,
    "avg_ttft_ms": 94.63615050163779,
    "avg_tpot_ms": 9.070117797122993,
    "avg_e2e_ms": 2914.7221601794286,
    "p50_ttft_ms": 96.91345691680908,
    "p50_tpot_ms": 9.069972857832909,
    "p50_e2e_ms": 2707.011714577675,
    "p90_ttft_ms": 154.49392795562744,
    "p90_tpot_ms": 9.64595027977512,
    "p90_e2e_ms": 5437.988612800837,
    "p99_ttft_ms": 242.67759919166565,
    "p99_tpot_ms": 10.207879317824586,
    "p99_e2e_ms": 8118.995428085327
  },
  "all_turns": {
    "count": 2201,
    "avg_ttft_ms": 109.48961354565317,
    "avg_tpot_ms": 9.053110183409038,
    "avg_e2e_ms": 2890.2816936908553,
    "p50_ttft_ms": 96.72929346561432,
    "p50_tpot_ms": 9.04954228525525,
    "p50_e2e_ms": 2687.2673518955708,
    "p90_ttft_ms": 156.08397126197815,
    "p90_tpot_ms": 9.617364985746134,
    "p90_e2e_ms": 5380.356207489967,
    "p99_ttft_ms": 261.77723705768585,
    "p99_tpot_ms": 10.209314636778334,
    "p99_e2e_ms": 8118.995428085327
  },
  "throughput": {
    "conversations_per_sec": 1.761221692785988,
    "requests_per_sec": 7.756420335029492,
    "tokens_per_sec": 2397.7272125588443
  },
  "success_rate": {
    "turns": 99.9545867393279,
    "conversations": 99.8
  },
  "counts": {
    "total_conversations": 500,
    "successful_conversations": 499,
    "total_turns": 2202,
    "turn1_count": 500,
    "turn2plus_count": 1702,
    "successful_turns": 2201
  },
  "slo_attainment": {
    "ttft_100ms": 0.5455614344503233,
    "ttft_200ms": 0.9647266313932981,
    "ttft_500ms": 1.0,
    "tpot_15ms": 1.0,
    "tpot_30ms": 1.0,
    "e2e_5000ms": 0.8712522045855379,
    "e2e_10000ms": 0.9988242210464433
  }
}