{
  "config": "1P_3D",
  "ppd_enabled": false,
  "qps": 4.0,
  "num_conversations": 500,
  "duration_sec": 178.57877957820892,
  "timestamp": "2026-01-21T07:10:21.225178",
  "turn1": {
    "count": 500,
    "avg_ttft_ms": 1040.9606165066361,
    "avg_tpot_ms": 9.850357708787769,
    "avg_e2e_ms": 3718.048731058836,
    "p50_ttft_ms": 286.73203848302364,
    "p50_tpot_ms": 9.917663752776448,
    "p50_e2e_ms": 3122.086025774479,
    "p90_ttft_ms": 3322.718362882734,
    "p90_tpot_ms": 10.468207311278544,
    "p90_e2e_ms": 8089.421576634049,
    "p99_ttft_ms": 4214.043736867606,
    "p99_tpot_ms": 11.241088381649314,
    "p99_e2e_ms": 14187.228169739245
  },
  "turn2plus": {
    "count": 1556,
    "avg_ttft_ms": 188.17777872554825,
    "avg_tpot_ms": 9.902968517688997,
    "avg_e2e_ms": 2887.655614331786,
    "p50_ttft_ms": 158.93766283988953,
    "p50_tpot_ms": 9.99576229538027,
    "p50_e2e_ms": 1943.1339167058468,
    "p90_ttft_ms": 324.9829541891813,
    "p90_tpot_ms": 10.498862554888472,
    "p90_e2e_ms": 6760.083992034197,
    "p99_ttft_ms": 530.3478980436921,
    "p99_tpot_ms": 11.014071673154831,
    "p99_e2e_ms": 11136.490890011193
  },
  "all_turns": {
    "count": 2056,
    "avg_ttft_ms": 395.56660114312797,
    "avg_tpot_ms": 9.890233055895434,
    "avg_e2e_ms": 3089.599465675913,
    "p50_ttft_ms": 168.0065616965294,
    "p50_tpot_ms": 9.981537784981189,
    "p50_e2e_ms": 2209.1937009245157,
    "p90_ttft_ms": 556.0041181743145,
    "p90_tpot_ms": 10.497742229255177,
    "p90_e2e_ms": 7024.965964257717,
    "p99_ttft_ms": 3754.6928999945526,
    "p99_tpot_ms": 11.141099832952023,
    "p99_e2e_ms": 11894.734631665053
  },
  "throughput": {
    "conversations_per_sec": 2.799884740958396,
    "requests_per_sec": 11.513126054820924,
    "tokens_per_sec": 3160.2131078112957
  },
  "success_rate": {
    "turns": 100.0,
    "conversations": 100.0
  },
  "counts": {
    "total_conversations": 500,
    "successful_conversations": 500,
    "total_turns": 2056,
    "turn1_count": 500,
    "turn2plus_count": 1556,
    "successful_turns": 2056
  },
  "slo_attainment": {
    "ttft_100ms": 0.12017994858611825,
    "ttft_200ms": 0.6850899742930592,
    "ttft_500ms": 0.9852185089974294,
    "tpot_15ms": 1.0,
    "tpot_30ms": 1.0,
    "e2e_5000ms": 0.8239074550128535,
    "e2e_10000ms": 0.9781491002570694
  }
}