{
  "config": "1P_3D",
  "ppd_enabled": false,
  "qps": 12.0,
  "num_conversations": 500,
  "duration_sec": 162.16589679196477,
  "timestamp": "2026-01-21T07:15:47.066054",
  "turn1": {
    "count": 500,
    "avg_ttft_ms": 30635.53676021099,
    "avg_tpot_ms": 10.072292862199426,
    "avg_e2e_ms": 33519.3531184569,
    "p50_ttft_ms": 29004.55024652183,
    "p50_tpot_ms": 10.069929496526695,
    "p50_e2e_ms": 32289.47861865163,
    "p90_ttft_ms": 63447.35889881851,
    "p90_tpot_ms": 10.715116214984294,
    "p90_e2e_ms": 65446.95781841874,
    "p99_ttft_ms": 70457.41596162319,
    "p99_tpot_ms": 11.59161105086761,
    "p99_e2e_ms": 74325.2673544362
  },
  "turn2plus": {
    "count": 1556,
    "avg_ttft_ms": 260.1083001423541,
    "avg_tpot_ms": 10.136182900134866,
    "avg_e2e_ms": 3016.185507089723,
    "p50_ttft_ms": 184.80253778398037,
    "p50_tpot_ms": 10.14052466192144,
    "p50_e2e_ms": 2057.5863756239414,
    "p90_ttft_ms": 377.81159207224846,
    "p90_tpot_ms": 10.744066936261834,
    "p90_e2e_ms": 6831.940928474069,
    "p99_ttft_ms": 676.1389033868918,
    "p99_tpot_ms": 11.261096482701374,
    "p99_e2e_ms": 11414.13151733578
  },
  "all_turns": {
    "count": 2056,
    "avg_ttft_ms": 7647.128840042315,
    "avg_tpot_ms": 10.12071708324078,
    "avg_e2e_ms": 10434.27101569069,
    "p50_ttft_ms": 230.8370340615511,
    "p50_tpot_ms": 10.12787786636123,
    "p50_e2e_ms": 3022.566329687834,
    "p90_ttft_ms": 36700.607407838106,
    "p90_tpot_ms": 10.73168772817854,
    "p90_e2e_ms": 40357.21316933632,
    "p99_ttft_ms": 67910.08034721017,
    "p99_tpot_ms": 11.28817598025004,
    "p99_e2e_ms": 70972.22234662622
  },
  "throughput": {
    "conversations_per_sec": 3.0832623251325595,
    "requests_per_sec": 12.678374680945085,
    "tokens_per_sec": 3480.0596868031694
  },
  "success_rate": {
    "turns": 100.0,
    "conversations": 100.0
  },
  "counts": {
    "total_conversations": 500,
    "successful_conversations": 500,
    "total_turns": 2056,
    "turn1_count": 500,
    "turn2plus_count": 1556,
    "successful_turns": 2056
  },
  "slo_attainment": {
    "ttft_100ms": 0.05334190231362468,
    "ttft_200ms": 0.544344473007712,
    "ttft_500ms": 0.9601542416452442,
    "tpot_15ms": 0.9993560849967804,
    "tpot_30ms": 1.0,
    "e2e_5000ms": 0.8142673521850899,
    "e2e_10000ms": 0.9755784061696658
  }
}