{
  "config": "2R_1P_1D",
  "ppd_enabled": false,
  "qps": 4.0,
  "num_conversations": 500,
  "duration_sec": 198.68358846381307,
  "timestamp": "2026-01-21T15:23:07.618826",
  "turn1": {
    "count": 500,
    "avg_ttft_ms": 2679.008539631963,
    "avg_tpot_ms": 11.378139372724009,
    "avg_e2e_ms": 5753.903654187918,
    "p50_ttft_ms": 2336.312372237444,
    "p50_tpot_ms": 9.87237816299697,
    "p50_e2e_ms": 5529.923258349299,
    "p90_ttft_ms": 6270.088003203273,
    "p90_tpot_ms": 16.371969169435594,
    "p90_e2e_ms": 11667.513114959003,
    "p99_ttft_ms": 7218.570962063967,
    "p99_tpot_ms": 19.185242990561203,
    "p99_e2e_ms": 17584.502012506127
  },
  "turn2plus": {
    "count": 1553,
    "avg_ttft_ms": 79.86912205671389,
    "avg_tpot_ms": 11.675520406705818,
    "avg_e2e_ms": 3230.705030413593,
    "p50_ttft_ms": 54.98621612787247,
    "p50_tpot_ms": 9.937099537263947,
    "p50_e2e_ms": 2106.783766299486,
    "p90_ttft_ms": 135.90184077620506,
    "p90_tpot_ms": 16.484394004387248,
    "p90_e2e_ms": 7777.261161059141,
    "p99_ttft_ms": 196.52807012200358,
    "p99_tpot_ms": 18.818132652891705,
    "p99_e2e_ms": 13746.673759371042
  },
  "all_turns": {
    "count": 2053,
    "avg_ttft_ms": 712.8792091427463,
    "avg_tpot_ms": 11.60342803483144,
    "avg_e2e_ms": 3845.2200386391955,
    "p50_ttft_ms": 61.45507097244263,
    "p50_tpot_ms": 9.92086518035423,
    "p50_e2e_ms": 2664.295118302107,
    "p90_ttft_ms": 3536.710987985132,
    "p90_tpot_ms": 16.421980056746285,
    "p90_e2e_ms": 8679.780377447605,
    "p99_ttft_ms": 6773.74948874116,
    "p99_tpot_ms": 19.039244801122415,
    "p99_e2e_ms": 15482.339234948162
  },
  "throughput": {
    "conversations_per_sec": 2.51656417052819,
    "requests_per_sec": 10.338045612529804,
    "tokens_per_sec": 2833.3995995976893
  },
  "success_rate": {
    "turns": 99.95131450827654,
    "conversations": 99.8
  },
  "counts": {
    "total_conversations": 500,
    "successful_conversations": 499,
    "total_turns": 2054,
    "turn1_count": 500,
    "turn2plus_count": 1554,
    "successful_turns": 2053
  },
  "slo_attainment": {
    "ttft_100ms": 0.7598197037990985,
    "ttft_200ms": 0.9922730199613651,
    "ttft_500ms": 0.9987121699935608,
    "tpot_15ms": 0.8006451612903226,
    "tpot_30ms": 0.9993548387096775,
    "e2e_5000ms": 0.7772054088860271,
    "e2e_10000ms": 0.9600772698003863
  }
}