{
  "config": "2R_1P_1D",
  "ppd_enabled": false,
  "qps": 2.0,
  "num_conversations": 500,
  "duration_sec": 292.4805916659534,
  "timestamp": "2026-01-21T15:19:48.499322",
  "turn1": {
    "count": 500,
    "avg_ttft_ms": 55.82064590603113,
    "avg_tpot_ms": 9.771457651972414,
    "avg_e2e_ms": 2705.109843187034,
    "p50_ttft_ms": 38.963787257671356,
    "p50_tpot_ms": 9.115031578187487,
    "p50_e2e_ms": 1801.3723716139793,
    "p90_ttft_ms": 94.71649527549744,
    "p90_tpot_ms": 12.414331801044636,
    "p90_e2e_ms": 6748.661937564611,
    "p99_ttft_ms": 160.327645689249,
    "p99_tpot_ms": 13.830771139173802,
    "p99_e2e_ms": 11831.743428073822
  },
  "turn2plus": {
    "count": 1554,
    "avg_ttft_ms": 63.73862434835431,
    "avg_tpot_ms": 9.959458207661369,
    "avg_e2e_ms": 2760.4398275731537,
    "p50_ttft_ms": 45.72747088968754,
    "p50_tpot_ms": 9.252170632992472,
    "p50_e2e_ms": 1805.917987599969,
    "p90_ttft_ms": 114.83053900301458,
    "p90_tpot_ms": 12.509559794348114,
    "p90_e2e_ms": 6705.794291943312,
    "p99_ttft_ms": 185.20771253854042,
    "p99_tpot_ms": 13.62262216529676,
    "p99_e2e_ms": 10779.206698536882
  },
  "all_turns": {
    "count": 2054,
    "avg_ttft_ms": 61.811170978752756,
    "avg_tpot_ms": 9.913904580098242,
    "avg_e2e_ms": 2746.9709900887037,
    "p50_ttft_ms": 44.726600870490074,
    "p50_tpot_ms": 9.218301355756221,
    "p50_e2e_ms": 1805.1640335470438,
    "p90_ttft_ms": 108.42248164117336,
    "p90_tpot_ms": 12.484653680312015,
    "p90_e2e_ms": 6726.408502459526,
    "p99_ttft_ms": 180.3820193186403,
    "p99_tpot_ms": 13.680004427830376,
    "p99_e2e_ms": 11318.462715819482
  },
  "throughput": {
    "conversations_per_sec": 1.7095151413364813,
    "requests_per_sec": 7.026107230892938,
    "tokens_per_sec": 1921.9223976475391
  },
  "success_rate": {
    "turns": 99.95133819951339,
    "conversations": 99.8
  },
  "counts": {
    "total_conversations": 500,
    "successful_conversations": 499,
    "total_turns": 2055,
    "turn1_count": 500,
    "turn2plus_count": 1555,
    "successful_turns": 2054
  },
  "slo_attainment": {
    "ttft_100ms": 0.842985842985843,
    "ttft_200ms": 0.9954954954954955,
    "ttft_500ms": 1.0,
    "tpot_15ms": 0.996776273372018,
    "tpot_30ms": 1.0,
    "e2e_5000ms": 0.8288288288288288,
    "e2e_10000ms": 0.9826254826254827
  }
}