{
  "config": "2P_2D",
  "ppd_enabled": true,
  "qps": 12.0,
  "num_conversations": 500,
  "duration_sec": 156.3435803949833,
  "timestamp": "2026-01-21T21:31:38.195754",
  "turn1": {
    "count": 500,
    "avg_ttft_ms": 28002.990921989083,
    "avg_tpot_ms": 10.520440454546529,
    "avg_e2e_ms": 30983.387739494443,
    "p50_ttft_ms": 26397.587317973375,
    "p50_tpot_ms": 10.612898182893066,
    "p50_e2e_ms": 29982.898766174912,
    "p90_ttft_ms": 59668.07231009007,
    "p90_tpot_ms": 11.344208873575067,
    "p90_e2e_ms": 62099.714452028275,
    "p99_ttft_ms": 66967.32977580279,
    "p99_tpot_ms": 12.010008407135807,
    "p99_e2e_ms": 70634.29551716892
  },
  "turn2plus": {
    "count": 1556,
    "avg_ttft_ms": 197.63533131801225,
    "avg_tpot_ms": 10.561924926555559,
    "avg_e2e_ms": 3062.5478992080625,
    "p50_ttft_ms": 50.00496469438076,
    "p50_tpot_ms": 10.69825590282929,
    "p50_e2e_ms": 1973.4368082135916,
    "p90_ttft_ms": 65.37969037890434,
    "p90_tpot_ms": 11.307970999324521,
    "p90_e2e_ms": 7061.396608129144,
    "p99_ttft_ms": 95.4415062442423,
    "p99_tpot_ms": 12.070627557113767,
    "p99_e2e_ms": 12520.048261806416
  },
  "all_turns": {
    "count": 2056,
    "avg_ttft_ms": 6959.638150060977,
    "avg_tpot_ms": 10.551882809368406,
    "avg_e2e_ms": 9852.635409005334,
    "p50_ttft_ms": 52.64529958367348,
    "p50_tpot_ms": 10.665161835570489,
    "p50_e2e_ms": 2961.6538360714912,
    "p90_ttft_ms": 33786.13271377981,
    "p90_tpot_ms": 11.315175181126778,
    "p90_e2e_ms": 37251.731898635626,
    "p99_ttft_ms": 64572.85140138122,
    "p99_tpot_ms": 12.070711019138495,
    "p99_e2e_ms": 67717.53351185472
  },
  "throughput": {
    "conversations_per_sec": 3.1980846206592557,
    "requests_per_sec": 13.15052396015086,
    "tokens_per_sec": 3609.658922830378
  },
  "success_rate": {
    "turns": 100.0,
    "conversations": 100.0
  },
  "counts": {
    "total_conversations": 500,
    "successful_conversations": 500,
    "total_turns": 2056,
    "turn1_count": 500,
    "turn2plus_count": 1556,
    "successful_turns": 2056
  },
  "slo_attainment": {
    "ttft_100ms": 0.9910025706940874,
    "ttft_200ms": 0.9955012853470437,
    "ttft_500ms": 0.9955012853470437,
    "tpot_15ms": 0.9993560849967804,
    "tpot_30ms": 1.0,
    "e2e_5000ms": 0.8136246786632391,
    "e2e_10000ms": 0.9697943444730077
  }
}