{
  "config": "2P_2D",
  "ppd_enabled": true,
  "qps": 4.0,
  "num_conversations": 500,
  "duration_sec": 179.0387253165245,
  "timestamp": "2026-01-21T21:26:22.253171",
  "turn1": {
    "count": 500,
    "avg_ttft_ms": 652.9946533814073,
    "avg_tpot_ms": 10.213353492255951,
    "avg_e2e_ms": 3422.5014734864235,
    "p50_ttft_ms": 47.20011167228222,
    "p50_tpot_ms": 10.26577343903714,
    "p50_e2e_ms": 2757.826242595911,
    "p90_ttft_ms": 2661.8454050272703,
    "p90_tpot_ms": 11.154111838652067,
    "p90_e2e_ms": 7683.367154002193,
    "p99_ttft_ms": 3241.1514301970587,
    "p99_tpot_ms": 12.105719053319524,
    "p99_e2e_ms": 13151.187274008988
  },
  "turn2plus": {
    "count": 1556,
    "avg_ttft_ms": 48.80435404231279,
    "avg_tpot_ms": 10.290450783890789,
    "avg_e2e_ms": 2853.3644496887005,
    "p50_ttft_ms": 47.68039472401142,
    "p50_tpot_ms": 10.395366177217138,
    "p50_e2e_ms": 1899.4406331330538,
    "p90_ttft_ms": 63.39866667985916,
    "p90_tpot_ms": 11.124074459075928,
    "p90_e2e_ms": 6861.531835049391,
    "p99_ttft_ms": 88.83737679570915,
    "p99_tpot_ms": 11.577504095104006,
    "p99_e2e_ms": 11243.822449073197
  },
  "all_turns": {
    "count": 2056,
    "avg_ttft_ms": 195.73779259754005,
    "avg_tpot_ms": 10.271787896311052,
    "avg_e2e_ms": 2991.77325897803,
    "p50_ttft_ms": 47.65016213059425,
    "p50_tpot_ms": 10.368763875793404,
    "p50_e2e_ms": 2078.8201931864023,
    "p90_ttft_ms": 78.94312590360641,
    "p90_tpot_ms": 11.128748312099454,
    "p90_e2e_ms": 7097.572315484285,
    "p99_ttft_ms": 2995.4873863607645,
    "p99_tpot_ms": 11.680105378244665,
    "p99_e2e_ms": 11961.117870733166
  },
  "throughput": {
    "conversations_per_sec": 2.7926919112948587,
    "requests_per_sec": 11.483549139244458,
    "tokens_per_sec": 3152.094604127039
  },
  "success_rate": {
    "turns": 100.0,
    "conversations": 100.0
  },
  "counts": {
    "total_conversations": 500,
    "successful_conversations": 500,
    "total_turns": 2056,
    "turn1_count": 500,
    "turn2plus_count": 1556,
    "successful_turns": 2056
  },
  "slo_attainment": {
    "ttft_100ms": 0.9948586118251928,
    "ttft_200ms": 1.0,
    "ttft_500ms": 1.0,
    "tpot_15ms": 0.9987121699935608,
    "tpot_30ms": 1.0,
    "e2e_5000ms": 0.8213367609254498,
    "e2e_10000ms": 0.9768637532133676
  }
}