{
  "config": "2P_2D",
  "ppd_enabled": true,
  "qps": 8.0,
  "num_conversations": 500,
  "duration_sec": 158.57301905751228,
  "timestamp": "2026-01-21T21:29:01.274174",
  "turn1": {
    "count": 500,
    "avg_ttft_ms": 18870.62796459347,
    "avg_tpot_ms": 10.318877929785147,
    "avg_e2e_ms": 21753.81589460373,
    "p50_ttft_ms": 17992.2738596797,
    "p50_tpot_ms": 10.390040174461014,
    "p50_e2e_ms": 21383.97110439837,
    "p90_ttft_ms": 41127.3273922503,
    "p90_tpot_ms": 11.197899809985113,
    "p90_e2e_ms": 43527.50622183085,
    "p99_ttft_ms": 44498.410389348865,
    "p99_tpot_ms": 12.189963625537032,
    "p99_e2e_ms": 51510.40680292994
  },
  "turn2plus": {
    "count": 1556,
    "avg_ttft_ms": 50.58667240879836,
    "avg_tpot_ms": 10.397069389875803,
    "avg_e2e_ms": 2885.078658507826,
    "p50_ttft_ms": 49.040982499718666,
    "p50_tpot_ms": 10.455035759382937,
    "p50_e2e_ms": 1889.3770184367895,
    "p90_ttft_ms": 63.951000571250916,
    "p90_tpot_ms": 11.208146257672501,
    "p90_e2e_ms": 6876.730285584927,
    "p99_ttft_ms": 93.64738259464502,
    "p99_tpot_ms": 12.108431621031327,
    "p99_e2e_ms": 11335.124885849658
  },
  "all_turns": {
    "count": 2056,
    "avg_ttft_ms": 4627.44496330974,
    "avg_tpot_ms": 10.378141637701589,
    "avg_e2e_ms": 7473.779348219864,
    "p50_ttft_ms": 51.79986357688904,
    "p50_tpot_ms": 10.444787712324233,
    "p50_e2e_ms": 2841.5631242096424,
    "p90_ttft_ms": 23659.12175923586,
    "p90_tpot_ms": 11.206249314457622,
    "p90_e2e_ms": 26843.023415654898,
    "p99_ttft_ms": 43175.96718389542,
    "p99_tpot_ms": 12.1162030832334,
    "p99_e2e_ms": 46731.342550180896
  },
  "throughput": {
    "conversations_per_sec": 3.153121527052826,
    "requests_per_sec": 12.96563571924122,
    "tokens_per_sec": 3558.909348855362
  },
  "success_rate": {
    "turns": 100.0,
    "conversations": 100.0
  },
  "counts": {
    "total_conversations": 500,
    "successful_conversations": 500,
    "total_turns": 2056,
    "turn1_count": 500,
    "turn2plus_count": 1556,
    "successful_turns": 2056
  },
  "slo_attainment": {
    "ttft_100ms": 0.9967866323907455,
    "ttft_200ms": 1.0,
    "ttft_500ms": 1.0,
    "tpot_15ms": 0.9993560849967804,
    "tpot_30ms": 1.0,
    "e2e_5000ms": 0.820694087403599,
    "e2e_10000ms": 0.9730077120822622
  }
}