{
  "config": "2P_2pD",
  "workload": "large_mid_paste",
  "qps": 1,
  "turn1": {
    "count": 10,
    "avg_ttft_ms": 123.707215487957,
    "avg_tpot_ms": 8.419800758769668,
    "avg_e2e_ms": 8737.163391709328,
    "p50_ttft_ms": 124.79713000357151,
    "p50_tpot_ms": 8.502359872543684,
    "p50_e2e_ms": 8825.729634612799,
    "p99_ttft_ms": 138.19785591214895,
    "p99_tpot_ms": 8.575205731616226,
    "p99_e2e_ms": 8891.84082325548
  },
  "turn2": {
    "count": 10,
    "avg_ttft_ms": 98.547787591815,
    "avg_tpot_ms": 8.592738021933844,
    "avg_e2e_ms": 639.8902829736471,
    "p50_ttft_ms": 73.42100702226162,
    "p50_tpot_ms": 8.701936001815493,
    "p50_e2e_ms": 643.4784810990095,
    "p99_ttft_ms": 151.41802169382572,
    "p99_tpot_ms": 9.267713677670274,
    "p99_e2e_ms": 697.3726153746247
  },
  "average": {
    "count": 20,
    "avg_ttft_ms": 111.127501539886,
    "avg_tpot_ms": 8.506269390351758,
    "avg_e2e_ms": 4688.526837341487,
    "p50_ttft_ms": 123.3493722975254,
    "p50_tpot_ms": 8.514135067268317,
    "p50_e2e_ms": 4582.417540252209,
    "p99_ttft_ms": 150.92137716710567,
    "p99_tpot_ms": 9.257187444184508,
    "p99_e2e_ms": 8891.214647777379
  },
  "throughput": {
    "requests_per_sec": 1.1446865211427184,
    "tokens_per_sec": 622.7094675016388
  },
  "success_rate": 100.0,
  "total_requests": 20,
  "failed_requests": 0,
  "duration_sec": 17.47203241288662,
  "timestamp": "2026-01-18T12:50:10.264828",
  "error": null
}