{
  "config": "2P_2pD",
  "workload": "small_mid_bal",
  "qps": 12,
  "turn1": {
    "count": 120,
    "avg_ttft_ms": 126.0544619212548,
    "avg_tpot_ms": 9.707337219189863,
    "avg_e2e_ms": 1358.8862887583673,
    "p50_ttft_ms": 114.18797820806503,
    "p50_tpot_ms": 9.763295725574643,
    "p50_e2e_ms": 1357.0749964565039,
    "p99_ttft_ms": 233.52451786398888,
    "p99_tpot_ms": 10.994046889245512,
    "p99_e2e_ms": 1558.6197409778833
  },
  "turn2": {
    "count": 120,
    "avg_ttft_ms": 64.32560676087935,
    "avg_tpot_ms": 9.765749620249265,
    "avg_e2e_ms": 1304.575808532536,
    "p50_ttft_ms": 47.49537631869316,
    "p50_tpot_ms": 9.744971726588377,
    "p50_e2e_ms": 1290.6147837638855,
    "p99_ttft_ms": 160.78206971287733,
    "p99_tpot_ms": 11.182297902607074,
    "p99_e2e_ms": 1508.585055284202
  },
  "average": {
    "count": 240,
    "avg_ttft_ms": 95.19003434106708,
    "avg_tpot_ms": 9.736543419719563,
    "avg_e2e_ms": 1331.7310486454517,
    "p50_ttft_ms": 100.75757838785648,
    "p50_tpot_ms": 9.750655698259985,
    "p50_e2e_ms": 1326.9967678934336,
    "p99_ttft_ms": 228.39398968964795,
    "p99_tpot_ms": 11.15080766467832,
    "p99_e2e_ms": 1550.0741251558065
  },
  "throughput": {
    "requests_per_sec": 20.05965979740501,
    "tokens_per_sec": 2567.6364540678414
  },
  "success_rate": 100.0,
  "total_requests": 240,
  "failed_requests": 0,
  "duration_sec": 11.964310582727194,
  "timestamp": "2026-01-18T12:07:45.519231",
  "error": null
}