{
  "config": "2P_2pD",
  "workload": "small_short_gen",
  "qps": 1,
  "turn1": {
    "count": 9,
    "avg_ttft_ms": 100.30626671181784,
    "avg_tpot_ms": 7.9856993710379385,
    "avg_e2e_ms": 1114.490086833636,
    "p50_ttft_ms": 93.1345708668232,
    "p50_tpot_ms": 8.029219584436866,
    "p50_e2e_ms": 1112.8454580903053,
    "p99_ttft_ms": 140.45653998851776,
    "p99_tpot_ms": 8.136854770146018,
    "p99_e2e_ms": 1145.968163460493
  },
  "turn2": {
    "count": 9,
    "avg_ttft_ms": 44.31687667965889,
    "avg_tpot_ms": 7.950961315489023,
    "avg_e2e_ms": 2071.8120121293596,
    "p50_ttft_ms": 32.19505771994591,
    "p50_tpot_ms": 7.986588703066695,
    "p50_e2e_ms": 2086.0636308789253,
    "p99_ttft_ms": 97.21579357981682,
    "p99_tpot_ms": 8.09024136089811,
    "p99_e2e_ms": 2145.091727375984
  },
  "average": {
    "count": 18,
    "avg_ttft_ms": 72.31157169573837,
    "avg_tpot_ms": 7.968330343263481,
    "avg_e2e_ms": 1593.151049481498,
    "p50_ttft_ms": 83.08761939406395,
    "p50_tpot_ms": 8.00790414375178,
    "p50_e2e_ms": 1559.1616686433554,
    "p99_ttft_ms": 137.9947974905371,
    "p99_tpot_ms": 8.136725171403153,
    "p99_e2e_ms": 2144.1081780940294
  },
  "throughput": {
    "requests_per_sec": 1.6149543831318385,
    "tokens_per_sec": 310.071241561313
  },
  "success_rate": 100.0,
  "total_requests": 18,
  "failed_requests": 0,
  "duration_sec": 11.145825657993555,
  "timestamp": "2026-01-18T11:54:48.376314",
  "error": null
}