{
  "config": "2P_2pD",
  "workload": "large_mid_bal",
  "qps": 1,
  "turn1": {
    "count": 10,
    "avg_ttft_ms": 133.83159451186657,
    "avg_tpot_ms": 8.259662522598445,
    "avg_e2e_ms": 8583.466355130076,
    "p50_ttft_ms": 133.35134461522102,
    "p50_tpot_ms": 8.187460371694605,
    "p50_e2e_ms": 8509.123304858804,
    "p99_ttft_ms": 157.7112289145589,
    "p99_tpot_ms": 8.500956850579756,
    "p99_e2e_ms": 8817.787854075432
  },
  "turn2": {
    "count": 10,
    "avg_ttft_ms": 74.09899942576885,
    "avg_tpot_ms": 8.275786385409475,
    "avg_e2e_ms": 1125.1238703727722,
    "p50_ttft_ms": 61.97758950293064,
    "p50_tpot_ms": 8.447183677413332,
    "p50_e2e_ms": 1126.4573149383068,
    "p99_ttft_ms": 141.83887615799904,
    "p99_tpot_ms": 8.894977353395909,
    "p99_e2e_ms": 1257.3845455050468
  },
  "average": {
    "count": 20,
    "avg_ttft_ms": 103.96529696881771,
    "avg_tpot_ms": 8.267724454003963,
    "avg_e2e_ms": 4854.295112751424,
    "p50_ttft_ms": 119.98934298753738,
    "p50_tpot_ms": 8.343354160860766,
    "p50_e2e_ms": 4764.483209699392,
    "p99_ttft_ms": 157.44087900966406,
    "p99_tpot_ms": 8.887695481516714,
    "p99_e2e_ms": 8816.561275422573
  },
  "throughput": {
    "requests_per_sec": 1.0712902794678207,
    "tokens_per_sec": 617.0632009734647
  },
  "success_rate": 100.0,
  "total_requests": 20,
  "failed_requests": 0,
  "duration_sec": 18.669076330959797,
  "timestamp": "2026-01-18T12:45:01.969000",
  "error": null
}