{
  "config": "2P_2pD",
  "workload": "small_mid_paste",
  "qps": 2,
  "turn1": {
    "count": 20,
    "avg_ttft_ms": 97.82109595835209,
    "avg_tpot_ms": 8.17398625447994,
    "avg_e2e_ms": 1135.9173502773046,
    "p50_ttft_ms": 96.62795625627041,
    "p50_tpot_ms": 8.18775783432281,
    "p50_e2e_ms": 1135.3982891887426,
    "p99_ttft_ms": 120.88198628276585,
    "p99_tpot_ms": 8.401979423883393,
    "p99_e2e_ms": 1161.3457563892007
  },
  "turn2": {
    "count": 20,
    "avg_ttft_ms": 55.05062360316515,
    "avg_tpot_ms": 8.194992694235037,
    "avg_e2e_ms": 571.3351633399725,
    "p50_ttft_ms": 36.811625584959984,
    "p50_tpot_ms": 8.19782761945611,
    "p50_e2e_ms": 558.9569974690676,
    "p99_ttft_ms": 161.97044353932137,
    "p99_tpot_ms": 8.555018205254797,
    "p99_e2e_ms": 674.7110064700246
  },
  "average": {
    "count": 40,
    "avg_ttft_ms": 76.43585978075862,
    "avg_tpot_ms": 8.18448947435749,
    "avg_e2e_ms": 853.6262568086386,
    "p50_ttft_ms": 88.75447697937489,
    "p50_tpot_ms": 8.190277232647077,
    "p50_e2e_ms": 881.9799572229385,
    "p99_ttft_ms": 154.7149735316634,
    "p99_tpot_ms": 8.537585242163567,
    "p99_e2e_ms": 1160.4592498019338
  },
  "throughput": {
    "requests_per_sec": 4.5801877308242105,
    "tokens_per_sec": 439.6980221591242
  },
  "success_rate": 100.0,
  "total_requests": 40,
  "failed_requests": 0,
  "duration_sec": 8.733266483992338,
  "timestamp": "2026-01-18T12:08:38.783956",
  "error": null
}