{
  "config": "2P_2pD",
  "workload": "large_mid_bal",
  "qps": 20,
  "turn1": {
    "count": 200,
    "avg_ttft_ms": 17135.172988753766,
    "avg_tpot_ms": 11.569832920070414,
    "avg_e2e_ms": 28971.1120659858,
    "p50_ttft_ms": 16412.47783228755,
    "p50_tpot_ms": 11.611379400798768,
    "p50_e2e_ms": 28510.890148580074,
    "p99_ttft_ms": 35645.93665588647,
    "p99_tpot_ms": 12.57549921016073,
    "p99_e2e_ms": 47520.29501475394
  },
  "turn2": {
    "count": 200,
    "avg_ttft_ms": 103.16243214532733,
    "avg_tpot_ms": 12.376088430650357,
    "avg_e2e_ms": 1674.9256628379226,
    "p50_ttft_ms": 83.58259685337543,
    "p50_tpot_ms": 12.421014300716205,
    "p50_e2e_ms": 1678.7471435964108,
    "p99_ttft_ms": 242.16740932315463,
    "p99_tpot_ms": 14.3443517325314,
    "p99_e2e_ms": 1954.4461939111352
  },
  "average": {
    "count": 400,
    "avg_ttft_ms": 8619.167710449547,
    "avg_tpot_ms": 11.972960675360387,
    "avg_e2e_ms": 15323.01886441186,
    "p50_ttft_ms": 162.47018426656723,
    "p50_tpot_ms": 11.887250296982735,
    "p50_e2e_ms": 6260.949447751045,
    "p99_ttft_ms": 35454.760364964604,
    "p99_tpot_ms": 14.259777186130444,
    "p99_e2e_ms": 47139.57575585693
  },
  "throughput": {
    "requests_per_sec": 6.806565618625614,
    "tokens_per_sec": 3920.5817963283534
  },
  "success_rate": 100.0,
  "total_requests": 400,
  "failed_requests": 0,
  "duration_sec": 58.76678818836808,
  "timestamp": "2026-01-18T12:49:32.187185",
  "error": null
}