{
  "config": "2P_2pD",
  "workload": "large_very_long_gen",
  "qps": 10,
  "turn1": {
    "count": 94,
    "avg_ttft_ms": 9194.96434887356,
    "avg_tpot_ms": 11.148499102939118,
    "avg_e2e_ms": 20599.878931180276,
    "p50_ttft_ms": 244.92404237389565,
    "p50_tpot_ms": 11.051042174751109,
    "p50_e2e_ms": 12748.325126245618,
    "p99_ttft_ms": 20714.47835687548,
    "p99_tpot_ms": 12.369922253313245,
    "p99_e2e_ms": 32034.614378325638
  },
  "turn2": {
    "count": 94,
    "avg_ttft_ms": 96.36369787473627,
    "avg_tpot_ms": 11.886309695040898,
    "avg_e2e_ms": 12256.058515901579,
    "p50_ttft_ms": 78.13466340303421,
    "p50_tpot_ms": 11.702434972787998,
    "p50_e2e_ms": 12043.234260752797,
    "p99_ttft_ms": 202.06920128315684,
    "p99_tpot_ms": 13.163451902815964,
    "p99_e2e_ms": 13593.352144658566
  },
  "average": {
    "count": 188,
    "avg_ttft_ms": 4645.664023374148,
    "avg_tpot_ms": 11.51740439899001,
    "avg_e2e_ms": 16427.96872354093,
    "p50_ttft_ms": 149.398947134614,
    "p50_tpot_ms": 11.339694152304855,
    "p50_e2e_ms": 12322.909660637379,
    "p99_ttft_ms": 20389.593758806586,
    "p99_tpot_ms": 13.152788820970558,
    "p99_e2e_ms": 31753.979103714228
  },
  "throughput": {
    "requests_per_sec": 3.5844097110030346,
    "tokens_per_sec": 3670.4355440671075
  },
  "success_rate": 100.0,
  "total_requests": 188,
  "failed_requests": 0,
  "duration_sec": 52.44936130568385,
  "timestamp": "2026-01-18T12:35:12.097947",
  "error": null
}