{
  "config": "2P_2pD",
  "workload": "large_tiny",
  "qps": 4,
  "turn1": {
    "count": 37,
    "avg_ttft_ms": 155.73219783805513,
    "avg_tpot_ms": 9.722908384168305,
    "avg_e2e_ms": 10102.267474842232,
    "p50_ttft_ms": 153.91335636377335,
    "p50_tpot_ms": 9.724222276567364,
    "p50_e2e_ms": 10090.062592178583,
    "p99_ttft_ms": 229.04584109783173,
    "p99_tpot_ms": 10.113210459462826,
    "p99_e2e_ms": 10528.100799620152
  },
  "turn2": {
    "count": 37,
    "avg_ttft_ms": 83.55351527397697,
    "avg_tpot_ms": 9.52000666568876,
    "avg_e2e_ms": 378.6737219103285,
    "p50_ttft_ms": 67.50886887311935,
    "p50_tpot_ms": 9.518088953148935,
    "p50_e2e_ms": 372.2587004303932,
    "p99_ttft_ms": 168.89837622642517,
    "p99_tpot_ms": 11.589378772243377,
    "p99_e2e_ms": 520.9154616296291
  },
  "average": {
    "count": 74,
    "avg_ttft_ms": 119.64285655601604,
    "avg_tpot_ms": 9.621457524928534,
    "avg_e2e_ms": 5240.470598376281,
    "p50_ttft_ms": 136.03627309203148,
    "p50_tpot_ms": 9.664048219531162,
    "p50_e2e_ms": 4990.4066398739815,
    "p99_ttft_ms": 221.9117457047104,
    "p99_tpot_ms": 11.539580230751344,
    "p99_e2e_ms": 10514.360004216433
  },
  "throughput": {
    "requests_per_sec": 3.699898897489932,
    "tokens_per_sec": 1953.546617874684
  },
  "success_rate": 100.0,
  "total_requests": 74,
  "failed_requests": 0,
  "duration_sec": 20.000546514987946,
  "timestamp": "2026-01-18T12:15:01.430086",
  "error": null
}