{
  "config": "2P_2pD",
  "workload": "small_mid_paste",
  "qps": 0.5,
  "turn1": {
    "count": 5,
    "avg_ttft_ms": 103.05046513676643,
    "avg_tpot_ms": 7.844052663234275,
    "avg_e2e_ms": 1099.2451533675194,
    "p50_ttft_ms": 98.64984825253487,
    "p50_tpot_ms": 7.85744075817386,
    "p50_e2e_ms": 1099.9985858798027,
    "p99_ttft_ms": 126.3080282509327,
    "p99_tpot_ms": 7.919778558682269,
    "p99_e2e_ms": 1111.8958373367786
  },
  "turn2": {
    "count": 5,
    "avg_ttft_ms": 60.06869301199913,
    "avg_tpot_ms": 7.8413979874716855,
    "avg_e2e_ms": 554.0767662227154,
    "p50_ttft_ms": 35.916928201913834,
    "p50_tpot_ms": 7.834193607171376,
    "p50_e2e_ms": 529.4711254537106,
    "p99_ttft_ms": 102.48294979333878,
    "p99_tpot_ms": 7.913933235501486,
    "p99_e2e_ms": 598.3992514014244
  },
  "average": {
    "count": 10,
    "avg_ttft_ms": 81.55957907438278,
    "avg_tpot_ms": 7.84272532535298,
    "avg_e2e_ms": 826.6609597951174,
    "p50_ttft_ms": 93.59116107225418,
    "p50_tpot_ms": 7.845817182672619,
    "p50_e2e_ms": 842.9289124906063,
    "p99_ttft_ms": 125.11762045323849,
    "p99_tpot_ms": 7.921744091069605,
    "p99_e2e_ms": 1111.5255533531308
  },
  "throughput": {
    "requests_per_sec": 1.2917269788359935,
    "tokens_per_sec": 124.00578996825537
  },
  "success_rate": 100.0,
  "total_requests": 10,
  "failed_requests": 0,
  "duration_sec": 7.741574004292488,
  "timestamp": "2026-01-18T12:08:22.644385",
  "error": null
}