{
  "config": "2P_2pD",
  "workload": "large_long_gen",
  "qps": 1,
  "turn1": {
    "count": 10,
    "avg_ttft_ms": 143.92675906419754,
    "avg_tpot_ms": 8.421531621501476,
    "avg_e2e_ms": 8759.153607860208,
    "p50_ttft_ms": 142.17881299555302,
    "p50_tpot_ms": 8.43234697060035,
    "p50_e2e_ms": 8768.794424831867,
    "p99_ttft_ms": 166.2488690391183,
    "p99_tpot_ms": 8.588954022014013,
    "p99_e2e_ms": 8931.887871101499
  },
  "turn2": {
    "count": 10,
    "avg_ttft_ms": 52.53286473453045,
    "avg_tpot_ms": 8.173211155834728,
    "avg_e2e_ms": 4229.043765366077,
    "p50_ttft_ms": 54.55421656370163,
    "p50_tpot_ms": 8.1862793057982,
    "p50_e2e_ms": 4236.845849081874,
    "p99_ttft_ms": 64.28165137767792,
    "p99_tpot_ms": 8.726581506751872,
    "p99_e2e_ms": 4513.866129927337
  },
  "average": {
    "count": 20,
    "avg_ttft_ms": 98.229811899364,
    "avg_tpot_ms": 8.297371388668104,
    "avg_e2e_ms": 6494.0986866131425,
    "p50_ttft_ms": 93.83128955960274,
    "p50_tpot_ms": 8.363600326393946,
    "p50_e2e_ms": 6511.304851621389,
    "p99_ttft_ms": 165.71251403540373,
    "p99_tpot_ms": 8.715234431772096,
    "p99_e2e_ms": 8930.150104388595
  },
  "throughput": {
    "requests_per_sec": 0.8908577891716891,
    "tokens_per_sec": 684.1787820838572
  },
  "success_rate": 100.0,
  "total_requests": 20,
  "failed_requests": 0,
  "duration_sec": 22.450272358953953,
  "timestamp": "2026-01-18T12:24:51.786990",
  "error": null
}