{
  "config": "2P_2pD",
  "workload": "small_mid_paste",
  "qps": 1,
  "turn1": {
    "count": 5,
    "avg_ttft_ms": 97.24016785621643,
    "avg_tpot_ms": 8.024631159042748,
    "avg_e2e_ms": 1116.3683250546455,
    "p50_ttft_ms": 94.35849264264107,
    "p50_tpot_ms": 8.056196347465665,
    "p50_e2e_ms": 1113.9273047447205,
    "p99_ttft_ms": 107.58750677108765,
    "p99_tpot_ms": 8.090013500273697,
    "p99_e2e_ms": 1131.4555555582047
  },
  "turn2": {
    "count": 5,
    "avg_ttft_ms": 99.02646839618683,
    "avg_tpot_ms": 7.878547457475511,
    "avg_e2e_ms": 595.374958217144,
    "p50_ttft_ms": 129.41649556159973,
    "p50_tpot_ms": 7.928894389243353,
    "p50_e2e_ms": 630.3345412015915,
    "p99_ttft_ms": 141.8546423316002,
    "p99_tpot_ms": 8.108703323772977,
    "p99_e2e_ms": 636.5540005266666
  },
  "average": {
    "count": 10,
    "avg_ttft_ms": 98.13331812620163,
    "avg_tpot_ms": 7.951589308259129,
    "avg_e2e_ms": 855.8716416358948,
    "p50_ttft_ms": 97.6205263286829,
    "p50_tpot_ms": 7.989969277732775,
    "p50_e2e_ms": 869.4165367633104,
    "p99_ttft_ms": 141.6097166016698,
    "p99_tpot_ms": 8.113099548082443,
    "p99_e2e_ms": 1130.9596309438348
  },
  "throughput": {
    "requests_per_sec": 1.3644325544036358,
    "tokens_per_sec": 130.98552522274903
  },
  "success_rate": 100.0,
  "total_requests": 10,
  "failed_requests": 0,
  "duration_sec": 7.329054094851017,
  "timestamp": "2026-01-18T12:08:30.011484",
  "error": null
}