{
  "config": "2P_2pD",
  "workload": "small_short_gen",
  "qps": 12,
  "turn1": {
    "count": 120,
    "avg_ttft_ms": 135.46947836875916,
    "avg_tpot_ms": 9.78215341395124,
    "avg_e2e_ms": 1377.8029619405668,
    "p50_ttft_ms": 116.53444729745388,
    "p50_tpot_ms": 9.828189255919044,
    "p50_e2e_ms": 1370.9518015384674,
    "p99_ttft_ms": 316.58387426286936,
    "p99_tpot_ms": 10.755674958405065,
    "p99_e2e_ms": 1590.6848983094096
  },
  "turn2": {
    "count": 120,
    "avg_ttft_ms": 62.42187796160579,
    "avg_tpot_ms": 9.786238386569654,
    "avg_e2e_ms": 2557.9126665368676,
    "p50_ttft_ms": 45.86940258741379,
    "p50_tpot_ms": 9.849278358559982,
    "p50_e2e_ms": 2567.2878734767437,
    "p99_ttft_ms": 214.26702700555327,
    "p99_tpot_ms": 10.59928272562284,
    "p99_e2e_ms": 2850.644652582705
  },
  "average": {
    "count": 240,
    "avg_ttft_ms": 98.94567816518247,
    "avg_tpot_ms": 9.784195900260446,
    "avg_e2e_ms": 1967.857814238717,
    "p50_ttft_ms": 98.31096790730953,
    "p50_tpot_ms": 9.834435246154374,
    "p50_e2e_ms": 1916.265893727541,
    "p99_ttft_ms": 293.64825837314055,
    "p99_tpot_ms": 10.66226935439457,
    "p99_e2e_ms": 2834.3781103566284
  },
  "throughput": {
    "requests_per_sec": 17.88156334985032,
    "tokens_per_sec": 3433.2601631712614
  },
  "success_rate": 100.0,
  "total_requests": 240,
  "failed_requests": 0,
  "duration_sec": 13.421645261347294,
  "timestamp": "2026-01-18T11:56:03.294340",
  "error": null
}