{
  "config": "2P_2pD",
  "workload": "small_mid_paste",
  "qps": 6,
  "turn1": {
    "count": 60,
    "avg_ttft_ms": 102.40283906459808,
    "avg_tpot_ms": 8.650763520574944,
    "avg_e2e_ms": 1201.0498061776161,
    "p50_ttft_ms": 96.50128521025181,
    "p50_tpot_ms": 8.630495269115515,
    "p50_e2e_ms": 1198.6727342009544,
    "p99_ttft_ms": 174.6154725179075,
    "p99_tpot_ms": 9.098786331830532,
    "p99_e2e_ms": 1267.7567513659596
  },
  "turn2": {
    "count": 60,
    "avg_ttft_ms": 61.09996698796749,
    "avg_tpot_ms": 8.622370597231326,
    "avg_e2e_ms": 604.309314613541,
    "p50_ttft_ms": 43.38854365050793,
    "p50_tpot_ms": 8.609651898344357,
    "p50_e2e_ms": 596.3979754596949,
    "p99_ttft_ms": 155.57853601872918,
    "p99_tpot_ms": 9.35660742755447,
    "p99_e2e_ms": 729.7428691387177
  },
  "average": {
    "count": 120,
    "avg_ttft_ms": 81.75140302628279,
    "avg_tpot_ms": 8.636567058903134,
    "avg_e2e_ms": 902.6795603955785,
    "p50_ttft_ms": 90.79871512949467,
    "p50_tpot_ms": 8.617209985762845,
    "p50_e2e_ms": 926.1367172002792,
    "p99_ttft_ms": 161.16418547928333,
    "p99_tpot_ms": 9.295197321427247,
    "p99_e2e_ms": 1262.1737657487392
  },
  "throughput": {
    "requests_per_sec": 10.569075745424378,
    "tokens_per_sec": 1014.6312715607403
  },
  "success_rate": 100.0,
  "total_requests": 120,
  "failed_requests": 0,
  "duration_sec": 11.353878322988749,
  "timestamp": "2026-01-18T12:09:01.626223",
  "error": null
}