{
  "config": "2P_2pD",
  "workload": "large_long_gen",
  "qps": 0.5,
  "turn1": {
    "count": 3,
    "avg_ttft_ms": 128.8809801141421,
    "avg_tpot_ms": 7.876037219742604,
    "avg_e2e_ms": 8186.067055910826,
    "p50_ttft_ms": 129.86314296722412,
    "p50_tpot_ms": 7.86911073128965,
    "p50_e2e_ms": 8169.2654602229595,
    "p99_ttft_ms": 137.4595858156681,
    "p99_tpot_ms": 7.927574258541664,
    "p99_e2e_ms": 8247.15409308672
  },
  "turn2": {
    "count": 3,
    "avg_ttft_ms": 113.3433257540067,
    "avg_tpot_ms": 8.007476163392587,
    "avg_e2e_ms": 4205.163645247619,
    "p50_ttft_ms": 135.13872027397156,
    "p50_tpot_ms": 8.02618852012778,
    "p50_e2e_ms": 4236.521054059267,
    "p99_ttft_ms": 143.1200908869505,
    "p99_tpot_ms": 8.181643853448842,
    "p99_e2e_ms": 4323.940099999309
  },
  "average": {
    "count": 6,
    "avg_ttft_ms": 121.1121529340744,
    "avg_tpot_ms": 7.941756691567595,
    "avg_e2e_ms": 6195.615350579222,
    "p50_ttft_ms": 132.50093162059784,
    "p50_tpot_ms": 7.89893906152027,
    "p50_e2e_ms": 6232.958106324077,
    "p99_ttft_ms": 142.99955796450377,
    "p99_tpot_ms": 8.176885016714524,
    "p99_e2e_ms": 8244.769747182727
  },
  "throughput": {
    "requests_per_sec": 0.2787274731007017,
    "tokens_per_sec": 214.06269934133888
  },
  "success_rate": 100.0,
  "total_requests": 6,
  "failed_requests": 0,
  "duration_sec": 21.526403311640024,
  "timestamp": "2026-01-18T12:24:29.297246",
  "error": null
}