{
  "config": "2P_2pD",
  "workload": "small_big_paste",
  "qps": 10,
  "turn1": {
    "count": 82,
    "avg_ttft_ms": 104.05933993255219,
    "avg_tpot_ms": 9.200104288520752,
    "avg_e2e_ms": 1272.4725845746877,
    "p50_ttft_ms": 101.94049589335918,
    "p50_tpot_ms": 9.181898395259548,
    "p50_e2e_ms": 1269.4644536823034,
    "p99_ttft_ms": 143.56015995144838,
    "p99_tpot_ms": 9.748373872886493,
    "p99_e2e_ms": 1355.4246955737472
  },
  "turn2": {
    "count": 82,
    "avg_ttft_ms": 73.68429891038232,
    "avg_tpot_ms": 9.229936688544212,
    "avg_e2e_ms": 655.1703102886677,
    "p50_ttft_ms": 59.24076586961746,
    "p50_tpot_ms": 9.226186407936943,
    "p50_e2e_ms": 644.8248848319054,
    "p99_ttft_ms": 162.90190204977986,
    "p99_tpot_ms": 10.214393549850062,
    "p99_e2e_ms": 786.4723284170032
  },
  "average": {
    "count": 164,
    "avg_ttft_ms": 88.87181942146725,
    "avg_tpot_ms": 9.215020488532481,
    "avg_e2e_ms": 963.8214474316777,
    "p50_ttft_ms": 91.68038703501225,
    "p50_tpot_ms": 9.202724480050502,
    "p50_e2e_ms": 958.2865945994854,
    "p99_ttft_ms": 160.18420353531837,
    "p99_tpot_ms": 10.121903744127069,
    "p99_e2e_ms": 1354.013225659728
  },
  "throughput": {
    "requests_per_sec": 13.947413342203326,
    "tokens_per_sec": 1338.9516808515193
  },
  "success_rate": 100.0,
  "total_requests": 164,
  "failed_requests": 0,
  "duration_sec": 11.758452694863081,
  "timestamp": "2026-01-18T12:11:21.907934",
  "error": null
}