{
  "config": "2P_2pD",
  "workload": "small_small_bal",
  "qps": 0.5,
  "turn1": {
    "count": 5,
    "avg_ttft_ms": 103.15941199660301,
    "avg_tpot_ms": 7.933528005607485,
    "avg_e2e_ms": 1110.7174687087536,
    "p50_ttft_ms": 100.8114442229271,
    "p50_tpot_ms": 7.969296911335367,
    "p50_e2e_ms": 1111.4841550588608,
    "p99_ttft_ms": 116.57744914293289,
    "p99_tpot_ms": 8.075972794313131,
    "p99_e2e_ms": 1129.22411352396
  },
  "turn2": {
    "count": 5,
    "avg_ttft_ms": 30.49963191151619,
    "avg_tpot_ms": 7.9511696620593,
    "avg_e2e_ms": 531.4233206212521,
    "p50_ttft_ms": 29.04406189918518,
    "p50_tpot_ms": 8.010383104048078,
    "p50_e2e_ms": 533.2183539867401,
    "p99_ttft_ms": 33.892954885959625,
    "p99_tpot_ms": 8.110631659390434,
    "p99_e2e_ms": 544.862749427557
  },
  "average": {
    "count": 10,
    "avg_ttft_ms": 66.8295219540596,
    "avg_tpot_ms": 7.9423488338333925,
    "avg_e2e_ms": 821.0703946650028,
    "p50_ttft_ms": 65.97725115716457,
    "p50_tpot_ms": 7.974701046239673,
    "p50_e2e_ms": 814.9715885519981,
    "p99_ttft_ms": 115.77746037393808,
    "p99_tpot_ms": 8.111345295126982,
    "p99_e2e_ms": 1129.1065705567598
  },
  "throughput": {
    "requests_per_sec": 0.8991150609986677,
    "tokens_per_sec": 86.3150458558721
  },
  "success_rate": 100.0,
  "total_requests": 10,
  "failed_requests": 0,
  "duration_sec": 11.122047036886215,
  "timestamp": "2026-01-18T12:04:35.388037",
  "error": null
}