{
  "config": "2P_2pD",
  "workload": "small_big_paste",
  "qps": 16,
  "turn1": {
    "count": 160,
    "avg_ttft_ms": 149.05101843178272,
    "avg_tpot_ms": 10.979456592563862,
    "avg_e2e_ms": 1543.4420056873932,
    "p50_ttft_ms": 123.44815023243427,
    "p50_tpot_ms": 11.01339589364416,
    "p50_e2e_ms": 1541.2551704794168,
    "p99_ttft_ms": 340.7493415474891,
    "p99_tpot_ms": 12.509841951798267,
    "p99_e2e_ms": 1817.6158954948187
  },
  "turn2": {
    "count": 160,
    "avg_ttft_ms": 99.8793187784031,
    "avg_tpot_ms": 10.994143438865503,
    "avg_e2e_ms": 792.5103554269299,
    "p50_ttft_ms": 79.14269715547562,
    "p50_tpot_ms": 10.966537549855218,
    "p50_e2e_ms": 783.1914592534304,
    "p99_ttft_ms": 316.38008233159763,
    "p99_tpot_ms": 13.5115719296866,
    "p99_e2e_ms": 1087.4442983418703
  },
  "average": {
    "count": 320,
    "avg_ttft_ms": 124.46516860509291,
    "avg_tpot_ms": 10.986800015714683,
    "avg_e2e_ms": 1167.9761805571616,
    "p50_ttft_ms": 108.48797485232353,
    "p50_tpot_ms": 10.99553295066507,
    "p50_e2e_ms": 1194.5469658821821,
    "p99_ttft_ms": 342.86055739969015,
    "p99_tpot_ms": 13.348538867301412,
    "p99_e2e_ms": 1802.4001390114427
  },
  "throughput": {
    "requests_per_sec": 26.632234135668103,
    "tokens_per_sec": 2556.6944770241375
  },
  "success_rate": 100.0,
  "total_requests": 320,
  "failed_requests": 0,
  "duration_sec": 12.01551467180252,
  "timestamp": "2026-01-18T12:11:45.733933",
  "error": null
}