{
  "config": "2P_2pD",
  "workload": "large_very_long_gen",
  "qps": 20,
  "turn1": {
    "count": 200,
    "avg_ttft_ms": 33075.57444775477,
    "avg_tpot_ms": 11.350503576917616,
    "avg_e2e_ms": 44687.13960694149,
    "p50_ttft_ms": 32394.897986203432,
    "p50_tpot_ms": 11.316169927284514,
    "p50_e2e_ms": 44167.53190383315,
    "p99_ttft_ms": 67722.51816116273,
    "p99_tpot_ms": 12.027996582646407,
    "p99_e2e_ms": 79801.80755190551
  },
  "turn2": {
    "count": 200,
    "avg_ttft_ms": 109.40291801467538,
    "avg_tpot_ms": 12.214107890836422,
    "avg_e2e_ms": 12604.435290340334,
    "p50_ttft_ms": 90.1247225701809,
    "p50_tpot_ms": 12.069363675042915,
    "p50_e2e_ms": 12434.405030682683,
    "p99_ttft_ms": 228.44791639596224,
    "p99_tpot_ms": 13.397574781140683,
    "p99_e2e_ms": 13793.291691318154
  },
  "average": {
    "count": 400,
    "avg_ttft_ms": 16592.488682884723,
    "avg_tpot_ms": 11.782305733877019,
    "avg_e2e_ms": 28645.787448640913,
    "p50_ttft_ms": 170.59909738600254,
    "p50_tpot_ms": 11.799522505332064,
    "p50_e2e_ms": 13074.17069002986,
    "p99_ttft_ms": 67651.47425103933,
    "p99_tpot_ms": 13.380106149254074,
    "p99_e2e_ms": 79394.56186123192
  },
  "throughput": {
    "requests_per_sec": 3.9552079445523103,
    "tokens_per_sec": 4050.1329352215657
  },
  "success_rate": 100.0,
  "total_requests": 400,
  "failed_requests": 0,
  "duration_sec": 101.13248294591904,
  "timestamp": "2026-01-18T12:39:22.212600",
  "error": null
}