{
  "config": "2P_2pD",
  "workload": "large_big_paste",
  "qps": 0.5,
  "turn1": {
    "count": 5,
    "avg_ttft_ms": 137.38484606146812,
    "avg_tpot_ms": 8.208682266439977,
    "avg_e2e_ms": 8534.866804629564,
    "p50_ttft_ms": 141.74963533878326,
    "p50_tpot_ms": 8.258358503483374,
    "p50_e2e_ms": 8580.605998635292,
    "p99_ttft_ms": 144.12077143788338,
    "p99_tpot_ms": 8.369030772270461,
    "p99_e2e_ms": 8705.639251470566
  },
  "turn2": {
    "count": 5,
    "avg_ttft_ms": 83.01105797290802,
    "avg_tpot_ms": 8.197450685122657,
    "avg_e2e_ms": 599.4504511356354,
    "p50_ttft_ms": 78.75139266252518,
    "p50_tpot_ms": 8.205249728191466,
    "p50_e2e_ms": 595.6821255385876,
    "p99_ttft_ms": 101.94210305809975,
    "p99_tpot_ms": 8.521838691972551,
    "p99_e2e_ms": 632.7421972155571
  },
  "average": {
    "count": 10,
    "avg_ttft_ms": 110.19795201718807,
    "avg_tpot_ms": 8.203066475781316,
    "avg_e2e_ms": 4567.1586278826,
    "p50_ttft_ms": 114.44632336497307,
    "p50_tpot_ms": 8.23180411583742,
    "p50_e2e_ms": 4479.051096364856,
    "p99_ttft_ms": 144.01792082935572,
    "p99_tpot_ms": 8.517222974508527,
    "p99_e2e_ms": 8703.644341006875
  },
  "throughput": {
    "requests_per_sec": 0.8564456449497553,
    "tokens_per_sec": 465.90643085266686
  },
  "success_rate": 100.0,
  "total_requests": 10,
  "failed_requests": 0,
  "duration_sec": 11.676164224743843,
  "timestamp": "2026-01-18T12:54:37.521732",
  "error": null
}