{
  "config": "2P_2pD",
  "workload": "small_mid_bal",
  "qps": 10,
  "turn1": {
    "count": 100,
    "avg_ttft_ms": 112.98131238669157,
    "avg_tpot_ms": 9.583352936475764,
    "avg_e2e_ms": 1330.0671353191137,
    "p50_ttft_ms": 107.7229343354702,
    "p50_tpot_ms": 9.629874350869748,
    "p50_e2e_ms": 1337.8905560821295,
    "p99_ttft_ms": 168.99533201009044,
    "p99_tpot_ms": 10.110493376851082,
    "p99_e2e_ms": 1419.13100771606
  },
  "turn2": {
    "count": 100,
    "avg_ttft_ms": 59.203990921378136,
    "avg_tpot_ms": 9.533586043893822,
    "avg_e2e_ms": 1269.9694184958935,
    "p50_ttft_ms": 45.910101383924484,
    "p50_tpot_ms": 9.624848743592661,
    "p50_e2e_ms": 1277.8100315481424,
    "p99_ttft_ms": 188.25907893478873,
    "p99_tpot_ms": 10.025735126998951,
    "p99_e2e_ms": 1393.4182488918307
  },
  "average": {
    "count": 200,
    "avg_ttft_ms": 86.09265165403485,
    "avg_tpot_ms": 9.558469490184793,
    "avg_e2e_ms": 1300.0182769075036,
    "p50_ttft_ms": 97.44342416524887,
    "p50_tpot_ms": 9.624848743592661,
    "p50_e2e_ms": 1306.6170550882816,
    "p99_ttft_ms": 186.17291472852227,
    "p99_tpot_ms": 10.092970118161261,
    "p99_e2e_ms": 1419.0802953764794
  },
  "throughput": {
    "requests_per_sec": 18.452236091148958,
    "tokens_per_sec": 2361.8862196670666
  },
  "success_rate": 100.0,
  "total_requests": 200,
  "failed_requests": 0,
  "duration_sec": 10.838794767856598,
  "timestamp": "2026-01-18T12:07:33.513368",
  "error": null
}