{
  "config": "2P_2pD",
  "workload": "small_short_gen",
  "qps": 20,
  "turn1": {
    "count": 182,
    "avg_ttft_ms": 1610.2926261354605,
    "avg_tpot_ms": 9.971447093329278,
    "avg_e2e_ms": 2876.666406988279,
    "p50_ttft_ms": 1214.2352610826492,
    "p50_tpot_ms": 10.057155717545607,
    "p50_e2e_ms": 2486.438639461994,
    "p99_ttft_ms": 3844.4400553032756,
    "p99_tpot_ms": 10.50646074028231,
    "p99_e2e_ms": 5128.547487221658
  },
  "turn2": {
    "count": 182,
    "avg_ttft_ms": 62.86536724112191,
    "avg_tpot_ms": 9.893632701449008,
    "avg_e2e_ms": 2585.741706110619,
    "p50_ttft_ms": 47.19948768615723,
    "p50_tpot_ms": 10.019300052640485,
    "p50_e2e_ms": 2612.9302121698856,
    "p99_ttft_ms": 212.7174958214162,
    "p99_tpot_ms": 10.34266240398089,
    "p99_e2e_ms": 2797.2033236548305
  },
  "average": {
    "count": 364,
    "avg_ttft_ms": 836.5789966882912,
    "avg_tpot_ms": 9.932539897389143,
    "avg_e2e_ms": 2731.204056549449,
    "p50_ttft_ms": 108.31248946487904,
    "p50_tpot_ms": 10.029748783392066,
    "p50_e2e_ms": 2607.0091761648655,
    "p99_ttft_ms": 3835.3204542025924,
    "p99_tpot_ms": 10.492196853939943,
    "p99_e2e_ms": 5120.951729007065
  },
  "throughput": {
    "requests_per_sec": 21.3042093768111,
    "tokens_per_sec": 4090.4082003477315
  },
  "success_rate": 100.0,
  "total_requests": 364,
  "failed_requests": 0,
  "duration_sec": 17.085825320333242,
  "timestamp": "2026-01-18T11:56:35.237293",
  "error": null
}