{
  "config": "2P_2pD",
  "workload": "small_small_bal",
  "qps": 12,
  "turn1": {
    "count": 117,
    "avg_ttft_ms": 112.69979258505707,
    "avg_tpot_ms": 9.185483515838234,
    "avg_e2e_ms": 1279.2561990965125,
    "p50_ttft_ms": 105.95384612679482,
    "p50_tpot_ms": 9.026436677833242,
    "p50_e2e_ms": 1257.8476779162884,
    "p99_ttft_ms": 190.67119732499125,
    "p99_tpot_ms": 10.065323218820604,
    "p99_e2e_ms": 1414.5806892216206
  },
  "turn2": {
    "count": 117,
    "avg_ttft_ms": 57.57389112542837,
    "avg_tpot_ms": 9.180059610762275,
    "avg_e2e_ms": 635.9176466034519,
    "p50_ttft_ms": 41.80607944726944,
    "p50_tpot_ms": 9.039776192771065,
    "p50_e2e_ms": 630.7982802391052,
    "p99_ttft_ms": 156.57282099127775,
    "p99_tpot_ms": 10.370138034461036,
    "p99_e2e_ms": 759.7492375969887
  },
  "average": {
    "count": 234,
    "avg_ttft_ms": 85.13684185524272,
    "avg_tpot_ms": 9.182771563300255,
    "avg_e2e_ms": 957.5869228499822,
    "p50_ttft_ms": 95.86492367088795,
    "p50_tpot_ms": 9.033657798752861,
    "p50_e2e_ms": 956.9268468767405,
    "p99_ttft_ms": 184.10529494285572,
    "p99_tpot_ms": 10.310967174905633,
    "p99_e2e_ms": 1398.736453652382
  },
  "throughput": {
    "requests_per_sec": 19.842211252055787,
    "tokens_per_sec": 1904.8522801973554
  },
  "success_rate": 100.0,
  "total_requests": 234,
  "failed_requests": 0,
  "duration_sec": 11.793040454387665,
  "timestamp": "2026-01-18T12:05:50.977491",
  "error": null
}