{
  "config": "2P_2pD",
  "workload": "large_big_paste",
  "qps": 8,
  "turn1": {
    "count": 80,
    "avg_ttft_ms": 2760.0974455475807,
    "avg_tpot_ms": 11.121786139242692,
    "avg_e2e_ms": 14137.684665992856,
    "p50_ttft_ms": 203.19067686796188,
    "p50_tpot_ms": 11.22120677885888,
    "p50_e2e_ms": 12148.78280647099,
    "p99_ttft_ms": 7545.572924539447,
    "p99_tpot_ms": 11.988196024818679,
    "p99_e2e_ms": 18707.38930810243
  },
  "turn2": {
    "count": 80,
    "avg_ttft_ms": 126.43875083886087,
    "avg_tpot_ms": 11.502909672165675,
    "avg_e2e_ms": 851.1220601852983,
    "p50_ttft_ms": 98.08474592864513,
    "p50_tpot_ms": 11.772523057602701,
    "p50_e2e_ms": 832.051994279027,
    "p99_ttft_ms": 436.4817351475299,
    "p99_tpot_ms": 13.952381358378464,
    "p99_e2e_ms": 1275.031640045339
  },
  "average": {
    "count": 160,
    "avg_ttft_ms": 1443.2680981932208,
    "avg_tpot_ms": 11.312347905704183,
    "avg_e2e_ms": 7494.403363089077,
    "p50_ttft_ms": 150.1465067267418,
    "p50_tpot_ms": 11.32096780110911,
    "p50_e2e_ms": 6328.546911478043,
    "p99_ttft_ms": 7533.15436642617,
    "p99_tpot_ms": 13.928938223019479,
    "p99_e2e_ms": 18689.033080264926
  },
  "throughput": {
    "requests_per_sec": 5.76670070316597,
    "tokens_per_sec": 3137.085182522288
  },
  "success_rate": 100.0,
  "total_requests": 160,
  "failed_requests": 0,
  "duration_sec": 27.74550097808242,
  "timestamp": "2026-01-18T12:56:23.062407",
  "error": null
}