{
  "config": "2P_2pD",
  "workload": "small_mid_paste",
  "qps": 20,
  "turn1": {
    "count": 200,
    "avg_ttft_ms": 134.5344926044345,
    "avg_tpot_ms": 10.492177446937466,
    "avg_e2e_ms": 1467.0410283654928,
    "p50_ttft_ms": 119.45270746946335,
    "p50_tpot_ms": 10.650801582364586,
    "p50_e2e_ms": 1486.8848845362663,
    "p99_ttft_ms": 268.9585154503582,
    "p99_tpot_ms": 11.260111707108697,
    "p99_e2e_ms": 1604.952021613717
  },
  "turn2": {
    "count": 200,
    "avg_ttft_ms": 76.22272558510303,
    "avg_tpot_ms": 10.473794562239496,
    "avg_e2e_ms": 736.0717830061913,
    "p50_ttft_ms": 55.90127781033516,
    "p50_tpot_ms": 10.498687565799743,
    "p50_e2e_ms": 732.8114118427038,
    "p99_ttft_ms": 196.55452366918323,
    "p99_tpot_ms": 11.76275726289503,
    "p99_e2e_ms": 916.1747985705732
  },
  "average": {
    "count": 400,
    "avg_ttft_ms": 105.37860909476876,
    "avg_tpot_ms": 10.482986004588481,
    "avg_e2e_ms": 1101.556405685842,
    "p50_ttft_ms": 100.794468075037,
    "p50_tpot_ms": 10.588648359453867,
    "p50_e2e_ms": 1056.632598862052,
    "p99_ttft_ms": 259.6889002248644,
    "p99_tpot_ms": 11.675922855853088,
    "p99_e2e_ms": 1603.2938255369663
  },
  "throughput": {
    "requests_per_sec": 33.02287106915858,
    "tokens_per_sec": 3170.1956226392235
  },
  "success_rate": 100.0,
  "total_requests": 400,
  "failed_requests": 0,
  "duration_sec": 12.11281717941165,
  "timestamp": "2026-01-18T12:10:00.412996",
  "error": null
}