{
  "config": "2P_2pD",
  "workload": "large_very_long_gen",
  "qps": 0.5,
  "turn1": {
    "count": 3,
    "avg_ttft_ms": 154.57583342989287,
    "avg_tpot_ms": 8.300231251976085,
    "avg_e2e_ms": 8645.712404201427,
    "p50_ttft_ms": 159.20139849185944,
    "p50_tpot_ms": 8.329764999019552,
    "p50_e2e_ms": 8687.249559909105,
    "p99_ttft_ms": 165.76599456369877,
    "p99_tpot_ms": 8.411338884285119,
    "p99_e2e_ms": 8764.13504846394
  },
  "turn2": {
    "count": 3,
    "avg_ttft_ms": 68.05097808440526,
    "avg_tpot_ms": 8.329786923487902,
    "avg_e2e_ms": 8589.42300081253,
    "p50_ttft_ms": 68.13093274831772,
    "p50_tpot_ms": 8.350565679961285,
    "p50_e2e_ms": 8609.0602055192,
    "p99_ttft_ms": 69.56129550933838,
    "p99_tpot_ms": 8.49367697451005,
    "p99_e2e_ms": 8758.55885207653
  },
  "average": {
    "count": 6,
    "avg_ttft_ms": 111.31340575714906,
    "avg_tpot_ms": 8.315009087731994,
    "avg_e2e_ms": 8617.56770250698,
    "p50_ttft_ms": 104.1083112359047,
    "p50_tpot_ms": 8.340165339490419,
    "p50_e2e_ms": 8648.154882714152,
    "p99_ttft_ms": 165.56503754109144,
    "p99_tpot_ms": 8.492417915388286,
    "p99_e2e_ms": 8765.499425306916
  },
  "throughput": {
    "requests_per_sec": 0.2576961543928095,
    "tokens_per_sec": 263.88086209823695
  },
  "success_rate": 100.0,
  "total_requests": 6,
  "failed_requests": 0,
  "duration_sec": 23.283234529197216,
  "timestamp": "2026-01-18T12:31:19.879629",
  "error": null
}