{
  "config": "2P_2pD",
  "workload": "small_tiny",
  "qps": 16,
  "turn1": {
    "count": 154,
    "avg_ttft_ms": 121.77311955624586,
    "avg_tpot_ms": 9.38591208457124,
    "avg_e2e_ms": 1313.7839542967934,
    "p50_ttft_ms": 105.03449849784374,
    "p50_tpot_ms": 9.485846502691743,
    "p50_e2e_ms": 1318.4689432382584,
    "p99_ttft_ms": 256.7817221581936,
    "p99_tpot_ms": 10.134621297749947,
    "p99_e2e_ms": 1508.8403386622667
  },
  "turn2": {
    "count": 154,
    "avg_ttft_ms": 56.63004778809362,
    "avg_tpot_ms": 9.399655669503097,
    "avg_e2e_ms": 348.01937354268966,
    "p50_ttft_ms": 39.27232511341572,
    "p50_tpot_ms": 9.32847954813511,
    "p50_e2e_ms": 335.2601584047079,
    "p99_ttft_ms": 202.17409554868934,
    "p99_tpot_ms": 10.574388001714983,
    "p99_e2e_ms": 495.9066542237997
  },
  "average": {
    "count": 308,
    "avg_ttft_ms": 89.20158367216975,
    "avg_tpot_ms": 9.392783877037168,
    "avg_e2e_ms": 830.9016639197415,
    "p50_ttft_ms": 92.75497309863567,
    "p50_tpot_ms": 9.400720528525873,
    "p50_e2e_ms": 859.1522090137005,
    "p99_ttft_ms": 249.21464245766407,
    "p99_tpot_ms": 10.558742713784017,
    "p99_e2e_ms": 1492.858343012631
  },
  "throughput": {
    "requests_per_sec": 26.837483108413963,
    "tokens_per_sec": 2146.9986486731173
  },
  "success_rate": 100.0,
  "total_requests": 308,
  "failed_requests": 0,
  "duration_sec": 11.476486030966043,
  "timestamp": "2026-01-18T11:54:11.065894",
  "error": null
}