{
  "config": "2P_2pD",
  "workload": "small_short_gen",
  "qps": 4,
  "turn1": {
    "count": 40,
    "avg_ttft_ms": 102.49043861404061,
    "avg_tpot_ms": 8.656258981557578,
    "avg_e2e_ms": 1201.835329271853,
    "p50_ttft_ms": 98.25592301785946,
    "p50_tpot_ms": 8.597658155119326,
    "p50_e2e_ms": 1195.6443097442389,
    "p99_ttft_ms": 190.61033163219687,
    "p99_tpot_ms": 9.102175700676254,
    "p99_e2e_ms": 1290.7127496227622
  },
  "turn2": {
    "count": 40,
    "avg_ttft_ms": 45.44214177876711,
    "avg_tpot_ms": 8.692879707132485,
    "avg_e2e_ms": 2262.1264670975506,
    "p50_ttft_ms": 34.6805639564991,
    "p50_tpot_ms": 8.714127876594954,
    "p50_e2e_ms": 2270.797600969672,
    "p99_ttft_ms": 170.23925181478256,
    "p99_tpot_ms": 9.047229779555517,
    "p99_e2e_ms": 2377.22774900496
  },
  "average": {
    "count": 80,
    "avg_ttft_ms": 73.96629019640386,
    "avg_tpot_ms": 8.67456934434503,
    "avg_e2e_ms": 1731.9808981847018,
    "p50_ttft_ms": 88.41343596577644,
    "p50_tpot_ms": 8.674151652793245,
    "p50_e2e_ms": 1695.2923648059368,
    "p99_ttft_ms": 214.03047587722537,
    "p99_tpot_ms": 9.093237620463052,
    "p99_e2e_ms": 2365.201078429818
  },
  "throughput": {
    "requests_per_sec": 6.941443513542427,
    "tokens_per_sec": 1332.7571546001461
  },
  "success_rate": 100.0,
  "total_requests": 80,
  "failed_requests": 0,
  "duration_sec": 11.524980336427689,
  "timestamp": "2026-01-18T11:55:10.026528",
  "error": null
}