{
  "config": "2P_2pD",
  "workload": "large_short_gen",
  "qps": 4,
  "turn1": {
    "count": 40,
    "avg_ttft_ms": 130.93548193573952,
    "avg_tpot_ms": 9.898564855741995,
    "avg_e2e_ms": 10257.1673293598,
    "p50_ttft_ms": 131.6409446299076,
    "p50_tpot_ms": 10.085536698689676,
    "p50_e2e_ms": 10439.755786210299,
    "p99_ttft_ms": 191.8342586234212,
    "p99_tpot_ms": 10.886946303382123,
    "p99_e2e_ms": 11266.052690967917
  },
  "turn2": {
    "count": 40,
    "avg_ttft_ms": 74.4594594463706,
    "avg_tpot_ms": 9.789971571196528,
    "avg_e2e_ms": 2570.9022101014853,
    "p50_ttft_ms": 64.62887674570084,
    "p50_tpot_ms": 9.349872288750667,
    "p50_e2e_ms": 2454.449923709035,
    "p99_ttft_ms": 157.14014504104853,
    "p99_tpot_ms": 11.58469220966685,
    "p99_e2e_ms": 3023.4377852082253
  },
  "average": {
    "count": 80,
    "avg_ttft_ms": 102.69747069105506,
    "avg_tpot_ms": 9.844268213469261,
    "avg_e2e_ms": 6414.034769730642,
    "p50_ttft_ms": 106.08643293380737,
    "p50_tpot_ms": 9.784302381893626,
    "p50_e2e_ms": 5685.850530862808,
    "p99_ttft_ms": 187.24838305264703,
    "p99_tpot_ms": 11.552977244351423,
    "p99_e2e_ms": 11259.97045122087
  },
  "throughput": {
    "requests_per_sec": 3.5498974108947356,
    "tokens_per_sec": 2271.934342972631
  },
  "success_rate": 100.0,
  "total_requests": 80,
  "failed_requests": 0,
  "duration_sec": 22.535862516611814,
  "timestamp": "2026-01-18T12:19:48.985900",
  "error": null
}