{
  "config": "2P_2pD",
  "workload": "large_mid_bal",
  "qps": 10,
  "turn1": {
    "count": 89,
    "avg_ttft_ms": 3420.431972094131,
    "avg_tpot_ms": 11.13380001816163,
    "avg_e2e_ms": 14810.309390673478,
    "p50_ttft_ms": 232.99552127718925,
    "p50_tpot_ms": 11.148714479550588,
    "p50_e2e_ms": 12243.262264877558,
    "p99_ttft_ms": 8109.332708418369,
    "p99_tpot_ms": 11.956953180558754,
    "p99_e2e_ms": 19421.00997135043
  },
  "turn2": {
    "count": 89,
    "avg_ttft_ms": 97.39362707968509,
    "avg_tpot_ms": 11.46447823067255,
    "avg_e2e_ms": 1553.3823623750986,
    "p50_ttft_ms": 86.93253621459007,
    "p50_tpot_ms": 11.719597488876403,
    "p50_e2e_ms": 1569.6645081043243,
    "p99_ttft_ms": 184.48155358433758,
    "p99_tpot_ms": 13.265410734443215,
    "p99_e2e_ms": 1775.9487131237984
  },
  "average": {
    "count": 178,
    "avg_ttft_ms": 1758.9127995869082,
    "avg_tpot_ms": 11.299139124417088,
    "avg_e2e_ms": 8181.845876524288,
    "p50_ttft_ms": 145.58424800634384,
    "p50_tpot_ms": 11.2008943039476,
    "p50_e2e_ms": 6188.483456149697,
    "p99_ttft_ms": 8098.606602028012,
    "p99_tpot_ms": 13.238115269309423,
    "p99_e2e_ms": 19402.452353201807
  },
  "throughput": {
    "requests_per_sec": 5.987903852059523,
    "tokens_per_sec": 3449.032618786285
  },
  "success_rate": 100.0,
  "total_requests": 178,
  "failed_requests": 0,
  "duration_sec": 29.72659621760249,
  "timestamp": "2026-01-18T12:47:04.823773",
  "error": null
}