{
  "config": "2P_2pD",
  "workload": "large_long_gen",
  "qps": 2,
  "turn1": {
    "count": 20,
    "avg_ttft_ms": 150.81186424940825,
    "avg_tpot_ms": 9.270205161555188,
    "avg_e2e_ms": 9634.231744520366,
    "p50_ttft_ms": 147.54562824964523,
    "p50_tpot_ms": 9.167048943575875,
    "p50_e2e_ms": 9528.635954484344,
    "p99_ttft_ms": 208.88907909393305,
    "p99_tpot_ms": 9.792627716038234,
    "p99_e2e_ms": 10215.885773785412
  },
  "turn2": {
    "count": 20,
    "avg_ttft_ms": 77.00514998286963,
    "avg_tpot_ms": 9.243459874898953,
    "avg_e2e_ms": 4800.413146056235,
    "p50_ttft_ms": 66.92333519458771,
    "p50_tpot_ms": 9.252487158734503,
    "p50_e2e_ms": 4785.959266126156,
    "p99_ttft_ms": 156.4467305317521,
    "p99_tpot_ms": 9.955389714579294,
    "p99_e2e_ms": 5154.792475812137
  },
  "average": {
    "count": 40,
    "avg_ttft_ms": 113.90850711613894,
    "avg_tpot_ms": 9.256832518227071,
    "avg_e2e_ms": 7217.3224452883005,
    "p50_ttft_ms": 137.14369758963585,
    "p50_tpot_ms": 9.207487197361617,
    "p50_e2e_ms": 7035.487066954374,
    "p99_ttft_ms": 201.72428786754605,
    "p99_tpot_ms": 9.947221603703825,
    "p99_e2e_ms": 10203.899076320231
  },
  "throughput": {
    "requests_per_sec": 1.692169907465625,
    "tokens_per_sec": 1299.5864889335999
  },
  "success_rate": 100.0,
  "total_requests": 40,
  "failed_requests": 0,
  "duration_sec": 23.638288225978613,
  "timestamp": "2026-01-18T12:25:15.464484",
  "error": null
}