{
  "config": "2P_2pD",
  "workload": "small_mid_paste",
  "qps": 12,
  "turn1": {
    "count": 108,
    "avg_ttft_ms": 117.0978128772091,
    "avg_tpot_ms": 9.363710495419788,
    "avg_e2e_ms": 1306.2890457955223,
    "p50_ttft_ms": 105.94773106276989,
    "p50_tpot_ms": 9.305202218843258,
    "p50_e2e_ms": 1296.2238993495703,
    "p99_ttft_ms": 215.5028404667972,
    "p99_tpot_ms": 10.339884339120445,
    "p99_e2e_ms": 1487.0171028003094
  },
  "turn2": {
    "count": 108,
    "avg_ttft_ms": 64.10797447380092,
    "avg_tpot_ms": 9.308528440343606,
    "avg_e2e_ms": 650.545266215448,
    "p50_ttft_ms": 47.65269532799721,
    "p50_tpot_ms": 9.208500651376589,
    "p50_e2e_ms": 634.8975710570812,
    "p99_ttft_ms": 200.36107633262873,
    "p99_tpot_ms": 10.867654393234897,
    "p99_e2e_ms": 837.995337843895
  },
  "average": {
    "count": 216,
    "avg_ttft_ms": 90.60289367550502,
    "avg_tpot_ms": 9.336119467881698,
    "avg_e2e_ms": 978.4171560054851,
    "p50_ttft_ms": 91.84053353965282,
    "p50_tpot_ms": 9.260623415154734,
    "p50_e2e_ms": 1008.3631705492735,
    "p99_ttft_ms": 209.79649070650333,
    "p99_tpot_ms": 10.839595418009493,
    "p99_e2e_ms": 1471.127438545227
  },
  "throughput": {
    "requests_per_sec": 18.4865021271841,
    "tokens_per_sec": 1774.7042042096737
  },
  "success_rate": 100.0,
  "total_requests": 216,
  "failed_requests": 0,
  "duration_sec": 11.684200640767813,
  "timestamp": "2026-01-18T12:09:36.634996",
  "error": null
}