{
  "config": "2P_2pD",
  "workload": "small_short_gen",
  "qps": 8,
  "turn1": {
    "count": 69,
    "avg_ttft_ms": 105.76822457538135,
    "avg_tpot_ms": 8.951687890516357,
    "avg_e2e_ms": 1242.6325866709585,
    "p50_ttft_ms": 101.50167346000671,
    "p50_tpot_ms": 8.965564730364507,
    "p50_e2e_ms": 1243.506945669651,
    "p99_ttft_ms": 184.56539243459676,
    "p99_tpot_ms": 9.488441272983401,
    "p99_e2e_ms": 1356.1767891049383
  },
  "turn2": {
    "count": 69,
    "avg_ttft_ms": 52.19735836853152,
    "avg_tpot_ms": 8.93825364023083,
    "avg_e2e_ms": 2331.4520366273928,
    "p50_ttft_ms": 35.27597710490227,
    "p50_tpot_ms": 9.006082763274511,
    "p50_e2e_ms": 2345.174115151167,
    "p99_ttft_ms": 136.8455991148947,
    "p99_tpot_ms": 9.264327977802239,
    "p99_e2e_ms": 2477.321397662163
  },
  "average": {
    "count": 138,
    "avg_ttft_ms": 78.98279147195643,
    "avg_tpot_ms": 8.944970765373593,
    "avg_e2e_ms": 1787.0423116491756,
    "p50_ttft_ms": 93.25455874204636,
    "p50_tpot_ms": 8.996041964118966,
    "p50_e2e_ms": 1728.2514311373234,
    "p99_ttft_ms": 168.6678877472877,
    "p99_tpot_ms": 9.439262860109956,
    "p99_e2e_ms": 2470.142727866769
  },
  "throughput": {
    "requests_per_sec": 10.402337931547738,
    "tokens_per_sec": 1997.2488828571654
  },
  "success_rate": 100.0,
  "total_requests": 138,
  "failed_requests": 0,
  "duration_sec": 13.266248501837254,
  "timestamp": "2026-01-18T11:55:36.664327",
  "error": null
}