{
  "config": "2P_2pD",
  "workload": "large_tiny",
  "qps": 1,
  "turn1": {
    "count": 7,
    "avg_ttft_ms": 140.2547854397978,
    "avg_tpot_ms": 8.1907868392598,
    "avg_e2e_ms": 8519.429722002575,
    "p50_ttft_ms": 137.32285797595978,
    "p50_tpot_ms": 8.184982858824007,
    "p50_e2e_ms": 8518.942948430777,
    "p99_ttft_ms": 156.20135962963104,
    "p99_tpot_ms": 8.297173370291294,
    "p99_e2e_ms": 8613.986402377486
  },
  "turn2": {
    "count": 7,
    "avg_ttft_ms": 59.94040731872831,
    "avg_tpot_ms": 8.298063298798924,
    "avg_e2e_ms": 317.18036958149503,
    "p50_ttft_ms": 63.42361867427826,
    "p50_tpot_ms": 8.365188274652727,
    "p50_e2e_ms": 320.0174793601036,
    "p99_ttft_ms": 68.26379455626011,
    "p99_tpot_ms": 8.61278488991722,
    "p99_e2e_ms": 334.05255049467087
  },
  "average": {
    "count": 14,
    "avg_ttft_ms": 100.09759637926307,
    "avg_tpot_ms": 8.244425069029365,
    "avg_e2e_ms": 4418.305045792034,
    "p50_ttft_ms": 96.89277969300747,
    "p50_tpot_ms": 8.210025971731715,
    "p50_e2e_ms": 4388.725120574236,
    "p99_ttft_ms": 155.60816451907158,
    "p99_tpot_ms": 8.610770792490051,
    "p99_e2e_ms": 8609.488691948354
  },
  "throughput": {
    "requests_per_sec": 0.7998833402410116,
    "tokens_per_sec": 422.3384036472541
  },
  "success_rate": 100.0,
  "total_requests": 14,
  "failed_requests": 0,
  "duration_sec": 17.502552304416895,
  "timestamp": "2026-01-18T12:14:23.131837",
  "error": null
}