{
  "config": "2P_2pD",
  "workload": "small_long_gen",
  "qps": 1,
  "turn1": {
    "count": 10,
    "avg_ttft_ms": 98.57812635600567,
    "avg_tpot_ms": 8.157165882390313,
    "avg_e2e_ms": 1134.5381934195757,
    "p50_ttft_ms": 99.75611791014671,
    "p50_tpot_ms": 8.175262125340971,
    "p50_e2e_ms": 1133.6923986673355,
    "p99_ttft_ms": 110.23180406540632,
    "p99_tpot_ms": 8.450573734117775,
    "p99_e2e_ms": 1172.8965201601386
  },
  "turn2": {
    "count": 10,
    "avg_ttft_ms": 38.02940659224987,
    "avg_tpot_ms": 8.231407597136124,
    "avg_e2e_ms": 4244.278688728809,
    "p50_ttft_ms": 33.73572416603565,
    "p50_tpot_ms": 8.279954110602109,
    "p50_e2e_ms": 4261.24244555831,
    "p99_ttft_ms": 82.0848922431469,
    "p99_tpot_ms": 8.411741807706901,
    "p99_e2e_ms": 4380.415925011039
  },
  "average": {
    "count": 20,
    "avg_ttft_ms": 68.30376647412777,
    "avg_tpot_ms": 8.19428673976322,
    "avg_e2e_ms": 2689.4084410741925,
    "p50_ttft_ms": 80.9649620205164,
    "p50_tpot_ms": 8.253882808607152,
    "p50_e2e_ms": 2635.6329564005136,
    "p99_ttft_ms": 110.0623968616128,
    "p99_tpot_ms": 8.45217398408191,
    "p99_e2e_ms": 4375.275795534253
  },
  "throughput": {
    "requests_per_sec": 1.8531207123853488,
    "tokens_per_sec": 592.9986279633116
  },
  "success_rate": 100.0,
  "total_requests": 20,
  "failed_requests": 0,
  "duration_sec": 10.792605072259903,
  "timestamp": "2026-01-18T11:57:02.812862",
  "error": null
}