{
  "config": "2P_2pD",
  "workload": "small_tiny",
  "qps": 8,
  "turn1": {
    "count": 80,
    "avg_ttft_ms": 98.501056432724,
    "avg_tpot_ms": 8.62025888893372,
    "avg_e2e_ms": 1193.2739353273064,
    "p50_ttft_ms": 95.01172229647636,
    "p50_tpot_ms": 8.613129843055733,
    "p50_e2e_ms": 1191.0264287143946,
    "p99_ttft_ms": 145.83196561783518,
    "p99_tpot_ms": 9.062600828648552,
    "p99_e2e_ms": 1285.9158381074667
  },
  "turn2": {
    "count": 80,
    "avg_ttft_ms": 44.86917261965573,
    "avg_tpot_ms": 8.618668872382372,
    "avg_e2e_ms": 312.04790766350925,
    "p50_ttft_ms": 33.80119241774082,
    "p50_tpot_ms": 8.594194607388589,
    "p50_e2e_ms": 302.56886407732964,
    "p99_ttft_ms": 137.90221985429505,
    "p99_tpot_ms": 9.280178281328368,
    "p99_e2e_ms": 414.59049280732853
  },
  "average": {
    "count": 160,
    "avg_ttft_ms": 71.68511452618986,
    "avg_tpot_ms": 8.619463880658046,
    "avg_e2e_ms": 752.6609214954078,
    "p50_ttft_ms": 85.94011142849922,
    "p50_tpot_ms": 8.60951053759744,
    "p50_e2e_ms": 778.5015776753426,
    "p99_ttft_ms": 146.20350364595643,
    "p99_tpot_ms": 9.173882190258272,
    "p99_e2e_ms": 1282.954632602632
  },
  "throughput": {
    "requests_per_sec": 14.426338768494883,
    "tokens_per_sec": 1154.1071014795907
  },
  "success_rate": 100.0,
  "total_requests": 160,
  "failed_requests": 0,
  "duration_sec": 11.090825092047453,
  "timestamp": "2026-01-18T11:53:36.649339",
  "error": null
}