{
  "config": "2P_2pD",
  "workload": "large_very_long_gen",
  "qps": 16,
  "turn1": {
    "count": 149,
    "avg_ttft_ms": 21254.104560053587,
    "avg_tpot_ms": 11.461579211439107,
    "avg_e2e_ms": 32979.30009335579,
    "p50_ttft_ms": 21156.734451651573,
    "p50_tpot_ms": 11.55594333948045,
    "p50_e2e_ms": 32869.875594973564,
    "p99_ttft_ms": 45093.57818603516,
    "p99_tpot_ms": 12.20503212332376,
    "p99_e2e_ms": 57106.34567514062
  },
  "turn2": {
    "count": 149,
    "avg_ttft_ms": 104.14488201073353,
    "avg_tpot_ms": 12.29491413727777,
    "avg_e2e_ms": 12681.842044445892,
    "p50_ttft_ms": 83.17650109529495,
    "p50_tpot_ms": 12.208470231685004,
    "p50_e2e_ms": 12615.658335387707,
    "p99_ttft_ms": 192.71466061472896,
    "p99_tpot_ms": 13.471626673450917,
    "p99_e2e_ms": 13928.007784485817
  },
  "average": {
    "count": 298,
    "avg_ttft_ms": 10679.124721032162,
    "avg_tpot_ms": 11.878246674358438,
    "avg_e2e_ms": 22830.571068900845,
    "p50_ttft_ms": 159.94908474385738,
    "p50_tpot_ms": 11.782707504469279,
    "p50_e2e_ms": 12978.717274963856,
    "p99_ttft_ms": 44727.11919892579,
    "p99_tpot_ms": 13.462333701157675,
    "p99_e2e_ms": 56688.844711072736
  },
  "throughput": {
    "requests_per_sec": 3.7819791883091876,
    "tokens_per_sec": 3872.746688828608
  },
  "success_rate": 100.0,
  "total_requests": 298,
  "failed_requests": 0,
  "duration_sec": 78.79472232982516,
  "timestamp": "2026-01-18T12:37:41.043697",
  "error": null
}