{
  "config": "2P_2pD",
  "workload": "large_short_gen",
  "qps": 12,
  "turn1": {
    "count": 109,
    "avg_ttft_ms": 6661.692782552964,
    "avg_tpot_ms": 11.207610359474462,
    "avg_e2e_ms": 18127.07818029534,
    "p50_ttft_ms": 8692.714754492044,
    "p50_tpot_ms": 11.360604508997525,
    "p50_e2e_ms": 20496.43049761653,
    "p99_ttft_ms": 20454.899405241013,
    "p99_tpot_ms": 12.139587354712472,
    "p99_e2e_ms": 30167.042696028948
  },
  "turn2": {
    "count": 108,
    "avg_ttft_ms": 103.81146437591977,
    "avg_tpot_ms": 11.594051193275483,
    "avg_e2e_ms": 3060.294518661168,
    "p50_ttft_ms": 84.46028456091881,
    "p50_tpot_ms": 11.764609799081203,
    "p50_e2e_ms": 3112.2574154287577,
    "p99_ttft_ms": 210.6763086467981,
    "p99_tpot_ms": 13.23049572227048,
    "p99_e2e_ms": 3518.9784057810903
  },
  "average": {
    "count": 217,
    "avg_ttft_ms": 3397.8624490823613,
    "avg_tpot_ms": 11.399940359707228,
    "avg_e2e_ms": 10628.402440864507,
    "p50_ttft_ms": 152.20731496810913,
    "p50_tpot_ms": 11.512447782188566,
    "p50_e2e_ms": 10134.41626727581,
    "p99_ttft_ms": 19947.29196086526,
    "p99_tpot_ms": 13.221437231582755,
    "p99_e2e_ms": 29950.28156042099
  },
  "throughput": {
    "requests_per_sec": 5.10213010646245,
    "tokens_per_sec": 3274.3919223335793
  },
  "success_rate": 99.54128440366972,
  "total_requests": 218,
  "failed_requests": 1,
  "duration_sec": 42.531255666166544,
  "timestamp": "2026-01-18T12:22:03.501806",
  "error": "Server disconnected"
}