{
  "config": "2P_2pD",
  "workload": "large_mid_bal",
  "qps": 4,
  "turn1": {
    "count": 37,
    "avg_ttft_ms": 148.065132768573,
    "avg_tpot_ms": 9.797850214152579,
    "avg_e2e_ms": 10171.26590184666,
    "p50_ttft_ms": 146.22893184423447,
    "p50_tpot_ms": 9.92220955903579,
    "p50_e2e_ms": 10296.649310737848,
    "p99_ttft_ms": 215.4118514060974,
    "p99_tpot_ms": 10.143011534260632,
    "p99_e2e_ms": 10498.916416019201
  },
  "turn2": {
    "count": 37,
    "avg_ttft_ms": 91.10300504678004,
    "avg_tpot_ms": 9.871460913590711,
    "avg_e2e_ms": 1344.7785410728004,
    "p50_ttft_ms": 72.18249514698982,
    "p50_tpot_ms": 9.920726317589677,
    "p50_e2e_ms": 1348.378747701645,
    "p99_ttft_ms": 175.88659167289734,
    "p99_tpot_ms": 10.994881261286773,
    "p99_e2e_ms": 1538.6423693597317
  },
  "average": {
    "count": 74,
    "avg_ttft_ms": 119.58406890767651,
    "avg_tpot_ms": 9.834655563871644,
    "avg_e2e_ms": 5758.022221459731,
    "p50_ttft_ms": 128.24335880577564,
    "p50_tpot_ms": 9.921467938312734,
    "p50_e2e_ms": 5552.9686361551285,
    "p99_ttft_ms": 215.2582624182105,
    "p99_tpot_ms": 10.992513047897909,
    "p99_e2e_ms": 10496.823172159493
  },
  "throughput": {
    "requests_per_sec": 3.549146298029717,
    "tokens_per_sec": 2044.308267665117
  },
  "success_rate": 100.0,
  "total_requests": 74,
  "failed_requests": 0,
  "duration_sec": 20.85008443892002,
  "timestamp": "2026-01-18T12:45:39.787622",
  "error": null
}