{
  "config": "2P_2pD",
  "workload": "large_tiny",
  "qps": 16,
  "turn1": {
    "count": 135,
    "avg_ttft_ms": 7795.406359185775,
    "avg_tpot_ms": 11.247014156873323,
    "avg_e2e_ms": 19301.101841667183,
    "p50_ttft_ms": 8606.977105140686,
    "p50_tpot_ms": 11.178697298261776,
    "p50_e2e_ms": 20076.33989676833,
    "p99_ttft_ms": 18119.804809316993,
    "p99_tpot_ms": 11.935056128984321,
    "p99_e2e_ms": 29278.14740099013
  },
  "turn2": {
    "count": 135,
    "avg_ttft_ms": 94.14604325537329,
    "avg_tpot_ms": 12.019713754401842,
    "avg_e2e_ms": 466.75716964183033,
    "p50_ttft_ms": 75.87499544024467,
    "p50_tpot_ms": 12.0618105415375,
    "p50_e2e_ms": 467.56476536393166,
    "p99_ttft_ms": 232.26252146065235,
    "p99_tpot_ms": 14.954497667570267,
    "p99_e2e_ms": 627.5035513192415
  },
  "average": {
    "count": 270,
    "avg_ttft_ms": 3944.7762012205744,
    "avg_tpot_ms": 11.63336395563758,
    "avg_e2e_ms": 9883.929505654507,
    "p50_ttft_ms": 147.83203043043613,
    "p50_tpot_ms": 11.442628486094703,
    "p50_e2e_ms": 5652.989590540528,
    "p99_ttft_ms": 18111.99885521084,
    "p99_tpot_ms": 14.88125768640349,
    "p99_e2e_ms": 29206.809341609478
  },
  "throughput": {
    "requests_per_sec": 6.895782230620123,
    "tokens_per_sec": 3640.973017767425
  },
  "success_rate": 100.0,
  "total_requests": 270,
  "failed_requests": 0,
  "duration_sec": 39.154368709772825,
  "timestamp": "2026-01-18T12:17:33.625740",
  "error": null
}