{
  "config": "2P_2pD",
  "workload": "small_tiny",
  "qps": 10,
  "turn1": {
    "count": 98,
    "avg_ttft_ms": 106.75539315811226,
    "avg_tpot_ms": 8.890628594699807,
    "avg_e2e_ms": 1235.8652246849877,
    "p50_ttft_ms": 101.4196015894413,
    "p50_tpot_ms": 8.771742026754252,
    "p50_e2e_ms": 1216.6797425597906,
    "p99_ttft_ms": 197.66612939536572,
    "p99_tpot_ms": 9.742283373777791,
    "p99_e2e_ms": 1363.270484469831
  },
  "turn2": {
    "count": 98,
    "avg_ttft_ms": 50.79678115339912,
    "avg_tpot_ms": 9.005368962501366,
    "avg_e2e_ms": 329.9632189909414,
    "p50_ttft_ms": 36.74940578639507,
    "p50_tpot_ms": 8.870782631058846,
    "p50_e2e_ms": 326.5507146716118,
    "p99_ttft_ms": 114.93179194629195,
    "p99_tpot_ms": 10.611675874360147,
    "p99_e2e_ms": 411.3119689375162
  },
  "average": {
    "count": 196,
    "avg_ttft_ms": 78.77608715575569,
    "avg_tpot_ms": 8.947998778600587,
    "avg_e2e_ms": 782.9142218379646,
    "p50_ttft_ms": 89.22812901437283,
    "p50_tpot_ms": 8.803274981149539,
    "p50_e2e_ms": 764.6106481552124,
    "p99_ttft_ms": 192.1136541292072,
    "p99_tpot_ms": 10.345049448792015,
    "p99_e2e_ms": 1355.4600154981017
  },
  "throughput": {
    "requests_per_sec": 17.236963110778177,
    "tokens_per_sec": 1378.9570488622542
  },
  "success_rate": 100.0,
  "total_requests": 196,
  "failed_requests": 0,
  "duration_sec": 11.370912540704012,
  "timestamp": "2026-01-18T11:53:48.073693",
  "error": null
}