{
  "config": "2P_2pD",
  "workload": "small_huge_paste",
  "qps": 1,
  "turn1": {
    "count": 10,
    "avg_ttft_ms": 106.09479546546936,
    "avg_tpot_ms": 7.9916631612252065,
    "avg_e2e_ms": 1121.0360169410706,
    "p50_ttft_ms": 106.12797737121582,
    "p50_tpot_ms": 7.901849401161426,
    "p50_e2e_ms": 1101.7280668020248,
    "p99_ttft_ms": 140.01628451049328,
    "p99_tpot_ms": 8.418281298336082,
    "p99_e2e_ms": 1187.7865460142493
  },
  "turn2": {
    "count": 10,
    "avg_ttft_ms": 61.515119299292564,
    "avg_tpot_ms": 8.301844375748788,
    "avg_e2e_ms": 318.872294947505,
    "p50_ttft_ms": 61.197614297270775,
    "p50_tpot_ms": 8.158578687617855,
    "p50_e2e_ms": 315.0868210941553,
    "p99_ttft_ms": 69.53672301024199,
    "p99_tpot_ms": 9.243379606594962,
    "p99_e2e_ms": 355.643222220242
  },
  "average": {
    "count": 20,
    "avg_ttft_ms": 83.80495738238096,
    "avg_tpot_ms": 8.146753768486999,
    "avg_e2e_ms": 719.9541559442878,
    "p50_ttft_ms": 77.96300202608109,
    "p50_tpot_ms": 7.981800393087627,
    "p50_e2e_ms": 721.6133214533329,
    "p99_ttft_ms": 138.2598481327295,
    "p99_tpot_ms": 9.217047199847237,
    "p99_e2e_ms": 1185.1268671825528
  },
  "throughput": {
    "requests_per_sec": 1.99399894729499,
    "tokens_per_sec": 159.5199157835992
  },
  "success_rate": 100.0,
  "total_requests": 20,
  "failed_requests": 0,
  "duration_sec": 10.03009556606412,
  "timestamp": "2026-01-18T12:12:16.595600",
  "error": null
}