{
  "config": "2P_2pD",
  "workload": "large_big_paste",
  "qps": 1,
  "turn1": {
    "count": 10,
    "avg_ttft_ms": 150.71188993752003,
    "avg_tpot_ms": 8.431048666146143,
    "avg_e2e_ms": 8775.674675405025,
    "p50_ttft_ms": 150.1788031309843,
    "p50_tpot_ms": 8.43911013135346,
    "p50_e2e_ms": 8779.97219376266,
    "p99_ttft_ms": 170.4788337647915,
    "p99_tpot_ms": 8.535485323391061,
    "p99_e2e_ms": 8878.9809435606
  },
  "turn2": {
    "count": 10,
    "avg_ttft_ms": 80.68017140030861,
    "avg_tpot_ms": 8.280822339039,
    "avg_e2e_ms": 602.3719787597656,
    "p50_ttft_ms": 80.95065876841545,
    "p50_tpot_ms": 8.189284789656835,
    "p50_e2e_ms": 590.8408649265766,
    "p99_ttft_ms": 147.18390475958586,
    "p99_tpot_ms": 9.034093870884844,
    "p99_e2e_ms": 690.64093824476
  },
  "average": {
    "count": 20,
    "avg_ttft_ms": 115.69603066891432,
    "avg_tpot_ms": 8.35593550259257,
    "avg_e2e_ms": 4689.023327082396,
    "p50_ttft_ms": 134.28708910942078,
    "p50_tpot_ms": 8.421552870950624,
    "p50_e2e_ms": 4641.836937516928,
    "p99_ttft_ms": 170.10744914412498,
    "p99_tpot_ms": 9.005292238342383,
    "p99_e2e_ms": 8878.620022535324
  },
  "throughput": {
    "requests_per_sec": 1.409407977030936,
    "tokens_per_sec": 766.7179395048292
  },
  "success_rate": 100.0,
  "total_requests": 20,
  "failed_requests": 0,
  "duration_sec": 14.190355330705643,
  "timestamp": "2026-01-18T12:54:51.751171",
  "error": null
}