{
  "config": "2P_2pD",
  "workload": "large_mid_bal",
  "qps": 2,
  "turn1": {
    "count": 17,
    "avg_ttft_ms": 146.02906432221917,
    "avg_tpot_ms": 8.918489157668565,
    "avg_e2e_ms": 9269.643472617163,
    "p50_ttft_ms": 143.8099890947342,
    "p50_tpot_ms": 8.858090119103183,
    "p50_e2e_ms": 9198.383819311857,
    "p99_ttft_ms": 184.3467354774475,
    "p99_tpot_ms": 9.164230519521505,
    "p99_e2e_ms": 9545.260660201311
  },
  "turn2": {
    "count": 17,
    "avg_ttft_ms": 72.25180548780105,
    "avg_tpot_ms": 8.935666528770689,
    "avg_e2e_ms": 1207.0814546416786,
    "p50_ttft_ms": 70.52500173449516,
    "p50_tpot_ms": 8.910609247881597,
    "p50_e2e_ms": 1196.1994878947735,
    "p99_ttft_ms": 156.07520699501038,
    "p99_tpot_ms": 9.927149091179915,
    "p99_e2e_ms": 1338.2294894754887
  },
  "average": {
    "count": 34,
    "avg_ttft_ms": 109.14043490501011,
    "avg_tpot_ms": 8.927077843219628,
    "avg_e2e_ms": 5238.362463629421,
    "p50_ttft_ms": 119.68330293893814,
    "p50_tpot_ms": 8.878162538350331,
    "p50_e2e_ms": 5164.596728980541,
    "p99_ttft_ms": 184.08325128257275,
    "p99_tpot_ms": 9.882017870646292,
    "p99_e2e_ms": 9540.401453077793
  },
  "throughput": {
    "requests_per_sec": 2.012937896228745,
    "tokens_per_sec": 1159.4522282277571
  },
  "success_rate": 100.0,
  "total_requests": 34,
  "failed_requests": 0,
  "duration_sec": 16.89073471352458,
  "timestamp": "2026-01-18T12:45:18.900104",
  "error": null
}