{
  "config": "2P_2pD",
  "workload": "small_small_bal",
  "qps": 2,
  "turn1": {
    "count": 20,
    "avg_ttft_ms": 95.71066070348024,
    "avg_tpot_ms": 8.209026434759455,
    "avg_e2e_ms": 1138.257017917931,
    "p50_ttft_ms": 93.07729452848434,
    "p50_tpot_ms": 8.198367270428363,
    "p50_e2e_ms": 1140.0011964142323,
    "p99_ttft_ms": 140.24357639253134,
    "p99_tpot_ms": 8.488857244530061,
    "p99_e2e_ms": 1172.568762935698
  },
  "turn2": {
    "count": 20,
    "avg_ttft_ms": 48.94133061170578,
    "avg_tpot_ms": 8.189295980310629,
    "avg_e2e_ms": 564.8669773712754,
    "p50_ttft_ms": 33.88665430247784,
    "p50_tpot_ms": 8.204091665527177,
    "p50_e2e_ms": 553.8494195789099,
    "p99_ttft_ms": 104.57852385938168,
    "p99_tpot_ms": 8.69392645796613,
    "p99_e2e_ms": 638.1816267222166
  },
  "average": {
    "count": 40,
    "avg_ttft_ms": 72.32599565759301,
    "avg_tpot_ms": 8.199161207535042,
    "avg_e2e_ms": 851.5619976446033,
    "p50_ttft_ms": 86.09168790280819,
    "p50_tpot_ms": 8.199782771557857,
    "p50_e2e_ms": 855.6465581059456,
    "p99_ttft_ms": 132.26326100528237,
    "p99_tpot_ms": 8.651278707834463,
    "p99_e2e_ms": 1171.428528316319
  },
  "throughput": {
    "requests_per_sec": 4.358514558558789,
    "tokens_per_sec": 418.4173976216437
  },
  "success_rate": 100.0,
  "total_requests": 40,
  "failed_requests": 0,
  "duration_sec": 9.177438657730818,
  "timestamp": "2026-01-18T12:04:55.930209",
  "error": null
}