{
  "config": "2P_2pD",
  "workload": "large_big_paste",
  "qps": 12,
  "turn1": {
    "count": 120,
    "avg_ttft_ms": 7118.8120493975775,
    "avg_tpot_ms": 11.385894117742756,
    "avg_e2e_ms": 18766.58173184842,
    "p50_ttft_ms": 8953.11407931149,
    "p50_tpot_ms": 11.409871808215904,
    "p50_e2e_ms": 20822.043258696795,
    "p99_ttft_ms": 19074.278013780713,
    "p99_tpot_ms": 12.162944411172486,
    "p99_e2e_ms": 29863.451349809766
  },
  "turn2": {
    "count": 120,
    "avg_ttft_ms": 213.33702253177762,
    "avg_tpot_ms": 12.406273439979902,
    "avg_e2e_ms": 994.9322492505113,
    "p50_ttft_ms": 96.91208600997925,
    "p50_tpot_ms": 12.670297116514236,
    "p50_e2e_ms": 906.356954947114,
    "p99_ttft_ms": 338.1520105898383,
    "p99_tpot_ms": 14.769090652938873,
    "p99_e2e_ms": 1236.2636604532602
  },
  "average": {
    "count": 240,
    "avg_ttft_ms": 3666.0745359646776,
    "avg_tpot_ms": 11.896083778861328,
    "avg_e2e_ms": 9880.756990549466,
    "p50_ttft_ms": 158.9207760989666,
    "p50_tpot_ms": 11.964700898113172,
    "p50_e2e_ms": 10866.198724135756,
    "p99_ttft_ms": 19006.39000095427,
    "p99_tpot_ms": 14.635797335751471,
    "p99_e2e_ms": 29796.755363978446
  },
  "throughput": {
    "requests_per_sec": 6.116924743213746,
    "tokens_per_sec": 3327.6070603082776
  },
  "success_rate": 100.0,
  "total_requests": 240,
  "failed_requests": 0,
  "duration_sec": 39.235401786863804,
  "timestamp": "2026-01-18T12:57:34.012433",
  "error": null
}