{
  "config": "2P_2pD",
  "workload": "small_big_paste",
  "qps": 12,
  "turn1": {
    "count": 104,
    "avg_ttft_ms": 111.91887104024107,
    "avg_tpot_ms": 9.856966110076113,
    "avg_e2e_ms": 1363.7535670199072,
    "p50_ttft_ms": 105.9168390929699,
    "p50_tpot_ms": 9.744689279184566,
    "p50_e2e_ms": 1342.4892462790012,
    "p99_ttft_ms": 171.9316777586937,
    "p99_tpot_ms": 11.466365098131924,
    "p99_e2e_ms": 1606.871928423643
  },
  "turn2": {
    "count": 104,
    "avg_ttft_ms": 74.17814222236092,
    "avg_tpot_ms": 9.817007298539227,
    "avg_e2e_ms": 692.6496020303323,
    "p50_ttft_ms": 61.62034906446934,
    "p50_tpot_ms": 9.80273350363686,
    "p50_e2e_ms": 683.7252546101809,
    "p99_ttft_ms": 194.6102427318692,
    "p99_tpot_ms": 11.672343927479925,
    "p99_e2e_ms": 857.0760427415371
  },
  "average": {
    "count": 208,
    "avg_ttft_ms": 93.048506631301,
    "avg_tpot_ms": 9.83698670430767,
    "avg_e2e_ms": 1028.2015845251199,
    "p50_ttft_ms": 90.28583206236362,
    "p50_tpot_ms": 9.753876211723004,
    "p50_e2e_ms": 1074.4021143764257,
    "p99_ttft_ms": 175.94234351068738,
    "p99_tpot_ms": 11.573436090818362,
    "p99_e2e_ms": 1594.146221652627
  },
  "throughput": {
    "requests_per_sec": 17.734204337489974,
    "tokens_per_sec": 1702.4836163990376
  },
  "success_rate": 100.0,
  "total_requests": 208,
  "failed_requests": 0,
  "duration_sec": 11.728747230023146,
  "timestamp": "2026-01-18T12:11:33.677045",
  "error": null
}