{
  "config": "2P_2pD",
  "workload": "large_huge_paste",
  "qps": 8,
  "turn1": {
    "count": 76,
    "avg_ttft_ms": 1572.818411465146,
    "avg_tpot_ms": 10.76695742682117,
    "avg_e2e_ms": 12587.415859103203,
    "p50_ttft_ms": 144.28712986409664,
    "p50_tpot_ms": 10.908268887334788,
    "p50_e2e_ms": 11653.235470876098,
    "p99_ttft_ms": 5396.682884544134,
    "p99_tpot_ms": 11.466722557628902,
    "p99_e2e_ms": 16473.171775229275
  },
  "turn2": {
    "count": 76,
    "avg_ttft_ms": 119.4740208356004,
    "avg_tpot_ms": 11.373729204698916,
    "avg_e2e_ms": 472.0596261812668,
    "p50_ttft_ms": 107.87106677889824,
    "p50_tpot_ms": 11.319126753557113,
    "p50_e2e_ms": 471.2779875844717,
    "p99_ttft_ms": 229.5968672260642,
    "p99_tpot_ms": 14.680158196678086,
    "p99_e2e_ms": 612.4749490991235
  },
  "average": {
    "count": 152,
    "avg_ttft_ms": 846.1462161503732,
    "avg_tpot_ms": 11.070343315760043,
    "avg_e2e_ms": 6529.7377426422345,
    "p50_ttft_ms": 118.4377670288086,
    "p50_tpot_ms": 11.005577127852515,
    "p50_e2e_ms": 4930.734308436513,
    "p99_ttft_ms": 5194.8049502819795,
    "p99_tpot_ms": 14.26249244761083,
    "p99_e2e_ms": 16402.919374145567
  },
  "throughput": {
    "requests_per_sec": 5.6482714182310465,
    "tokens_per_sec": 2982.2873088259926
  },
  "success_rate": 100.0,
  "total_requests": 152,
  "failed_requests": 0,
  "duration_sec": 26.910888083279133,
  "timestamp": "2026-01-18T13:01:22.895097",
  "error": null
}