{
  "config": "2P_2pD",
  "workload": "large_small_bal",
  "qps": 6,
  "turn1": {
    "count": 56,
    "avg_ttft_ms": 466.6566120992814,
    "avg_tpot_ms": 10.784473233567411,
    "avg_e2e_ms": 11499.172730038741,
    "p50_ttft_ms": 159.69274938106537,
    "p50_tpot_ms": 10.946901052651285,
    "p50_e2e_ms": 11434.29053761065,
    "p99_ttft_ms": 3424.352466873825,
    "p99_tpot_ms": 11.196694986299336,
    "p99_e2e_ms": 13841.71504508704
  },
  "turn2": {
    "count": 56,
    "avg_ttft_ms": 96.74566106072494,
    "avg_tpot_ms": 10.552937179685586,
    "avg_e2e_ms": 761.5807033809168,
    "p50_ttft_ms": 76.60006172955036,
    "p50_tpot_ms": 10.91344113506022,
    "p50_e2e_ms": 769.5132493972778,
    "p99_ttft_ms": 193.19785181432965,
    "p99_tpot_ms": 11.882935399337422,
    "p99_e2e_ms": 930.3849780932069
  },
  "average": {
    "count": 112,
    "avg_ttft_ms": 281.70113658000315,
    "avg_tpot_ms": 10.668705206626498,
    "avg_e2e_ms": 6130.3767167098285,
    "p50_ttft_ms": 144.4639153778553,
    "p50_tpot_ms": 10.946901052651285,
    "p50_e2e_ms": 5374.27432090044,
    "p99_ttft_ms": 3329.644768424332,
    "p99_tpot_ms": 11.877812138270764,
    "p99_e2e_ms": 13784.412816911936
  },
  "throughput": {
    "requests_per_sec": 4.6802981859687085,
    "tokens_per_sec": 2546.0822131669775
  },
  "success_rate": 100.0,
  "total_requests": 112,
  "failed_requests": 0,
  "duration_sec": 23.930099226534367,
  "timestamp": "2026-01-18T12:41:05.004254",
  "error": null
}