{
  "config": "2P_2pD",
  "workload": "large_short_gen",
  "qps": 16,
  "turn1": {
    "count": 160,
    "avg_ttft_ms": 14160.278429184109,
    "avg_tpot_ms": 11.315052906339869,
    "avg_e2e_ms": 25735.577552369796,
    "p50_ttft_ms": 12892.130434513092,
    "p50_tpot_ms": 11.646619844063752,
    "p50_e2e_ms": 25012.567615136504,
    "p99_ttft_ms": 36610.96090845764,
    "p99_tpot_ms": 12.235796648575647,
    "p99_e2e_ms": 46289.55940272659
  },
  "turn2": {
    "count": 160,
    "avg_ttft_ms": 99.96381727978587,
    "avg_tpot_ms": 12.050130842527484,
    "avg_e2e_ms": 3172.7471821242943,
    "p50_ttft_ms": 79.6267818659544,
    "p50_tpot_ms": 12.003831243982502,
    "p50_e2e_ms": 3162.387305870652,
    "p99_ttft_ms": 210.61718340963122,
    "p99_tpot_ms": 14.031403370201588,
    "p99_e2e_ms": 3690.2965028584003
  },
  "average": {
    "count": 320,
    "avg_ttft_ms": 7130.121123231947,
    "avg_tpot_ms": 11.682591874433678,
    "avg_e2e_ms": 14454.162367247045,
    "p50_ttft_ms": 161.94654256105423,
    "p50_tpot_ms": 11.731018644565477,
    "p50_e2e_ms": 7158.637447282672,
    "p99_ttft_ms": 36502.336077429354,
    "p99_tpot_ms": 13.862430929553275,
    "p99_e2e_ms": 45956.79512389004
  },
  "throughput": {
    "requests_per_sec": 5.526842199820932,
    "tokens_per_sec": 3537.1790078853965
  },
  "success_rate": 100.0,
  "total_requests": 320,
  "failed_requests": 0,
  "duration_sec": 57.89924670010805,
  "timestamp": "2026-01-18T12:23:01.438355",
  "error": null
}