{
  "config": "2P_2pD",
  "workload": "large_big_paste",
  "qps": 6,
  "turn1": {
    "count": 60,
    "avg_ttft_ms": 675.2305309598645,
    "avg_tpot_ms": 11.015055751996695,
    "avg_e2e_ms": 11943.632565252483,
    "p50_ttft_ms": 156.30951337516308,
    "p50_tpot_ms": 11.034190336120327,
    "p50_e2e_ms": 11695.872612297535,
    "p99_ttft_ms": 3579.6415615081787,
    "p99_tpot_ms": 12.106138226973988,
    "p99_e2e_ms": 14955.715232267976
  },
  "turn2": {
    "count": 60,
    "avg_ttft_ms": 109.0355562667052,
    "avg_tpot_ms": 11.115306803079509,
    "avg_e2e_ms": 809.2998848607143,
    "p50_ttft_ms": 93.77041272819042,
    "p50_tpot_ms": 11.02304213222057,
    "p50_e2e_ms": 786.4417899399996,
    "p99_ttft_ms": 209.78426970541472,
    "p99_tpot_ms": 14.933669264945717,
    "p99_e2e_ms": 1076.6263898834582
  },
  "average": {
    "count": 120,
    "avg_ttft_ms": 392.1330436132848,
    "avg_tpot_ms": 11.065181277538102,
    "avg_e2e_ms": 6376.466225056599,
    "p50_ttft_ms": 139.32138681411743,
    "p50_tpot_ms": 11.034190336120327,
    "p50_e2e_ms": 5390.260353684425,
    "p99_ttft_ms": 3559.390597268939,
    "p99_tpot_ms": 14.66028913678158,
    "p99_e2e_ms": 14906.631225831807
  },
  "throughput": {
    "requests_per_sec": 4.869832286926745,
    "tokens_per_sec": 2649.188764088149
  },
  "success_rate": 100.0,
  "total_requests": 120,
  "failed_requests": 0,
  "duration_sec": 24.64150568842888,
  "timestamp": "2026-01-18T12:55:55.274578",
  "error": null
}