{
  "config": "2P_2pD",
  "workload": "large_tiny",
  "qps": 20,
  "turn1": {
    "count": 164,
    "avg_ttft_ms": 10958.33411833226,
    "avg_tpot_ms": 11.396808270740255,
    "avg_e2e_ms": 22617.26897929954,
    "p50_ttft_ms": 9275.522697716951,
    "p50_tpot_ms": 11.420202325894802,
    "p50_e2e_ms": 20994.4334551692,
    "p99_ttft_ms": 28278.656006753445,
    "p99_tpot_ms": 12.91359361781869,
    "p99_e2e_ms": 38216.05647709221
  },
  "turn2": {
    "count": 163,
    "avg_ttft_ms": 94.68472557016678,
    "avg_tpot_ms": 12.190510945528445,
    "avg_e2e_ms": 472.5905648815486,
    "p50_ttft_ms": 80.50593361258507,
    "p50_tpot_ms": 12.224895459028982,
    "p50_e2e_ms": 466.4788395166397,
    "p99_ttft_ms": 224.2190717905759,
    "p99_tpot_ms": 16.885726269214384,
    "p99_e2e_ms": 704.918428584933
  },
  "average": {
    "count": 327,
    "avg_ttft_ms": 5543.120506649626,
    "avg_tpot_ms": 11.792445995481769,
    "avg_e2e_ms": 11578.790136638585,
    "p50_ttft_ms": 145.63940092921257,
    "p50_tpot_ms": 11.537330372592221,
    "p50_e2e_ms": 11001.819226890802,
    "p99_ttft_ms": 28207.00918197632,
    "p99_tpot_ms": 16.812611371278763,
    "p99_e2e_ms": 38079.171704128385
  },
  "throughput": {
    "requests_per_sec": 6.783991108816805,
    "tokens_per_sec": 3592.2373959444876
  },
  "success_rate": 99.6951219512195,
  "total_requests": 328,
  "failed_requests": 1,
  "duration_sec": 48.20171411707997,
  "timestamp": "2026-01-18T12:18:21.867357",
  "error": "Server disconnected"
}