{
  "config": "2P_2pD",
  "workload": "large_tiny",
  "qps": 0.5,
  "turn1": {
    "count": 5,
    "avg_ttft_ms": 128.0421867966652,
    "avg_tpot_ms": 8.168717848095143,
    "avg_e2e_ms": 8484.640545397997,
    "p50_ttft_ms": 132.4293240904808,
    "p50_tpot_ms": 8.232551542195408,
    "p50_e2e_ms": 8556.565210223198,
    "p99_ttft_ms": 134.6029633283615,
    "p99_tpot_ms": 8.265513728936279,
    "p99_e2e_ms": 8571.05491682887
  },
  "turn2": {
    "count": 5,
    "avg_ttft_ms": 98.05976897478104,
    "avg_tpot_ms": 8.100738640754454,
    "avg_e2e_ms": 349.1826668381691,
    "p50_ttft_ms": 64.47697058320045,
    "p50_tpot_ms": 8.136230130349436,
    "p50_e2e_ms": 312.82123178243637,
    "p99_ttft_ms": 156.85071051120758,
    "p99_tpot_ms": 8.215702488537758,
    "p99_e2e_ms": 411.16893231868744
  },
  "average": {
    "count": 10,
    "avg_ttft_ms": 113.05097788572311,
    "avg_tpot_ms": 8.134728244424798,
    "avg_e2e_ms": 4416.911606118083,
    "p50_ttft_ms": 128.8526002317667,
    "p50_tpot_ms": 8.171429857611656,
    "p50_e2e_ms": 4371.749879792333,
    "p99_ttft_ms": 156.75985533744097,
    "p99_tpot_ms": 8.264225370606601,
    "p99_e2e_ms": 8570.622080005705
  },
  "throughput": {
    "requests_per_sec": 0.6915630513767922,
    "tokens_per_sec": 365.1452911269463
  },
  "success_rate": 100.0,
  "total_requests": 10,
  "failed_requests": 0,
  "duration_sec": 14.45999750867486,
  "timestamp": "2026-01-18T12:14:05.589868",
  "error": null
}