{
  "config": "2P_2pD",
  "workload": "small_small_bal",
  "qps": 16,
  "turn1": {
    "count": 160,
    "avg_ttft_ms": 130.89468341786414,
    "avg_tpot_ms": 9.922679163896897,
    "avg_e2e_ms": 1391.07493723277,
    "p50_ttft_ms": 115.78240990638733,
    "p50_tpot_ms": 9.893791207413035,
    "p50_e2e_ms": 1381.2376949936152,
    "p99_ttft_ms": 276.6235214099288,
    "p99_tpot_ms": 11.535693459564776,
    "p99_e2e_ms": 1663.3144531399012
  },
  "turn2": {
    "count": 160,
    "avg_ttft_ms": 65.90602830983698,
    "avg_tpot_ms": 9.845161908084439,
    "avg_e2e_ms": 686.1512285191566,
    "p50_ttft_ms": 45.653002336621284,
    "p50_tpot_ms": 9.776727961642402,
    "p50_e2e_ms": 668.4664450585842,
    "p99_ttft_ms": 251.20594449341283,
    "p99_tpot_ms": 11.673946627785288,
    "p99_e2e_ms": 913.0843317508696
  },
  "average": {
    "count": 320,
    "avg_ttft_ms": 98.40035586385056,
    "avg_tpot_ms": 9.883920535990667,
    "avg_e2e_ms": 1038.6130828759633,
    "p50_ttft_ms": 97.54208102822304,
    "p50_tpot_ms": 9.845615586354619,
    "p50_e2e_ms": 1100.7513124495745,
    "p99_ttft_ms": 275.7331945002079,
    "p99_tpot_ms": 11.54078796183265,
    "p99_e2e_ms": 1647.5215712562203
  },
  "throughput": {
    "requests_per_sec": 29.34634046019694,
    "tokens_per_sec": 2817.2486841789064
  },
  "success_rate": 100.0,
  "total_requests": 320,
  "failed_requests": 0,
  "duration_sec": 10.90425569191575,
  "timestamp": "2026-01-18T12:06:01.922442",
  "error": null
}