{
  "config": "2P_2pD",
  "workload": "large_long_gen",
  "qps": 4,
  "turn1": {
    "count": 40,
    "avg_ttft_ms": 147.30717269703746,
    "avg_tpot_ms": 10.44521699072329,
    "avg_e2e_ms": 10832.764154206961,
    "p50_ttft_ms": 141.68421551585197,
    "p50_tpot_ms": 10.603919000759037,
    "p50_e2e_ms": 11008.777109906077,
    "p99_ttft_ms": 211.12414553761482,
    "p99_tpot_ms": 11.090524357762678,
    "p99_e2e_ms": 11481.053142510355
  },
  "turn2": {
    "count": 40,
    "avg_ttft_ms": 88.71921235695481,
    "avg_tpot_ms": 10.536542337628376,
    "avg_e2e_ms": 5472.892346885055,
    "p50_ttft_ms": 73.96135292947292,
    "p50_tpot_ms": 10.838606790320515,
    "p50_e2e_ms": 5661.47630289197,
    "p99_ttft_ms": 172.42328997701406,
    "p99_tpot_ms": 11.349179884692228,
    "p99_e2e_ms": 5909.807253032923
  },
  "average": {
    "count": 80,
    "avg_ttft_ms": 118.01319252699614,
    "avg_tpot_ms": 10.490879664175832,
    "avg_e2e_ms": 8152.828250546008,
    "p50_ttft_ms": 132.21723772585392,
    "p50_tpot_ms": 10.700457074833288,
    "p50_e2e_ms": 7853.73973660171,
    "p99_ttft_ms": 205.92610195279113,
    "p99_tpot_ms": 11.338471332874784,
    "p99_e2e_ms": 11477.8678002581
  },
  "throughput": {
    "requests_per_sec": 3.213053909113808,
    "tokens_per_sec": 2467.6254021994046
  },
  "success_rate": 100.0,
  "total_requests": 80,
  "failed_requests": 0,
  "duration_sec": 24.898430671542883,
  "timestamp": "2026-01-18T12:25:40.404890",
  "error": null
}