{
  "config": "2P_2pD",
  "workload": "large_tiny",
  "qps": 10,
  "turn1": {
    "count": 100,
    "avg_ttft_ms": 3731.2452061846852,
    "avg_tpot_ms": 11.190735919770667,
    "avg_e2e_ms": 15179.368052110076,
    "p50_ttft_ms": 3192.8970366716385,
    "p50_tpot_ms": 11.21825297323956,
    "p50_e2e_ms": 15025.893969461322,
    "p99_ttft_ms": 8417.646448723972,
    "p99_tpot_ms": 11.837259579235042,
    "p99_e2e_ms": 19740.263540893793
  },
  "turn2": {
    "count": 100,
    "avg_ttft_ms": 89.57978647202253,
    "avg_tpot_ms": 11.352029468023003,
    "avg_e2e_ms": 441.4926999807358,
    "p50_ttft_ms": 79.72190156579018,
    "p50_tpot_ms": 11.593742175929009,
    "p50_e2e_ms": 440.23845344781876,
    "p99_ttft_ms": 188.56358081102388,
    "p99_tpot_ms": 13.992652497704952,
    "p99_e2e_ms": 590.8151176571847
  },
  "average": {
    "count": 200,
    "avg_ttft_ms": 1910.4124963283539,
    "avg_tpot_ms": 11.271382693896838,
    "avg_e2e_ms": 7810.430376045406,
    "p50_ttft_ms": 138.71813379228115,
    "p50_tpot_ms": 11.320960770778992,
    "p50_e2e_ms": 5623.283717781305,
    "p99_ttft_ms": 8412.300699166954,
    "p99_tpot_ms": 13.6119132681239,
    "p99_e2e_ms": 19647.0666012913
  },
  "throughput": {
    "requests_per_sec": 6.791491047654365,
    "tokens_per_sec": 3585.9072731615042
  },
  "success_rate": 100.0,
  "total_requests": 200,
  "failed_requests": 0,
  "duration_sec": 29.44861424341798,
  "timestamp": "2026-01-18T12:16:19.813648",
  "error": null
}