{
  "config": "2P_2pD",
  "workload": "large_very_long_gen",
  "qps": 8,
  "turn1": {
    "count": 78,
    "avg_ttft_ms": 6587.460826604794,
    "avg_tpot_ms": 11.136727047903046,
    "avg_e2e_ms": 17980.33259660961,
    "p50_ttft_ms": 183.15653316676617,
    "p50_tpot_ms": 11.107702764117123,
    "p50_e2e_ms": 12209.256986156106,
    "p99_ttft_ms": 18653.65266505629,
    "p99_tpot_ms": 12.38202796915759,
    "p99_e2e_ms": 30866.888307593763
  },
  "turn2": {
    "count": 78,
    "avg_ttft_ms": 97.85970625204918,
    "avg_tpot_ms": 11.923092853165969,
    "avg_e2e_ms": 12295.183695040834,
    "p50_ttft_ms": 80.29209077358246,
    "p50_tpot_ms": 11.655472981891908,
    "p50_e2e_ms": 12025.35729855299,
    "p99_ttft_ms": 182.29138888418674,
    "p99_tpot_ms": 13.342524844523108,
    "p99_e2e_ms": 13805.782752782106
  },
  "average": {
    "count": 156,
    "avg_ttft_ms": 3342.660266428422,
    "avg_tpot_ms": 11.529909950534506,
    "avg_e2e_ms": 15137.75814582522,
    "p50_ttft_ms": 140.0164682418108,
    "p50_tpot_ms": 11.555336204558639,
    "p50_e2e_ms": 12031.229486688972,
    "p99_ttft_ms": 18600.881760381162,
    "p99_tpot_ms": 13.338855794200333,
    "p99_e2e_ms": 30813.872314617038
  },
  "throughput": {
    "requests_per_sec": 3.040987147415089,
    "tokens_per_sec": 3113.970838953051
  },
  "success_rate": 100.0,
  "total_requests": 156,
  "failed_requests": 0,
  "duration_sec": 51.29913164302707,
  "timestamp": "2026-01-18T12:34:19.608387",
  "error": null
}