{
  "config": "2P_2pD",
  "workload": "small_mid_bal",
  "qps": 6,
  "turn1": {
    "count": 51,
    "avg_ttft_ms": 111.22393162519325,
    "avg_tpot_ms": 8.65102207447177,
    "avg_e2e_ms": 1209.903735083108,
    "p50_ttft_ms": 107.29524493217468,
    "p50_tpot_ms": 8.690779896702354,
    "p50_e2e_ms": 1215.8587463200092,
    "p99_ttft_ms": 174.79365319013596,
    "p99_tpot_ms": 9.104209343396771,
    "p99_e2e_ms": 1301.6660325229168
  },
  "turn2": {
    "count": 51,
    "avg_ttft_ms": 58.49765095056272,
    "avg_tpot_ms": 8.665246480921454,
    "avg_e2e_ms": 1158.9839540275873,
    "p50_ttft_ms": 39.545297622680664,
    "p50_tpot_ms": 8.709123079467007,
    "p50_e2e_ms": 1155.2406959235668,
    "p99_ttft_ms": 128.7208627909422,
    "p99_tpot_ms": 9.197819479337827,
    "p99_e2e_ms": 1282.520916312933
  },
  "average": {
    "count": 102,
    "avg_ttft_ms": 84.86079128787799,
    "avg_tpot_ms": 8.658134277696611,
    "avg_e2e_ms": 1184.4438445553476,
    "p50_ttft_ms": 94.33109499514103,
    "p50_tpot_ms": 8.695338200044445,
    "p50_e2e_ms": 1184.658546000719,
    "p99_ttft_ms": 159.34956930577752,
    "p99_tpot_ms": 9.177821061507924,
    "p99_e2e_ms": 1300.4217475280166
  },
  "throughput": {
    "requests_per_sec": 8.798823384990461,
    "tokens_per_sec": 1126.249393278779
  },
  "success_rate": 100.0,
  "total_requests": 102,
  "failed_requests": 0,
  "duration_sec": 11.592459075152874,
  "timestamp": "2026-01-18T12:07:10.410380",
  "error": null
}