{
  "config": "2P_2pD",
  "workload": "large_huge_paste",
  "qps": 20,
  "turn1": {
    "count": 186,
    "avg_ttft_ms": 14262.11025291473,
    "avg_tpot_ms": 11.722384151233225,
    "avg_e2e_ms": 26254.109239626316,
    "p50_ttft_ms": 10947.04770296812,
    "p50_tpot_ms": 11.760100724133695,
    "p50_e2e_ms": 23266.072317957878,
    "p99_ttft_ms": 30970.051717199385,
    "p99_tpot_ms": 12.300762742983572,
    "p99_e2e_ms": 42418.67036316544
  },
  "turn2": {
    "count": 186,
    "avg_ttft_ms": 368.0492139831986,
    "avg_tpot_ms": 14.373193324733807,
    "avg_e2e_ms": 813.6182070499466,
    "p50_ttft_ms": 119.5030715316534,
    "p50_tpot_ms": 14.467712251409408,
    "p50_e2e_ms": 579.999228939414,
    "p99_ttft_ms": 2461.272077635006,
    "p99_tpot_ms": 19.273508201924063,
    "p99_e2e_ms": 2977.2515110672275
  },
  "average": {
    "count": 372,
    "avg_ttft_ms": 7315.079733448964,
    "avg_tpot_ms": 13.047788737983513,
    "avg_e2e_ms": 13533.86372333813,
    "p50_ttft_ms": 181.82328529655933,
    "p50_tpot_ms": 12.051206184068615,
    "p50_e2e_ms": 11307.625878602266,
    "p99_ttft_ms": 30944.50916428119,
    "p99_tpot_ms": 18.732408082052594,
    "p99_e2e_ms": 42392.168362401426
  },
  "throughput": {
    "requests_per_sec": 7.073069525140346,
    "tokens_per_sec": 3734.580709274103
  },
  "success_rate": 100.0,
  "total_requests": 372,
  "failed_requests": 0,
  "duration_sec": 52.59385598823428,
  "timestamp": "2026-01-18T13:04:03.673295",
  "error": null
}