{
  "config": "2P_2pD",
  "workload": "large_short_gen",
  "qps": 2,
  "turn1": {
    "count": 17,
    "avg_ttft_ms": 137.89357464103136,
    "avg_tpot_ms": 8.804607336777238,
    "avg_e2e_ms": 9145.006880164146,
    "p50_ttft_ms": 136.21659949421883,
    "p50_tpot_ms": 9.073652465439029,
    "p50_e2e_ms": 9450.864534825087,
    "p99_ttft_ms": 167.4116186797619,
    "p99_tpot_ms": 9.304705968933254,
    "p99_e2e_ms": 9649.345217645168
  },
  "turn2": {
    "count": 17,
    "avg_ttft_ms": 69.46437060832977,
    "avg_tpot_ms": 8.576366536516908,
    "avg_e2e_ms": 2256.437837420141,
    "p50_ttft_ms": 62.677495181560516,
    "p50_tpot_ms": 8.634896722494387,
    "p50_e2e_ms": 2286.4177338778973,
    "p99_ttft_ms": 132.89354503154755,
    "p99_tpot_ms": 9.557081113843356,
    "p99_e2e_ms": 2506.3607220351696
  },
  "average": {
    "count": 34,
    "avg_ttft_ms": 103.67897262468057,
    "avg_tpot_ms": 8.690486936647075,
    "avg_e2e_ms": 5700.7223587921435,
    "p50_ttft_ms": 115.52080139517784,
    "p50_tpot_ms": 8.72762381585363,
    "p50_e2e_ms": 5455.463400110602,
    "p99_ttft_ms": 166.2360219284892,
    "p99_tpot_ms": 9.514950437434749,
    "p99_e2e_ms": 9647.046711482108
  },
  "throughput": {
    "requests_per_sec": 1.5773910054435156,
    "tokens_per_sec": 1009.53024348385
  },
  "success_rate": 100.0,
  "total_requests": 34,
  "failed_requests": 0,
  "duration_sec": 21.554579608142376,
  "timestamp": "2026-01-18T12:19:26.408245",
  "error": null
}