{
  "config": "2P_2pD",
  "workload": "small_long_gen",
  "qps": 2,
  "turn1": {
    "count": 20,
    "avg_ttft_ms": 101.0928139090538,
    "avg_tpot_ms": 8.405515997428592,
    "avg_e2e_ms": 1168.5933455824852,
    "p50_ttft_ms": 98.71979802846909,
    "p50_tpot_ms": 8.501127098254331,
    "p50_e2e_ms": 1183.1621080636978,
    "p99_ttft_ms": 125.64334336668252,
    "p99_tpot_ms": 8.736424320854072,
    "p99_e2e_ms": 1208.751741759479
  },
  "turn2": {
    "count": 20,
    "avg_ttft_ms": 43.23960989713669,
    "avg_tpot_ms": 8.422468901555368,
    "avg_e2e_ms": 4347.1212185919285,
    "p50_ttft_ms": 33.58038701117039,
    "p50_tpot_ms": 8.45024031231548,
    "p50_e2e_ms": 4358.046067878604,
    "p99_ttft_ms": 100.61946995556355,
    "p99_tpot_ms": 8.61513385232064,
    "p99_e2e_ms": 4475.933314934373
  },
  "average": {
    "count": 40,
    "avg_ttft_ms": 72.16621190309525,
    "avg_tpot_ms": 8.41399244949198,
    "avg_e2e_ms": 2757.857282087207,
    "p50_ttft_ms": 91.16461500525475,
    "p50_tpot_ms": 8.486461319674657,
    "p50_e2e_ms": 2692.1446919441223,
    "p99_ttft_ms": 123.85575760155916,
    "p99_tpot_ms": 8.73257073390437,
    "p99_e2e_ms": 4467.264056280255
  },
  "throughput": {
    "requests_per_sec": 2.8360088896575317,
    "tokens_per_sec": 907.5228446904101
  },
  "success_rate": 100.0,
  "total_requests": 40,
  "failed_requests": 0,
  "duration_sec": 14.104328144341707,
  "timestamp": "2026-01-18T11:57:16.956606",
  "error": null
}