{
  "config": "2P_2pD",
  "workload": "large_very_long_gen",
  "qps": 2,
  "turn1": {
    "count": 20,
    "avg_ttft_ms": 139.79659117758274,
    "avg_tpot_ms": 8.858488908334328,
    "avg_e2e_ms": 9202.0307444036,
    "p50_ttft_ms": 133.9112836867571,
    "p50_tpot_ms": 8.918169523541064,
    "p50_e2e_ms": 9254.589047282934,
    "p99_ttft_ms": 185.3092524781823,
    "p99_tpot_ms": 9.521663198912133,
    "p99_e2e_ms": 9874.75369926542
  },
  "turn2": {
    "count": 20,
    "avg_ttft_ms": 75.20354241132736,
    "avg_tpot_ms": 9.370495051779182,
    "avg_e2e_ms": 9661.21998038143,
    "p50_ttft_ms": 65.27229957282543,
    "p50_tpot_ms": 9.414696827428898,
    "p50_e2e_ms": 9738.153858110309,
    "p99_ttft_ms": 160.93208242207763,
    "p99_tpot_ms": 9.799618459254765,
    "p99_e2e_ms": 10078.323382139206
  },
  "average": {
    "count": 40,
    "avg_ttft_ms": 107.50006679445505,
    "avg_tpot_ms": 9.114491980056755,
    "avg_e2e_ms": 9431.625362392515,
    "p50_ttft_ms": 126.96680799126625,
    "p50_tpot_ms": 9.092274814742169,
    "p50_e2e_ms": 9407.101359218359,
    "p99_ttft_ms": 181.73204321414232,
    "p99_tpot_ms": 9.798140907887722,
    "p99_e2e_ms": 10077.89580821991
  },
  "throughput": {
    "requests_per_sec": 1.4180765194586173,
    "tokens_per_sec": 1452.1103559256242
  },
  "success_rate": 100.0,
  "total_requests": 40,
  "failed_requests": 0,
  "duration_sec": 28.207222566008568,
  "timestamp": "2026-01-18T12:32:14.493730",
  "error": null
}