{
  "config": "2P_2pD",
  "workload": "large_mid_paste",
  "qps": 6,
  "turn1": {
    "count": 60,
    "avg_ttft_ms": 667.2037510201335,
    "avg_tpot_ms": 10.825469591446966,
    "avg_e2e_ms": 11741.65914307038,
    "p50_ttft_ms": 157.36562199890614,
    "p50_tpot_ms": 10.973098646860318,
    "p50_e2e_ms": 11537.904813885689,
    "p99_ttft_ms": 3613.3125875145197,
    "p99_tpot_ms": 11.394846074406935,
    "p99_e2e_ms": 14122.889524102211
  },
  "turn2": {
    "count": 60,
    "avg_ttft_ms": 100.3576161339879,
    "avg_tpot_ms": 10.663088037578202,
    "avg_e2e_ms": 772.1321625014147,
    "p50_ttft_ms": 82.21841789782047,
    "p50_tpot_ms": 10.905050687373631,
    "p50_e2e_ms": 779.6554677188396,
    "p99_ttft_ms": 202.31258735060675,
    "p99_tpot_ms": 12.75380157111656,
    "p99_e2e_ms": 909.7454890236259
  },
  "average": {
    "count": 120,
    "avg_ttft_ms": 383.7806835770607,
    "avg_tpot_ms": 10.744278814512581,
    "avg_e2e_ms": 6256.895652785897,
    "p50_ttft_ms": 142.07134395837784,
    "p50_tpot_ms": 10.952892685026834,
    "p50_e2e_ms": 5608.336629346013,
    "p99_ttft_ms": 3587.332304120064,
    "p99_tpot_ms": 12.522748523643093,
    "p99_e2e_ms": 14059.25548478961
  },
  "throughput": {
    "requests_per_sec": 4.884465986907488,
    "tokens_per_sec": 2657.1494968776733
  },
  "success_rate": 100.0,
  "total_requests": 120,
  "failed_requests": 0,
  "duration_sec": 24.567680545151234,
  "timestamp": "2026-01-18T12:51:14.858897",
  "error": null
}