{
  "config": "3P_1D",
  "workload": "small_tiny",
  "qps": 20,
  "turn1": {
    "count": 200,
    "avg_ttft_ms": 298.40640999376774,
    "avg_tpot_ms": 11.89054544941764,
    "avg_e2e_ms": 1808.5056820698082,
    "p50_ttft_ms": 210.71655489504337,
    "p50_tpot_ms": 11.99094555157376,
    "p50_e2e_ms": 1754.0568243712187,
    "p99_ttft_ms": 774.1282863914961,
    "p99_tpot_ms": 12.554715470535548,
    "p99_e2e_ms": 2344.901399463415
  },
  "turn2": {
    "count": 200,
    "avg_ttft_ms": 281.75441689789295,
    "avg_tpot_ms": 11.879863504680895,
    "avg_e2e_ms": 650.0301855430007,
    "p50_ttft_ms": 239.6927010267973,
    "p50_tpot_ms": 12.152867752217478,
    "p50_e2e_ms": 601.1545602232218,
    "p99_ttft_ms": 709.072352014482,
    "p99_tpot_ms": 12.840030640363693,
    "p99_e2e_ms": 1097.02792275697
  },
  "average": {
    "count": 400,
    "avg_ttft_ms": 290.08041344583035,
    "avg_tpot_ms": 11.88520447704927,
    "avg_e2e_ms": 1229.2679338064045,
    "p50_ttft_ms": 226.23691894114017,
    "p50_tpot_ms": 12.039265683612031,
    "p50_e2e_ms": 1226.1665482074022,
    "p99_ttft_ms": 749.6778348833321,
    "p99_tpot_ms": 12.824363597939092,
    "p99_e2e_ms": 2294.3393022194505
  },
  "throughput": {
    "requests_per_sec": 32.87012092942071,
    "tokens_per_sec": 2629.6096743536564
  },
  "success_rate": 100.0,
  "total_requests": 400,
  "failed_requests": 0,
  "duration_sec": 12.169106431305408,
  "timestamp": "2026-01-18T13:08:25.718675",
  "error": null
}