{
  "config": "3P_1D",
  "workload": "small_tiny",
  "qps": 12,
  "turn1": {
    "count": 113,
    "avg_ttft_ms": 150.72256053047897,
    "avg_tpot_ms": 10.196914377590312,
    "avg_e2e_ms": 1445.7306864844486,
    "p50_ttft_ms": 132.3261745274067,
    "p50_tpot_ms": 10.061452179912507,
    "p50_e2e_ms": 1426.1652044951916,
    "p99_ttft_ms": 326.0420572757719,
    "p99_tpot_ms": 11.226653684311964,
    "p99_e2e_ms": 1676.1876709759235
  },
  "turn2": {
    "count": 113,
    "avg_ttft_ms": 144.43689934184067,
    "avg_tpot_ms": 10.178419123019555,
    "avg_e2e_ms": 459.96789215544686,
    "p50_ttft_ms": 131.50368630886078,
    "p50_tpot_ms": 10.096248239278793,
    "p50_e2e_ms": 444.02532652020454,
    "p99_ttft_ms": 274.87130776047707,
    "p99_tpot_ms": 11.643876856373202,
    "p99_e2e_ms": 618.8835170865059
  },
  "average": {
    "count": 226,
    "avg_ttft_ms": 147.57972993615982,
    "avg_tpot_ms": 10.187666750304935,
    "avg_e2e_ms": 952.8492893199477,
    "p50_ttft_ms": 131.7037995904684,
    "p50_tpot_ms": 10.072807516691677,
    "p50_e2e_ms": 978.111332282424,
    "p99_ttft_ms": 311.7180820554495,
    "p99_tpot_ms": 11.625163046823394,
    "p99_e2e_ms": 1647.1399115398526
  },
  "throughput": {
    "requests_per_sec": 19.56091926630323,
    "tokens_per_sec": 1564.8735413042584
  },
  "success_rate": 100.0,
  "total_requests": 226,
  "failed_requests": 0,
  "duration_sec": 11.553649239242077,
  "timestamp": "2026-01-18T13:08:02.092801",
  "error": null
}