{
  "config": "3P_1D",
  "workload": "small_short_gen",
  "qps": 2,
  "turn1": {
    "count": 20,
    "avg_ttft_ms": 111.63675654679537,
    "avg_tpot_ms": 8.507957611614325,
    "avg_e2e_ms": 1192.1473732218146,
    "p50_ttft_ms": 113.36501687765121,
    "p50_tpot_ms": 8.560249699265,
    "p50_e2e_ms": 1199.661349877715,
    "p99_ttft_ms": 132.27904092520475,
    "p99_tpot_ms": 8.7992911727175,
    "p99_e2e_ms": 1241.204850524664
  },
  "turn2": {
    "count": 20,
    "avg_ttft_ms": 111.02230492979288,
    "avg_tpot_ms": 8.556098450778746,
    "avg_e2e_ms": 2292.827409878373,
    "p50_ttft_ms": 106.88257031142712,
    "p50_tpot_ms": 8.622888278435259,
    "p50_e2e_ms": 2317.367611452937,
    "p99_ttft_ms": 160.5712331831455,
    "p99_tpot_ms": 8.810450638041777,
    "p99_e2e_ms": 2388.2820796966553
  },
  "average": {
    "count": 40,
    "avg_ttft_ms": 111.32953073829412,
    "avg_tpot_ms": 8.532028031196536,
    "avg_e2e_ms": 1742.487391550094,
    "p50_ttft_ms": 109.33617316186428,
    "p50_tpot_ms": 8.58484945773747,
    "p50_e2e_ms": 1704.005802050233,
    "p99_ttft_ms": 154.6117968857288,
    "p99_tpot_ms": 8.813027726535502,
    "p99_e2e_ms": 2377.0525258779526
  },
  "throughput": {
    "requests_per_sec": 3.3373127582728714,
    "tokens_per_sec": 640.7640495883912
  },
  "success_rate": 100.0,
  "total_requests": 40,
  "failed_requests": 0,
  "duration_sec": 11.985691152513027,
  "timestamp": "2026-01-18T13:09:06.174290",
  "error": null
}