{
  "config": "3P_1D",
  "workload": "small_mid_paste",
  "qps": 20,
  "turn1": {
    "count": 200,
    "avg_ttft_ms": 718.8016054779291,
    "avg_tpot_ms": 12.197431030089227,
    "avg_e2e_ms": 2267.875346299261,
    "p50_ttft_ms": 603.9785034954548,
    "p50_tpot_ms": 12.3700408895654,
    "p50_e2e_ms": 2159.368373453617,
    "p99_ttft_ms": 1967.4178371578441,
    "p99_tpot_ms": 12.74409256640851,
    "p99_e2e_ms": 3456.8674117326727
  },
  "turn2": {
    "count": 200,
    "avg_ttft_ms": 295.3156107664108,
    "avg_tpot_ms": 12.124522338724798,
    "avg_e2e_ms": 1059.1605181060731,
    "p50_ttft_ms": 253.70124727487564,
    "p50_tpot_ms": 12.373176713784535,
    "p50_e2e_ms": 1018.2213615626097,
    "p99_ttft_ms": 1098.322669155894,
    "p99_tpot_ms": 13.018061231289591,
    "p99_e2e_ms": 1872.4285195395328
  },
  "average": {
    "count": 400,
    "avg_ttft_ms": 507.05860812216997,
    "avg_tpot_ms": 12.160976684407013,
    "avg_e2e_ms": 1663.517932202667,
    "p50_ttft_ms": 289.072223007679,
    "p50_tpot_ms": 12.370787487607302,
    "p50_e2e_ms": 1449.4544863700867,
    "p99_ttft_ms": 1924.6506596729157,
    "p99_tpot_ms": 12.999302714708305,
    "p99_e2e_ms": 3431.9531417265534
  },
  "throughput": {
    "requests_per_sec": 29.188283502999468,
    "tokens_per_sec": 2802.075216287949
  },
  "success_rate": 100.0,
  "total_requests": 400,
  "failed_requests": 0,
  "duration_sec": 13.704128917306662,
  "timestamp": "2026-01-18T13:25:38.926544",
  "error": null
}