{
  "config": "3P_1D",
  "workload": "large_short_gen",
  "qps": 2,
  "turn1": {
    "count": 17,
    "avg_ttft_ms": 152.58767346248908,
    "avg_tpot_ms": 9.339860673400684,
    "avg_e2e_ms": 9707.265142351389,
    "p50_ttft_ms": 147.8607803583145,
    "p50_tpot_ms": 9.446188071897419,
    "p50_e2e_ms": 9821.363162249327,
    "p99_ttft_ms": 210.8110971748829,
    "p99_tpot_ms": 9.49658021403664,
    "p99_e2e_ms": 9862.421214580536
  },
  "turn2": {
    "count": 17,
    "avg_ttft_ms": 132.23814526024987,
    "avg_tpot_ms": 8.964004189704115,
    "avg_e2e_ms": 2418.0592136347996,
    "p50_ttft_ms": 131.24097138643265,
    "p50_tpot_ms": 9.15171187005791,
    "p50_e2e_ms": 2455.6498266756535,
    "p99_ttft_ms": 156.31767392158508,
    "p99_tpot_ms": 9.629527545442768,
    "p99_e2e_ms": 2610.387565344572
  },
  "average": {
    "count": 34,
    "avg_ttft_ms": 142.41290936136946,
    "avg_tpot_ms": 9.1519324315524,
    "avg_e2e_ms": 6062.662177993094,
    "p50_ttft_ms": 140.37305861711502,
    "p50_tpot_ms": 9.272095823989195,
    "p50_e2e_ms": 5935.847321525216,
    "p99_ttft_ms": 203.09090893715629,
    "p99_tpot_ms": 9.628427211414365,
    "p99_e2e_ms": 9861.330562271178
  },
  "throughput": {
    "requests_per_sec": 1.5903112706002007,
    "tokens_per_sec": 1017.7992131841285
  },
  "success_rate": 100.0,
  "total_requests": 34,
  "failed_requests": 0,
  "duration_sec": 21.379462391138077,
  "timestamp": "2026-01-18T13:36:17.451066",
  "error": null
}