{
  "config": "3P_1D",
  "workload": "small_mid_bal",
  "qps": 0.5,
  "turn1": {
    "count": 1,
    "avg_ttft_ms": 112.64323070645332,
    "avg_tpot_ms": 7.868823573345274,
    "avg_e2e_ms": 1111.9838245213032,
    "p50_ttft_ms": 112.64323070645332,
    "p50_tpot_ms": 7.868823573345274,
    "p50_e2e_ms": 1111.9838245213032,
    "p99_ttft_ms": 112.64323070645332,
    "p99_tpot_ms": 7.868823573345274,
    "p99_e2e_ms": 1111.9838245213032
  },
  "turn2": {
    "count": 1,
    "avg_ttft_ms": 99.20185059309006,
    "avg_tpot_ms": 7.826988328629591,
    "avg_e2e_ms": 1093.2293683290482,
    "p50_ttft_ms": 99.20185059309006,
    "p50_tpot_ms": 7.826988328629591,
    "p50_e2e_ms": 1093.2293683290482,
    "p99_ttft_ms": 99.20185059309006,
    "p99_tpot_ms": 7.826988328629591,
    "p99_e2e_ms": 1093.2293683290482
  },
  "average": {
    "count": 2,
    "avg_ttft_ms": 105.92254064977169,
    "avg_tpot_ms": 7.847905950987433,
    "avg_e2e_ms": 1102.6065964251757,
    "p50_ttft_ms": 105.92254064977169,
    "p50_tpot_ms": 7.847905950987433,
    "p50_e2e_ms": 1102.6065964251757,
    "p99_ttft_ms": 112.50881690531969,
    "p99_tpot_ms": 7.868405220898118,
    "p99_e2e_ms": 1111.7962799593806
  },
  "throughput": {
    "requests_per_sec": 0.2155754878498391,
    "tokens_per_sec": 27.593662444779405
  },
  "success_rate": 100.0,
  "total_requests": 2,
  "failed_requests": 0,
  "duration_sec": 9.277492631226778,
  "timestamp": "2026-01-18T13:21:55.483270",
  "error": null
}