{
  "config": "3P_1D",
  "workload": "small_tiny",
  "qps": 6,
  "turn1": {
    "count": 60,
    "avg_ttft_ms": 127.58587673306465,
    "avg_tpot_ms": 9.522349005589492,
    "avg_e2e_ms": 1336.92420044293,
    "p50_ttft_ms": 113.91360312700272,
    "p50_tpot_ms": 9.691979677423717,
    "p50_e2e_ms": 1350.7076818495989,
    "p99_ttft_ms": 244.99887123703934,
    "p99_tpot_ms": 10.094098548485537,
    "p99_e2e_ms": 1468.2737109810112
  },
  "turn2": {
    "count": 60,
    "avg_ttft_ms": 121.09163639446099,
    "avg_tpot_ms": 9.480667909386977,
    "avg_e2e_ms": 414.9923415854573,
    "p50_ttft_ms": 117.15645343065262,
    "p50_tpot_ms": 9.561104279372,
    "p50_e2e_ms": 416.68975353240967,
    "p99_ttft_ms": 198.32778528332705,
    "p99_tpot_ms": 10.626112077265017,
    "p99_e2e_ms": 500.9542011097073
  },
  "average": {
    "count": 120,
    "avg_ttft_ms": 124.33875656376283,
    "avg_tpot_ms": 9.501508457488235,
    "avg_e2e_ms": 875.9582710141937,
    "p50_ttft_ms": 115.65993167459965,
    "p50_tpot_ms": 9.65160943978415,
    "p50_e2e_ms": 830.2450645714998,
    "p99_ttft_ms": 216.7045417055488,
    "p99_tpot_ms": 10.556217522150087,
    "p99_e2e_ms": 1451.6004640981555
  },
  "throughput": {
    "requests_per_sec": 11.775367589555193,
    "tokens_per_sec": 942.0294071644154
  },
  "success_rate": 100.0,
  "total_requests": 120,
  "failed_requests": 0,
  "duration_sec": 10.190764669328928,
  "timestamp": "2026-01-18T13:07:30.581414",
  "error": null
}