{
  "config": "3P_1D",
  "workload": "small_very_long_gen",
  "qps": 4,
  "turn1": {
    "count": 37,
    "avg_ttft_ms": 110.44569575303309,
    "avg_tpot_ms": 8.820514471150632,
    "avg_e2e_ms": 1230.6510335891633,
    "p50_ttft_ms": 100.49501061439514,
    "p50_tpot_ms": 8.795609184372143,
    "p50_e2e_ms": 1237.1233366429806,
    "p99_ttft_ms": 190.27418255805972,
    "p99_tpot_ms": 9.99679461473555,
    "p99_e2e_ms": 1425.9278033673763
  },
  "turn2": {
    "count": 37,
    "avg_ttft_ms": 106.66095999044342,
    "avg_tpot_ms": 9.334501841595577,
    "avg_e2e_ms": 9655.85634394272,
    "p50_ttft_ms": 102.14052349328995,
    "p50_tpot_ms": 9.408918800213003,
    "p50_e2e_ms": 9723.183210939169,
    "p99_ttft_ms": 165.14529600739482,
    "p99_tpot_ms": 9.537488971695756,
    "p99_e2e_ms": 9872.60414019227
  },
  "average": {
    "count": 74,
    "avg_ttft_ms": 108.55332787173825,
    "avg_tpot_ms": 9.077508156373105,
    "avg_e2e_ms": 5443.253688765942,
    "p50_ttft_ms": 101.5767939388752,
    "p50_tpot_ms": 9.285528689826805,
    "p50_e2e_ms": 5353.1062584370375,
    "p99_ttft_ms": 188.9878821000456,
    "p99_tpot_ms": 9.994919191253937,
    "p99_e2e_ms": 9872.233807258308
  },
  "throughput": {
    "requests_per_sec": 3.6451914354694748,
    "tokens_per_sec": 2099.6302668304174
  },
  "success_rate": 100.0,
  "total_requests": 74,
  "failed_requests": 0,
  "duration_sec": 20.300717070698738,
  "timestamp": "2026-01-18T13:15:35.511698",
  "error": null
}