{
  "config": "3P_1D",
  "workload": "small_huge_paste",
  "qps": 4,
  "turn1": {
    "count": 40,
    "avg_ttft_ms": 129.72018849104643,
    "avg_tpot_ms": 9.201631393635603,
    "avg_e2e_ms": 1298.3273754827678,
    "p50_ttft_ms": 117.34799854457378,
    "p50_tpot_ms": 9.39002737226918,
    "p50_e2e_ms": 1309.0006913989782,
    "p99_ttft_ms": 275.5676778778434,
    "p99_tpot_ms": 10.017277355797178,
    "p99_e2e_ms": 1515.9770538285375
  },
  "turn2": {
    "count": 40,
    "avg_ttft_ms": 167.9915185086429,
    "avg_tpot_ms": 9.344181169064777,
    "avg_e2e_ms": 457.66113474965096,
    "p50_ttft_ms": 150.96585638821125,
    "p50_tpot_ms": 9.333385875628842,
    "p50_e2e_ms": 440.1990305632353,
    "p99_ttft_ms": 304.90833546966314,
    "p99_tpot_ms": 10.70337696061019,
    "p99_e2e_ms": 633.4213060885668
  },
  "average": {
    "count": 80,
    "avg_ttft_ms": 148.85585349984467,
    "avg_tpot_ms": 9.272906281350188,
    "avg_e2e_ms": 877.9942551162094,
    "p50_ttft_ms": 141.9074870646,
    "p50_tpot_ms": 9.337407809554215,
    "p50_e2e_ms": 870.057012885809,
    "p99_ttft_ms": 300.6923693045973,
    "p99_tpot_ms": 10.63708924117588,
    "p99_e2e_ms": 1500.648239739239
  },
  "throughput": {
    "requests_per_sec": 8.231287911705877,
    "tokens_per_sec": 658.5030329364702
  },
  "success_rate": 100.0,
  "total_requests": 80,
  "failed_requests": 0,
  "duration_sec": 9.719013702124357,
  "timestamp": "2026-01-18T13:28:23.882178",
  "error": null
}