{
  "config": "3P_1D",
  "workload": "small_very_long_gen",
  "qps": 6,
  "turn1": {
    "count": 60,
    "avg_ttft_ms": 1192.233216824631,
    "avg_tpot_ms": 10.777445715849638,
    "avg_e2e_ms": 2560.968822737535,
    "p50_ttft_ms": 131.59261271357536,
    "p50_tpot_ms": 10.683891561439657,
    "p50_e2e_ms": 1505.3039323538542,
    "p99_ttft_ms": 6929.900671392679,
    "p99_tpot_ms": 12.705265929497132,
    "p99_e2e_ms": 8513.380635492504
  },
  "turn2": {
    "count": 60,
    "avg_ttft_ms": 126.61872866253059,
    "avg_tpot_ms": 11.433033381748679,
    "avg_e2e_ms": 11822.611878191432,
    "p50_ttft_ms": 125.92454068362713,
    "p50_tpot_ms": 11.701971183249679,
    "p50_e2e_ms": 12101.68275423348,
    "p99_ttft_ms": 178.31856302916992,
    "p99_tpot_ms": 12.084385922810432,
    "p99_e2e_ms": 12500.496678501368
  },
  "average": {
    "count": 120,
    "avg_ttft_ms": 659.4259727435807,
    "avg_tpot_ms": 11.10523954879916,
    "avg_e2e_ms": 7191.790350464483,
    "p50_ttft_ms": 127.58355215191841,
    "p50_tpot_ms": 11.672258238696866,
    "p50_e2e_ms": 9222.223058342934,
    "p99_ttft_ms": 6916.721550524235,
    "p99_tpot_ms": 12.691291644289269,
    "p99_e2e_ms": 12498.603786192834
  },
  "throughput": {
    "requests_per_sec": 4.641143887423865,
    "tokens_per_sec": 2673.298879156146
  },
  "success_rate": 100.0,
  "total_requests": 120,
  "failed_requests": 0,
  "duration_sec": 25.855694826692343,
  "timestamp": "2026-01-18T13:16:01.402719",
  "error": null
}