{
  "config": "3P_1D",
  "workload": "small_very_long_gen",
  "qps": 0.5,
  "turn1": {
    "count": 5,
    "avg_ttft_ms": 113.0091555416584,
    "avg_tpot_ms": 7.9962494922435186,
    "avg_e2e_ms": 1128.5328410565853,
    "p50_ttft_ms": 113.31372708082199,
    "p50_tpot_ms": 7.926843620426073,
    "p50_e2e_ms": 1130.2315220236778,
    "p99_ttft_ms": 124.4437424838543,
    "p99_tpot_ms": 8.208058408395512,
    "p99_e2e_ms": 1154.1589388251305
  },
  "turn2": {
    "count": 5,
    "avg_ttft_ms": 106.7504957318306,
    "avg_tpot_ms": 8.26974261992721,
    "avg_e2e_ms": 8566.697195917368,
    "p50_ttft_ms": 108.53761807084084,
    "p50_tpot_ms": 8.261703264299609,
    "p50_e2e_ms": 8560.844872146845,
    "p99_ttft_ms": 112.69636899232864,
    "p99_tpot_ms": 8.305786024498682,
    "p99_e2e_ms": 8603.350402265787
  },
  "average": {
    "count": 10,
    "avg_ttft_ms": 109.8798256367445,
    "avg_tpot_ms": 8.132996056085366,
    "avg_e2e_ms": 4847.615018486977,
    "p50_ttft_ms": 108.83002541959286,
    "p50_tpot_ms": 8.221600489133014,
    "p50_e2e_ms": 4843.868333846331,
    "p99_ttft_ms": 124.39575497061014,
    "p99_tpot_ms": 8.305701447481459,
    "p99_e2e_ms": 8602.91903860867
  },
  "throughput": {
    "requests_per_sec": 0.6650345058575639,
    "tokens_per_sec": 383.0598753739568
  },
  "success_rate": 100.0,
  "total_requests": 10,
  "failed_requests": 0,
  "duration_sec": 15.036813747137785,
  "timestamp": "2026-01-18T13:14:37.086168",
  "error": null
}