{
  "config": "3P_1D",
  "workload": "small_mid_bal",
  "qps": 2,
  "turn1": {
    "count": 20,
    "avg_ttft_ms": 101.2283906340599,
    "avg_tpot_ms": 8.388308601409902,
    "avg_e2e_ms": 1166.5435830131173,
    "p50_ttft_ms": 95.94382531940937,
    "p50_tpot_ms": 8.366286270613745,
    "p50_e2e_ms": 1156.8538155406713,
    "p99_ttft_ms": 142.24465046077964,
    "p99_tpot_ms": 8.759206270021716,
    "p99_e2e_ms": 1227.7555565163493
  },
  "turn2": {
    "count": 20,
    "avg_ttft_ms": 104.10772450268269,
    "avg_tpot_ms": 8.40186919929005,
    "avg_e2e_ms": 1171.145112812519,
    "p50_ttft_ms": 104.54703494906425,
    "p50_tpot_ms": 8.348176123823706,
    "p50_e2e_ms": 1163.0736701190472,
    "p99_ttft_ms": 128.0635740235448,
    "p99_tpot_ms": 8.789967896607449,
    "p99_e2e_ms": 1228.0404144153
  },
  "average": {
    "count": 40,
    "avg_ttft_ms": 102.6680575683713,
    "avg_tpot_ms": 8.395088900349975,
    "avg_e2e_ms": 1168.8443479128182,
    "p50_ttft_ms": 103.34581322968006,
    "p50_tpot_ms": 8.353322157709616,
    "p50_e2e_ms": 1161.125771701336,
    "p99_ttft_ms": 139.67943720519543,
    "p99_tpot_ms": 8.786757122578583,
    "p99_e2e_ms": 1228.6325814202428
  },
  "throughput": {
    "requests_per_sec": 3.2644379804266443,
    "tokens_per_sec": 417.8480614946105
  },
  "success_rate": 100.0,
  "total_requests": 40,
  "failed_requests": 0,
  "duration_sec": 12.253257755190134,
  "timestamp": "2026-01-18T13:22:19.426995",
  "error": null
}