{
  "config": "3P_1D",
  "workload": "small_long_gen",
  "qps": 12,
  "turn1": {
    "count": 113,
    "avg_ttft_ms": 2326.623276535389,
    "avg_tpot_ms": 11.67835640265388,
    "avg_e2e_ms": 3809.7745396724317,
    "p50_ttft_ms": 3085.989333689213,
    "p50_tpot_ms": 12.123807824737444,
    "p50_e2e_ms": 4633.8207349181175,
    "p99_ttft_ms": 7074.171774685383,
    "p99_tpot_ms": 12.745006735634616,
    "p99_e2e_ms": 8516.932134181261
  },
  "turn2": {
    "count": 113,
    "avg_ttft_ms": 142.33594832826503,
    "avg_tpot_ms": 11.5553617786831,
    "avg_e2e_ms": 6047.125817235328,
    "p50_ttft_ms": 135.9304003417492,
    "p50_tpot_ms": 11.865307265298474,
    "p50_e2e_ms": 6204.859420657158,
    "p99_ttft_ms": 233.27184230089185,
    "p99_tpot_ms": 12.262046526964397,
    "p99_e2e_ms": 6404.858994036913
  },
  "average": {
    "count": 226,
    "avg_ttft_ms": 1234.4796124318268,
    "avg_tpot_ms": 11.616859090668491,
    "avg_e2e_ms": 4928.45017845388,
    "p50_ttft_ms": 146.08478732407093,
    "p50_tpot_ms": 11.964338151792724,
    "p50_e2e_ms": 5733.91935415566,
    "p99_ttft_ms": 7043.191935867071,
    "p99_tpot_ms": 12.718473502442123,
    "p99_e2e_ms": 8485.96524167806
  },
  "throughput": {
    "requests_per_sec": 9.78537181133515,
    "tokens_per_sec": 3131.318979627248
  },
  "success_rate": 100.0,
  "total_requests": 226,
  "failed_requests": 0,
  "duration_sec": 23.095698799937963,
  "timestamp": "2026-01-18T13:13:12.655263",
  "error": null
}