{
  "config": "3P_1D",
  "workload": "small_short_gen",
  "qps": 4,
  "turn1": {
    "count": 40,
    "avg_ttft_ms": 117.34824236482382,
    "avg_tpot_ms": 9.44522472142469,
    "avg_e2e_ms": 1316.8917819857597,
    "p50_ttft_ms": 113.76828327775002,
    "p50_tpot_ms": 9.591275708764556,
    "p50_e2e_ms": 1340.487029403448,
    "p99_ttft_ms": 175.48358824104068,
    "p99_tpot_ms": 9.93381504233428,
    "p99_e2e_ms": 1402.9913490265608
  },
  "turn2": {
    "count": 40,
    "avg_ttft_ms": 111.68860448524356,
    "avg_tpot_ms": 9.493779694917155,
    "avg_e2e_ms": 2532.602426689118,
    "p50_ttft_ms": 109.37884636223316,
    "p50_tpot_ms": 9.674327272702666,
    "p50_e2e_ms": 2580.5219504982233,
    "p99_ttft_ms": 143.78393821418285,
    "p99_tpot_ms": 9.877007307959538,
    "p99_e2e_ms": 2645.1434513926506
  },
  "average": {
    "count": 80,
    "avg_ttft_ms": 114.51842342503369,
    "avg_tpot_ms": 9.469502208170923,
    "avg_e2e_ms": 1924.747104337439,
    "p50_ttft_ms": 111.42423748970032,
    "p50_tpot_ms": 9.629974654239142,
    "p50_e2e_ms": 1841.5011204779148,
    "p99_ttft_ms": 164.75292976945622,
    "p99_tpot_ms": 9.92514904324464,
    "p99_e2e_ms": 2644.317634999752
  },
  "throughput": {
    "requests_per_sec": 6.4970431383608185,
    "tokens_per_sec": 1247.432282565277
  },
  "success_rate": 100.0,
  "total_requests": 80,
  "failed_requests": 0,
  "duration_sec": 12.313293647021055,
  "timestamp": "2026-01-18T13:09:18.528107",
  "error": null
}