{
  "config": "3P_1D",
  "workload": "small_long_gen",
  "qps": 10,
  "turn1": {
    "count": 100,
    "avg_ttft_ms": 1652.8421577811241,
    "avg_tpot_ms": 11.633595018170949,
    "avg_e2e_ms": 3130.3087250888348,
    "p50_ttft_ms": 1383.6459461599588,
    "p50_tpot_ms": 12.04797094614487,
    "p50_e2e_ms": 2895.3702058643103,
    "p99_ttft_ms": 3741.145578213036,
    "p99_tpot_ms": 12.589183961605931,
    "p99_e2e_ms": 5311.701932400465
  },
  "turn2": {
    "count": 100,
    "avg_ttft_ms": 152.4508423730731,
    "avg_tpot_ms": 11.573502607133289,
    "avg_e2e_ms": 6066.510674618185,
    "p50_ttft_ms": 143.19707080721855,
    "p50_tpot_ms": 11.771891160399713,
    "p50_e2e_ms": 6174.64516684413,
    "p99_ttft_ms": 289.93219517171394,
    "p99_tpot_ms": 12.210473738858612,
    "p99_e2e_ms": 6380.537895932794
  },
  "average": {
    "count": 200,
    "avg_ttft_ms": 902.6465000770986,
    "avg_tpot_ms": 11.60354881265212,
    "avg_e2e_ms": 4598.40969985351,
    "p50_ttft_ms": 150.48637613654137,
    "p50_tpot_ms": 11.881695223907709,
    "p50_e2e_ms": 5432.487225160003,
    "p99_ttft_ms": 3698.1035139411683,
    "p99_tpot_ms": 12.578740064788052,
    "p99_e2e_ms": 6373.144950643182
  },
  "throughput": {
    "requests_per_sec": 10.243886869337976,
    "tokens_per_sec": 3278.0437981881523
  },
  "success_rate": 100.0,
  "total_requests": 200,
  "failed_requests": 0,
  "duration_sec": 19.523839198052883,
  "timestamp": "2026-01-18T13:12:49.518386",
  "error": null
}