{
  "config": "3P_1D",
  "workload": "small_short_gen",
  "qps": 16,
  "turn1": {
    "count": 160,
    "avg_ttft_ms": 2607.100104307756,
    "avg_tpot_ms": 12.032386652875955,
    "avg_e2e_ms": 4135.213209223002,
    "p50_ttft_ms": 2512.381449341774,
    "p50_tpot_ms": 12.268389758514608,
    "p50_e2e_ms": 4085.915934294462,
    "p99_ttft_ms": 6569.904196821153,
    "p99_tpot_ms": 12.980948502095197,
    "p99_e2e_ms": 7966.41766641289
  },
  "turn2": {
    "count": 160,
    "avg_ttft_ms": 169.9291872791946,
    "avg_tpot_ms": 11.922349276331564,
    "avg_e2e_ms": 3210.1282527437434,
    "p50_ttft_ms": 151.88122913241386,
    "p50_tpot_ms": 12.202360188844157,
    "p50_e2e_ms": 3273.9734277129173,
    "p99_ttft_ms": 355.3098550066352,
    "p99_tpot_ms": 12.628653762971654,
    "p99_e2e_ms": 3552.474603354931
  },
  "average": {
    "count": 320,
    "avg_ttft_ms": 1388.5146457934752,
    "avg_tpot_ms": 11.977367964603761,
    "avg_e2e_ms": 3672.670730983373,
    "p50_ttft_ms": 188.40956687927246,
    "p50_tpot_ms": 12.217951038159558,
    "p50_e2e_ms": 3314.054846763611,
    "p99_ttft_ms": 6560.284758284688,
    "p99_tpot_ms": 12.930062643772974,
    "p99_e2e_ms": 7933.177490234375
  },
  "throughput": {
    "requests_per_sec": 16.60018107024041,
    "tokens_per_sec": 3187.2347654861587
  },
  "success_rate": 100.0,
  "total_requests": 320,
  "failed_requests": 0,
  "duration_sec": 19.27689816430211,
  "timestamp": "2026-01-18T13:10:33.267252",
  "error": null
}