{
  "config": "3P_1D",
  "workload": "small_short_gen",
  "qps": 20,
  "turn1": {
    "count": 198,
    "avg_ttft_ms": 3868.79029369565,
    "avg_tpot_ms": 12.030675237946367,
    "avg_e2e_ms": 5396.6860489148385,
    "p50_ttft_ms": 2830.808836966753,
    "p50_tpot_ms": 12.189815964872443,
    "p50_e2e_ms": 4348.5065419226885,
    "p99_ttft_ms": 7895.126420967281,
    "p99_tpot_ms": 12.620887087555381,
    "p99_e2e_ms": 9444.536071270704
  },
  "turn2": {
    "count": 198,
    "avg_ttft_ms": 195.1007635304422,
    "avg_tpot_ms": 11.849567030937772,
    "avg_e2e_ms": 3216.7403564195743,
    "p50_ttft_ms": 164.8093331605196,
    "p50_tpot_ms": 12.063839001690638,
    "p50_e2e_ms": 3253.636121749878,
    "p99_ttft_ms": 428.0711615085602,
    "p99_tpot_ms": 12.301035223784401,
    "p99_e2e_ms": 3484.6445793658495
  },
  "average": {
    "count": 396,
    "avg_ttft_ms": 2031.945528613046,
    "avg_tpot_ms": 11.94012113444207,
    "avg_e2e_ms": 4306.713202667206,
    "p50_ttft_ms": 257.7873859554529,
    "p50_tpot_ms": 12.122305993940316,
    "p50_e2e_ms": 3302.9627203941345,
    "p99_ttft_ms": 7878.968256153166,
    "p99_tpot_ms": 12.484834032265221,
    "p99_e2e_ms": 9415.756935440004
  },
  "throughput": {
    "requests_per_sec": 17.972447763399366,
    "tokens_per_sec": 3450.7099705726787
  },
  "success_rate": 100.0,
  "total_requests": 396,
  "failed_requests": 0,
  "duration_sec": 22.033726580440998,
  "timestamp": "2026-01-18T13:10:55.343691",
  "error": null
}