{
  "config": "3P_1D",
  "workload": "small_small_bal",
  "qps": 10,
  "turn1": {
    "count": 100,
    "avg_ttft_ms": 156.48153372108936,
    "avg_tpot_ms": 10.522288687996511,
    "avg_e2e_ms": 1492.8121970966458,
    "p50_ttft_ms": 142.08453334867954,
    "p50_tpot_ms": 10.573905064013061,
    "p50_e2e_ms": 1487.253401428461,
    "p99_ttft_ms": 308.0896873399616,
    "p99_tpot_ms": 11.060203084150167,
    "p99_e2e_ms": 1649.174267537892
  },
  "turn2": {
    "count": 100,
    "avg_ttft_ms": 156.0227184742689,
    "avg_tpot_ms": 10.49436670269758,
    "avg_e2e_ms": 817.1678207442164,
    "p50_ttft_ms": 143.96303705871105,
    "p50_tpot_ms": 10.633363846748594,
    "p50_e2e_ms": 816.925747320056,
    "p99_ttft_ms": 288.9417439326646,
    "p99_tpot_ms": 11.422053194708294,
    "p99_e2e_ms": 985.8774471655489
  },
  "average": {
    "count": 200,
    "avg_ttft_ms": 156.25212609767914,
    "avg_tpot_ms": 10.508327695347043,
    "avg_e2e_ms": 1154.9900089204311,
    "p50_ttft_ms": 142.88169518113136,
    "p50_tpot_ms": 10.579505607759545,
    "p50_e2e_ms": 1183.3185851573944,
    "p99_ttft_ms": 308.0896873399615,
    "p99_tpot_ms": 11.35679186159183,
    "p99_e2e_ms": 1643.796961903572
  },
  "throughput": {
    "requests_per_sec": 18.518012250588527,
    "tokens_per_sec": 1777.7291760564985
  },
  "success_rate": 100.0,
  "total_requests": 200,
  "failed_requests": 0,
  "duration_sec": 10.800295263528824,
  "timestamp": "2026-01-18T13:21:03.667552",
  "error": null
}