{
  "config": "3P_1D",
  "workload": "small_mid_bal",
  "qps": 1,
  "turn1": {
    "count": 10,
    "avg_ttft_ms": 104.32104021310806,
    "avg_tpot_ms": 8.134178295144885,
    "avg_e2e_ms": 1137.3616836965084,
    "p50_ttft_ms": 104.23091240227222,
    "p50_tpot_ms": 8.134918258063436,
    "p50_e2e_ms": 1136.9569655507803,
    "p99_ttft_ms": 133.35994325578213,
    "p99_tpot_ms": 8.341918308727854,
    "p99_e2e_ms": 1166.054531186819
  },
  "turn2": {
    "count": 10,
    "avg_ttft_ms": 101.70102789998055,
    "avg_tpot_ms": 8.18264067583666,
    "avg_e2e_ms": 1140.8963937312365,
    "p50_ttft_ms": 93.9103253185749,
    "p50_tpot_ms": 8.182499249737095,
    "p50_e2e_ms": 1133.711103349924,
    "p99_ttft_ms": 162.38400634378195,
    "p99_tpot_ms": 8.348837078321637,
    "p99_e2e_ms": 1203.4908149018884
  },
  "average": {
    "count": 20,
    "avg_ttft_ms": 103.0110340565443,
    "avg_tpot_ms": 8.158409485490774,
    "avg_e2e_ms": 1139.1290387138724,
    "p50_ttft_ms": 95.18989734351635,
    "p50_tpot_ms": 8.17027620560541,
    "p50_e2e_ms": 1134.4554722309113,
    "p99_ttft_ms": 161.73770256340498,
    "p99_tpot_ms": 8.350672455519202,
    "p99_e2e_ms": 1200.5456667765975
  },
  "throughput": {
    "requests_per_sec": 1.7225067734174364,
    "tokens_per_sec": 220.48086699743186
  },
  "success_rate": 100.0,
  "total_requests": 20,
  "failed_requests": 0,
  "duration_sec": 11.610984820872545,
  "timestamp": "2026-01-18T13:22:07.133490",
  "error": null
}