{
  "config": "3P_1D",
  "workload": "large_tiny",
  "qps": 8,
  "turn1": {
    "count": 80,
    "avg_ttft_ms": 3699.1967996116728,
    "avg_tpot_ms": 13.584674435521123,
    "avg_e2e_ms": 17596.31874714978,
    "p50_ttft_ms": 185.580899938941,
    "p50_tpot_ms": 13.764269711888549,
    "p50_e2e_ms": 15226.463472470641,
    "p99_ttft_ms": 10091.483687013388,
    "p99_tpot_ms": 14.755076503714333,
    "p99_e2e_ms": 22750.293775983155
  },
  "turn2": {
    "count": 80,
    "avg_ttft_ms": 180.8077536523342,
    "avg_tpot_ms": 13.772203663604392,
    "avg_e2e_ms": 607.7460672240704,
    "p50_ttft_ms": 175.44643580913544,
    "p50_tpot_ms": 14.425956433819186,
    "p50_e2e_ms": 634.3496609479189,
    "p99_ttft_ms": 265.0692903622985,
    "p99_tpot_ms": 16.811031187253615,
    "p99_e2e_ms": 771.0794910416007
  },
  "average": {
    "count": 160,
    "avg_ttft_ms": 1940.0022766320035,
    "avg_tpot_ms": 13.678439049562758,
    "avg_e2e_ms": 9102.032407186925,
    "p50_ttft_ms": 179.0440622717142,
    "p50_tpot_ms": 13.795380643546174,
    "p50_e2e_ms": 7072.466462850571,
    "p99_ttft_ms": 10069.408889189363,
    "p99_tpot_ms": 16.74710807660895,
    "p99_e2e_ms": 22741.717641800642
  },
  "throughput": {
    "requests_per_sec": 5.03760395076968,
    "tokens_per_sec": 2659.8548860063906
  },
  "success_rate": 100.0,
  "total_requests": 160,
  "failed_requests": 0,
  "duration_sec": 31.761131197214127,
  "timestamp": "2026-01-18T13:31:53.895794",
  "error": null
}