{
  "config": "3P_1D",
  "workload": "small_very_long_gen",
  "qps": 10,
  "turn1": {
    "count": 97,
    "avg_ttft_ms": 4685.998424964468,
    "avg_tpot_ms": 11.7900356818488,
    "avg_e2e_ms": 6183.332956559265,
    "p50_ttft_ms": 209.0243212878704,
    "p50_tpot_ms": 11.990813875761559,
    "p50_e2e_ms": 1730.262529104948,
    "p99_ttft_ms": 10235.168403089045,
    "p99_tpot_ms": 13.23959915656743,
    "p99_e2e_ms": 11856.618800312279
  },
  "turn2": {
    "count": 97,
    "avg_ttft_ms": 141.68402932814715,
    "avg_tpot_ms": 12.080532141421246,
    "avg_e2e_ms": 12500.068410002079,
    "p50_ttft_ms": 135.43977960944176,
    "p50_tpot_ms": 12.094710422779924,
    "p50_e2e_ms": 12505.917131900787,
    "p99_ttft_ms": 220.43926790356633,
    "p99_tpot_ms": 12.560169854559158,
    "p99_e2e_ms": 13014.074148088694
  },
  "average": {
    "count": 194,
    "avg_ttft_ms": 2413.841227146307,
    "avg_tpot_ms": 11.935283911635024,
    "avg_e2e_ms": 9341.700683280673,
    "p50_ttft_ms": 142.0882921665907,
    "p50_tpot_ms": 12.035116985444958,
    "p50_e2e_ms": 11824.681304395199,
    "p99_ttft_ms": 10200.22371083498,
    "p99_tpot_ms": 13.229227995602635,
    "p99_e2e_ms": 13001.109591461718
  },
  "throughput": {
    "requests_per_sec": 5.951607982964638,
    "tokens_per_sec": 3428.1261981876314
  },
  "success_rate": 100.0,
  "total_requests": 194,
  "failed_requests": 0,
  "duration_sec": 32.596232909709215,
  "timestamp": "2026-01-18T13:17:04.447273",
  "error": null
}