{
  "config": "3P_1D",
  "workload": "large_tiny",
  "qps": 1,
  "turn1": {
    "count": 7,
    "avg_ttft_ms": 146.32041858775276,
    "avg_tpot_ms": 8.476864893523663,
    "avg_e2e_ms": 8818.15320466246,
    "p50_ttft_ms": 141.62389561533928,
    "p50_tpot_ms": 8.511434271858818,
    "p50_e2e_ms": 8851.296350359917,
    "p99_ttft_ms": 185.4844871908426,
    "p99_tpot_ms": 8.578063325040619,
    "p99_e2e_ms": 8960.260873958468
  },
  "turn2": {
    "count": 7,
    "avg_ttft_ms": 148.36560509034567,
    "avg_tpot_ms": 8.575639468596279,
    "avg_e2e_ms": 414.21042861683026,
    "p50_ttft_ms": 140.09017124772072,
    "p50_tpot_ms": 8.505318674349017,
    "p50_e2e_ms": 423.6488789319992,
    "p99_ttft_ms": 164.92864608764648,
    "p99_tpot_ms": 9.123475419417503,
    "p99_e2e_ms": 433.18927586078644
  },
  "average": {
    "count": 14,
    "avg_ttft_ms": 147.3430118390492,
    "avg_tpot_ms": 8.52625218105997,
    "avg_e2e_ms": 4616.181816639645,
    "p50_ttft_ms": 141.47264324128628,
    "p50_tpot_ms": 8.50861206038956,
    "p50_e2e_ms": 4508.663222193718,
    "p99_ttft_ms": 184.7297969833016,
    "p99_tpot_ms": 9.095965807716691,
    "p99_e2e_ms": 8956.833554767072
  },
  "throughput": {
    "requests_per_sec": 0.7634476033705387,
    "tokens_per_sec": 403.1003345796445
  },
  "success_rate": 100.0,
  "total_requests": 14,
  "failed_requests": 0,
  "duration_sec": 18.337866198271513,
  "timestamp": "2026-01-18T13:30:14.344399",
  "error": null
}