{
  "config": "3P_1D",
  "workload": "large_very_long_gen",
  "qps": 4,
  "turn1": {
    "count": 40,
    "avg_ttft_ms": 142.47251255437732,
    "avg_tpot_ms": 11.794315842968045,
    "avg_e2e_ms": 12208.057619910687,
    "p50_ttft_ms": 139.64883796870708,
    "p50_tpot_ms": 11.66396350294847,
    "p50_e2e_ms": 12080.923695117235,
    "p99_ttft_ms": 207.02438920736313,
    "p99_tpot_ms": 13.484024836637174,
    "p99_e2e_ms": 13933.178950101137
  },
  "turn2": {
    "count": 40,
    "avg_ttft_ms": 169.76935165002942,
    "avg_tpot_ms": 13.374819148164372,
    "avg_e2e_ms": 13852.20934022218,
    "p50_ttft_ms": 170.06714269518852,
    "p50_tpot_ms": 13.726084734352337,
    "p50_e2e_ms": 14233.617302030325,
    "p99_ttft_ms": 206.92742992192507,
    "p99_tpot_ms": 14.072627524935431,
    "p99_e2e_ms": 14542.734773308039
  },
  "average": {
    "count": 80,
    "avg_ttft_ms": 156.12093210220337,
    "avg_tpot_ms": 12.584567495566208,
    "avg_e2e_ms": 13030.133480066434,
    "p50_ttft_ms": 156.18253126740456,
    "p50_tpot_ms": 12.925440964461071,
    "p50_e2e_ms": 13395.001722499728,
    "p99_ttft_ms": 209.14030566811556,
    "p99_tpot_ms": 14.072003530434907,
    "p99_e2e_ms": 14541.276730448008
  },
  "throughput": {
    "requests_per_sec": 2.255995814687137,
    "tokens_per_sec": 2310.139714239628
  },
  "success_rate": 100.0,
  "total_requests": 80,
  "failed_requests": 0,
  "duration_sec": 35.46105869486928,
  "timestamp": "2026-01-18T15:54:58.011417",
  "error": null
}