{
  "config": "3P_1D",
  "workload": "small_huge_paste",
  "qps": 8,
  "turn1": {
    "count": 72,
    "avg_ttft_ms": 143.52280248163476,
    "avg_tpot_ms": 9.706730856979796,
    "avg_e2e_ms": 1376.2776213180687,
    "p50_ttft_ms": 130.29883988201618,
    "p50_tpot_ms": 9.770454648207492,
    "p50_e2e_ms": 1375.8196346461773,
    "p99_ttft_ms": 313.60658053308737,
    "p99_tpot_ms": 10.228607104284556,
    "p99_e2e_ms": 1553.4453302621841
  },
  "turn2": {
    "count": 72,
    "avg_ttft_ms": 170.20005313679576,
    "avg_tpot_ms": 9.7300039594292,
    "avg_e2e_ms": 471.830175879101,
    "p50_ttft_ms": 159.4424918293953,
    "p50_tpot_ms": 9.781877179780315,
    "p50_e2e_ms": 467.3917982727289,
    "p99_ttft_ms": 293.9933091402055,
    "p99_tpot_ms": 10.98886467636593,
    "p99_e2e_ms": 611.0889328271151
  },
  "average": {
    "count": 144,
    "avg_ttft_ms": 156.86142780921526,
    "avg_tpot_ms": 9.718367408204497,
    "avg_e2e_ms": 924.0538985985849,
    "p50_ttft_ms": 152.69742347300053,
    "p50_tpot_ms": 9.774768224484218,
    "p50_e2e_ms": 876.8309522420168,
    "p99_ttft_ms": 308.01761765033007,
    "p99_tpot_ms": 10.968376026759225,
    "p99_e2e_ms": 1535.6155700981615
  },
  "throughput": {
    "requests_per_sec": 12.21427904665644,
    "tokens_per_sec": 977.1423237325153
  },
  "success_rate": 100.0,
  "total_requests": 144,
  "failed_requests": 0,
  "duration_sec": 11.789480119943619,
  "timestamp": "2026-01-18T13:28:45.302815",
  "error": null
}