{
  "config": "3P_1D",
  "workload": "small_mid_bal",
  "qps": 4,
  "turn1": {
    "count": 40,
    "avg_ttft_ms": 113.93510336056352,
    "avg_tpot_ms": 9.234909406738488,
    "avg_e2e_ms": 1286.7685980163515,
    "p50_ttft_ms": 112.23801411688328,
    "p50_tpot_ms": 9.250838529523902,
    "p50_e2e_ms": 1285.9648112207651,
    "p99_ttft_ms": 162.39102765917778,
    "p99_tpot_ms": 9.706095676487825,
    "p99_e2e_ms": 1364.1376158595085
  },
  "turn2": {
    "count": 40,
    "avg_ttft_ms": 107.17841815203428,
    "avg_tpot_ms": 9.247177521016184,
    "avg_e2e_ms": 1281.5699633210897,
    "p50_ttft_ms": 106.48431442677975,
    "p50_tpot_ms": 9.297859744997474,
    "p50_e2e_ms": 1294.2816987633705,
    "p99_ttft_ms": 126.52559421956539,
    "p99_tpot_ms": 9.690330196318664,
    "p99_e2e_ms": 1355.8205576986074
  },
  "average": {
    "count": 80,
    "avg_ttft_ms": 110.5567607562989,
    "avg_tpot_ms": 9.241043463877336,
    "avg_e2e_ms": 1284.1692806687206,
    "p50_ttft_ms": 109.70561765134335,
    "p50_tpot_ms": 9.280149509587627,
    "p50_e2e_ms": 1288.2534358650446,
    "p99_ttft_ms": 157.93513938784594,
    "p99_tpot_ms": 9.696161783351673,
    "p99_e2e_ms": 1361.5919968485832
  },
  "throughput": {
    "requests_per_sec": 8.248110656103242,
    "tokens_per_sec": 1055.758163981215
  },
  "success_rate": 100.0,
  "total_requests": 80,
  "failed_requests": 0,
  "duration_sec": 9.69919092208147,
  "timestamp": "2026-01-18T13:22:29.165411",
  "error": null
}