{
  "config": "3P_1D",
  "workload": "small_mid_bal",
  "qps": 12,
  "turn1": {
    "count": 120,
    "avg_ttft_ms": 170.6584052182734,
    "avg_tpot_ms": 11.605486195788687,
    "avg_e2e_ms": 1644.5551520834367,
    "p50_ttft_ms": 153.21016311645508,
    "p50_tpot_ms": 11.416913061512737,
    "p50_e2e_ms": 1641.5121406316757,
    "p99_ttft_ms": 326.72225441783667,
    "p99_tpot_ms": 12.75949346502935,
    "p99_e2e_ms": 1898.2750437036157
  },
  "turn2": {
    "count": 120,
    "avg_ttft_ms": 164.9921384640038,
    "avg_tpot_ms": 11.537511448994318,
    "avg_e2e_ms": 1630.2560924862821,
    "p50_ttft_ms": 152.68385224044323,
    "p50_tpot_ms": 11.58539126590481,
    "p50_e2e_ms": 1644.0753526985645,
    "p99_ttft_ms": 314.0325404331088,
    "p99_tpot_ms": 12.744166108332282,
    "p99_e2e_ms": 1854.419088549912
  },
  "average": {
    "count": 240,
    "avg_ttft_ms": 167.8252718411386,
    "avg_tpot_ms": 11.571498822391503,
    "avg_e2e_ms": 1637.4056222848594,
    "p50_ttft_ms": 152.9884971678257,
    "p50_tpot_ms": 11.518814799001838,
    "p50_e2e_ms": 1642.8236402571201,
    "p99_ttft_ms": 325.76691489666695,
    "p99_tpot_ms": 12.75619074496932,
    "p99_e2e_ms": 1865.8309342712162
  },
  "throughput": {
    "requests_per_sec": 18.93177564786459,
    "tokens_per_sec": 2423.2672829266676
  },
  "success_rate": 100.0,
  "total_requests": 240,
  "failed_requests": 0,
  "duration_sec": 12.67709930986166,
  "timestamp": "2026-01-18T13:23:18.210771",
  "error": null
}