{
  "config": "3P_1D",
  "workload": "small_big_paste",
  "qps": 1,
  "turn1": {
    "count": 10,
    "avg_ttft_ms": 104.48645763099194,
    "avg_tpot_ms": 7.95871148135249,
    "avg_e2e_ms": 1115.2428157627583,
    "p50_ttft_ms": 104.96999323368073,
    "p50_tpot_ms": 7.961099454033093,
    "p50_e2e_ms": 1113.2507529109716,
    "p99_ttft_ms": 124.64232038706541,
    "p99_tpot_ms": 8.159675386066981,
    "p99_e2e_ms": 1140.9096525982022
  },
  "turn2": {
    "count": 10,
    "avg_ttft_ms": 141.0001415759325,
    "avg_tpot_ms": 8.078611216374807,
    "avg_e2e_ms": 649.9526482075453,
    "p50_ttft_ms": 141.3468848913908,
    "p50_tpot_ms": 8.108111541895639,
    "p50_e2e_ms": 646.3926974684,
    "p99_ttft_ms": 151.69520176947117,
    "p99_tpot_ms": 8.208488613248816,
    "p99_e2e_ms": 668.360572680831
  },
  "average": {
    "count": 20,
    "avg_ttft_ms": 122.74329960346222,
    "avg_tpot_ms": 8.018661348863649,
    "avg_e2e_ms": 882.5977319851518,
    "p50_ttft_ms": 127.42604687809944,
    "p50_tpot_ms": 8.016229472256367,
    "p50_e2e_ms": 879.3258052319288,
    "p99_ttft_ms": 151.50006137788296,
    "p99_tpot_ms": 8.20566857440604,
    "p99_e2e_ms": 1140.8330103382468
  },
  "throughput": {
    "requests_per_sec": 1.7712342808342465,
    "tokens_per_sec": 170.03849096008767
  },
  "success_rate": 100.0,
  "total_requests": 20,
  "failed_requests": 0,
  "duration_sec": 11.291561041027308,
  "timestamp": "2026-01-18T13:26:04.640032",
  "error": null
}