{
  "config": "3P_1D",
  "workload": "small_mid_paste",
  "qps": 12,
  "turn1": {
    "count": 115,
    "avg_ttft_ms": 163.9739023602527,
    "avg_tpot_ms": 10.814564354215246,
    "avg_e2e_ms": 1537.4235753455887,
    "p50_ttft_ms": 146.8527689576149,
    "p50_tpot_ms": 10.998190974626015,
    "p50_e2e_ms": 1553.017646074295,
    "p99_ttft_ms": 371.94372646510595,
    "p99_tpot_ms": 11.609796150697496,
    "p99_e2e_ms": 1837.1605778485537
  },
  "turn2": {
    "count": 115,
    "avg_ttft_ms": 170.43976362632668,
    "avg_tpot_ms": 10.797031346664827,
    "avg_e2e_ms": 850.652738466211,
    "p50_ttft_ms": 147.58268371224403,
    "p50_tpot_ms": 11.012237932946947,
    "p50_e2e_ms": 843.5174562036991,
    "p99_ttft_ms": 365.80855593085283,
    "p99_tpot_ms": 11.883557007189781,
    "p99_e2e_ms": 1076.9017481058836
  },
  "average": {
    "count": 230,
    "avg_ttft_ms": 167.2068329932897,
    "avg_tpot_ms": 10.805797850440037,
    "avg_e2e_ms": 1194.0381569058998,
    "p50_ttft_ms": 147.26066030561924,
    "p50_tpot_ms": 11.01112300677905,
    "p50_e2e_ms": 1157.7334012836218,
    "p99_ttft_ms": 374.85375236719847,
    "p99_tpot_ms": 11.860826586092275,
    "p99_e2e_ms": 1776.1828439310198
  },
  "throughput": {
    "requests_per_sec": 19.38317104586997,
    "tokens_per_sec": 1860.784420403517
  },
  "success_rate": 100.0,
  "total_requests": 230,
  "failed_requests": 0,
  "duration_sec": 11.865963492542505,
  "timestamp": "2026-01-18T13:25:13.246553",
  "error": null
}