{
  "config": "3P_1D",
  "workload": "small_small_bal",
  "qps": 1,
  "turn1": {
    "count": 8,
    "avg_ttft_ms": 98.17761182785034,
    "avg_tpot_ms": 7.965915513730893,
    "avg_e2e_ms": 1109.8488820716739,
    "p50_ttft_ms": 95.60045599937439,
    "p50_tpot_ms": 7.9846937854693625,
    "p50_e2e_ms": 1108.7883692234755,
    "p99_ttft_ms": 112.04389784485102,
    "p99_tpot_ms": 8.076703014864227,
    "p99_e2e_ms": 1119.5279947668314
  },
  "turn2": {
    "count": 8,
    "avg_ttft_ms": 101.53407976031303,
    "avg_tpot_ms": 7.998626050908888,
    "avg_e2e_ms": 605.4475209675729,
    "p50_ttft_ms": 100.06097331643105,
    "p50_tpot_ms": 7.984511997728121,
    "p50_e2e_ms": 601.1101603507996,
    "p99_ttft_ms": 117.65442304313183,
    "p99_tpot_ms": 8.188807836600711,
    "p99_e2e_ms": 623.0470725893974
  },
  "average": {
    "count": 16,
    "avg_ttft_ms": 99.85584579408169,
    "avg_tpot_ms": 7.982270782319891,
    "avg_e2e_ms": 857.6482015196234,
    "p50_ttft_ms": 98.39827939867973,
    "p50_tpot_ms": 7.984511997728121,
    "p50_e2e_ms": 863.5995294898748,
    "p99_ttft_ms": 117.53291431814432,
    "p99_tpot_ms": 8.179851195199603,
    "p99_e2e_ms": 1119.068280234933
  },
  "throughput": {
    "requests_per_sec": 1.4669017640950128,
    "tokens_per_sec": 140.82256935312125
  },
  "success_rate": 100.0,
  "total_requests": 16,
  "failed_requests": 0,
  "duration_sec": 10.907342530786991,
  "timestamp": "2026-01-18T13:20:07.991795",
  "error": null
}