{
  "config": "3P_1D",
  "workload": "small_short_gen",
  "qps": 12,
  "turn1": {
    "count": 108,
    "avg_ttft_ms": 429.26847062039155,
    "avg_tpot_ms": 11.613925711432953,
    "avg_e2e_ms": 1904.2370359723766,
    "p50_ttft_ms": 244.95897069573402,
    "p50_tpot_ms": 12.016219196943787,
    "p50_e2e_ms": 1743.046622723341,
    "p99_ttft_ms": 1332.9448682814837,
    "p99_tpot_ms": 12.487954578003075,
    "p99_e2e_ms": 2911.3450168445706
  },
  "turn2": {
    "count": 108,
    "avg_ttft_ms": 175.1222530103944,
    "avg_tpot_ms": 11.56289807440322,
    "avg_e2e_ms": 3123.661261983216,
    "p50_ttft_ms": 152.3044239729643,
    "p50_tpot_ms": 11.99533056248637,
    "p50_e2e_ms": 3223.1137063354254,
    "p99_ttft_ms": 406.2280612066385,
    "p99_tpot_ms": 12.542254181907458,
    "p99_e2e_ms": 3485.5624169483776
  },
  "average": {
    "count": 216,
    "avg_ttft_ms": 302.19536181539297,
    "avg_tpot_ms": 11.588411892918089,
    "avg_e2e_ms": 2513.949148977796,
    "p50_ttft_ms": 166.59146547317505,
    "p50_tpot_ms": 12.014960488817824,
    "p50_e2e_ms": 2626.4611706137657,
    "p99_ttft_ms": 1319.3235119804738,
    "p99_tpot_ms": 12.541964368931218,
    "p99_e2e_ms": 3441.279775649309
  },
  "throughput": {
    "requests_per_sec": 15.042080923744367,
    "tokens_per_sec": 2888.0795373589185
  },
  "success_rate": 100.0,
  "total_requests": 216,
  "failed_requests": 0,
  "duration_sec": 14.359715327620506,
  "timestamp": "2026-01-18T13:10:13.947335",
  "error": null
}