{
  "config": "3P_1D",
  "workload": "small_long_gen",
  "qps": 16,
  "turn1": {
    "count": 160,
    "avg_ttft_ms": 6224.771085288376,
    "avg_tpot_ms": 12.090448747337685,
    "avg_e2e_ms": 7760.258076200262,
    "p50_ttft_ms": 5592.476565390825,
    "p50_tpot_ms": 12.324947350489811,
    "p50_e2e_ms": 7169.150922447443,
    "p99_ttft_ms": 15779.636939056218,
    "p99_tpot_ms": 12.644991712190034,
    "p99_e2e_ms": 17214.519359320402
  },
  "turn2": {
    "count": 160,
    "avg_ttft_ms": 211.17953243665397,
    "avg_tpot_ms": 11.630821051604595,
    "avg_e2e_ms": 6154.529089806601,
    "p50_ttft_ms": 152.2658597677946,
    "p50_tpot_ms": 11.849244393102111,
    "p50_e2e_ms": 6223.183238878846,
    "p99_ttft_ms": 462.7022309228777,
    "p99_tpot_ms": 12.08395673271903,
    "p99_e2e_ms": 6475.761640518904
  },
  "average": {
    "count": 320,
    "avg_ttft_ms": 3217.975308862515,
    "avg_tpot_ms": 11.86063489947114,
    "avg_e2e_ms": 6957.393583003432,
    "p50_ttft_ms": 217.64330938458443,
    "p50_tpot_ms": 11.893810369001443,
    "p50_e2e_ms": 6253.679936751723,
    "p99_ttft_ms": 15754.647825695574,
    "p99_tpot_ms": 12.635782379803695,
    "p99_e2e_ms": 17186.917919926345
  },
  "throughput": {
    "requests_per_sec": 10.519063625090768,
    "tokens_per_sec": 3366.1003600290455
  },
  "success_rate": 100.0,
  "total_requests": 320,
  "failed_requests": 0,
  "duration_sec": 30.420958690345287,
  "timestamp": "2026-01-18T13:13:43.118281",
  "error": null
}