{
  "config": "3P_1D",
  "workload": "small_short_gen",
  "qps": 8,
  "turn1": {
    "count": 75,
    "avg_ttft_ms": 143.70079065362611,
    "avg_tpot_ms": 10.304258162268189,
    "avg_e2e_ms": 1452.3415772616863,
    "p50_ttft_ms": 133.42010974884033,
    "p50_tpot_ms": 10.424059969703043,
    "p50_e2e_ms": 1465.3035178780556,
    "p99_ttft_ms": 269.1272654384377,
    "p99_tpot_ms": 10.942806768722422,
    "p99_e2e_ms": 1618.1602872908115
  },
  "turn2": {
    "count": 75,
    "avg_ttft_ms": 139.75955138603845,
    "avg_tpot_ms": 10.287803568286835,
    "avg_e2e_ms": 2763.149461299181,
    "p50_ttft_ms": 125.64868852496147,
    "p50_tpot_ms": 10.42899376913613,
    "p50_e2e_ms": 2783.501770347357,
    "p99_ttft_ms": 293.5933060944084,
    "p99_tpot_ms": 10.922999443668946,
    "p99_e2e_ms": 2926.886499673128
  },
  "average": {
    "count": 150,
    "avg_ttft_ms": 141.73017101983228,
    "avg_tpot_ms": 10.296030865277512,
    "avg_e2e_ms": 2107.7455192804337,
    "p50_ttft_ms": 129.0961243212223,
    "p50_tpot_ms": 10.428414113965689,
    "p50_e2e_ms": 1982.7107340097427,
    "p99_ttft_ms": 288.0429589003322,
    "p99_tpot_ms": 10.938848376860768,
    "p99_e2e_ms": 2919.2078883200884
  },
  "throughput": {
    "requests_per_sec": 10.739228054804913,
    "tokens_per_sec": 2061.9317865225435
  },
  "success_rate": 100.0,
  "total_requests": 150,
  "failed_requests": 0,
  "duration_sec": 13.967484369874,
  "timestamp": "2026-01-18T13:09:45.801908",
  "error": null
}