{
  "config": "3P_1D",
  "workload": "small_big_paste",
  "qps": 20,
  "turn1": {
    "count": 186,
    "avg_ttft_ms": 380.6084974078081,
    "avg_tpot_ms": 12.542146982313028,
    "avg_e2e_ms": 1973.461164161563,
    "p50_ttft_ms": 324.27251897752285,
    "p50_tpot_ms": 12.767445985374488,
    "p50_e2e_ms": 1956.8257182836533,
    "p99_ttft_ms": 884.2631451785564,
    "p99_tpot_ms": 13.16509613195273,
    "p99_e2e_ms": 2492.4278121441603
  },
  "turn2": {
    "count": 186,
    "avg_ttft_ms": 259.2923492193222,
    "avg_tpot_ms": 12.480827535143849,
    "avg_e2e_ms": 1045.5844839333847,
    "p50_ttft_ms": 220.18614411354065,
    "p50_tpot_ms": 12.72778490942622,
    "p50_e2e_ms": 1026.0269604623318,
    "p99_ttft_ms": 532.0448290556673,
    "p99_tpot_ms": 13.376594184055214,
    "p99_e2e_ms": 1364.1993720084433
  },
  "average": {
    "count": 372,
    "avg_ttft_ms": 319.9504233135651,
    "avg_tpot_ms": 12.511487258728437,
    "avg_e2e_ms": 1509.5228240474737,
    "p50_ttft_ms": 253.01173515617847,
    "p50_tpot_ms": 12.75429277732147,
    "p50_e2e_ms": 1402.1034110337496,
    "p99_ttft_ms": 848.4477598592644,
    "p99_tpot_ms": 13.336277638399412,
    "p99_e2e_ms": 2451.792650818825
  },
  "throughput": {
    "requests_per_sec": 28.655412002634012,
    "tokens_per_sec": 2750.9195522528653
  },
  "success_rate": 100.0,
  "total_requests": 372,
  "failed_requests": 0,
  "duration_sec": 12.981840915977955,
  "timestamp": "2026-01-18T13:27:35.568877",
  "error": null
}