{
  "config": "3P_1D",
  "workload": "small_tiny",
  "qps": 2,
  "turn1": {
    "count": 20,
    "avg_ttft_ms": 105.08459936827421,
    "avg_tpot_ms": 8.302643242490104,
    "avg_e2e_ms": 1159.5202911645174,
    "p50_ttft_ms": 103.58158126473427,
    "p50_tpot_ms": 8.329876089893926,
    "p50_e2e_ms": 1163.8809852302074,
    "p99_ttft_ms": 137.6664192974567,
    "p99_tpot_ms": 8.600914941763314,
    "p99_e2e_ms": 1194.4270861893892
  },
  "turn2": {
    "count": 20,
    "avg_ttft_ms": 101.4532620087266,
    "avg_tpot_ms": 8.32773084722219,
    "avg_e2e_ms": 359.6129182726145,
    "p50_ttft_ms": 101.43529437482357,
    "p50_tpot_ms": 8.342856661446632,
    "p50_e2e_ms": 358.3118002861738,
    "p99_ttft_ms": 120.32133188098668,
    "p99_tpot_ms": 8.801059608738269,
    "p99_e2e_ms": 383.0514879152179
  },
  "average": {
    "count": 40,
    "avg_ttft_ms": 103.2689306885004,
    "avg_tpot_ms": 8.315187044856147,
    "avg_e2e_ms": 759.5666047185659,
    "p50_ttft_ms": 101.97712853550911,
    "p50_tpot_ms": 8.32999113342515,
    "p50_e2e_ms": 746.9883430749178,
    "p99_ttft_ms": 134.69432208687067,
    "p99_tpot_ms": 8.786053826972362,
    "p99_e2e_ms": 1194.0101263672113
  },
  "throughput": {
    "requests_per_sec": 4.568818719029944,
    "tokens_per_sec": 365.5054975223955
  },
  "success_rate": 100.0,
  "total_requests": 40,
  "failed_requests": 0,
  "duration_sec": 8.75499827414751,
  "timestamp": "2026-01-18T13:07:10.040333",
  "error": null
}