{
  "config": "3P_1D",
  "workload": "small_mid_paste",
  "qps": 1,
  "turn1": {
    "count": 10,
    "avg_ttft_ms": 105.78517057001591,
    "avg_tpot_ms": 8.13752548901115,
    "avg_e2e_ms": 1139.2509076744318,
    "p50_ttft_ms": 102.96350158751011,
    "p50_tpot_ms": 8.14130861224152,
    "p50_e2e_ms": 1140.9945618361235,
    "p99_ttft_ms": 137.6509365066886,
    "p99_tpot_ms": 8.356147163554908,
    "p99_e2e_ms": 1167.3695791885257
  },
  "turn2": {
    "count": 10,
    "avg_ttft_ms": 107.55015946924686,
    "avg_tpot_ms": 8.199292001506638,
    "avg_e2e_ms": 624.1055555641651,
    "p50_ttft_ms": 108.72974619269371,
    "p50_tpot_ms": 8.10638844730362,
    "p50_e2e_ms": 618.9245320856571,
    "p99_ttft_ms": 118.62013824284077,
    "p99_tpot_ms": 8.499323760588018,
    "p99_e2e_ms": 653.2297096773982
  },
  "average": {
    "count": 20,
    "avg_ttft_ms": 106.66766501963139,
    "avg_tpot_ms": 8.168408745258894,
    "avg_e2e_ms": 881.6782316192985,
    "p50_ttft_ms": 105.98981939256191,
    "p50_tpot_ms": 8.128225541240706,
    "p50_e2e_ms": 879.1345059871674,
    "p99_ttft_ms": 136.48413795977828,
    "p99_tpot_ms": 8.498657578158946,
    "p99_e2e_ms": 1166.0835191980004
  },
  "throughput": {
    "requests_per_sec": 2.9441823115577685,
    "tokens_per_sec": 282.6415019095458
  },
  "success_rate": 100.0,
  "total_requests": 20,
  "failed_requests": 0,
  "duration_sec": 6.793057590723038,
  "timestamp": "2026-01-18T13:24:05.634741",
  "error": null
}