{
  "config": "3P_1D",
  "workload": "small_mid_bal",
  "qps": 16,
  "turn1": {
    "count": 160,
    "avg_ttft_ms": 659.004486608319,
    "avg_tpot_ms": 12.199436517718329,
    "avg_e2e_ms": 2208.3329243585467,
    "p50_ttft_ms": 644.9251938611269,
    "p50_tpot_ms": 12.457019480781291,
    "p50_e2e_ms": 2239.271577447653,
    "p99_ttft_ms": 1795.2437605336308,
    "p99_tpot_ms": 12.838436461926445,
    "p99_e2e_ms": 3304.843028821051
  },
  "turn2": {
    "count": 160,
    "avg_ttft_ms": 201.98445045389235,
    "avg_tpot_ms": 12.164918548522854,
    "avg_e2e_ms": 1746.9291061162949,
    "p50_ttft_ms": 185.91170012950897,
    "p50_tpot_ms": 12.481482626180949,
    "p50_e2e_ms": 1774.6779974550009,
    "p99_ttft_ms": 419.56352181732643,
    "p99_tpot_ms": 12.881774988876085,
    "p99_e2e_ms": 2020.8346879854798
  },
  "average": {
    "count": 320,
    "avg_ttft_ms": 430.49446853110567,
    "avg_tpot_ms": 12.18217753312059,
    "avg_e2e_ms": 1977.6310152374208,
    "p50_ttft_ms": 224.69457797706127,
    "p50_tpot_ms": 12.46541009585219,
    "p50_e2e_ms": 1796.1863335222006,
    "p99_ttft_ms": 1578.053288124502,
    "p99_tpot_ms": 12.854191690214037,
    "p99_e2e_ms": 3137.6327442377806
  },
  "throughput": {
    "requests_per_sec": 23.055074571252376,
    "tokens_per_sec": 2951.049545120304
  },
  "success_rate": 100.0,
  "total_requests": 320,
  "failed_requests": 0,
  "duration_sec": 13.879807632416487,
  "timestamp": "2026-01-18T13:23:32.130407",
  "error": null
}