{
  "config": "3P_1D",
  "workload": "small_big_paste",
  "qps": 6,
  "turn1": {
    "count": 54,
    "avg_ttft_ms": 117.72109416347963,
    "avg_tpot_ms": 9.206632657379094,
    "avg_e2e_ms": 1286.9634416506246,
    "p50_ttft_ms": 112.71458864212036,
    "p50_tpot_ms": 9.132123104934617,
    "p50_e2e_ms": 1276.525003835559,
    "p99_ttft_ms": 177.76687253266573,
    "p99_tpot_ms": 9.775532961595715,
    "p99_e2e_ms": 1356.3631810247898
  },
  "turn2": {
    "count": 54,
    "avg_ttft_ms": 151.5053770746346,
    "avg_tpot_ms": 9.266042815787452,
    "avg_e2e_ms": 735.266074469244,
    "p50_ttft_ms": 150.17886087298393,
    "p50_tpot_ms": 9.204883246667801,
    "p50_e2e_ms": 736.0220979899168,
    "p99_ttft_ms": 210.92482067644596,
    "p99_tpot_ms": 10.109428858591452,
    "p99_e2e_ms": 800.4684134200215
  },
  "average": {
    "count": 108,
    "avg_ttft_ms": 134.61323561905712,
    "avg_tpot_ms": 9.236337736583272,
    "avg_e2e_ms": 1011.1147580599344,
    "p50_ttft_ms": 133.2837399095297,
    "p50_tpot_ms": 9.17381497602614,
    "p50_e2e_ms": 1016.7965702712536,
    "p99_ttft_ms": 210.51159545779225,
    "p99_tpot_ms": 10.057721583852693,
    "p99_e2e_ms": 1355.251953266561
  },
  "throughput": {
    "requests_per_sec": 9.326657267044624,
    "tokens_per_sec": 895.3590976362838
  },
  "success_rate": 100.0,
  "total_requests": 108,
  "failed_requests": 0,
  "duration_sec": 11.579711455851793,
  "timestamp": "2026-01-18T13:26:36.157062",
  "error": null
}