{
  "config": "3P_1D",
  "workload": "large_short_gen",
  "qps": 6,
  "turn1": {
    "count": 60,
    "avg_ttft_ms": 1598.4366749102871,
    "avg_tpot_ms": 13.46894296316467,
    "avg_e2e_ms": 15377.165326227745,
    "p50_ttft_ms": 179.50838804244995,
    "p50_tpot_ms": 13.655927491065693,
    "p50_e2e_ms": 14975.553430616856,
    "p99_ttft_ms": 8988.346448838709,
    "p99_tpot_ms": 14.693410465765092,
    "p99_e2e_ms": 20924.21571638435
  },
  "turn2": {
    "count": 60,
    "avg_ttft_ms": 176.29809367160001,
    "avg_tpot_ms": 13.181221396266633,
    "avg_e2e_ms": 3537.509549719592,
    "p50_ttft_ms": 174.73666556179523,
    "p50_tpot_ms": 13.454043266235612,
    "p50_e2e_ms": 3593.9083490520716,
    "p99_ttft_ms": 270.72462249547243,
    "p99_tpot_ms": 15.666471053864441,
    "p99_e2e_ms": 4263.237877897918
  },
  "average": {
    "count": 120,
    "avg_ttft_ms": 887.3673842909435,
    "avg_tpot_ms": 13.325082179715652,
    "avg_e2e_ms": 9457.337437973669,
    "p50_ttft_ms": 175.88028125464916,
    "p50_tpot_ms": 13.64755016500375,
    "p50_e2e_ms": 8460.15570871532,
    "p99_ttft_ms": 8845.181275457144,
    "p99_tpot_ms": 15.659929099620557,
    "p99_e2e_ms": 20878.72706748545
  },
  "throughput": {
    "requests_per_sec": 3.6340257779243044,
    "tokens_per_sec": 2325.776497871555
  },
  "success_rate": 100.0,
  "total_requests": 120,
  "failed_requests": 0,
  "duration_sec": 33.0212297141552,
  "timestamp": "2026-01-18T13:37:14.699698",
  "error": null
}