{
  "config": "3P_1D",
  "workload": "large_tiny",
  "qps": 12,
  "turn1": {
    "count": 113,
    "avg_ttft_ms": 7722.984525877818,
    "avg_tpot_ms": 14.100487715137664,
    "avg_e2e_ms": 22147.78345846365,
    "p50_ttft_ms": 10778.266299515963,
    "p50_tpot_ms": 14.618886210468624,
    "p50_e2e_ms": 25887.599263340235,
    "p99_ttft_ms": 22972.01882764697,
    "p99_tpot_ms": 14.858112195515796,
    "p99_e2e_ms": 33762.17356324196
  },
  "turn2": {
    "count": 113,
    "avg_ttft_ms": 197.49826984067934,
    "avg_tpot_ms": 14.31717759871905,
    "avg_e2e_ms": 641.3307754009699,
    "p50_ttft_ms": 184.30425971746445,
    "p50_tpot_ms": 15.384350933374897,
    "p50_e2e_ms": 665.4338650405407,
    "p99_ttft_ms": 342.4726608395576,
    "p99_tpot_ms": 16.789494868247736,
    "p99_e2e_ms": 834.4429068267345
  },
  "average": {
    "count": 226,
    "avg_ttft_ms": 3960.2413978592485,
    "avg_tpot_ms": 14.208832656928356,
    "avg_e2e_ms": 11394.55711693231,
    "p50_ttft_ms": 198.21546785533428,
    "p50_tpot_ms": 14.688324296113215,
    "p50_e2e_ms": 7371.934005990624,
    "p99_ttft_ms": 22827.429972589016,
    "p99_tpot_ms": 16.65106430769928,
    "p99_e2e_ms": 33738.50537464023
  },
  "throughput": {
    "requests_per_sec": 5.139223860031783,
    "tokens_per_sec": 2713.5101980967816
  },
  "success_rate": 100.0,
  "total_requests": 226,
  "failed_requests": 0,
  "duration_sec": 43.97551189735532,
  "timestamp": "2026-01-18T13:33:12.708303",
  "error": null
}