{
  "config": "3P_1D",
  "workload": "large_short_gen",
  "qps": 4,
  "turn1": {
    "count": 36,
    "avg_ttft_ms": 128.2887305650446,
    "avg_tpot_ms": 11.188402892221578,
    "avg_e2e_ms": 11574.024889307717,
    "p50_ttft_ms": 127.23088078200817,
    "p50_tpot_ms": 11.463706468105432,
    "p50_e2e_ms": 11846.65884450078,
    "p99_ttft_ms": 182.01337847858662,
    "p99_tpot_ms": 11.922221768279638,
    "p99_e2e_ms": 12358.3182182163
  },
  "turn2": {
    "count": 36,
    "avg_ttft_ms": 156.8675059825182,
    "avg_tpot_ms": 11.277866234073581,
    "avg_e2e_ms": 3032.7233956712817,
    "p50_ttft_ms": 158.76690484583378,
    "p50_tpot_ms": 11.622291408917484,
    "p50_e2e_ms": 3117.043172940612,
    "p99_ttft_ms": 188.4793808683753,
    "p99_tpot_ms": 12.545389077242682,
    "p99_e2e_ms": 3340.8022962510586
  },
  "average": {
    "count": 72,
    "avg_ttft_ms": 142.5781182737814,
    "avg_tpot_ms": 11.23313456314758,
    "avg_e2e_ms": 7303.3741424895,
    "p50_ttft_ms": 141.12809672951698,
    "p50_tpot_ms": 11.522434080130662,
    "p50_e2e_ms": 6557.975819334388,
    "p99_ttft_ms": 190.9996058419347,
    "p99_tpot_ms": 12.539283401825848,
    "p99_e2e_ms": 12347.079116031528
  },
  "throughput": {
    "requests_per_sec": 2.981227699040976,
    "tokens_per_sec": 1907.9857273862244
  },
  "success_rate": 100.0,
  "total_requests": 72,
  "failed_requests": 0,
  "duration_sec": 24.15112405642867,
  "timestamp": "2026-01-18T13:36:41.637363",
  "error": null
}