{
  "config": "3P_1D",
  "workload": "small_short_gen",
  "qps": 0.5,
  "turn1": {
    "count": 3,
    "avg_ttft_ms": 110.11029407382011,
    "avg_tpot_ms": 7.798192235506739,
    "avg_e2e_ms": 1100.480707983176,
    "p50_ttft_ms": 107.09484294056892,
    "p50_tpot_ms": 7.788357684227425,
    "p50_e2e_ms": 1096.216268837452,
    "p99_ttft_ms": 118.34130726754665,
    "p99_tpot_ms": 7.836392291887538,
    "p99_e2e_ms": 1113.563128337264
  },
  "turn2": {
    "count": 3,
    "avg_ttft_ms": 99.83444834748904,
    "avg_tpot_ms": 7.871609531781253,
    "avg_e2e_ms": 2107.0948789517083,
    "p50_ttft_ms": 101.02751851081848,
    "p50_tpot_ms": 7.926114341791938,
    "p50_e2e_ms": 2125.138308852911,
    "p99_ttft_ms": 104.5640480518341,
    "p99_tpot_ms": 7.965082013723897,
    "p99_e2e_ms": 2125.7822378724813
  },
  "average": {
    "count": 6,
    "avg_ttft_ms": 104.97237121065457,
    "avg_tpot_ms": 7.8349008836439955,
    "avg_e2e_ms": 1603.7877934674423,
    "p50_ttft_ms": 104.65071722865105,
    "p50_tpot_ms": 7.812865137115239,
    "p50_e2e_ms": 1592.1340472996235,
    "p99_ttft_ms": 117.99702774733305,
    "p99_tpot_ms": 7.963889125807613,
    "p99_e2e_ms": 2125.7625257596374
  },
  "throughput": {
    "requests_per_sec": 0.48400436448280765,
    "tokens_per_sec": 92.92883798069907
  },
  "success_rate": 100.0,
  "total_requests": 6,
  "failed_requests": 0,
  "duration_sec": 12.396582428365946,
  "timestamp": "2026-01-18T13:08:43.168266",
  "error": null
}