{
  "config": "3P_1D",
  "workload": "small_mid_paste",
  "qps": 4,
  "turn1": {
    "count": 40,
    "avg_ttft_ms": 118.68217876181006,
    "avg_tpot_ms": 8.968318070424354,
    "avg_e2e_ms": 1257.658573705703,
    "p50_ttft_ms": 113.56572806835175,
    "p50_tpot_ms": 9.069251321901486,
    "p50_e2e_ms": 1262.6034021377563,
    "p99_ttft_ms": 169.1341232508421,
    "p99_tpot_ms": 9.403567256655279,
    "p99_e2e_ms": 1346.59896094352
  },
  "turn2": {
    "count": 40,
    "avg_ttft_ms": 126.775121409446,
    "avg_tpot_ms": 8.954194164465344,
    "avg_e2e_ms": 690.8893537707627,
    "p50_ttft_ms": 122.58288264274597,
    "p50_tpot_ms": 8.926469477869215,
    "p50_e2e_ms": 693.2719219475985,
    "p99_ttft_ms": 166.31937332451344,
    "p99_tpot_ms": 9.649662139515081,
    "p99_e2e_ms": 752.0854687318206
  },
  "average": {
    "count": 80,
    "avg_ttft_ms": 122.72865008562803,
    "avg_tpot_ms": 8.96125611744485,
    "avg_e2e_ms": 974.2739637382329,
    "p50_ttft_ms": 116.48034676909447,
    "p50_tpot_ms": 9.010244868840072,
    "p50_e2e_ms": 965.0605227798223,
    "p99_ttft_ms": 173.4613636881113,
    "p99_tpot_ms": 9.612436271494342,
    "p99_e2e_ms": 1338.1690268591044
  },
  "throughput": {
    "requests_per_sec": 7.3061901151711295,
    "tokens_per_sec": 701.3942510564284
  },
  "success_rate": 100.0,
  "total_requests": 80,
  "failed_requests": 0,
  "duration_sec": 10.949619259685278,
  "timestamp": "2026-01-18T13:24:26.915425",
  "error": null
}