{
  "config": "3P_1D",
  "workload": "large_short_gen",
  "qps": 1,
  "turn1": {
    "count": 5,
    "avg_ttft_ms": 136.4987313747406,
    "avg_tpot_ms": 8.37342984326191,
    "avg_e2e_ms": 8702.517461031675,
    "p50_ttft_ms": 130.49574196338654,
    "p50_tpot_ms": 8.388503082278653,
    "p50_e2e_ms": 8711.924884468317,
    "p99_ttft_ms": 156.13031953573227,
    "p99_tpot_ms": 8.433643216494824,
    "p99_e2e_ms": 8766.258287727833
  },
  "turn2": {
    "count": 5,
    "avg_ttft_ms": 139.3773853778839,
    "avg_tpot_ms": 8.374380834546743,
    "avg_e2e_ms": 2274.8444981873035,
    "p50_ttft_ms": 140.6744383275509,
    "p50_tpot_ms": 8.430116930428673,
    "p50_e2e_ms": 2280.793722718954,
    "p99_ttft_ms": 149.80102509260178,
    "p99_tpot_ms": 8.612766972943849,
    "p99_e2e_ms": 2329.84473079443
  },
  "average": {
    "count": 10,
    "avg_ttft_ms": 137.93805837631226,
    "avg_tpot_ms": 8.373905338904326,
    "avg_e2e_ms": 5488.680979609489,
    "p50_ttft_ms": 135.39056479930878,
    "p50_tpot_ms": 8.397672653110845,
    "p50_e2e_ms": 5482.325164601207,
    "p99_ttft_ms": 156.28161184489727,
    "p99_tpot_ms": 8.607844670175337,
    "p99_e2e_ms": 8765.780788771808
  },
  "throughput": {
    "requests_per_sec": 0.5212384650406162,
    "tokens_per_sec": 333.59261762599436
  },
  "success_rate": 100.0,
  "total_requests": 10,
  "failed_requests": 0,
  "duration_sec": 19.1850768327713,
  "timestamp": "2026-01-18T13:35:56.038483",
  "error": null
}