{
  "config": "3P_1D",
  "workload": "large_long_gen",
  "qps": 4,
  "turn1": {
    "count": 38,
    "avg_ttft_ms": 158.44771599299028,
    "avg_tpot_ms": 12.189922524170418,
    "avg_e2e_ms": 12628.738458219328,
    "p50_ttft_ms": 151.21912583708763,
    "p50_tpot_ms": 12.415073376844472,
    "p50_e2e_ms": 12845.946395769715,
    "p99_ttft_ms": 253.9375913515688,
    "p99_tpot_ms": 13.113805362454023,
    "p99_e2e_ms": 13652.036645635962
  },
  "turn2": {
    "count": 38,
    "avg_ttft_ms": 174.50667868711446,
    "avg_tpot_ms": 12.222398627687156,
    "avg_e2e_ms": 6420.152377435251,
    "p50_ttft_ms": 173.4714787453413,
    "p50_tpot_ms": 12.558481074621767,
    "p50_e2e_ms": 6597.332717850804,
    "p99_ttft_ms": 209.17910207062963,
    "p99_tpot_ms": 13.557088694329249,
    "p99_e2e_ms": 7115.953791514039
  },
  "average": {
    "count": 76,
    "avg_ttft_ms": 166.47719734005238,
    "avg_tpot_ms": 12.206160575928788,
    "avg_e2e_ms": 9524.44541782729,
    "p50_ttft_ms": 167.44713112711906,
    "p50_tpot_ms": 12.471423321248166,
    "p50_e2e_ms": 8813.167300075293,
    "p99_ttft_ms": 235.75258906930685,
    "p99_tpot_ms": 13.55687822825813,
    "p99_e2e_ms": 13631.51297159493
  },
  "throughput": {
    "requests_per_sec": 2.6819400266854307,
    "tokens_per_sec": 2059.7299404944106
  },
  "success_rate": 100.0,
  "total_requests": 76,
  "failed_requests": 0,
  "duration_sec": 28.337695565074682,
  "timestamp": "2026-01-18T13:51:34.178497",
  "error": null
}