{
  "config": "3P_1D",
  "workload": "small_big_paste",
  "qps": 4,
  "turn1": {
    "count": 40,
    "avg_ttft_ms": 111.53498282656074,
    "avg_tpot_ms": 9.138346299910406,
    "avg_e2e_ms": 1272.104962915182,
    "p50_ttft_ms": 110.03241688013077,
    "p50_tpot_ms": 9.21408830606562,
    "p50_e2e_ms": 1283.0828670412302,
    "p99_ttft_ms": 173.01765546202657,
    "p99_tpot_ms": 9.662739793498686,
    "p99_e2e_ms": 1347.7415697276592
  },
  "turn2": {
    "count": 40,
    "avg_ttft_ms": 154.23040399327874,
    "avg_tpot_ms": 9.084314517381173,
    "avg_e2e_ms": 726.5422185882926,
    "p50_ttft_ms": 149.2073703557253,
    "p50_tpot_ms": 9.073097731858965,
    "p50_e2e_ms": 718.6775673180819,
    "p99_ttft_ms": 240.71625258773562,
    "p99_tpot_ms": 9.904675907085812,
    "p99_e2e_ms": 852.7530671656132
  },
  "average": {
    "count": 80,
    "avg_ttft_ms": 132.88269340991974,
    "avg_tpot_ms": 9.111330408645788,
    "avg_e2e_ms": 999.3235907517374,
    "p50_ttft_ms": 134.88897494971752,
    "p50_tpot_ms": 9.188687979407703,
    "p50_e2e_ms": 998.1570206582546,
    "p99_ttft_ms": 225.42479570955015,
    "p99_tpot_ms": 9.88566107929699,
    "p99_e2e_ms": 1342.6201240718365
  },
  "throughput": {
    "requests_per_sec": 7.6165981990219755,
    "tokens_per_sec": 731.1934271061097
  },
  "success_rate": 100.0,
  "total_requests": 80,
  "failed_requests": 0,
  "duration_sec": 10.503376692533493,
  "timestamp": "2026-01-18T13:26:24.538165",
  "error": null
}