{
  "config": "3P_1D",
  "workload": "small_mid_bal",
  "qps": 20,
  "turn1": {
    "count": 172,
    "avg_ttft_ms": 869.2115313525117,
    "avg_tpot_ms": 12.253941334354268,
    "avg_e2e_ms": 2425.4620808155037,
    "p50_ttft_ms": 774.3109464645386,
    "p50_tpot_ms": 12.484508647224096,
    "p50_e2e_ms": 2374.1313070058823,
    "p99_ttft_ms": 2243.865580186248,
    "p99_tpot_ms": 12.867717265965432,
    "p99_e2e_ms": 3764.7749983146787
  },
  "turn2": {
    "count": 172,
    "avg_ttft_ms": 233.4439507793895,
    "avg_tpot_ms": 12.183369077145889,
    "avg_e2e_ms": 1780.7318235769176,
    "p50_ttft_ms": 197.74434342980385,
    "p50_tpot_ms": 12.486878987841719,
    "p50_e2e_ms": 1793.7725502997637,
    "p99_ttft_ms": 485.04494830965996,
    "p99_tpot_ms": 12.935144075845171,
    "p99_e2e_ms": 2094.7865947708488
  },
  "average": {
    "count": 344,
    "avg_ttft_ms": 551.3277410659506,
    "avg_tpot_ms": 12.218655205750078,
    "avg_e2e_ms": 2103.0969521962106,
    "p50_ttft_ms": 277.53766253590584,
    "p50_tpot_ms": 12.486463588640447,
    "p50_e2e_ms": 1878.5646967589855,
    "p99_ttft_ms": 2190.5778342112894,
    "p99_tpot_ms": 12.927737385327891,
    "p99_e2e_ms": 3706.1596127972
  },
  "throughput": {
    "requests_per_sec": 22.873620080073476,
    "tokens_per_sec": 2927.823370249405
  },
  "success_rate": 100.0,
  "total_requests": 344,
  "failed_requests": 0,
  "duration_sec": 15.039158593863249,
  "timestamp": "2026-01-18T13:23:47.210480",
  "error": null
}