{
  "config": "3P_1D",
  "workload": "small_big_paste",
  "qps": 10,
  "turn1": {
    "count": 100,
    "avg_ttft_ms": 152.43981257081032,
    "avg_tpot_ms": 10.980891795667608,
    "avg_e2e_ms": 1547.0130706205964,
    "p50_ttft_ms": 133.49908031523228,
    "p50_tpot_ms": 11.141966529718534,
    "p50_e2e_ms": 1546.6088466346264,
    "p99_ttft_ms": 320.1131406426431,
    "p99_tpot_ms": 11.845832620490723,
    "p99_e2e_ms": 1789.947256818414
  },
  "turn2": {
    "count": 100,
    "avg_ttft_ms": 179.27239540964365,
    "avg_tpot_ms": 10.98339921188733,
    "avg_e2e_ms": 871.2265457585454,
    "p50_ttft_ms": 161.65768168866634,
    "p50_tpot_ms": 11.15349130261512,
    "p50_e2e_ms": 862.2748609632254,
    "p99_ttft_ms": 328.65916837006813,
    "p99_tpot_ms": 12.182474594622377,
    "p99_e2e_ms": 1082.3106964305043
  },
  "average": {
    "count": 200,
    "avg_ttft_ms": 165.85610399022698,
    "avg_tpot_ms": 10.982145503777469,
    "avg_e2e_ms": 1209.119808189571,
    "p50_ttft_ms": 152.2505935281515,
    "p50_tpot_ms": 11.15216322009481,
    "p50_e2e_ms": 1205.0339430570602,
    "p99_ttft_ms": 328.65916837006796,
    "p99_tpot_ms": 12.172958624386597,
    "p99_e2e_ms": 1782.8913355991244
  },
  "throughput": {
    "requests_per_sec": 18.88571000790413,
    "tokens_per_sec": 1813.0281607587965
  },
  "success_rate": 100.0,
  "total_requests": 200,
  "failed_requests": 0,
  "duration_sec": 10.590017527341843,
  "timestamp": "2026-01-18T13:26:58.221243",
  "error": null
}