{
  "config": "3P_1D",
  "workload": "small_small_bal",
  "qps": 6,
  "turn1": {
    "count": 60,
    "avg_ttft_ms": 115.44049605727196,
    "avg_tpot_ms": 9.448645987457489,
    "avg_e2e_ms": 1315.4185364643733,
    "p50_ttft_ms": 107.77707397937775,
    "p50_tpot_ms": 9.680390871298595,
    "p50_e2e_ms": 1344.9601959437132,
    "p99_ttft_ms": 234.10286813974366,
    "p99_tpot_ms": 10.136370182213351,
    "p99_e2e_ms": 1453.399645537138
  },
  "turn2": {
    "count": 60,
    "avg_ttft_ms": 119.72561838726203,
    "avg_tpot_ms": 9.506516964741483,
    "avg_e2e_ms": 718.6361871659756,
    "p50_ttft_ms": 113.83216641843319,
    "p50_tpot_ms": 9.698924741574697,
    "p50_e2e_ms": 723.8795459270477,
    "p99_ttft_ms": 230.82923043519256,
    "p99_tpot_ms": 10.489106899097798,
    "p99_e2e_ms": 848.1643285229801
  },
  "average": {
    "count": 120,
    "avg_ttft_ms": 117.58305722226699,
    "avg_tpot_ms": 9.477581476099488,
    "avg_e2e_ms": 1017.0273618151745,
    "p50_ttft_ms": 111.75942793488503,
    "p50_tpot_ms": 9.68784206160276,
    "p50_e2e_ms": 1002.3408513516188,
    "p99_ttft_ms": 232.7083458378911,
    "p99_tpot_ms": 10.470882901360119,
    "p99_e2e_ms": 1443.3348028734326
  },
  "throughput": {
    "requests_per_sec": 11.115182147613309,
    "tokens_per_sec": 1067.0574861708776
  },
  "success_rate": 100.0,
  "total_requests": 120,
  "failed_requests": 0,
  "duration_sec": 10.796044401824474,
  "timestamp": "2026-01-18T13:20:41.766375",
  "error": null
}