{
  "config": "3P_1D",
  "workload": "small_small_bal",
  "qps": 8,
  "turn1": {
    "count": 80,
    "avg_ttft_ms": 136.19295791722834,
    "avg_tpot_ms": 10.103741930944361,
    "avg_e2e_ms": 1419.3681831471622,
    "p50_ttft_ms": 122.98011966049671,
    "p50_tpot_ms": 10.020010818646648,
    "p50_e2e_ms": 1404.1453804820776,
    "p99_ttft_ms": 229.1749986261129,
    "p99_tpot_ms": 11.1373403260675,
    "p99_e2e_ms": 1588.5740466043353
  },
  "turn2": {
    "count": 80,
    "avg_ttft_ms": 139.2879394814372,
    "avg_tpot_ms": 10.114583342025677,
    "avg_e2e_ms": 776.5066900290549,
    "p50_ttft_ms": 128.96975316107273,
    "p50_tpot_ms": 9.911672345229558,
    "p50_e2e_ms": 762.6162953674793,
    "p99_ttft_ms": 287.84260179847473,
    "p99_tpot_ms": 11.275906896307355,
    "p99_e2e_ms": 990.8592683821917
  },
  "average": {
    "count": 160,
    "avg_ttft_ms": 137.74044869933277,
    "avg_tpot_ms": 10.109162636485019,
    "avg_e2e_ms": 1097.9374365881085,
    "p50_ttft_ms": 127.36109271645546,
    "p50_tpot_ms": 9.923530742526054,
    "p50_e2e_ms": 1099.0240778774023,
    "p99_ttft_ms": 280.4599748179316,
    "p99_tpot_ms": 11.257780826399252,
    "p99_e2e_ms": 1585.6606550887227
  },
  "throughput": {
    "requests_per_sec": 14.522012746790198,
    "tokens_per_sec": 1394.113223691859
  },
  "success_rate": 100.0,
  "total_requests": 160,
  "failed_requests": 0,
  "duration_sec": 11.01775647699833,
  "timestamp": "2026-01-18T13:20:52.824216",
  "error": null
}