{
  "config": "2P_2D",
  "ppd_enabled": true,
  "qps": 4.0,
  "num_conversations": 500,
  "duration_sec": 176.71176213771105,
  "timestamp": "2026-01-21T20:19:03.182989",
  "turn1": {
    "count": 500,
    "avg_ttft_ms": 261.501666739583,
    "avg_tpot_ms": 9.762021191927225,
    "avg_e2e_ms": 2925.6068852990866,
    "p50_ttft_ms": 41.48649796843529,
    "p50_tpot_ms": 9.832157152819576,
    "p50_e2e_ms": 2041.5109395980835,
    "p90_ttft_ms": 1125.6722163408995,
    "p90_tpot_ms": 10.656506174964058,
    "p90_e2e_ms": 7112.8009390085945,
    "p99_ttft_ms": 1950.6700612977145,
    "p99_tpot_ms": 11.414463383456072,
    "p99_e2e_ms": 12184.476105421782
  },
  "turn2plus": {
    "count": 1556,
    "avg_ttft_ms": 46.46302463491579,
    "avg_tpot_ms": 9.833348922514379,
    "avg_e2e_ms": 2735.9357034897666,
    "p50_ttft_ms": 45.38945108652115,
    "p50_tpot_ms": 9.885229461360723,
    "p50_e2e_ms": 1804.8982359468937,
    "p90_ttft_ms": 59.019891545176506,
    "p90_tpot_ms": 10.702232045695087,
    "p90_e2e_ms": 6427.412744611502,
    "p99_ttft_ms": 84.0330857783557,
    "p99_tpot_ms": 11.141401113439894,
    "p99_e2e_ms": 10976.44491530955
  },
  "all_turns": {
    "count": 2056,
    "avg_ttft_ms": 98.75841425180957,
    "avg_tpot_ms": 9.81608266855087,
    "avg_e2e_ms": 2782.061963657403,
    "p50_ttft_ms": 44.42589916288853,
    "p50_tpot_ms": 9.874478274700689,
    "p50_e2e_ms": 1893.9623199403286,
    "p90_ttft_ms": 64.19840455055237,
    "p90_tpot_ms": 10.684647429691282,
    "p90_e2e_ms": 6629.56753000617,
    "p99_ttft_ms": 1633.1958187744021,
    "p99_tpot_ms": 11.18298688530922,
    "p99_e2e_ms": 11289.549357257783
  },
  "throughput": {
    "conversations_per_sec": 2.829466437046512,
    "requests_per_sec": 11.634765989135257,
    "tokens_per_sec": 3193.601790695776
  },
  "success_rate": {
    "turns": 100.0,
    "conversations": 100.0
  },
  "counts": {
    "total_conversations": 500,
    "successful_conversations": 500,
    "total_turns": 2056,
    "turn1_count": 500,
    "turn2plus_count": 1556,
    "successful_turns": 2056
  },
  "slo_attainment": {
    "ttft_100ms": 0.9967866323907455,
    "ttft_200ms": 1.0,
    "ttft_500ms": 1.0,
    "tpot_15ms": 1.0,
    "tpot_30ms": 1.0,
    "e2e_5000ms": 0.839974293059126,
    "e2e_10000ms": 0.9820051413881749
  }
}