{
  "config": "2P_2D",
  "ppd_enabled": true,
  "qps": 12.0,
  "num_conversations": 500,
  "duration_sec": 156.9889404475689,
  "timestamp": "2026-01-21T20:24:22.698958",
  "turn1": {
    "count": 500,
    "avg_ttft_ms": 27850.773706816137,
    "avg_tpot_ms": 10.272198651365176,
    "avg_e2e_ms": 30796.56469321251,
    "p50_ttft_ms": 26513.266291469336,
    "p50_tpot_ms": 10.499333312350606,
    "p50_e2e_ms": 30313.344983384013,
    "p90_ttft_ms": 58177.01159976423,
    "p90_tpot_ms": 11.313215402777772,
    "p90_e2e_ms": 61278.082739934325,
    "p99_ttft_ms": 65622.38455150276,
    "p99_tpot_ms": 12.013208025063461,
    "p99_e2e_ms": 70102.05182410777
  },
  "turn2plus": {
    "count": 1556,
    "avg_ttft_ms": 85.84104335189325,
    "avg_tpot_ms": 10.384248333334298,
    "avg_e2e_ms": 2933.4851604022065,
    "p50_ttft_ms": 49.595797434449196,
    "p50_tpot_ms": 10.527003412098848,
    "p50_e2e_ms": 1950.4078850150108,
    "p90_ttft_ms": 65.05945324897766,
    "p90_tpot_ms": 11.318274684213288,
    "p90_e2e_ms": 6768.662767484784,
    "p99_ttft_ms": 90.32501559704544,
    "p99_tpot_ms": 11.961225517010638,
    "p99_e2e_ms": 11904.074305109682
  },
  "all_turns": {
    "count": 2056,
    "avg_ttft_ms": 6838.013383688528,
    "avg_tpot_ms": 10.357124545019664,
    "avg_e2e_ms": 9709.525902817164,
    "p50_ttft_ms": 52.290137857198715,
    "p50_tpot_ms": 10.515269715732066,
    "p50_e2e_ms": 2852.999746799469,
    "p90_ttft_ms": 33937.09613382816,
    "p90_tpot_ms": 11.317430444024689,
    "p90_e2e_ms": 37447.393998503685,
    "p99_ttft_ms": 63376.516444794834,
    "p99_tpot_ms": 11.991342668022428,
    "p99_e2e_ms": 66246.68802823871
  },
  "throughput": {
    "conversations_per_sec": 3.184937732393893,
    "requests_per_sec": 13.096463955603689,
    "tokens_per_sec": 3594.8201089265926
  },
  "success_rate": {
    "turns": 100.0,
    "conversations": 100.0
  },
  "counts": {
    "total_conversations": 500,
    "successful_conversations": 500,
    "total_turns": 2056,
    "turn1_count": 500,
    "turn2plus_count": 1556,
    "successful_turns": 2056
  },
  "slo_attainment": {
    "ttft_100ms": 0.9967866323907455,
    "ttft_200ms": 0.9993573264781491,
    "ttft_500ms": 0.9993573264781491,
    "tpot_15ms": 0.9993560849967804,
    "tpot_30ms": 1.0,
    "e2e_5000ms": 0.8187660668380463,
    "e2e_10000ms": 0.9736503856041131
  }
}