{
  "config": "1R_1P_2D",
  "ppd_enabled": false,
  "qps": 8.0,
  "num_conversations": 500,
  "duration_sec": 189.328604336828,
  "timestamp": "2026-01-21T12:54:00.703452",
  "turn1": {
    "count": 500,
    "avg_ttft_ms": 24857.558100365102,
    "avg_tpot_ms": 11.67570463464314,
    "avg_e2e_ms": 28180.544588170946,
    "p50_ttft_ms": 22184.435883536935,
    "p50_tpot_ms": 10.329102950094406,
    "p50_e2e_ms": 25990.201082080603,
    "p90_ttft_ms": 55542.38109961152,
    "p90_tpot_ms": 17.146009540925387,
    "p90_e2e_ms": 58883.430426195264,
    "p99_ttft_ms": 63205.3432616964,
    "p99_tpot_ms": 20.627181855099074,
    "p99_e2e_ms": 69106.20218392462
  },
  "turn2plus": {
    "count": 1556,
    "avg_ttft_ms": 201.81320553075685,
    "avg_tpot_ms": 11.905846109369026,
    "avg_e2e_ms": 3465.8983468717315,
    "p50_ttft_ms": 105.70072382688522,
    "p50_tpot_ms": 10.357004787885781,
    "p50_e2e_ms": 2226.6834639012814,
    "p90_ttft_ms": 193.61618347465992,
    "p90_tpot_ms": 17.44279053729406,
    "p90_e2e_ms": 7996.977549046278,
    "p99_ttft_ms": 295.328050479293,
    "p99_tpot_ms": 19.858340712405052,
    "p99_e2e_ms": 16025.017559900885
  },
  "all_turns": {
    "count": 2056,
    "avg_ttft_ms": 6197.8601157531175,
    "avg_tpot_ms": 11.850135923198193,
    "avg_e2e_ms": 9476.269514502863,
    "p50_ttft_ms": 122.2342886030674,
    "p50_tpot_ms": 10.349314137468479,
    "p50_e2e_ms": 3225.221449509263,
    "p90_ttft_ms": 30308.48031118512,
    "p90_tpot_ms": 17.361515729209255,
    "p90_e2e_ms": 34306.3002936542,
    "p99_ttft_ms": 60347.97732159496,
    "p99_tpot_ms": 19.936117592575325,
    "p99_e2e_ms": 63833.86030551047
  },
  "throughput": {
    "conversations_per_sec": 2.6409110327062213,
    "requests_per_sec": 10.859426166487982,
    "tokens_per_sec": 2980.7804371493157
  },
  "success_rate": {
    "turns": 100.0,
    "conversations": 100.0
  },
  "counts": {
    "total_conversations": 500,
    "successful_conversations": 500,
    "total_turns": 2056,
    "turn1_count": 500,
    "turn2plus_count": 1556,
    "successful_turns": 2056
  },
  "slo_attainment": {
    "ttft_100ms": 0.44601542416452444,
    "ttft_200ms": 0.9138817480719794,
    "ttft_500ms": 0.9967866323907455,
    "tpot_15ms": 0.7952350289761752,
    "tpot_30ms": 1.0,
    "e2e_5000ms": 0.7679948586118251,
    "e2e_10000ms": 0.9415167095115681
  }
}