{
  "config": "1R_2P_1D",
  "workload": "small_tiny",
  "qps": 8,
  "turn1": {
    "count": 75,
    "avg_ttft_ms": 91.5664891898632,
    "avg_tpot_ms": 9.147516250845017,
    "avg_e2e_ms": 1253.3010530471802,
    "p50_ttft_ms": 95.80790624022484,
    "p50_tpot_ms": 9.08161142444986,
    "p50_e2e_ms": 1255.7079643011093,
    "p99_ttft_ms": 244.65664260089406,
    "p99_tpot_ms": 10.605217839671871,
    "p99_e2e_ms": 1387.7696954458952
  },
  "turn2": {
    "count": 75,
    "avg_ttft_ms": 87.13595991333325,
    "avg_tpot_ms": 9.27347982122052,
    "avg_e2e_ms": 374.6138343711694,
    "p50_ttft_ms": 89.02256190776825,
    "p50_tpot_ms": 9.298749748737581,
    "p50_e2e_ms": 358.55870321393013,
    "p99_ttft_ms": 244.96873147785664,
    "p99_tpot_ms": 11.64498748558183,
    "p99_e2e_ms": 540.6698766350746
  },
  "average": {
    "count": 150,
    "avg_ttft_ms": 89.35122455159824,
    "avg_tpot_ms": 9.210498036032767,
    "avg_e2e_ms": 813.9574437091748,
    "p50_ttft_ms": 89.749401435256,
    "p50_tpot_ms": 9.153634427100656,
    "p50_e2e_ms": 839.6362382918596,
    "p99_ttft_ms": 245.20318169146776,
    "p99_tpot_ms": 11.173290876032489,
    "p99_e2e_ms": 1381.992684751749
  },
  "throughput": {
    "requests_per_sec": 13.135573612942375,
    "tokens_per_sec": 1050.84588903539
  },
  "success_rate": 100.0,
  "total_requests": 150,
  "failed_requests": 0,
  "duration_sec": 11.419371884316206,
  "timestamp": "2026-01-18T21:01:53.170792",
  "error": null
}