{
  "config": "1R_2P_1D",
  "workload": "large_big_paste",
  "qps": 2,
  "turn1": {
    "count": 20,
    "avg_ttft_ms": 146.99702206999063,
    "avg_tpot_ms": 10.045268404263846,
    "avg_e2e_ms": 10423.306599631906,
    "p50_ttft_ms": 132.49544613063335,
    "p50_tpot_ms": 8.975387295072613,
    "p50_e2e_ms": 9309.324145317078,
    "p99_ttft_ms": 361.38926718384005,
    "p99_tpot_ms": 12.336480159053938,
    "p99_e2e_ms": 12779.078397639096
  },
  "turn2": {
    "count": 20,
    "avg_ttft_ms": 161.45269982516766,
    "avg_tpot_ms": 9.811270828284913,
    "avg_e2e_ms": 779.5627620071173,
    "p50_ttft_ms": 132.46158510446548,
    "p50_tpot_ms": 9.206770756651485,
    "p50_e2e_ms": 696.4674312621355,
    "p99_ttft_ms": 424.31992970406986,
    "p99_tpot_ms": 14.97846002320921,
    "p99_e2e_ms": 1160.3223296627402
  },
  "average": {
    "count": 40,
    "avg_ttft_ms": 154.22486094757915,
    "avg_tpot_ms": 9.928269616274381,
    "avg_e2e_ms": 5601.434680819511,
    "p50_ttft_ms": 132.46158510446548,
    "p50_tpot_ms": 9.048682948993982,
    "p50_e2e_ms": 4985.5994284152985,
    "p99_ttft_ms": 431.5985437110066,
    "p99_tpot_ms": 14.408543767301843,
    "p99_e2e_ms": 12774.507873989642
  },
  "throughput": {
    "requests_per_sec": 1.8049654864823712,
    "tokens_per_sec": 981.9012246464099
  },
  "success_rate": 100.0,
  "total_requests": 40,
  "failed_requests": 0,
  "duration_sec": 22.161088563501835,
  "timestamp": "2026-01-18T22:23:01.129835",
  "error": null
}