{
  "config": "1R_2P_1D",
  "workload": "large_mid_bal",
  "qps": 12,
  "turn1": {
    "count": 120,
    "avg_ttft_ms": 9676.092432842901,
    "avg_tpot_ms": 15.643402695918015,
    "avg_e2e_ms": 25679.293390767027,
    "p50_ttft_ms": 8620.499111711979,
    "p50_tpot_ms": 14.12001237244084,
    "p50_e2e_ms": 21767.168506979942,
    "p99_ttft_ms": 28434.49123799801,
    "p99_tpot_ms": 24.328654024491446,
    "p99_e2e_ms": 45897.48965818435
  },
  "turn2": {
    "count": 120,
    "avg_ttft_ms": 190.71751687054834,
    "avg_tpot_ms": 16.654806195213176,
    "avg_e2e_ms": 2305.877903662622,
    "p50_ttft_ms": 154.99700978398323,
    "p50_tpot_ms": 11.809700850661345,
    "p50_e2e_ms": 1648.4251990914345,
    "p99_ttft_ms": 530.4179326817394,
    "p99_tpot_ms": 37.65487900634451,
    "p99_e2e_ms": 4933.913343846798
  },
  "average": {
    "count": 240,
    "avg_ttft_ms": 4933.404974856724,
    "avg_tpot_ms": 16.149104445565595,
    "avg_e2e_ms": 13992.585647214824,
    "p50_ttft_ms": 180.2223138511181,
    "p50_tpot_ms": 11.809700850661345,
    "p50_e2e_ms": 7897.633915767074,
    "p99_ttft_ms": 28284.776118434966,
    "p99_tpot_ms": 35.724662394211464,
    "p99_e2e_ms": 45428.70046809315
  },
  "throughput": {
    "requests_per_sec": 4.183556098477007,
    "tokens_per_sec": 2409.728312722756
  },
  "success_rate": 100.0,
  "total_requests": 240,
  "failed_requests": 0,
  "duration_sec": 57.36746307462454,
  "timestamp": "2026-01-18T22:12:25.285278",
  "error": null
}