{
  "config": "1R_2P_1D",
  "workload": "small_mid_bal",
  "qps": 20,
  "turn1": {
    "count": 190,
    "avg_ttft_ms": 1302.549135410472,
    "avg_tpot_ms": 12.880980908728665,
    "avg_e2e_ms": 2938.433710819012,
    "p50_ttft_ms": 1079.0681205689907,
    "p50_tpot_ms": 10.585845998070372,
    "p50_e2e_ms": 2805.372189730406,
    "p99_ttft_ms": 3100.297692380845,
    "p99_tpot_ms": 21.96117957687284,
    "p99_e2e_ms": 4785.912173539399
  },
  "turn2": {
    "count": 190,
    "avg_ttft_ms": 129.11683997433437,
    "avg_tpot_ms": 12.825375474708435,
    "avg_e2e_ms": 1757.9395252623056,
    "p50_ttft_ms": 103.22346165776253,
    "p50_tpot_ms": 10.691305945121396,
    "p50_e2e_ms": 1635.4968901723623,
    "p99_ttft_ms": 394.2258938401935,
    "p99_tpot_ms": 21.53076838056637,
    "p99_e2e_ms": 2817.5621886551376
  },
  "average": {
    "count": 380,
    "avg_ttft_ms": 715.8329876924032,
    "avg_tpot_ms": 12.85317819171855,
    "avg_e2e_ms": 2348.186618040659,
    "p50_ttft_ms": 150.32348781824112,
    "p50_tpot_ms": 10.621450049436,
    "p50_e2e_ms": 2027.9371663928032,
    "p99_ttft_ms": 3062.2319911420336,
    "p99_tpot_ms": 21.87155464620102,
    "p99_e2e_ms": 4774.374033920467
  },
  "throughput": {
    "requests_per_sec": 23.695148100522907,
    "tokens_per_sec": 3032.978956866932
  },
  "success_rate": 100.0,
  "total_requests": 380,
  "failed_requests": 0,
  "duration_sec": 16.037038400769234,
  "timestamp": "2026-01-18T21:18:45.915010",
  "error": null
}