{
  "config": "1R_2P_1D",
  "workload": "large_mid_paste",
  "qps": 1,
  "turn1": {
    "count": 10,
    "avg_ttft_ms": 126.26586705446243,
    "avg_tpot_ms": 9.070332735077727,
    "avg_e2e_ms": 9405.216255038977,
    "p50_ttft_ms": 129.81249764561653,
    "p50_tpot_ms": 8.550705683152696,
    "p50_e2e_ms": 8873.437877744436,
    "p99_ttft_ms": 154.7533207386732,
    "p99_tpot_ms": 10.796182968108418,
    "p99_e2e_ms": 11195.85248991847
  },
  "turn2": {
    "count": 10,
    "avg_ttft_ms": 141.64485484361649,
    "avg_tpot_ms": 9.943773615218344,
    "avg_e2e_ms": 768.1025926023722,
    "p50_ttft_ms": 135.47188602387905,
    "p50_tpot_ms": 9.036868426298337,
    "p50_e2e_ms": 713.8634733855724,
    "p99_ttft_ms": 231.11979719251394,
    "p99_tpot_ms": 15.33240622234723,
    "p99_e2e_ms": 1108.8843190297484
  },
  "average": {
    "count": 20,
    "avg_ttft_ms": 133.95536094903946,
    "avg_tpot_ms": 9.507053175148036,
    "avg_e2e_ms": 5086.659423820674,
    "p50_ttft_ms": 132.4954889714718,
    "p50_tpot_ms": 8.69492961730445,
    "p50_e2e_ms": 4854.042483493686,
    "p99_ttft_ms": 226.1826084926724,
    "p99_tpot_ms": 15.01694218270362,
    "p99_e2e_ms": 11167.071759849787
  },
  "throughput": {
    "requests_per_sec": 1.118813653371284,
    "tokens_per_sec": 608.6346274339785
  },
  "success_rate": 100.0,
  "total_requests": 20,
  "failed_requests": 0,
  "duration_sec": 17.876077879220247,
  "timestamp": "2026-01-18T22:15:39.535741",
  "error": null
}