{
  "config": "1R_2P_1D",
  "workload": "small_small_bal",
  "qps": 0.5,
  "turn1": {
    "count": 3,
    "avg_ttft_ms": 76.28436759114265,
    "avg_tpot_ms": 7.838039876516722,
    "avg_e2e_ms": 1071.7154319087665,
    "p50_ttft_ms": 93.94898638129234,
    "p50_tpot_ms": 7.840545510682534,
    "p50_e2e_ms": 1091.3112498819828,
    "p99_ttft_ms": 104.15863886475563,
    "p99_tpot_ms": 7.852992156124491,
    "p99_e2e_ms": 1097.4239007383585
  },
  "turn2": {
    "count": 3,
    "avg_ttft_ms": 72.20191756884257,
    "avg_tpot_ms": 7.95150323519631,
    "avg_e2e_ms": 573.1466213862101,
    "p50_ttft_ms": 91.25260636210442,
    "p50_tpot_ms": 7.897410423509658,
    "p50_e2e_ms": 588.7894630432129,
    "p99_ttft_ms": 97.21096411347389,
    "p99_tpot_ms": 8.117026957491088,
    "p99_e2e_ms": 590.931049734354
  },
  "average": {
    "count": 6,
    "avg_ttft_ms": 74.24314257999261,
    "avg_tpot_ms": 7.894771555856515,
    "avg_e2e_ms": 822.4310266474882,
    "p50_ttft_ms": 92.60079637169838,
    "p50_tpot_ms": 7.846895839989655,
    "p50_e2e_ms": 808.6305763572454,
    "p99_ttft_ms": 104.01527732610703,
    "p99_tpot_ms": 8.110304002369206,
    "p99_e2e_ms": 1097.2367787733674
  },
  "throughput": {
    "requests_per_sec": 0.5572433042559288,
    "tokens_per_sec": 53.49535720856917
  },
  "success_rate": 100.0,
  "total_requests": 6,
  "failed_requests": 0,
  "duration_sec": 10.767289537936449,
  "timestamp": "2026-01-18T21:14:58.181428",
  "error": null
}