{
  "config": "1R_2P_1D",
  "workload": "large_very_long_gen",
  "qps": 20,
  "turn1": {
    "count": 173,
    "avg_ttft_ms": 38729.51117149323,
    "avg_tpot_ms": 16.761040715485084,
    "avg_e2e_ms": 55876.055823434464,
    "p50_ttft_ms": 40152.13060379028,
    "p50_tpot_ms": 10.539281730952501,
    "p50_e2e_ms": 55159.56028550863,
    "p99_ttft_ms": 106095.47204628587,
    "p99_tpot_ms": 27.42901147475224,
    "p99_e2e_ms": 117114.67511385679
  },
  "turn2": {
    "count": 173,
    "avg_ttft_ms": 227.84161526774395,
    "avg_tpot_ms": 17.237676819405173,
    "avg_e2e_ms": 17861.985001519235,
    "p50_ttft_ms": 161.50711849331856,
    "p50_tpot_ms": 11.103152573283467,
    "p50_e2e_ms": 11496.227271854877,
    "p99_ttft_ms": 630.4011486470699,
    "p99_tpot_ms": 27.531090546417563,
    "p99_e2e_ms": 28345.867731571198
  },
  "average": {
    "count": 346,
    "avg_ttft_ms": 19478.676393380487,
    "avg_tpot_ms": 16.999358767445127,
    "avg_e2e_ms": 36869.02041247685,
    "p50_ttft_ms": 381.7873075604439,
    "p50_tpot_ms": 11.103092724655847,
    "p50_e2e_ms": 27194.846026599407,
    "p99_ttft_ms": 101906.53315559031,
    "p99_tpot_ms": 27.520828108182165,
    "p99_e2e_ms": 116710.51368415356
  },
  "throughput": {
    "requests_per_sec": 2.4312538158881942,
    "tokens_per_sec": 2489.603907469511
  },
  "success_rate": 92.76139410187668,
  "total_requests": 373,
  "failed_requests": 27,
  "duration_sec": 142.31340131536126,
  "timestamp": "2026-01-18T22:01:02.462020",
  "error": "Timeout"
}