{
  "config": "1R_2P_1D",
  "workload": "small_tiny",
  "qps": 12,
  "turn1": {
    "count": 120,
    "avg_ttft_ms": 105.26071479544044,
    "avg_tpot_ms": 10.2728271974236,
    "avg_e2e_ms": 1409.9097688682377,
    "p50_ttft_ms": 94.97115388512611,
    "p50_tpot_ms": 10.122076556907864,
    "p50_e2e_ms": 1398.6378218978643,
    "p99_ttft_ms": 422.63852868229156,
    "p99_tpot_ms": 13.244076218954692,
    "p99_e2e_ms": 1729.6899140626192
  },
  "turn2": {
    "count": 120,
    "avg_ttft_ms": 109.88936992362142,
    "avg_tpot_ms": 10.23627994582057,
    "avg_e2e_ms": 427.2140482440591,
    "p50_ttft_ms": 91.95424802601337,
    "p50_tpot_ms": 10.196977084682834,
    "p50_e2e_ms": 406.01534582674503,
    "p99_ttft_ms": 498.2876686751844,
    "p99_tpot_ms": 13.452050350606441,
    "p99_e2e_ms": 794.9473787844183
  },
  "average": {
    "count": 240,
    "avg_ttft_ms": 107.57504235953093,
    "avg_tpot_ms": 10.254553571622086,
    "avg_e2e_ms": 918.5619085561484,
    "p50_ttft_ms": 94.52913329005241,
    "p50_tpot_ms": 10.140214496710168,
    "p50_e2e_ms": 988.4026106446981,
    "p99_ttft_ms": 483.2208244502533,
    "p99_tpot_ms": 13.437302332491644,
    "p99_e2e_ms": 1724.9655629694462
  },
  "throughput": {
    "requests_per_sec": 21.801913945529833,
    "tokens_per_sec": 1744.1531156423866
  },
  "success_rate": 100.0,
  "total_requests": 240,
  "failed_requests": 0,
  "duration_sec": 11.008207838982344,
  "timestamp": "2026-01-18T21:02:15.528368",
  "error": null
}