{
  "config": "1R_2P_1D",
  "workload": "small_mid_bal",
  "qps": 2,
  "turn1": {
    "count": 20,
    "avg_ttft_ms": 73.32776077091694,
    "avg_tpot_ms": 8.940190920151595,
    "avg_e2e_ms": 1208.7320076301694,
    "p50_ttft_ms": 84.84004065394402,
    "p50_tpot_ms": 8.506339718037703,
    "p50_e2e_ms": 1165.2588341385126,
    "p99_ttft_ms": 129.9939508736133,
    "p99_tpot_ms": 10.732759244329348,
    "p99_e2e_ms": 1404.3741953000426
  },
  "turn2": {
    "count": 20,
    "avg_ttft_ms": 71.13219685852528,
    "avg_tpot_ms": 9.146343982653823,
    "avg_e2e_ms": 1232.717882655561,
    "p50_ttft_ms": 89.14989046752453,
    "p50_tpot_ms": 8.586685693874134,
    "p50_e2e_ms": 1179.8882763832808,
    "p99_ttft_ms": 109.41527441143988,
    "p99_tpot_ms": 10.557292101714085,
    "p99_e2e_ms": 1378.2076969370246
  },
  "average": {
    "count": 40,
    "avg_ttft_ms": 72.22997881472111,
    "avg_tpot_ms": 9.04326745140271,
    "avg_e2e_ms": 1220.7249451428652,
    "p50_ttft_ms": 85.8005341142416,
    "p50_tpot_ms": 8.549592773041386,
    "p50_e2e_ms": 1175.0615779310465,
    "p99_ttft_ms": 127.26277660578488,
    "p99_tpot_ms": 10.725429468736873,
    "p99_e2e_ms": 1404.0294785425067
  },
  "throughput": {
    "requests_per_sec": 3.9121549958096904,
    "tokens_per_sec": 500.75583946364037
  },
  "success_rate": 100.0,
  "total_requests": 40,
  "failed_requests": 0,
  "duration_sec": 10.224543772637844,
  "timestamp": "2026-01-18T21:17:17.005803",
  "error": null
}