{
  "config": "1R_2P_1D",
  "workload": "small_mid_bal",
  "qps": 6,
  "turn1": {
    "count": 52,
    "avg_ttft_ms": 66.05697315759383,
    "avg_tpot_ms": 9.543235662496501,
    "avg_e2e_ms": 1278.0479022946495,
    "p50_ttft_ms": 61.80139444768429,
    "p50_tpot_ms": 9.33177395188433,
    "p50_e2e_ms": 1277.1624214947224,
    "p99_ttft_ms": 184.53851256519562,
    "p99_tpot_ms": 11.713988187275534,
    "p99_e2e_ms": 1524.3635760620236
  },
  "turn2": {
    "count": 52,
    "avg_ttft_ms": 73.00540066968937,
    "avg_tpot_ms": 9.567897373653592,
    "avg_e2e_ms": 1288.1283671236956,
    "p50_ttft_ms": 82.78118446469307,
    "p50_tpot_ms": 8.822412061409688,
    "p50_e2e_ms": 1223.0792846530676,
    "p99_ttft_ms": 183.5072741657496,
    "p99_tpot_ms": 12.093466755560064,
    "p99_e2e_ms": 1572.539069801569
  },
  "average": {
    "count": 104,
    "avg_ttft_ms": 69.5311869136416,
    "avg_tpot_ms": 9.555566518075047,
    "avg_e2e_ms": 1283.0881347091724,
    "p50_ttft_ms": 76.38636976480484,
    "p50_tpot_ms": 8.83234356801341,
    "p50_e2e_ms": 1243.285845965147,
    "p99_ttft_ms": 196.15868780761954,
    "p99_tpot_ms": 12.038239534269637,
    "p99_e2e_ms": 1569.3484538421035
  },
  "throughput": {
    "requests_per_sec": 8.457242489677387,
    "tokens_per_sec": 1082.5270386787056
  },
  "success_rate": 100.0,
  "total_requests": 104,
  "failed_requests": 0,
  "duration_sec": 12.297152426093817,
  "timestamp": "2026-01-18T21:17:39.587983",
  "error": null
}