{
  "config": "1R_2P_1D",
  "workload": "small_very_long_gen",
  "qps": 16,
  "turn1": {
    "count": 147,
    "avg_ttft_ms": 10887.789162395356,
    "avg_tpot_ms": 12.654487029052431,
    "avg_e2e_ms": 12494.909015085015,
    "p50_ttft_ms": 10332.348838448524,
    "p50_tpot_ms": 11.207666570746055,
    "p50_e2e_ms": 12457.353089004755,
    "p99_ttft_ms": 26042.34006941318,
    "p99_tpot_ms": 18.698542357429744,
    "p99_e2e_ms": 28102.81291365623
  },
  "turn2": {
    "count": 147,
    "avg_ttft_ms": 89.11434854982662,
    "avg_tpot_ms": 12.373110007353807,
    "avg_e2e_ms": 12746.805886072772,
    "p50_ttft_ms": 89.45000916719437,
    "p50_tpot_ms": 10.202265962710712,
    "p50_e2e_ms": 10553.360678255558,
    "p99_ttft_ms": 217.2534047067163,
    "p99_tpot_ms": 16.929313264284666,
    "p99_e2e_ms": 17376.89770422876
  },
  "average": {
    "count": 294,
    "avg_ttft_ms": 5488.451755472592,
    "avg_tpot_ms": 12.513798518203119,
    "avg_e2e_ms": 12620.857450578895,
    "p50_ttft_ms": 104.8370786011219,
    "p50_tpot_ms": 10.23694239534424,
    "p50_e2e_ms": 11778.004316613078,
    "p99_ttft_ms": 25763.289601057768,
    "p99_tpot_ms": 18.6150142820332,
    "p99_e2e_ms": 27802.022780030966
  },
  "throughput": {
    "requests_per_sec": 5.707932608771183,
    "tokens_per_sec": 3287.7691826522014
  },
  "success_rate": 100.0,
  "total_requests": 294,
  "failed_requests": 0,
  "duration_sec": 51.50726544111967,
  "timestamp": "2026-01-18T21:13:30.928392",
  "error": null
}