{
  "config": "1R_2P_1D",
  "workload": "small_mid_bal",
  "qps": 16,
  "turn1": {
    "count": 144,
    "avg_ttft_ms": 188.9212996336735,
    "avg_tpot_ms": 12.554885236561063,
    "avg_e2e_ms": 1783.3917246769286,
    "p50_ttft_ms": 109.78236049413681,
    "p50_tpot_ms": 10.82102618524878,
    "p50_e2e_ms": 1730.8956757187843,
    "p99_ttft_ms": 693.1745307892552,
    "p99_tpot_ms": 17.552495251197044,
    "p99_e2e_ms": 2668.746149651706
  },
  "turn2": {
    "count": 144,
    "avg_ttft_ms": 107.14169369182653,
    "avg_tpot_ms": 12.605913308728567,
    "avg_e2e_ms": 1708.0926839003546,
    "p50_ttft_ms": 89.8848082870245,
    "p50_tpot_ms": 11.419125839950532,
    "p50_e2e_ms": 1590.5801486223936,
    "p99_ttft_ms": 337.40589469671227,
    "p99_tpot_ms": 17.568235189074606,
    "p99_e2e_ms": 2293.8504326343536
  },
  "average": {
    "count": 288,
    "avg_ttft_ms": 148.03149666275002,
    "avg_tpot_ms": 12.580399272644815,
    "avg_e2e_ms": 1745.7422042886417,
    "p50_ttft_ms": 99.03030842542648,
    "p50_tpot_ms": 10.8967645783124,
    "p50_e2e_ms": 1667.6052436232567,
    "p99_ttft_ms": 619.9195544049144,
    "p99_tpot_ms": 17.559388970413547,
    "p99_e2e_ms": 2625.669285580516
  },
  "throughput": {
    "requests_per_sec": 21.228412800835002,
    "tokens_per_sec": 2717.2368385068803
  },
  "success_rate": 100.0,
  "total_requests": 288,
  "failed_requests": 0,
  "duration_sec": 13.566723179072142,
  "timestamp": "2026-01-18T21:18:29.834905",
  "error": null
}