{
  "config": "1R_2P_1D",
  "workload": "small_long_gen",
  "qps": 10,
  "turn1": {
    "count": 100,
    "avg_ttft_ms": 2145.3450463339686,
    "avg_tpot_ms": 11.98894506305691,
    "avg_e2e_ms": 3667.941069342196,
    "p50_ttft_ms": 854.1118316352367,
    "p50_tpot_ms": 12.102546097021403,
    "p50_e2e_ms": 2777.8474520891905,
    "p99_ttft_ms": 5436.602169126273,
    "p99_tpot_ms": 16.736955313877328,
    "p99_e2e_ms": 7114.246008694172
  },
  "turn2": {
    "count": 100,
    "avg_ttft_ms": 78.63388773053885,
    "avg_tpot_ms": 12.391768299086918,
    "avg_e2e_ms": 6410.827488563955,
    "p50_ttft_ms": 71.77215628325939,
    "p50_tpot_ms": 12.968001121731653,
    "p50_e2e_ms": 6690.937306731939,
    "p99_ttft_ms": 152.3944828659298,
    "p99_tpot_ms": 16.303637808301794,
    "p99_e2e_ms": 8386.278560459614
  },
  "average": {
    "count": 200,
    "avg_ttft_ms": 1111.9894670322537,
    "avg_tpot_ms": 12.190356681071915,
    "avg_e2e_ms": 5039.384278953075,
    "p50_ttft_ms": 94.93738226592541,
    "p50_tpot_ms": 12.215802079345298,
    "p50_e2e_ms": 5064.8771841079,
    "p99_ttft_ms": 5425.136832818389,
    "p99_tpot_ms": 16.645763251549145,
    "p99_e2e_ms": 8377.919059544802
  },
  "throughput": {
    "requests_per_sec": 8.99108042777243,
    "tokens_per_sec": 2877.145736887177
  },
  "success_rate": 100.0,
  "total_requests": 200,
  "failed_requests": 0,
  "duration_sec": 22.24426770582795,
  "timestamp": "2026-01-18T21:07:16.884490",
  "error": null
}