{
  "config": "1R_2P_1D",
  "workload": "large_long_gen",
  "qps": 2,
  "turn1": {
    "count": 20,
    "avg_ttft_ms": 131.08315765857697,
    "avg_tpot_ms": 10.002197124763143,
    "avg_e2e_ms": 10363.330816291273,
    "p50_ttft_ms": 133.67674313485622,
    "p50_tpot_ms": 9.50290942209557,
    "p50_e2e_ms": 9861.988954246044,
    "p99_ttft_ms": 176.3325386866927,
    "p99_tpot_ms": 11.703280138429017,
    "p99_e2e_ms": 12102.358918897808
  },
  "turn2": {
    "count": 20,
    "avg_ttft_ms": 135.30129585415125,
    "avg_tpot_ms": 10.122926469068473,
    "avg_e2e_ms": 5308.11672154814,
    "p50_ttft_ms": 144.61412653326988,
    "p50_tpot_ms": 9.571155391035715,
    "p50_e2e_ms": 5049.179948866367,
    "p99_ttft_ms": 228.8346330821513,
    "p99_tpot_ms": 11.927050716023157,
    "p99_e2e_ms": 6304.763493575156
  },
  "average": {
    "count": 40,
    "avg_ttft_ms": 133.1922267563641,
    "avg_tpot_ms": 10.062561796915807,
    "avg_e2e_ms": 7835.723768919706,
    "p50_ttft_ms": 138.67697305977345,
    "p50_tpot_ms": 9.5338482013052,
    "p50_e2e_ms": 7448.227994143963,
    "p99_ttft_ms": 220.15606362372634,
    "p99_tpot_ms": 11.923728789368722,
    "p99_e2e_ms": 12092.098689340055
  },
  "throughput": {
    "requests_per_sec": 1.466195779139464,
    "tokens_per_sec": 1126.0383583791083
  },
  "success_rate": 100.0,
  "total_requests": 40,
  "failed_requests": 0,
  "duration_sec": 27.28148625791073,
  "timestamp": "2026-01-18T21:40:53.462634",
  "error": null
}