{
  "config": "1R_2P_1D",
  "workload": "large_mid_bal",
  "qps": 0.5,
  "turn1": {
    "count": 2,
    "avg_ttft_ms": 71.59028761088848,
    "avg_tpot_ms": 9.353253799231172,
    "avg_e2e_ms": 9639.968924224377,
    "p50_ttft_ms": 71.59028761088848,
    "p50_tpot_ms": 9.353253799231172,
    "p50_e2e_ms": 9639.968924224377,
    "p99_ttft_ms": 78.27987376600504,
    "p99_tpot_ms": 9.427689588933688,
    "p99_e2e_ms": 9709.427150934935
  },
  "turn2": {
    "count": 2,
    "avg_ttft_ms": 89.94686044752598,
    "avg_tpot_ms": 10.039711415063678,
    "avg_e2e_ms": 1364.990210160613,
    "p50_ttft_ms": 89.94686044752598,
    "p50_tpot_ms": 10.039711415063678,
    "p50_e2e_ms": 1364.990210160613,
    "p99_ttft_ms": 129.36767179518938,
    "p99_tpot_ms": 10.074470189260685,
    "p99_e2e_ms": 1408.8253858312964
  },
  "average": {
    "count": 4,
    "avg_ttft_ms": 80.76857402920723,
    "avg_tpot_ms": 9.696482607147423,
    "avg_e2e_ms": 5502.479567192495,
    "p50_ttft_ms": 71.59028761088848,
    "p50_tpot_ms": 9.716725982405336,
    "p50_e2e_ms": 5489.406581968069,
    "p99_ttft_ms": 128.6195046827197,
    "p99_tpot_ms": 10.073051463783257,
    "p99_e2e_ms": 9706.59212127328
  },
  "throughput": {
    "requests_per_sec": 0.22975467195614058,
    "tokens_per_sec": 132.33869104673698
  },
  "success_rate": 100.0,
  "total_requests": 4,
  "failed_requests": 0,
  "duration_sec": 17.409874480217695,
  "timestamp": "2026-01-18T22:08:16.908065",
  "error": null
}