{
  "config": "1R_2P_1D",
  "workload": "large_mid_paste",
  "qps": 6,
  "turn1": {
    "count": 55,
    "avg_ttft_ms": 493.73620585961777,
    "avg_tpot_ms": 15.317339442639229,
    "avg_e2e_ms": 16163.374455679546,
    "p50_ttft_ms": 133.6643062531948,
    "p50_tpot_ms": 18.24468107327804,
    "p50_e2e_ms": 19294.904947280884,
    "p99_ttft_ms": 3834.647002890706,
    "p99_tpot_ms": 20.231070745361283,
    "p99_e2e_ms": 22564.491597414017
  },
  "turn2": {
    "count": 54,
    "avg_ttft_ms": 211.896234019487,
    "avg_tpot_ms": 15.231506377765186,
    "avg_e2e_ms": 1171.4811358186935,
    "p50_ttft_ms": 163.6451855301857,
    "p50_tpot_ms": 12.796779887543785,
    "p50_e2e_ms": 967.2580398619175,
    "p99_ttft_ms": 601.6517712920904,
    "p99_tpot_ms": 29.334961651336577,
    "p99_e2e_ms": 2048.444564677775
  },
  "average": {
    "count": 109,
    "avg_ttft_ms": 354.1090638470759,
    "avg_tpot_ms": 15.274816639857589,
    "avg_e2e_ms": 8736.197948592519,
    "p50_ttft_ms": 155.01753985881805,
    "p50_tpot_ms": 16.152305321560966,
    "p50_e2e_ms": 9575.857982039452,
    "p99_ttft_ms": 3786.2227235734467,
    "p99_tpot_ms": 29.129983964893555,
    "p99_e2e_ms": 22551.429783701897
  },
  "throughput": {
    "requests_per_sec": 3.3431242819720164,
    "tokens_per_sec": 1833.3816245794428
  },
  "success_rate": 99.0909090909091,
  "total_requests": 110,
  "failed_requests": 1,
  "duration_sec": 32.60423209145665,
  "timestamp": "2026-01-18T22:16:59.724898",
  "error": "Server disconnected"
}