{
  "config": "1R_2P_1D",
  "workload": "small_mid_bal",
  "qps": 0.5,
  "turn1": {
    "count": 2,
    "avg_ttft_ms": 30.379774048924446,
    "avg_tpot_ms": 8.11277453120299,
    "avg_e2e_ms": 1060.7021395117044,
    "p50_ttft_ms": 30.379774048924446,
    "p50_tpot_ms": 8.11277453120299,
    "p50_e2e_ms": 1060.7021395117044,
    "p99_ttft_ms": 31.26326572149992,
    "p99_tpot_ms": 8.194388824654375,
    "p99_e2e_ms": 1071.9506464526057
  },
  "turn2": {
    "count": 2,
    "avg_ttft_ms": 29.257802292704582,
    "avg_tpot_ms": 9.343062784141441,
    "avg_e2e_ms": 1215.8267758786678,
    "p50_ttft_ms": 29.257802292704582,
    "p50_tpot_ms": 9.343062784141441,
    "p50_e2e_ms": 1215.8267758786678,
    "p99_ttft_ms": 29.56304620951414,
    "p99_tpot_ms": 10.193026226864555,
    "p99_e2e_ms": 1323.4668891876936
  },
  "average": {
    "count": 4,
    "avg_ttft_ms": 29.818788170814514,
    "avg_tpot_ms": 8.727918657672216,
    "avg_e2e_ms": 1138.2644576951861,
    "p50_ttft_ms": 29.523763805627823,
    "p50_tpot_ms": 8.335903785594805,
    "p50_e2e_ms": 1089.085066691041,
    "p99_ttft_ms": 31.22993554919958,
    "p99_tpot_ms": 10.158333841447284,
    "p99_e2e_ms": 1319.0734151750803
  },
  "throughput": {
    "requests_per_sec": 0.3815211120769714,
    "tokens_per_sec": 48.83470234585234
  },
  "success_rate": 100.0,
  "total_requests": 4,
  "failed_requests": 0,
  "duration_sec": 10.484347715973854,
  "timestamp": "2026-01-18T21:16:55.447564",
  "error": null
}