{
  "config": "1R_2P_1D",
  "workload": "large_mid_bal",
  "qps": 1,
  "turn1": {
    "count": 10,
    "avg_ttft_ms": 131.1557449400425,
    "avg_tpot_ms": 9.299095465509424,
    "avg_e2e_ms": 9644.130406156182,
    "p50_ttft_ms": 138.5189462453127,
    "p50_tpot_ms": 8.44429875246066,
    "p50_e2e_ms": 8801.154708489776,
    "p99_ttft_ms": 163.48983623087406,
    "p99_tpot_ms": 10.770384146780039,
    "p99_e2e_ms": 11121.273910962045
  },
  "turn2": {
    "count": 10,
    "avg_ttft_ms": 137.66993954777718,
    "avg_tpot_ms": 9.073369158065224,
    "avg_e2e_ms": 1289.9878226220608,
    "p50_ttft_ms": 146.65289781987667,
    "p50_tpot_ms": 8.713103229487974,
    "p50_e2e_ms": 1261.4154499024153,
    "p99_ttft_ms": 211.47909700870514,
    "p99_tpot_ms": 11.139628897736392,
    "p99_e2e_ms": 1515.8762021362782
  },
  "average": {
    "count": 20,
    "avg_ttft_ms": 134.41284224390984,
    "avg_tpot_ms": 9.186232311787325,
    "avg_e2e_ms": 5467.0591143891215,
    "p50_ttft_ms": 143.72458681464195,
    "p50_tpot_ms": 8.48594710499842,
    "p50_e2e_ms": 4997.458379715681,
    "p99_ttft_ms": 206.3658663630485,
    "p99_tpot_ms": 11.118280752452632,
    "p99_e2e_ms": 11115.05712825805
  },
  "throughput": {
    "requests_per_sec": 1.052114577162863,
    "tokens_per_sec": 606.0179964458091
  },
  "success_rate": 100.0,
  "total_requests": 20,
  "failed_requests": 0,
  "duration_sec": 19.009336467832327,
  "timestamp": "2026-01-18T22:08:35.958294",
  "error": null
}