{
  "config": "1R_2P_1D",
  "workload": "large_long_gen",
  "qps": 12,
  "turn1": {
    "count": 90,
    "avg_ttft_ms": 8225.61923675239,
    "avg_tpot_ms": 15.68237734577989,
    "avg_e2e_ms": 24268.69126148522,
    "p50_ttft_ms": 369.93295699357986,
    "p50_tpot_ms": 11.324482246184628,
    "p50_e2e_ms": 22293.91200095415,
    "p99_ttft_ms": 28092.55714841187,
    "p99_tpot_ms": 25.148441351564163,
    "p99_e2e_ms": 46019.27336469293
  },
  "turn2": {
    "count": 90,
    "avg_ttft_ms": 177.30520363483163,
    "avg_tpot_ms": 16.972166893403926,
    "avg_e2e_ms": 8850.08248616424,
    "p50_ttft_ms": 154.80002760887146,
    "p50_tpot_ms": 13.569683343201234,
    "p50_e2e_ms": 7057.3784075677395,
    "p99_ttft_ms": 483.2722083479166,
    "p99_tpot_ms": 28.923109954336034,
    "p99_e2e_ms": 14971.143993996084
  },
  "average": {
    "count": 180,
    "avg_ttft_ms": 4201.462220193611,
    "avg_tpot_ms": 16.327272119591907,
    "avg_e2e_ms": 16559.38687382473,
    "p50_ttft_ms": 172.82346822321415,
    "p50_tpot_ms": 11.726366275823047,
    "p50_e2e_ms": 12008.451690897346,
    "p99_ttft_ms": 27954.422316625714,
    "p99_tpot_ms": 28.830242718910753,
    "p99_e2e_ms": 45799.00700647384
  },
  "throughput": {
    "requests_per_sec": 2.919913600566678,
    "tokens_per_sec": 2242.4936452352085
  },
  "success_rate": 100.0,
  "total_requests": 180,
  "failed_requests": 0,
  "duration_sec": 61.645659640431404,
  "timestamp": "2026-01-18T21:45:15.728490",
  "error": null
}