{
  "config": "1R_2P_1D",
  "workload": "small_big_paste",
  "qps": 6,
  "turn1": {
    "count": 59,
    "avg_ttft_ms": 76.84815365631701,
    "avg_tpot_ms": 10.694645714607892,
    "avg_e2e_ms": 1435.0681594115192,
    "p50_ttft_ms": 65.03571942448616,
    "p50_tpot_ms": 10.048987651903799,
    "p50_e2e_ms": 1312.0761699974537,
    "p99_ttft_ms": 169.77519579231742,
    "p99_tpot_ms": 15.944487948234626,
    "p99_e2e_ms": 2110.5601516366005
  },
  "turn2": {
    "count": 59,
    "avg_ttft_ms": 106.57755380212251,
    "avg_tpot_ms": 11.101448286564272,
    "avg_e2e_ms": 805.9687958556717,
    "p50_ttft_ms": 104.16296496987343,
    "p50_tpot_ms": 10.57195858586402,
    "p50_e2e_ms": 729.9142517149448,
    "p99_ttft_ms": 184.605095461011,
    "p99_tpot_ms": 17.50660786553035,
    "p99_e2e_ms": 1177.7310644835234
  },
  "average": {
    "count": 118,
    "avg_ttft_ms": 91.71285372921976,
    "avg_tpot_ms": 10.898047000586082,
    "avg_e2e_ms": 1120.5184776335955,
    "p50_ttft_ms": 90.65752290189266,
    "p50_tpot_ms": 10.278038519221967,
    "p50_e2e_ms": 1163.9714911580086,
    "p99_ttft_ms": 176.38178948312998,
    "p99_tpot_ms": 17.325489548227143,
    "p99_e2e_ms": 2073.688239790499
  },
  "throughput": {
    "requests_per_sec": 9.89301105010896,
    "tokens_per_sec": 949.7290608104602
  },
  "success_rate": 100.0,
  "total_requests": 118,
  "failed_requests": 0,
  "duration_sec": 11.927612271159887,
  "timestamp": "2026-01-18T21:21:46.772799",
  "error": null
}