{
  "config": "1R_2P_1D",
  "workload": "large_small_bal",
  "qps": 12,
  "turn1": {
    "count": 120,
    "avg_ttft_ms": 8863.556376534203,
    "avg_tpot_ms": 15.522389197567312,
    "avg_e2e_ms": 24742.960525645565,
    "p50_ttft_ms": 9750.864593312144,
    "p50_tpot_ms": 11.500708560367368,
    "p50_e2e_ms": 20969.92984600365,
    "p99_ttft_ms": 25824.376875646412,
    "p99_tpot_ms": 23.885952007291312,
    "p99_e2e_ms": 42960.76395150274
  },
  "turn2": {
    "count": 120,
    "avg_ttft_ms": 185.8620192234715,
    "avg_tpot_ms": 16.94797134795596,
    "avg_e2e_ms": 1253.5842141446967,
    "p50_ttft_ms": 161.4638864994049,
    "p50_tpot_ms": 12.01587108274301,
    "p50_e2e_ms": 937.3039398342371,
    "p99_ttft_ms": 495.2629894018173,
    "p99_tpot_ms": 34.93678060256773,
    "p99_e2e_ms": 2450.750011093915
  },
  "average": {
    "count": 240,
    "avg_ttft_ms": 4524.709197878838,
    "avg_tpot_ms": 16.235180272761635,
    "avg_e2e_ms": 12998.27236989513,
    "p50_ttft_ms": 212.4792728573084,
    "p50_tpot_ms": 11.984881723210925,
    "p50_e2e_ms": 6881.922733038664,
    "p99_ttft_ms": 25550.723516307764,
    "p99_tpot_ms": 32.231289734916075,
    "p99_e2e_ms": 42810.53271312266
  },
  "throughput": {
    "requests_per_sec": 4.470536242834183,
    "tokens_per_sec": 2431.9717161017957
  },
  "success_rate": 100.0,
  "total_requests": 240,
  "failed_requests": 0,
  "duration_sec": 53.684834875166416,
  "timestamp": "2026-01-18T22:05:22.104600",
  "error": null
}