{
  "config": "1R_2P_1D",
  "workload": "small_long_gen",
  "qps": 6,
  "turn1": {
    "count": 59,
    "avg_ttft_ms": 95.62937107126592,
    "avg_tpot_ms": 10.740659364342418,
    "avg_e2e_ms": 1459.6931103427532,
    "p50_ttft_ms": 96.21326252818108,
    "p50_tpot_ms": 9.88341759391657,
    "p50_e2e_ms": 1422.677468508482,
    "p99_ttft_ms": 216.46044023334983,
    "p99_tpot_ms": 13.37084333551681,
    "p99_e2e_ms": 1746.3767923414707
  },
  "turn2": {
    "count": 59,
    "avg_ttft_ms": 97.53635639356355,
    "avg_tpot_ms": 10.672942945280374,
    "avg_e2e_ms": 5551.410201431836,
    "p50_ttft_ms": 97.71665930747986,
    "p50_tpot_ms": 9.774744940772216,
    "p50_e2e_ms": 5257.1901679039,
    "p99_ttft_ms": 295.488574281335,
    "p99_tpot_ms": 12.43373074993462,
    "p99_e2e_ms": 6394.9720171839
  },
  "average": {
    "count": 118,
    "avg_ttft_ms": 96.58286373241474,
    "avg_tpot_ms": 10.706801154811396,
    "avg_e2e_ms": 3505.5516558872946,
    "p50_ttft_ms": 97.62372635304928,
    "p50_tpot_ms": 9.829387450077402,
    "p50_e2e_ms": 3139.40467312932,
    "p99_ttft_ms": 269.0528008714318,
    "p99_tpot_ms": 13.339075873510575,
    "p99_e2e_ms": 6392.587691657245
  },
  "throughput": {
    "requests_per_sec": 6.8062347596135675,
    "tokens_per_sec": 2177.9951230763418
  },
  "success_rate": 100.0,
  "total_requests": 118,
  "failed_requests": 0,
  "duration_sec": 17.33704524859786,
  "timestamp": "2026-01-18T21:06:37.237276",
  "error": null
}