{
  "config": "1R_2P_1D",
  "workload": "large_short_gen",
  "qps": 4,
  "turn1": {
    "count": 40,
    "avg_ttft_ms": 155.46527225524187,
    "avg_tpot_ms": 12.267874875984438,
    "avg_e2e_ms": 12705.501270387322,
    "p50_ttft_ms": 148.4978049993515,
    "p50_tpot_ms": 10.177574054003927,
    "p50_e2e_ms": 10568.367661908269,
    "p99_ttft_ms": 254.79833476245403,
    "p99_tpot_ms": 16.00259540702707,
    "p99_e2e_ms": 16525.64965210855
  },
  "turn2": {
    "count": 40,
    "avg_ttft_ms": 135.53006472066045,
    "avg_tpot_ms": 11.489637720526433,
    "avg_e2e_ms": 3065.387683454901,
    "p50_ttft_ms": 139.06540535390377,
    "p50_tpot_ms": 10.174896056745567,
    "p50_e2e_ms": 2732.9166904091835,
    "p99_ttft_ms": 251.40347916632888,
    "p99_tpot_ms": 18.10230490594518,
    "p99_e2e_ms": 4751.653500124812
  },
  "average": {
    "count": 80,
    "avg_ttft_ms": 145.49766848795116,
    "avg_tpot_ms": 11.878756298255436,
    "avg_e2e_ms": 7885.444476921111,
    "p50_ttft_ms": 143.0870108306408,
    "p50_tpot_ms": 10.17697053197751,
    "p50_e2e_ms": 7300.81751383841,
    "p99_ttft_ms": 258.866906762123,
    "p99_tpot_ms": 18.053372075452526,
    "p99_e2e_ms": 16509.706235155463
  },
  "throughput": {
    "requests_per_sec": 2.9563353286017473,
    "tokens_per_sec": 1892.0546103051183
  },
  "success_rate": 100.0,
  "total_requests": 80,
  "failed_requests": 0,
  "duration_sec": 27.060529712587595,
  "timestamp": "2026-01-18T21:33:17.493474",
  "error": null
}