{
  "config": "1R_2P_1D",
  "workload": "large_very_long_gen",
  "qps": 6,
  "turn1": {
    "count": 60,
    "avg_ttft_ms": 2719.3455210576453,
    "avg_tpot_ms": 13.7456920393644,
    "avg_e2e_ms": 16781.188477327425,
    "p50_ttft_ms": 139.1337588429451,
    "p50_tpot_ms": 10.920117193157488,
    "p50_e2e_ms": 16775.114906951785,
    "p99_ttft_ms": 17564.405654855072,
    "p99_tpot_ms": 19.251013540554485,
    "p99_e2e_ms": 35726.99485320598
  },
  "turn2": {
    "count": 59,
    "avg_ttft_ms": 150.4688685980894,
    "avg_tpot_ms": 14.298818167072207,
    "avg_e2e_ms": 14778.159853512958,
    "p50_ttft_ms": 151.52817964553833,
    "p50_tpot_ms": 11.78282793549382,
    "p50_e2e_ms": 12200.572837144136,
    "p99_ttft_ms": 304.05051968991773,
    "p99_tpot_ms": 20.629906379203526,
    "p99_e2e_ms": 21203.324722871184
  },
  "average": {
    "count": 119,
    "avg_ttft_ms": 1445.7007942079497,
    "avg_tpot_ms": 14.019931043858186,
    "avg_e2e_ms": 15788.090252074875,
    "p50_ttft_ms": 146.41080796718597,
    "p50_tpot_ms": 11.739937790677695,
    "p50_e2e_ms": 12211.84441819787,
    "p99_ttft_ms": 17293.345753997557,
    "p99_tpot_ms": 20.58212732894388,
    "p99_e2e_ms": 35484.00552518666
  },
  "throughput": {
    "requests_per_sec": 2.067740566242586,
    "tokens_per_sec": 2117.366339832408
  },
  "success_rate": 99.16666666666667,
  "total_requests": 120,
  "failed_requests": 1,
  "duration_sec": 57.550740137696266,
  "timestamp": "2026-01-18T21:52:05.856867",
  "error": "ServerDown: [Errno 104] Connection reset by peer"
}