{
  "config": "1R_2P_1D",
  "workload": "small_huge_paste",
  "qps": 8,
  "turn1": {
    "count": 80,
    "avg_ttft_ms": 111.35255582630634,
    "avg_tpot_ms": 14.098062187682576,
    "avg_e2e_ms": 1901.8064536619931,
    "p50_ttft_ms": 91.89583361148834,
    "p50_tpot_ms": 11.615417956367253,
    "p50_e2e_ms": 1520.0729575008154,
    "p99_ttft_ms": 473.7725783511989,
    "p99_tpot_ms": 27.22388170219547,
    "p99_e2e_ms": 3533.4112552553415
  },
  "turn2": {
    "count": 80,
    "avg_ttft_ms": 173.01393784582615,
    "avg_tpot_ms": 15.257120869993681,
    "avg_e2e_ms": 645.9846848156303,
    "p50_ttft_ms": 143.68565566837788,
    "p50_tpot_ms": 11.921338496669646,
    "p50_e2e_ms": 520.2488079667091,
    "p99_ttft_ms": 490.3787515312422,
    "p99_tpot_ms": 41.86575521745021,
    "p99_e2e_ms": 1651.9494605809443
  },
  "average": {
    "count": 160,
    "avg_ttft_ms": 142.18324683606625,
    "avg_tpot_ms": 14.677591528838127,
    "avg_e2e_ms": 1273.8955692388117,
    "p50_ttft_ms": 124.83633868396282,
    "p50_tpot_ms": 11.634540516795136,
    "p50_e2e_ms": 1174.886191263795,
    "p99_ttft_ms": 498.5566692054268,
    "p99_tpot_ms": 39.220038469760645,
    "p99_e2e_ms": 3519.7022069618106
  },
  "throughput": {
    "requests_per_sec": 12.60000653961454,
    "tokens_per_sec": 1008.0005231691632
  },
  "success_rate": 100.0,
  "total_requests": 160,
  "failed_requests": 0,
  "duration_sec": 12.698406107723713,
  "timestamp": "2026-01-18T21:24:05.392882",
  "error": null
}