{
  "config": "1R_2P_1D",
  "workload": "small_very_long_gen",
  "qps": 6,
  "turn1": {
    "count": 58,
    "avg_ttft_ms": 451.7489904216651,
    "avg_tpot_ms": 10.301691990526773,
    "avg_e2e_ms": 1760.063873218565,
    "p50_ttft_ms": 90.44802375137806,
    "p50_tpot_ms": 9.853470293203678,
    "p50_e2e_ms": 1356.3866596668959,
    "p99_ttft_ms": 3130.190728865564,
    "p99_tpot_ms": 13.301639284087917,
    "p99_e2e_ms": 4800.214650966227
  },
  "turn2": {
    "count": 58,
    "avg_ttft_ms": 74.61815430172558,
    "avg_tpot_ms": 10.939973515582752,
    "avg_e2e_ms": 11266.21106074288,
    "p50_ttft_ms": 81.77205361425877,
    "p50_tpot_ms": 9.870108204255589,
    "p50_e2e_ms": 10194.89131309092,
    "p99_ttft_ms": 136.25645987689492,
    "p99_tpot_ms": 13.363728981577989,
    "p99_e2e_ms": 13733.394801281393
  },
  "average": {
    "count": 116,
    "avg_ttft_ms": 263.1835723616954,
    "avg_tpot_ms": 10.620832753054763,
    "avg_e2e_ms": 6513.137466980723,
    "p50_ttft_ms": 86.74446307122707,
    "p50_tpot_ms": 9.870108204255589,
    "p50_e2e_ms": 7022.340912371874,
    "p99_ttft_ms": 2816.4841013029218,
    "p99_tpot_ms": 13.363973567315094,
    "p99_e2e_ms": 13727.183352597058
  },
  "throughput": {
    "requests_per_sec": 4.192229290908927,
    "tokens_per_sec": 2414.724071563542
  },
  "success_rate": 100.0,
  "total_requests": 116,
  "failed_requests": 0,
  "duration_sec": 27.670242238789797,
  "timestamp": "2026-01-18T21:10:42.216375",
  "error": null
}