{
  "config": "1R_2P_1D",
  "workload": "small_tiny",
  "qps": 16,
  "turn1": {
    "count": 138,
    "avg_ttft_ms": 90.03391465091187,
    "avg_tpot_ms": 10.413112370933925,
    "avg_e2e_ms": 1412.4991857595203,
    "p50_ttft_ms": 87.28591911494732,
    "p50_tpot_ms": 10.10383469030613,
    "p50_e2e_ms": 1407.9603645950556,
    "p99_ttft_ms": 261.99355471879244,
    "p99_tpot_ms": 12.643362389598774,
    "p99_e2e_ms": 1653.2688266783953
  },
  "turn2": {
    "count": 138,
    "avg_ttft_ms": 87.68664659473343,
    "avg_tpot_ms": 10.438373974163492,
    "avg_e2e_ms": 411.27623979380166,
    "p50_ttft_ms": 89.57535400986671,
    "p50_tpot_ms": 10.167895485797235,
    "p50_e2e_ms": 403.2760839909315,
    "p99_ttft_ms": 271.78696595132334,
    "p99_tpot_ms": 13.929718355498004,
    "p99_e2e_ms": 555.123779065907
  },
  "average": {
    "count": 276,
    "avg_ttft_ms": 88.86028062282266,
    "avg_tpot_ms": 10.425743172548707,
    "avg_e2e_ms": 911.8877127766609,
    "p50_ttft_ms": 88.52511644363403,
    "p50_tpot_ms": 10.13688948161565,
    "p50_e2e_ms": 889.2739433795214,
    "p99_ttft_ms": 268.3535311371088,
    "p99_tpot_ms": 13.438865211942504,
    "p99_e2e_ms": 1645.4766998067498
  },
  "throughput": {
    "requests_per_sec": 23.840358617147842,
    "tokens_per_sec": 1907.2286893718274
  },
  "success_rate": 100.0,
  "total_requests": 276,
  "failed_requests": 0,
  "duration_sec": 11.577007059007883,
  "timestamp": "2026-01-18T21:02:27.149636",
  "error": null
}