{
  "config": "1R_2P_1D",
  "workload": "small_mid_paste",
  "qps": 8,
  "turn1": {
    "count": 75,
    "avg_ttft_ms": 72.17619294921558,
    "avg_tpot_ms": 10.252422818674502,
    "avg_e2e_ms": 1374.2338909208775,
    "p50_ttft_ms": 79.36494052410126,
    "p50_tpot_ms": 9.42628041613759,
    "p50_e2e_ms": 1297.4129021167755,
    "p99_ttft_ms": 126.60138964653021,
    "p99_tpot_ms": 13.664598714882933,
    "p99_e2e_ms": 1778.316878452897
  },
  "turn2": {
    "count": 75,
    "avg_ttft_ms": 87.67486954728763,
    "avg_tpot_ms": 10.554589975290197,
    "avg_e2e_ms": 752.6140379905701,
    "p50_ttft_ms": 90.60733020305634,
    "p50_tpot_ms": 10.133829086072861,
    "p50_e2e_ms": 722.2061045467854,
    "p99_ttft_ms": 157.650505155325,
    "p99_tpot_ms": 14.604083111598378,
    "p99_e2e_ms": 971.5669913589954
  },
  "average": {
    "count": 150,
    "avg_ttft_ms": 79.9255312482516,
    "avg_tpot_ms": 10.403506396982351,
    "avg_e2e_ms": 1063.4239644557238,
    "p50_ttft_ms": 83.06052349507809,
    "p50_tpot_ms": 9.731690385031442,
    "p50_e2e_ms": 1036.2047404050827,
    "p99_ttft_ms": 154.37849141657352,
    "p99_tpot_ms": 14.41346978916535,
    "p99_e2e_ms": 1775.3560700640082
  },
  "throughput": {
    "requests_per_sec": 12.108316234212017,
    "tokens_per_sec": 1162.3983584843536
  },
  "success_rate": 100.0,
  "total_requests": 150,
  "failed_requests": 0,
  "duration_sec": 12.388179916888475,
  "timestamp": "2026-01-18T21:19:59.202564",
  "error": null
}