{
  "config": "1R_2P_1D",
  "workload": "large_small_bal",
  "qps": 6,
  "turn1": {
    "count": 60,
    "avg_ttft_ms": 830.6926440447569,
    "avg_tpot_ms": 14.681448553300092,
    "avg_e2e_ms": 15849.81451407075,
    "p50_ttft_ms": 145.7832306623459,
    "p50_tpot_ms": 16.780668341592026,
    "p50_e2e_ms": 19642.885096371174,
    "p99_ttft_ms": 5262.019463330506,
    "p99_tpot_ms": 19.79150264734222,
    "p99_e2e_ms": 21307.33083128929
  },
  "turn2": {
    "count": 60,
    "avg_ttft_ms": 152.43269863228002,
    "avg_tpot_ms": 14.170857741640358,
    "avg_e2e_ms": 1045.1967363556225,
    "p50_ttft_ms": 149.36744421720505,
    "p50_tpot_ms": 10.958444031458052,
    "p50_e2e_ms": 828.8863897323608,
    "p99_ttft_ms": 348.5575976222753,
    "p99_tpot_ms": 28.080916243886186,
    "p99_e2e_ms": 2055.950055532157
  },
  "average": {
    "count": 120,
    "avg_ttft_ms": 491.56267133851844,
    "avg_tpot_ms": 14.426153147470226,
    "avg_e2e_ms": 8447.505625213185,
    "p50_ttft_ms": 148.92836101353168,
    "p50_tpot_ms": 11.344278645184305,
    "p50_e2e_ms": 5876.20704062283,
    "p99_ttft_ms": 5105.641121156514,
    "p99_tpot_ms": 27.455552343929572,
    "p99_e2e_ms": 21160.213387422264
  },
  "throughput": {
    "requests_per_sec": 3.8638353504775766,
    "tokens_per_sec": 2101.9264306598016
  },
  "success_rate": 100.0,
  "total_requests": 120,
  "failed_requests": 0,
  "duration_sec": 31.05722400546074,
  "timestamp": "2026-01-18T22:03:02.910265",
  "error": null
}