{
  "config": "1R_2P_1D",
  "workload": "small_short_gen",
  "qps": 4,
  "turn1": {
    "count": 40,
    "avg_ttft_ms": 66.09590640291572,
    "avg_tpot_ms": 9.651406909390463,
    "avg_e2e_ms": 1291.8245838955045,
    "p50_ttft_ms": 58.32548253238201,
    "p50_tpot_ms": 9.7009422858869,
    "p50_e2e_ms": 1273.5831085592508,
    "p99_ttft_ms": 159.27707049995658,
    "p99_tpot_ms": 11.31007018697074,
    "p99_e2e_ms": 1484.9198666587472
  },
  "turn2": {
    "count": 40,
    "avg_ttft_ms": 68.84996928274632,
    "avg_tpot_ms": 9.566238781839024,
    "avg_e2e_ms": 2508.2408586516976,
    "p50_ttft_ms": 42.735105380415916,
    "p50_tpot_ms": 9.962383007594184,
    "p50_e2e_ms": 2575.3102246671915,
    "p99_ttft_ms": 155.9817501157522,
    "p99_tpot_ms": 11.055968760567554,
    "p99_e2e_ms": 2855.7209138572216
  },
  "average": {
    "count": 80,
    "avg_ttft_ms": 67.47293784283102,
    "avg_tpot_ms": 9.608822845614744,
    "avg_e2e_ms": 1900.032721273601,
    "p50_ttft_ms": 54.46843430399895,
    "p50_tpot_ms": 9.83717971910881,
    "p50_e2e_ms": 1840.7931476831436,
    "p99_ttft_ms": 173.40854421257964,
    "p99_tpot_ms": 11.239904842860115,
    "p99_e2e_ms": 2855.3548638522625
  },
  "throughput": {
    "requests_per_sec": 6.081857493977658,
    "tokens_per_sec": 1167.7166388437104
  },
  "success_rate": 100.0,
  "total_requests": 80,
  "failed_requests": 0,
  "duration_sec": 13.15387611091137,
  "timestamp": "2026-01-18T21:03:36.781995",
  "error": null
}