{
  "config": "1R_2P_1D",
  "workload": "small_long_gen",
  "qps": 0.5,
  "turn1": {
    "count": 5,
    "avg_ttft_ms": 60.883378237485886,
    "avg_tpot_ms": 8.704045790386951,
    "avg_e2e_ms": 1166.2971936166286,
    "p50_ttft_ms": 39.810117334127426,
    "p50_tpot_ms": 8.111510865800962,
    "p50_e2e_ms": 1135.4212686419487,
    "p99_ttft_ms": 104.81131181120872,
    "p99_tpot_ms": 9.886335579194421,
    "p99_e2e_ms": 1292.0561316609383
  },
  "turn2": {
    "count": 5,
    "avg_ttft_ms": 73.40841889381409,
    "avg_tpot_ms": 8.60143942492349,
    "avg_e2e_ms": 4468.7439650297165,
    "p50_ttft_ms": 97.18242287635803,
    "p50_tpot_ms": 8.044141641801584,
    "p50_e2e_ms": 4221.248030662537,
    "p99_ttft_ms": 110.22136598825455,
    "p99_tpot_ms": 9.75339085942612,
    "p99_e2e_ms": 5012.470021396875
  },
  "average": {
    "count": 10,
    "avg_ttft_ms": 67.14589856564999,
    "avg_tpot_ms": 8.65274260765522,
    "avg_e2e_ms": 2817.5205793231726,
    "p50_ttft_ms": 66.93379208445549,
    "p50_tpot_ms": 8.08876994850598,
    "p50_e2e_ms": 2685.6709830462933,
    "p99_ttft_ms": 110.20274803042412,
    "p99_tpot_ms": 9.888557789034914,
    "p99_e2e_ms": 5002.442256473005
  },
  "throughput": {
    "requests_per_sec": 0.6614499314075849,
    "tokens_per_sec": 211.66397805042718
  },
  "success_rate": 100.0,
  "total_requests": 10,
  "failed_requests": 0,
  "duration_sec": 15.118302270770073,
  "timestamp": "2026-01-18T21:05:35.144651",
  "error": null
}