{
  "config": "1R_2P_1D",
  "workload": "small_tiny",
  "qps": 0.5,
  "turn1": {
    "count": 2,
    "avg_ttft_ms": 99.07225333154202,
    "avg_tpot_ms": 7.95254117156577,
    "avg_e2e_ms": 1109.0449821203947,
    "p50_ttft_ms": 99.07225333154202,
    "p50_tpot_ms": 7.95254117156577,
    "p50_e2e_ms": 1109.0449821203947,
    "p99_ttft_ms": 151.23382795602083,
    "p99_tpot_ms": 7.987152908261367,
    "p99_e2e_ms": 1165.6022473052144
  },
  "turn2": {
    "count": 2,
    "avg_ttft_ms": 63.9140997081995,
    "avg_tpot_ms": 7.874768107168136,
    "avg_e2e_ms": 308.0319110304117,
    "p50_ttft_ms": 63.9140997081995,
    "p50_tpot_ms": 7.874768107168136,
    "p50_e2e_ms": 308.0319110304117,
    "p99_ttft_ms": 99.1417222097516,
    "p99_tpot_ms": 7.980628962959013,
    "p99_e2e_ms": 339.97784700244665
  },
  "average": {
    "count": 4,
    "avg_ttft_ms": 81.49317651987076,
    "avg_tpot_ms": 7.913654639366953,
    "avg_e2e_ms": 708.5384465754032,
    "p50_ttft_ms": 72.85340502858162,
    "p50_tpot_ms": 7.950006230742096,
    "p50_e2e_ms": 695.9816459566355,
    "p99_ttft_ms": 150.72521898895502,
    "p99_tpot_ms": 7.987707173785325,
    "p99_e2e_ms": 1163.2937875017524
  },
  "throughput": {
    "requests_per_sec": 1.020605259371077,
    "tokens_per_sec": 81.64842074968617
  },
  "success_rate": 100.0,
  "total_requests": 4,
  "failed_requests": 0,
  "duration_sec": 3.9192429818212986,
  "timestamp": "2026-01-18T21:00:57.784517",
  "error": null
}