{
  "config": "1R_2P_1D",
  "workload": "small_big_paste",
  "qps": 8,
  "turn1": {
    "count": 77,
    "avg_ttft_ms": 94.72149915315889,
    "avg_tpot_ms": 11.113385768076409,
    "avg_e2e_ms": 1506.1214916988627,
    "p50_ttft_ms": 93.49234774708748,
    "p50_tpot_ms": 9.673750776005543,
    "p50_e2e_ms": 1425.6624057888985,
    "p99_ttft_ms": 282.3052942752835,
    "p99_tpot_ms": 16.080639232096708,
    "p99_e2e_ms": 2078.55986520648
  },
  "turn2": {
    "count": 77,
    "avg_ttft_ms": 132.26232605127547,
    "avg_tpot_ms": 11.590749578263631,
    "avg_e2e_ms": 862.4795494818842,
    "p50_ttft_ms": 127.35023722052574,
    "p50_tpot_ms": 10.124927297944115,
    "p50_e2e_ms": 799.689345061779,
    "p99_ttft_ms": 330.0614371895789,
    "p99_tpot_ms": 19.567686726176543,
    "p99_e2e_ms": 1315.091259628534
  },
  "average": {
    "count": 154,
    "avg_ttft_ms": 113.49191260221717,
    "avg_tpot_ms": 11.35206767317002,
    "avg_e2e_ms": 1184.3005205903735,
    "p50_ttft_ms": 101.23718716204166,
    "p50_tpot_ms": 9.77433602961283,
    "p50_e2e_ms": 1184.4217386096716,
    "p99_ttft_ms": 327.26381834596395,
    "p99_tpot_ms": 18.111040349754074,
    "p99_e2e_ms": 2046.103673428297
  },
  "throughput": {
    "requests_per_sec": 12.513880441865403,
    "tokens_per_sec": 1201.3325224190787
  },
  "success_rate": 100.0,
  "total_requests": 154,
  "failed_requests": 0,
  "duration_sec": 12.306334611028433,
  "timestamp": "2026-01-18T21:21:59.125909",
  "error": null
}