{
  "config": "1R_2P_1D",
  "workload": "small_small_bal",
  "qps": 16,
  "turn1": {
    "count": 149,
    "avg_ttft_ms": 104.49478992779783,
    "avg_tpot_ms": 11.293368444460135,
    "avg_e2e_ms": 1538.752582374235,
    "p50_ttft_ms": 96.544299274683,
    "p50_tpot_ms": 10.106211308184571,
    "p50_e2e_ms": 1464.8477435112,
    "p99_ttft_ms": 285.9338465332987,
    "p99_tpot_ms": 16.125045396446243,
    "p99_e2e_ms": 2101.6743011772633
  },
  "turn2": {
    "count": 149,
    "avg_ttft_ms": 107.07276109481018,
    "avg_tpot_ms": 11.213283855684322,
    "avg_e2e_ms": 813.5096440029224,
    "p50_ttft_ms": 98.87713566422462,
    "p50_tpot_ms": 10.33934424557383,
    "p50_e2e_ms": 793.0739782750607,
    "p99_ttft_ms": 336.98031201958656,
    "p99_tpot_ms": 17.033354289947994,
    "p99_e2e_ms": 1140.7040616869926
  },
  "average": {
    "count": 298,
    "avg_ttft_ms": 105.783775511304,
    "avg_tpot_ms": 11.253326150072228,
    "avg_e2e_ms": 1176.1311131885789,
    "p50_ttft_ms": 98.5191110521555,
    "p50_tpot_ms": 10.212906974209144,
    "p50_e2e_ms": 1179.4728115200996,
    "p99_ttft_ms": 312.3568680509918,
    "p99_tpot_ms": 16.34118130637538,
    "p99_e2e_ms": 2089.5109577104445
  },
  "throughput": {
    "requests_per_sec": 24.55612969273159,
    "tokens_per_sec": 2357.388450502233
  },
  "success_rate": 100.0,
  "total_requests": 298,
  "failed_requests": 0,
  "duration_sec": 12.135462865233421,
  "timestamp": "2026-01-18T21:16:25.886920",
  "error": null
}