{
  "config": "1R_2P_1D",
  "workload": "large_mid_bal",
  "qps": 20,
  "turn1": {
    "count": 181,
    "avg_ttft_ms": 20567.65487458742,
    "avg_tpot_ms": 16.077868079385006,
    "avg_e2e_ms": 37015.31391979828,
    "p50_ttft_ms": 21426.87240242958,
    "p50_tpot_ms": 10.93243257682461,
    "p50_e2e_ms": 34747.54885211587,
    "p99_ttft_ms": 46734.26268324256,
    "p99_tpot_ms": 26.18439159449827,
    "p99_e2e_ms": 67229.23090159893
  },
  "turn2": {
    "count": 181,
    "avg_ttft_ms": 1097.928326947419,
    "avg_tpot_ms": 18.30402962961006,
    "avg_e2e_ms": 3422.5400899078963,
    "p50_ttft_ms": 173.65462705492973,
    "p50_tpot_ms": 11.319805112645382,
    "p50_e2e_ms": 1746.8358092010021,
    "p99_ttft_ms": 38463.480235636234,
    "p99_tpot_ms": 41.54489603568249,
    "p99_e2e_ms": 40334.6221782267
  },
  "average": {
    "count": 362,
    "avg_ttft_ms": 10832.79160076742,
    "avg_tpot_ms": 17.19094885449753,
    "avg_e2e_ms": 20218.92700485309,
    "p50_ttft_ms": 452.7146052569151,
    "p50_tpot_ms": 11.317701936941447,
    "p50_e2e_ms": 11010.323315858841,
    "p99_ttft_ms": 46550.725201405585,
    "p99_tpot_ms": 40.798362085493046,
    "p99_e2e_ms": 67132.81755443662
  },
  "throughput": {
    "requests_per_sec": 4.604653534224572,
    "tokens_per_sec": 2652.280435713353
  },
  "success_rate": 100.0,
  "total_requests": 362,
  "failed_requests": 0,
  "duration_sec": 78.61612112820148,
  "timestamp": "2026-01-18T22:14:59.922911",
  "error": null
}