{
  "config": "1R_2P_1D",
  "workload": "large_long_gen",
  "qps": 10,
  "turn1": {
    "count": 100,
    "avg_ttft_ms": 11364.488375484943,
    "avg_tpot_ms": 16.879545003175735,
    "avg_e2e_ms": 28632.26291373372,
    "p50_ttft_ms": 5538.913605734706,
    "p50_tpot_ms": 20.888470630375405,
    "p50_e2e_ms": 22574.484998360276,
    "p99_ttft_ms": 30180.603189095855,
    "p99_tpot_ms": 25.607260916189073,
    "p99_e2e_ms": 51382.81471017748
  },
  "turn2": {
    "count": 100,
    "avg_ttft_ms": 428.6907197162509,
    "avg_tpot_ms": 17.03541182674132,
    "avg_e2e_ms": 9133.786163181067,
    "p50_ttft_ms": 157.80836902558804,
    "p50_tpot_ms": 14.434623807202113,
    "p50_e2e_ms": 7768.776468932629,
    "p99_ttft_ms": 720.5374152587098,
    "p99_tpot_ms": 26.859444828882612,
    "p99_e2e_ms": 14297.131857834838
  },
  "average": {
    "count": 200,
    "avg_ttft_ms": 5896.589547600597,
    "avg_tpot_ms": 16.957478414958526,
    "avg_e2e_ms": 18883.024538457394,
    "p50_ttft_ms": 190.12605026364326,
    "p50_tpot_ms": 18.780902316046554,
    "p50_e2e_ms": 13551.145251840353,
    "p99_ttft_ms": 30153.308430425823,
    "p99_tpot_ms": 26.70394217941742,
    "p99_e2e_ms": 51376.29097107798
  },
  "throughput": {
    "requests_per_sec": 2.971640031578837,
    "tokens_per_sec": 2282.2195442525467
  },
  "success_rate": 100.0,
  "total_requests": 200,
  "failed_requests": 0,
  "duration_sec": 67.30290273204446,
  "timestamp": "2026-01-18T21:44:14.040763",
  "error": null
}