{
  "config": "1R_2P_1D",
  "workload": "small_small_bal",
  "qps": 1,
  "turn1": {
    "count": 10,
    "avg_ttft_ms": 60.12384854257107,
    "avg_tpot_ms": 8.445863941992362,
    "avg_e2e_ms": 1132.748569175601,
    "p50_ttft_ms": 45.265765860676765,
    "p50_tpot_ms": 8.453597219323548,
    "p50_e2e_ms": 1141.7201403528452,
    "p99_ttft_ms": 103.85986063629389,
    "p99_tpot_ms": 9.09068805612917,
    "p99_e2e_ms": 1187.2088712826371
  },
  "turn2": {
    "count": 10,
    "avg_ttft_ms": 54.16008271276951,
    "avg_tpot_ms": 8.650101135884013,
    "avg_e2e_ms": 599.1164542734623,
    "p50_ttft_ms": 36.81359626352787,
    "p50_tpot_ms": 8.715624640148784,
    "p50_e2e_ms": 601.121736690402,
    "p99_ttft_ms": 105.46882998198271,
    "p99_tpot_ms": 9.431629448183,
    "p99_e2e_ms": 630.5190421268344
  },
  "average": {
    "count": 20,
    "avg_ttft_ms": 57.14196562767029,
    "avg_tpot_ms": 8.547982538938188,
    "avg_e2e_ms": 865.9325117245317,
    "p50_ttft_ms": 39.16194662451744,
    "p50_tpot_ms": 8.696580996184911,
    "p50_e2e_ms": 843.6105530709028,
    "p99_ttft_ms": 105.78028943389654,
    "p99_tpot_ms": 9.411562574761254,
    "p99_e2e_ms": 1185.951808206737
  },
  "throughput": {
    "requests_per_sec": 2.335049097924075,
    "tokens_per_sec": 224.16471340071118
  },
  "success_rate": 100.0,
  "total_requests": 20,
  "failed_requests": 0,
  "duration_sec": 8.565130393952131,
  "timestamp": "2026-01-18T21:15:06.785926",
  "error": null
}