{
  "config": "1R_2P_1D",
  "workload": "large_huge_paste",
  "qps": 6,
  "turn1": {
    "count": 50,
    "avg_ttft_ms": 154.110846221447,
    "avg_tpot_ms": 14.664576338533085,
    "avg_e2e_ms": 15155.97244054079,
    "p50_ttft_ms": 140.2045339345932,
    "p50_tpot_ms": 17.139637409431728,
    "p50_e2e_ms": 17639.27132450044,
    "p99_ttft_ms": 337.5013153627512,
    "p99_tpot_ms": 19.410826906139434,
    "p99_e2e_ms": 19977.231576777995
  },
  "turn2": {
    "count": 49,
    "avg_ttft_ms": 210.03437604831188,
    "avg_tpot_ms": 16.49122914008752,
    "avg_e2e_ms": 721.2624793910251,
    "p50_ttft_ms": 180.09264394640923,
    "p50_tpot_ms": 11.026334378027148,
    "p50_e2e_ms": 543.8390672206879,
    "p99_ttft_ms": 453.2815499603746,
    "p99_tpot_ms": 45.020626374790716,
    "p99_e2e_ms": 1642.4025624990456
  },
  "average": {
    "count": 99,
    "avg_ttft_ms": 181.7901690650468,
    "avg_tpot_ms": 15.568677220110532,
    "avg_e2e_ms": 8011.52003552727,
    "p50_ttft_ms": 166.38904437422752,
    "p50_tpot_ms": 12.10365840984929,
    "p50_e2e_ms": 9342.829931527376,
    "p99_ttft_ms": 427.2336161136625,
    "p99_tpot_ms": 41.75370306497617,
    "p99_e2e_ms": 19932.24525399506
  },
  "throughput": {
    "requests_per_sec": 3.274700417264073,
    "tokens_per_sec": 1745.4484001837434
  },
  "success_rate": 99.0,
  "total_requests": 100,
  "failed_requests": 1,
  "duration_sec": 30.231773104518652,
  "timestamp": "2026-01-18T22:30:54.830092",
  "error": "Server disconnected"
}