{
  "config": "1R_2P_1D",
  "workload": "small_tiny",
  "qps": 20,
  "turn1": {
    "count": 195,
    "avg_ttft_ms": 171.01184592033044,
    "avg_tpot_ms": 11.924937622711532,
    "avg_e2e_ms": 1685.4789240046953,
    "p50_ttft_ms": 106.82685300707817,
    "p50_tpot_ms": 10.708025267978353,
    "p50_e2e_ms": 1611.8856221437454,
    "p99_ttft_ms": 565.6212649494411,
    "p99_tpot_ms": 19.157381925409233,
    "p99_e2e_ms": 2484.1451742500067
  },
  "turn2": {
    "count": 195,
    "avg_ttft_ms": 158.04105334174938,
    "avg_tpot_ms": 12.01681510612332,
    "avg_e2e_ms": 530.5623216315722,
    "p50_ttft_ms": 99.57537800073624,
    "p50_tpot_ms": 11.074400597041652,
    "p50_e2e_ms": 473.2243977487087,
    "p99_ttft_ms": 537.197682633996,
    "p99_tpot_ms": 22.965849842275343,
    "p99_e2e_ms": 875.4286763817072
  },
  "average": {
    "count": 390,
    "avg_ttft_ms": 164.52644963103992,
    "avg_tpot_ms": 11.970876364417427,
    "avg_e2e_ms": 1108.0206228181337,
    "p50_ttft_ms": 103.12953218817711,
    "p50_tpot_ms": 10.997292014860339,
    "p50_e2e_ms": 1066.6265599429607,
    "p99_ttft_ms": 548.2259121537211,
    "p99_tpot_ms": 21.71840071557991,
    "p99_e2e_ms": 2472.8228652849793
  },
  "throughput": {
    "requests_per_sec": 33.44351101109413,
    "tokens_per_sec": 2675.4808808875305
  },
  "success_rate": 100.0,
  "total_requests": 390,
  "failed_requests": 0,
  "duration_sec": 11.661455038934946,
  "timestamp": "2026-01-18T21:02:38.852953",
  "error": null
}