{
  "config": "1R_2P_1D",
  "workload": "large_tiny",
  "qps": 6,
  "turn1": {
    "count": 44,
    "avg_ttft_ms": 147.6595343344591,
    "avg_tpot_ms": 14.274258449432649,
    "avg_e2e_ms": 14750.225928104059,
    "p50_ttft_ms": 143.31180974841118,
    "p50_tpot_ms": 16.99339094610916,
    "p50_e2e_ms": 17558.15572850406,
    "p99_ttft_ms": 253.34900852292776,
    "p99_tpot_ms": 18.051271625445793,
    "p99_e2e_ms": 18574.392016604543
  },
  "turn2": {
    "count": 43,
    "avg_ttft_ms": 134.31814182982887,
    "avg_tpot_ms": 13.574036739526257,
    "avg_e2e_ms": 555.1132807551428,
    "p50_ttft_ms": 142.36271381378174,
    "p50_tpot_ms": 11.647543118846032,
    "p50_e2e_ms": 497.6419545710087,
    "p99_ttft_ms": 311.48540154099453,
    "p99_tpot_ms": 24.708815615984694,
    "p99_e2e_ms": 881.7408963292837
  },
  "average": {
    "count": 87,
    "avg_ttft_ms": 141.06551275171083,
    "avg_tpot_ms": 13.928171857180066,
    "avg_e2e_ms": 7734.250711598273,
    "p50_ttft_ms": 142.94667541980743,
    "p50_tpot_ms": 11.974690301764396,
    "p50_e2e_ms": 9153.348181396723,
    "p99_ttft_ms": 278.962878137827,
    "p99_tpot_ms": 23.51287048189871,
    "p99_e2e_ms": 18572.654831409454
  },
  "throughput": {
    "requests_per_sec": 3.1505489084904883,
    "tokens_per_sec": 1681.4515737819581
  },
  "success_rate": 98.86363636363636,
  "total_requests": 88,
  "failed_requests": 1,
  "duration_sec": 27.614235654473305,
  "timestamp": "2026-01-18T21:27:01.147974",
  "error": "Server disconnected"
}