{
  "config": "1R_2P_1D",
  "workload": "small_huge_paste",
  "qps": 10,
  "turn1": {
    "count": 100,
    "avg_ttft_ms": 102.9514130204916,
    "avg_tpot_ms": 14.498610823290553,
    "avg_e2e_ms": 1944.274987578392,
    "p50_ttft_ms": 97.60081209242344,
    "p50_tpot_ms": 13.595564672210084,
    "p50_e2e_ms": 1764.4773181527853,
    "p99_ttft_ms": 233.39130945503766,
    "p99_tpot_ms": 24.892436953510828,
    "p99_e2e_ms": 3243.7480626627803
  },
  "turn2": {
    "count": 100,
    "avg_ttft_ms": 159.15010586380959,
    "avg_tpot_ms": 14.23186193430616,
    "avg_e2e_ms": 600.3378258273005,
    "p50_ttft_ms": 138.07831145823002,
    "p50_tpot_ms": 10.811745038916989,
    "p50_e2e_ms": 551.5634659677744,
    "p99_ttft_ms": 359.55182071775226,
    "p99_tpot_ms": 27.078911720985367,
    "p99_e2e_ms": 996.0374688729646
  },
  "average": {
    "count": 200,
    "avg_ttft_ms": 131.0507594421506,
    "avg_tpot_ms": 14.36523637879836,
    "avg_e2e_ms": 1272.3064067028463,
    "p50_ttft_ms": 120.72887271642685,
    "p50_tpot_ms": 11.242857219919596,
    "p50_e2e_ms": 1105.857202783227,
    "p99_ttft_ms": 339.96955018490536,
    "p99_tpot_ms": 25.82312134004407,
    "p99_e2e_ms": 3225.9094358608127
  },
  "throughput": {
    "requests_per_sec": 14.957031315236181,
    "tokens_per_sec": 1196.5625052188946
  },
  "success_rate": 100.0,
  "total_requests": 200,
  "failed_requests": 0,
  "duration_sec": 13.37163744494319,
  "timestamp": "2026-01-18T21:24:18.807483",
  "error": null
}