{
  "config": "1R_2P_1D",
  "workload": "small_very_long_gen",
  "qps": 0.5,
  "turn1": {
    "count": 3,
    "avg_ttft_ms": 33.09796874721845,
    "avg_tpot_ms": 8.719240576811037,
    "avg_e2e_ms": 1140.4415220022202,
    "p50_ttft_ms": 31.75298497080803,
    "p50_tpot_ms": 8.965892673242749,
    "p50_e2e_ms": 1170.073963701725,
    "p99_ttft_ms": 36.04768022894859,
    "p99_tpot_ms": 9.291170499925538,
    "p99_e2e_ms": 1216.0193859040737
  },
  "turn2": {
    "count": 3,
    "avg_ttft_ms": 30.437296877304714,
    "avg_tpot_ms": 9.691451282600658,
    "avg_e2e_ms": 9944.79195897778,
    "p50_ttft_ms": 27.768701314926147,
    "p50_tpot_ms": 9.856594750113269,
    "p50_e2e_ms": 10111.0651306808,
    "p99_ttft_ms": 35.99241100251675,
    "p99_tpot_ms": 9.883416021717958,
    "p99_e2e_ms": 10146.727001219988
  },
  "average": {
    "count": 6,
    "avg_ttft_ms": 31.76763281226158,
    "avg_tpot_ms": 9.205345929705848,
    "avg_e2e_ms": 5542.61674049,
    "p50_ttft_ms": 31.579289585351944,
    "p50_tpot_ms": 9.315802262999963,
    "p50_e2e_ms": 5396.406499668956,
    "p99_ttft_ms": 36.15899607539177,
    "p99_tpot_ms": 9.882594962383122,
    "p99_e2e_ms": 10145.635311305523
  },
  "throughput": {
    "requests_per_sec": 0.2852944575226161,
    "tokens_per_sec": 164.3296075330269
  },
  "success_rate": 100.0,
  "total_requests": 6,
  "failed_requests": 0,
  "duration_sec": 21.03090278059244,
  "timestamp": "2026-01-18T21:09:13.170291",
  "error": null
}