{
  "config": "1R_2P_1D",
  "workload": "large_very_long_gen",
  "qps": 10,
  "turn1": {
    "count": 90,
    "avg_ttft_ms": 14768.947691677346,
    "avg_tpot_ms": 16.96381654217718,
    "avg_e2e_ms": 32122.9320143246,
    "p50_ttft_ms": 1117.456454783678,
    "p50_tpot_ms": 19.75256446949256,
    "p50_e2e_ms": 23352.75104828179,
    "p99_ttft_ms": 47215.3914905712,
    "p99_tpot_ms": 29.298918575835017,
    "p99_e2e_ms": 66202.93766506016
  },
  "turn2": {
    "count": 90,
    "avg_ttft_ms": 221.06825638976363,
    "avg_tpot_ms": 18.541289733580584,
    "avg_e2e_ms": 19188.8076538427,
    "p50_ttft_ms": 164.98667560517788,
    "p50_tpot_ms": 17.183428102210236,
    "p50_e2e_ms": 17800.05118995905,
    "p99_ttft_ms": 638.3600260689855,
    "p99_tpot_ms": 29.31929894855004,
    "p99_e2e_ms": 30259.337540194392
  },
  "average": {
    "count": 180,
    "avg_ttft_ms": 7495.007974033554,
    "avg_tpot_ms": 17.752553137878884,
    "avg_e2e_ms": 25655.86983408365,
    "p50_ttft_ms": 200.25044679641724,
    "p50_tpot_ms": 19.083356708725177,
    "p50_e2e_ms": 23249.243289232254,
    "p99_ttft_ms": 46936.36325258762,
    "p99_tpot_ms": 29.324920874048946,
    "p99_e2e_ms": 65800.98415117711
  },
  "throughput": {
    "requests_per_sec": 2.014028903212945,
    "tokens_per_sec": 2062.3655968900557
  },
  "success_rate": 100.0,
  "total_requests": 180,
  "failed_requests": 0,
  "duration_sec": 89.37309673801064,
  "timestamp": "2026-01-18T21:54:57.163848",
  "error": null
}