{
  "config": "1R_2P_1D",
  "workload": "small_tiny",
  "qps": 6,
  "turn1": {
    "count": 60,
    "avg_ttft_ms": 76.48389743020137,
    "avg_tpot_ms": 9.12898450336979,
    "avg_e2e_ms": 1235.8649293581645,
    "p50_ttft_ms": 79.89724352955818,
    "p50_tpot_ms": 9.04754170869279,
    "p50_e2e_ms": 1245.4892508685589,
    "p99_ttft_ms": 176.3694718107581,
    "p99_tpot_ms": 10.120412061416259,
    "p99_e2e_ms": 1316.0612413287163
  },
  "turn2": {
    "count": 60,
    "avg_ttft_ms": 72.46327915539344,
    "avg_tpot_ms": 9.183021092046333,
    "avg_e2e_ms": 357.13693300882977,
    "p50_ttft_ms": 84.95405688881874,
    "p50_tpot_ms": 9.115144009551695,
    "p50_e2e_ms": 350.8177772164345,
    "p99_ttft_ms": 180.67223571240902,
    "p99_tpot_ms": 10.95805181130286,
    "p99_e2e_ms": 469.408629387617
  },
  "average": {
    "count": 120,
    "avg_ttft_ms": 74.4735882927974,
    "avg_tpot_ms": 9.156002797708059,
    "avg_e2e_ms": 796.5009311834971,
    "p50_ttft_ms": 83.66186544299126,
    "p50_tpot_ms": 9.06358684058537,
    "p50_e2e_ms": 799.0591675043106,
    "p99_ttft_ms": 178.9225761219859,
    "p99_tpot_ms": 10.89153031788526,
    "p99_e2e_ms": 1315.2845467999578
  },
  "throughput": {
    "requests_per_sec": 10.63707652715573,
    "tokens_per_sec": 850.9661221724583
  },
  "success_rate": 100.0,
  "total_requests": 120,
  "failed_requests": 0,
  "duration_sec": 11.281295165419579,
  "timestamp": "2026-01-18T21:01:41.708562",
  "error": null
}