{
  "config": "1R_2P_1D",
  "workload": "small_small_bal",
  "qps": 2,
  "turn1": {
    "count": 20,
    "avg_ttft_ms": 60.13417225331068,
    "avg_tpot_ms": 9.002220822776865,
    "avg_e2e_ms": 1203.4162167459726,
    "p50_ttft_ms": 44.18339021503925,
    "p50_tpot_ms": 8.826698359894003,
    "p50_e2e_ms": 1162.9653722047806,
    "p99_ttft_ms": 119.77249942719935,
    "p99_tpot_ms": 10.014121648012184,
    "p99_e2e_ms": 1305.66525131464
  },
  "turn2": {
    "count": 20,
    "avg_ttft_ms": 57.04120695590973,
    "avg_tpot_ms": 9.316136676167684,
    "avg_e2e_ms": 643.9578175544739,
    "p50_ttft_ms": 40.627246722579,
    "p50_tpot_ms": 9.90291903652842,
    "p50_e2e_ms": 660.3399626910686,
    "p99_ttft_ms": 108.5287396237254,
    "p99_tpot_ms": 10.44124270833674,
    "p99_e2e_ms": 698.9647825807333
  },
  "average": {
    "count": 40,
    "avg_ttft_ms": 58.587689604610205,
    "avg_tpot_ms": 9.159178749472275,
    "avg_e2e_ms": 923.6870171502233,
    "p50_ttft_ms": 40.627246722579,
    "p50_tpot_ms": 9.333074965637977,
    "p50_e2e_ms": 900.5431346595287,
    "p99_ttft_ms": 118.0510800331831,
    "p99_tpot_ms": 10.41493731003905,
    "p99_e2e_ms": 1305.4102537035942
  },
  "throughput": {
    "requests_per_sec": 4.2504599545321975,
    "tokens_per_sec": 408.044155635091
  },
  "success_rate": 100.0,
  "total_requests": 40,
  "failed_requests": 0,
  "duration_sec": 9.410746231675148,
  "timestamp": "2026-01-18T21:15:16.236367",
  "error": null
}