{
  "config": "1R_2P_1D",
  "workload": "small_long_gen",
  "qps": 12,
  "turn1": {
    "count": 110,
    "avg_ttft_ms": 2088.0521075292068,
    "avg_tpot_ms": 11.952325143586677,
    "avg_e2e_ms": 3605.9974007647147,
    "p50_ttft_ms": 2648.3366396278143,
    "p50_tpot_ms": 12.041126737209755,
    "p50_e2e_ms": 4026.085678488016,
    "p99_ttft_ms": 5853.17099969834,
    "p99_tpot_ms": 17.058122207623295,
    "p99_e2e_ms": 7745.100431069731
  },
  "turn2": {
    "count": 110,
    "avg_ttft_ms": 87.57305731150237,
    "avg_tpot_ms": 11.962792281312591,
    "avg_e2e_ms": 6200.559913062237,
    "p50_ttft_ms": 71.16098329424858,
    "p50_tpot_ms": 12.673134738743421,
    "p50_e2e_ms": 6529.903603717685,
    "p99_ttft_ms": 246.54098656028503,
    "p99_tpot_ms": 14.957848392106198,
    "p99_e2e_ms": 7691.925354152918
  },
  "average": {
    "count": 220,
    "avg_ttft_ms": 1087.8125824203546,
    "avg_tpot_ms": 11.957558712449634,
    "avg_e2e_ms": 4903.278656913476,
    "p50_ttft_ms": 103.35295833647251,
    "p50_tpot_ms": 12.116957001212075,
    "p50_e2e_ms": 5085.129598155618,
    "p99_ttft_ms": 5467.821659035981,
    "p99_tpot_ms": 17.012633934441045,
    "p99_e2e_ms": 7704.40908011049
  },
  "throughput": {
    "requests_per_sec": 9.192761003683206,
    "tokens_per_sec": 2941.6835211786256
  },
  "success_rate": 100.0,
  "total_requests": 220,
  "failed_requests": 0,
  "duration_sec": 23.931874211877584,
  "timestamp": "2026-01-18T21:07:40.859019",
  "error": null
}