{
  "config": "1R_2P_1D",
  "workload": "large_short_gen",
  "qps": 1,
  "turn1": {
    "count": 10,
    "avg_ttft_ms": 124.85149763524532,
    "avg_tpot_ms": 9.547588686920331,
    "avg_e2e_ms": 9892.034724354744,
    "p50_ttft_ms": 127.68848799169064,
    "p50_tpot_ms": 9.202229667487732,
    "p50_e2e_ms": 9512.377766892314,
    "p99_ttft_ms": 214.94226798415184,
    "p99_tpot_ms": 10.92220378578991,
    "p99_e2e_ms": 11288.286163248122
  },
  "turn2": {
    "count": 10,
    "avg_ttft_ms": 113.8255450874567,
    "avg_tpot_ms": 9.503486553827921,
    "avg_e2e_ms": 2537.2146163135767,
    "p50_ttft_ms": 125.25859475135803,
    "p50_tpot_ms": 9.54141411565098,
    "p50_e2e_ms": 2551.6935139894485,
    "p99_ttft_ms": 162.1619087457657,
    "p99_tpot_ms": 11.138080069685683,
    "p99_e2e_ms": 2894.198497161269
  },
  "average": {
    "count": 20,
    "avg_ttft_ms": 119.33852136135101,
    "avg_tpot_ms": 9.525537620374127,
    "avg_e2e_ms": 6214.62467033416,
    "p50_ttft_ms": 127.68848799169064,
    "p50_tpot_ms": 9.293597882649848,
    "p50_e2e_ms": 5815.662978217006,
    "p99_ttft_ms": 210.70470687001935,
    "p99_tpot_ms": 11.135588465248947,
    "p99_e2e_ms": 11287.966138832271
  },
  "throughput": {
    "requests_per_sec": 0.9131723915518772,
    "tokens_per_sec": 584.4303305932015
  },
  "success_rate": 100.0,
  "total_requests": 20,
  "failed_requests": 0,
  "duration_sec": 21.901669591665268,
  "timestamp": "2026-01-18T21:32:26.307134",
  "error": null
}