{
  "config": "1R_2P_1D",
  "workload": "small_very_long_gen",
  "qps": 1,
  "turn1": {
    "count": 10,
    "avg_ttft_ms": 69.94709074497223,
    "avg_tpot_ms": 8.629510748222119,
    "avg_e2e_ms": 1165.8949557691813,
    "p50_ttft_ms": 78.40850204229355,
    "p50_tpot_ms": 8.369810937896489,
    "p50_e2e_ms": 1158.2887303084135,
    "p99_ttft_ms": 118.11575949192047,
    "p99_tpot_ms": 10.649038562624472,
    "p99_e2e_ms": 1390.1785644516349
  },
  "turn2": {
    "count": 10,
    "avg_ttft_ms": 64.3391765654087,
    "avg_tpot_ms": 9.128228870683866,
    "avg_e2e_ms": 9402.517311275005,
    "p50_ttft_ms": 74.0726999938488,
    "p50_tpot_ms": 8.46713545385344,
    "p50_e2e_ms": 8743.644494563341,
    "p99_ttft_ms": 97.32254758477211,
    "p99_tpot_ms": 10.373040520761778,
    "p99_e2e_ms": 10651.57698571682
  },
  "average": {
    "count": 20,
    "avg_ttft_ms": 67.14313365519047,
    "avg_tpot_ms": 8.878869809452993,
    "avg_e2e_ms": 5284.206133522093,
    "p50_ttft_ms": 74.35756921768188,
    "p50_tpot_ms": 8.452096597117645,
    "p50_e2e_ms": 5040.606994181871,
    "p99_ttft_ms": 116.37778639793393,
    "p99_tpot_ms": 10.70056386492093,
    "p99_e2e_ms": 10650.483200252056
  },
  "throughput": {
    "requests_per_sec": 1.0825649570375753,
    "tokens_per_sec": 623.5574152536433
  },
  "success_rate": 100.0,
  "total_requests": 20,
  "failed_requests": 0,
  "duration_sec": 18.474641978740692,
  "timestamp": "2026-01-18T21:09:31.681235",
  "error": null
}