{
  "config": "1R_2P_1D",
  "workload": "small_long_gen",
  "qps": 4,
  "turn1": {
    "count": 38,
    "avg_ttft_ms": 69.13593970239162,
    "avg_tpot_ms": 9.76145349773341,
    "avg_e2e_ms": 1308.8405339145347,
    "p50_ttft_ms": 70.83750702440739,
    "p50_tpot_ms": 8.989632906993542,
    "p50_e2e_ms": 1245.3051265329123,
    "p99_ttft_ms": 135.266536846757,
    "p99_tpot_ms": 11.900354641101023,
    "p99_e2e_ms": 1566.901953034103
  },
  "turn2": {
    "count": 38,
    "avg_ttft_ms": 63.68585666151423,
    "avg_tpot_ms": 9.998630907454455,
    "avg_e2e_ms": 5172.986250370741,
    "p50_ttft_ms": 48.08329418301582,
    "p50_tpot_ms": 10.744037853878304,
    "p50_e2e_ms": 5528.765918686986,
    "p99_ttft_ms": 111.24403413385154,
    "p99_tpot_ms": 11.361699949315733,
    "p99_e2e_ms": 5838.381674811244
  },
  "average": {
    "count": 76,
    "avg_ttft_ms": 66.41089818195293,
    "avg_tpot_ms": 9.880042202593932,
    "avg_e2e_ms": 3240.913392142638,
    "p50_ttft_ms": 68.49410012364388,
    "p50_tpot_ms": 9.089442131322201,
    "p50_e2e_ms": 2848.7891126424074,
    "p99_ttft_ms": 126.21675245463848,
    "p99_tpot_ms": 11.878842480598003,
    "p99_e2e_ms": 5835.689486935735
  },
  "throughput": {
    "requests_per_sec": 4.531971887460004,
    "tokens_per_sec": 1450.2310039872011
  },
  "success_rate": 100.0,
  "total_requests": 76,
  "failed_requests": 0,
  "duration_sec": 16.769742153584957,
  "timestamp": "2026-01-18T21:06:19.859574",
  "error": null
}