{
  "config": "1R_2P_1D",
  "workload": "large_very_long_gen",
  "qps": 12,
  "turn1": {
    "count": 117,
    "avg_ttft_ms": 19826.768174831173,
    "avg_tpot_ms": 15.9430261299376,
    "avg_e2e_ms": 36136.48390575734,
    "p50_ttft_ms": 20114.9569042027,
    "p50_tpot_ms": 11.038566461581288,
    "p50_e2e_ms": 31174.867153167725,
    "p99_ttft_ms": 57719.0243293345,
    "p99_tpot_ms": 25.71331099287506,
    "p99_e2e_ms": 74859.45485338569
  },
  "turn2": {
    "count": 117,
    "avg_ttft_ms": 194.71857750899773,
    "avg_tpot_ms": 16.233983256939997,
    "avg_e2e_ms": 16802.083449358615,
    "p50_ttft_ms": 161.42059117555618,
    "p50_tpot_ms": 11.532139229722038,
    "p50_e2e_ms": 11958.992656320333,
    "p99_ttft_ms": 517.4143211543561,
    "p99_tpot_ms": 26.453652377381466,
    "p99_e2e_ms": 27247.734825909138
  },
  "average": {
    "count": 234,
    "avg_ttft_ms": 10010.743376170087,
    "avg_tpot_ms": 16.0885046934388,
    "avg_e2e_ms": 26469.283677557978,
    "p50_ttft_ms": 191.08680076897144,
    "p50_tpot_ms": 11.530504053056182,
    "p50_e2e_ms": 20131.77584670484,
    "p99_ttft_ms": 56756.4497279748,
    "p99_tpot_ms": 26.419064395552095,
    "p99_e2e_ms": 73665.21048936989
  },
  "throughput": {
    "requests_per_sec": 2.3987914609825376,
    "tokens_per_sec": 2456.3624560461185
  },
  "success_rate": 100.0,
  "total_requests": 234,
  "failed_requests": 0,
  "duration_sec": 97.54912163317204,
  "timestamp": "2026-01-18T21:56:34.749966",
  "error": null
}