{
  "config": "1R_2P_1D",
  "workload": "small_mid_paste",
  "qps": 6,
  "turn1": {
    "count": 60,
    "avg_ttft_ms": 80.49699266751607,
    "avg_tpot_ms": 9.58473061326295,
    "avg_e2e_ms": 1297.7577805519104,
    "p50_ttft_ms": 84.4148937612772,
    "p50_tpot_ms": 9.136721110484732,
    "p50_e2e_ms": 1259.4582438468933,
    "p99_ttft_ms": 178.99669434875247,
    "p99_tpot_ms": 11.40300601984807,
    "p99_e2e_ms": 1501.0605453327298
  },
  "turn2": {
    "count": 60,
    "avg_ttft_ms": 100.37475526332855,
    "avg_tpot_ms": 9.595137636458116,
    "avg_e2e_ms": 704.8684263601899,
    "p50_ttft_ms": 100.36676935851574,
    "p50_tpot_ms": 9.090123609417962,
    "p50_e2e_ms": 685.3956300765276,
    "p99_ttft_ms": 222.92039275169373,
    "p99_tpot_ms": 12.629710707281316,
    "p99_e2e_ms": 853.3975534141064
  },
  "average": {
    "count": 120,
    "avg_ttft_ms": 90.43587396542232,
    "avg_tpot_ms": 9.589934124860532,
    "avg_e2e_ms": 1001.3131034560502,
    "p50_ttft_ms": 93.58562342822552,
    "p50_tpot_ms": 9.099557243847219,
    "p50_e2e_ms": 987.7233281731606,
    "p99_ttft_ms": 214.75202556699523,
    "p99_tpot_ms": 12.428527635832628,
    "p99_e2e_ms": 1493.0201011151075
  },
  "throughput": {
    "requests_per_sec": 10.426325623402168,
    "tokens_per_sec": 1000.9272598466081
  },
  "success_rate": 100.0,
  "total_requests": 120,
  "failed_requests": 0,
  "duration_sec": 11.509327862411737,
  "timestamp": "2026-01-18T21:19:46.775566",
  "error": null
}