{
  "config": "1R_2P_1D",
  "workload": "small_small_bal",
  "qps": 10,
  "turn1": {
    "count": 100,
    "avg_ttft_ms": 84.62815258651972,
    "avg_tpot_ms": 10.912674467453337,
    "avg_e2e_ms": 1470.5378099530935,
    "p50_ttft_ms": 80.57573810219765,
    "p50_tpot_ms": 10.178678881699645,
    "p50_e2e_ms": 1369.5853482931852,
    "p99_ttft_ms": 207.51128096133473,
    "p99_tpot_ms": 14.638786884391402,
    "p99_e2e_ms": 1900.0956269726157
  },
  "turn2": {
    "count": 100,
    "avg_ttft_ms": 76.54024221003056,
    "avg_tpot_ms": 11.298616017022775,
    "avg_e2e_ms": 788.3530512824655,
    "p50_ttft_ms": 69.63867507874966,
    "p50_tpot_ms": 10.75966035326322,
    "p50_e2e_ms": 735.3568207472563,
    "p99_ttft_ms": 168.8648832961917,
    "p99_tpot_ms": 15.281791112252645,
    "p99_e2e_ms": 1013.7495218962431
  },
  "average": {
    "count": 200,
    "avg_ttft_ms": 80.58419739827514,
    "avg_tpot_ms": 11.105645242238056,
    "avg_e2e_ms": 1129.4454306177795,
    "p50_ttft_ms": 73.45099002122879,
    "p50_tpot_ms": 10.285052160422007,
    "p50_e2e_ms": 1101.0687872767448,
    "p99_ttft_ms": 205.09558174759147,
    "p99_tpot_ms": 15.087375752627848,
    "p99_e2e_ms": 1899.6934856846929
  },
  "throughput": {
    "requests_per_sec": 17.054175468525344,
    "tokens_per_sec": 1637.2008449784328
  },
  "success_rate": 100.0,
  "total_requests": 200,
  "failed_requests": 0,
  "duration_sec": 11.727333307266235,
  "timestamp": "2026-01-18T21:16:01.684682",
  "error": null
}