{
  "config": "1R_2P_1D",
  "workload": "small_long_gen",
  "qps": 20,
  "turn1": {
    "count": 200,
    "avg_ttft_ms": 8582.168366704136,
    "avg_tpot_ms": 12.448852452500832,
    "avg_e2e_ms": 10163.172628171742,
    "p50_ttft_ms": 7843.821154907346,
    "p50_tpot_ms": 12.310794737982,
    "p50_e2e_ms": 9272.96975068748,
    "p99_ttft_ms": 19261.194011345502,
    "p99_tpot_ms": 17.420182295847596,
    "p99_e2e_ms": 20916.318461075425
  },
  "turn2": {
    "count": 200,
    "avg_ttft_ms": 93.12053168192506,
    "avg_tpot_ms": 12.203427176419535,
    "avg_e2e_ms": 6329.071818832308,
    "p50_ttft_ms": 80.95959387719631,
    "p50_tpot_ms": 12.52520183527773,
    "p50_e2e_ms": 6450.9145226329565,
    "p99_ttft_ms": 382.81820069998446,
    "p99_tpot_ms": 15.429393930502833,
    "p99_e2e_ms": 7943.216142654419
  },
  "average": {
    "count": 400,
    "avg_ttft_ms": 4337.644449193031,
    "avg_tpot_ms": 12.326139814460184,
    "avg_e2e_ms": 8246.122223502025,
    "p50_ttft_ms": 118.56480315327644,
    "p50_tpot_ms": 12.423436074070397,
    "p50_e2e_ms": 7359.906453639269,
    "p99_ttft_ms": 19180.767659768462,
    "p99_tpot_ms": 16.96503140765616,
    "p99_e2e_ms": 20893.939529061317
  },
  "throughput": {
    "requests_per_sec": 10.943653627300549,
    "tokens_per_sec": 3501.969160736176
  },
  "success_rate": 100.0,
  "total_requests": 400,
  "failed_requests": 0,
  "duration_sec": 36.5508644208312,
  "timestamp": "2026-01-18T21:08:47.089904",
  "error": null
}