{
  "config": "1R_2P_1D",
  "workload": "large_long_gen",
  "qps": 20,
  "turn1": {
    "count": 200,
    "avg_ttft_ms": 34947.31180122122,
    "avg_tpot_ms": 16.303636216898088,
    "avg_e2e_ms": 51625.93165110797,
    "p50_ttft_ms": 33372.14508652687,
    "p50_tpot_ms": 10.717060233039357,
    "p50_e2e_ms": 52522.63808436692,
    "p99_ttft_ms": 81760.76802331954,
    "p99_tpot_ms": 25.605238058029848,
    "p99_e2e_ms": 100031.12962607294
  },
  "turn2": {
    "count": 199,
    "avg_ttft_ms": 635.6131514000833,
    "avg_tpot_ms": 16.927715426419134,
    "avg_e2e_ms": 9285.67573430026,
    "p50_ttft_ms": 169.8439158499241,
    "p50_tpot_ms": 14.866779352412532,
    "p50_e2e_ms": 7671.118035912514,
    "p99_ttft_ms": 1095.8795204758644,
    "p99_tpot_ms": 26.8715951585898,
    "p99_e2e_ms": 14114.94183562696
  },
  "average": {
    "count": 399,
    "avg_ttft_ms": 17834.459592413186,
    "avg_tpot_ms": 16.61489376751134,
    "avg_e2e_ms": 30508.86165751214,
    "p50_ttft_ms": 516.1874294281006,
    "p50_tpot_ms": 13.688204172131133,
    "p50_e2e_ms": 13659.783814102411,
    "p99_ttft_ms": 77836.81058295071,
    "p99_tpot_ms": 26.839326314642705,
    "p99_e2e_ms": 99979.20564711094
  },
  "throughput": {
    "requests_per_sec": 3.370484739964477,
    "tokens_per_sec": 2590.6947968176078
  },
  "success_rate": 99.75,
  "total_requests": 400,
  "failed_requests": 1,
  "duration_sec": 118.38059827685356,
  "timestamp": "2026-01-18T21:48:52.298743",
  "error": "Server disconnected"
}