{
  "config": "1R_2P_1D",
  "workload": "small_huge_paste",
  "qps": 6,
  "turn1": {
    "count": 58,
    "avg_ttft_ms": 91.38599564803057,
    "avg_tpot_ms": 12.75903073109397,
    "avg_e2e_ms": 1711.782898496965,
    "p50_ttft_ms": 89.89767916500568,
    "p50_tpot_ms": 12.718258205595918,
    "p50_e2e_ms": 1654.580269008875,
    "p99_ttft_ms": 305.99608916789293,
    "p99_tpot_ms": 18.86747387215847,
    "p99_e2e_ms": 2517.84088216722
  },
  "turn2": {
    "count": 58,
    "avg_ttft_ms": 169.50584903102498,
    "avg_tpot_ms": 14.408884518204859,
    "avg_e2e_ms": 616.1812690953756,
    "p50_ttft_ms": 144.51231621205807,
    "p50_tpot_ms": 12.504657129606892,
    "p50_e2e_ms": 535.0142419338226,
    "p99_ttft_ms": 403.439811244607,
    "p99_tpot_ms": 29.075332157794506,
    "p99_e2e_ms": 1126.609304510057
  },
  "average": {
    "count": 116,
    "avg_ttft_ms": 130.44592233952778,
    "avg_tpot_ms": 13.583957624649415,
    "avg_e2e_ms": 1163.9820837961702,
    "p50_ttft_ms": 114.72753994166851,
    "p50_tpot_ms": 12.694458205868878,
    "p50_e2e_ms": 1117.0433089137077,
    "p99_ttft_ms": 388.09879887849087,
    "p99_tpot_ms": 26.968349720681864,
    "p99_e2e_ms": 2488.9267468824983
  },
  "throughput": {
    "requests_per_sec": 9.202107385239755,
    "tokens_per_sec": 736.1685908191803
  },
  "success_rate": 100.0,
  "total_requests": 116,
  "failed_requests": 0,
  "duration_sec": 12.6058081202209,
  "timestamp": "2026-01-18T21:23:52.653612",
  "error": null
}