{
  "config": "1R_2P_1D",
  "workload": "small_short_gen",
  "qps": 0.5,
  "turn1": {
    "count": 3,
    "avg_ttft_ms": 54.405223578214645,
    "avg_tpot_ms": 8.128647377171854,
    "avg_e2e_ms": 1086.7434404790401,
    "p50_ttft_ms": 31.687945127487183,
    "p50_tpot_ms": 8.044863310385876,
    "p50_e2e_ms": 1103.2910272479057,
    "p99_ttft_ms": 99.87201154232025,
    "p99_tpot_ms": 8.442973770259872,
    "p99_e2e_ms": 1104.9437227845192
  },
  "turn2": {
    "count": 3,
    "avg_ttft_ms": 52.0782396197319,
    "avg_tpot_ms": 8.752932331336089,
    "avg_e2e_ms": 2284.075984110435,
    "p50_ttft_ms": 27.68174186348915,
    "p50_tpot_ms": 9.16063266934133,
    "p50_e2e_ms": 2363.5925874114037,
    "p99_ttft_ms": 99.4569206982851,
    "p99_tpot_ms": 9.319666754673507,
    "p99_e2e_ms": 2404.1957546025515
  },
  "average": {
    "count": 6,
    "avg_ttft_ms": 53.241731598973274,
    "avg_tpot_ms": 8.440789854253971,
    "avg_e2e_ms": 1685.4097122947376,
    "p50_ttft_ms": 30.976073816418648,
    "p50_tpot_ms": 8.247980891954242,
    "p50_e2e_ms": 1594.294212758541,
    "p99_ttft_ms": 101.24643296003342,
    "p99_tpot_ms": 9.314798364306197,
    "p99_e2e_ms": 2402.9528005048633
  },
  "throughput": {
    "requests_per_sec": 0.4693586701875819,
    "tokens_per_sec": 90.11686467601572
  },
  "success_rate": 100.0,
  "total_requests": 6,
  "failed_requests": 0,
  "duration_sec": 12.783400800079107,
  "timestamp": "2026-01-18T21:02:56.688475",
  "error": null
}