{
  "config": "1R_2P_1D",
  "workload": "small_big_paste",
  "qps": 20,
  "turn1": {
    "count": 185,
    "avg_ttft_ms": 1000.1670876064816,
    "avg_tpot_ms": 15.266682294632025,
    "avg_e2e_ms": 2939.0357390247486,
    "p50_ttft_ms": 1102.7658320963383,
    "p50_tpot_ms": 10.427777574756952,
    "p50_e2e_ms": 2931.545503437519,
    "p99_ttft_ms": 2491.7351019382477,
    "p99_tpot_ms": 25.38651067323572,
    "p99_e2e_ms": 4870.871311277151
  },
  "turn2": {
    "count": 185,
    "avg_ttft_ms": 227.89225773634138,
    "avg_tpot_ms": 15.367403364345169,
    "avg_e2e_ms": 1196.038669690087,
    "p50_ttft_ms": 164.9002991616726,
    "p50_tpot_ms": 10.566206205458869,
    "p50_e2e_ms": 1008.5676200687885,
    "p99_ttft_ms": 1866.2501332163806,
    "p99_tpot_ms": 28.456010896535144,
    "p99_e2e_ms": 3202.5353752076626
  },
  "average": {
    "count": 370,
    "avg_ttft_ms": 614.0296726714115,
    "avg_tpot_ms": 15.317042829488598,
    "avg_e2e_ms": 2067.537204357418,
    "p50_ttft_ms": 220.81507183611393,
    "p50_tpot_ms": 10.514165910463484,
    "p50_e2e_ms": 1622.8470709174871,
    "p99_ttft_ms": 2377.496826760471,
    "p99_tpot_ms": 27.844801756242912,
    "p99_e2e_ms": 4786.907660961151
  },
  "throughput": {
    "requests_per_sec": 23.95517506035154,
    "tokens_per_sec": 2299.696805793748
  },
  "success_rate": 100.0,
  "total_requests": 370,
  "failed_requests": 0,
  "duration_sec": 15.445514343678951,
  "timestamp": "2026-01-18T21:22:53.556720",
  "error": null
}