{
  "config": "1R_2P_1D",
  "workload": "small_mid_paste",
  "qps": 12,
  "turn1": {
    "count": 120,
    "avg_ttft_ms": 104.1439473008116,
    "avg_tpot_ms": 11.930190372889436,
    "avg_e2e_ms": 1619.27812465777,
    "p50_ttft_ms": 90.93945845961571,
    "p50_tpot_ms": 10.261264915658732,
    "p50_e2e_ms": 1504.2978525161743,
    "p99_ttft_ms": 255.12590635567904,
    "p99_tpot_ms": 17.75784065081613,
    "p99_e2e_ms": 2304.2528043687344
  },
  "turn2": {
    "count": 120,
    "avg_ttft_ms": 113.18705755596359,
    "avg_tpot_ms": 12.06442257980742,
    "avg_e2e_ms": 873.2456800838312,
    "p50_ttft_ms": 101.70248337090015,
    "p50_tpot_ms": 10.310304425065478,
    "p50_e2e_ms": 832.2704061865807,
    "p99_ttft_ms": 264.90112725645304,
    "p99_tpot_ms": 20.11717611125537,
    "p99_e2e_ms": 1330.8517878502607
  },
  "average": {
    "count": 240,
    "avg_ttft_ms": 108.6655024283876,
    "avg_tpot_ms": 11.99730647634843,
    "avg_e2e_ms": 1246.2619023708005,
    "p50_ttft_ms": 97.05543890595436,
    "p50_tpot_ms": 10.28862564269639,
    "p50_e2e_ms": 1231.8670637905598,
    "p99_ttft_ms": 261.56687043607224,
    "p99_tpot_ms": 19.648909034828332,
    "p99_e2e_ms": 2287.9693723842497
  },
  "throughput": {
    "requests_per_sec": 20.503422682062205,
    "tokens_per_sec": 1968.3285774779717
  },
  "success_rate": 100.0,
  "total_requests": 240,
  "failed_requests": 0,
  "duration_sec": 11.705362744629383,
  "timestamp": "2026-01-18T21:20:22.804507",
  "error": null
}