{
  "config": "1R_2P_1D",
  "workload": "small_long_gen",
  "qps": 8,
  "turn1": {
    "count": 68,
    "avg_ttft_ms": 112.50625233001568,
    "avg_tpot_ms": 10.667692588650008,
    "avg_e2e_ms": 1467.3032110885663,
    "p50_ttft_ms": 98.5107421875,
    "p50_tpot_ms": 9.943634022291251,
    "p50_e2e_ms": 1406.5915010869503,
    "p99_ttft_ms": 481.39182671904507,
    "p99_tpot_ms": 13.922582095063577,
    "p99_e2e_ms": 2136.790249422192
  },
  "turn2": {
    "count": 68,
    "avg_ttft_ms": 83.23696556994143,
    "avg_tpot_ms": 10.999544415268304,
    "avg_e2e_ms": 5704.004161772044,
    "p50_ttft_ms": 87.24591881036758,
    "p50_tpot_ms": 10.015707831180958,
    "p50_e2e_ms": 5254.09203581512,
    "p99_ttft_ms": 159.1039339825511,
    "p99_tpot_ms": 13.17788937655797,
    "p99_e2e_ms": 6780.013121329248
  },
  "average": {
    "count": 136,
    "avg_ttft_ms": 97.87160894997857,
    "avg_tpot_ms": 10.833618501959153,
    "avg_e2e_ms": 3585.6536864303052,
    "p50_ttft_ms": 96.8372318893671,
    "p50_tpot_ms": 10.005530647918903,
    "p50_e2e_ms": 3465.0026708841324,
    "p99_ttft_ms": 371.66165448725224,
    "p99_tpot_ms": 13.798855465110831,
    "p99_e2e_ms": 6760.561900027096
  },
  "throughput": {
    "requests_per_sec": 7.853042805198848,
    "tokens_per_sec": 2512.9736976636314
  },
  "success_rate": 100.0,
  "total_requests": 136,
  "failed_requests": 0,
  "duration_sec": 17.318127937614918,
  "timestamp": "2026-01-18T21:06:54.596778",
  "error": null
}