{
  "config": "1R_2P_1D",
  "workload": "small_huge_paste",
  "qps": 0.5,
  "turn1": {
    "count": 5,
    "avg_ttft_ms": 51.71571299433708,
    "avg_tpot_ms": 8.411484634078395,
    "avg_e2e_ms": 1119.974261522293,
    "p50_ttft_ms": 41.09802469611168,
    "p50_tpot_ms": 7.957009906609227,
    "p50_e2e_ms": 1118.7715493142605,
    "p99_ttft_ms": 105.79104378819466,
    "p99_tpot_ms": 9.263277422255419,
    "p99_e2e_ms": 1205.9793402254581
  },
  "turn2": {
    "count": 5,
    "avg_ttft_ms": 120.3826442360878,
    "avg_tpot_ms": 8.800612221802435,
    "avg_e2e_ms": 393.2016231119633,
    "p50_ttft_ms": 103.99335995316505,
    "p50_tpot_ms": 8.799095788309652,
    "p50_e2e_ms": 391.79522544145584,
    "p99_ttft_ms": 157.23857551813126,
    "p99_tpot_ms": 10.254144995443284,
    "p99_e2e_ms": 410.30186653137207
  },
  "average": {
    "count": 10,
    "avg_ttft_ms": 86.04917861521244,
    "avg_tpot_ms": 8.606048427940415,
    "avg_e2e_ms": 756.5879423171282,
    "p50_ttft_ms": 96.85931168496609,
    "p50_tpot_ms": 8.439037588334852,
    "p50_e2e_ms": 723.6065864562988,
    "p99_ttft_ms": 156.6801019757986,
    "p99_tpot_ms": 10.217025505011234,
    "p99_e2e_ms": 1205.1696349680424
  },
  "throughput": {
    "requests_per_sec": 0.9009684932173673,
    "tokens_per_sec": 72.07747945738939
  },
  "success_rate": 100.0,
  "total_requests": 10,
  "failed_requests": 0,
  "duration_sec": 11.099167257547379,
  "timestamp": "2026-01-18T21:23:09.708679",
  "error": null
}