{
  "config": "1R_2P_1D",
  "workload": "large_mid_paste",
  "qps": 2,
  "turn1": {
    "count": 16,
    "avg_ttft_ms": 124.21368947252631,
    "avg_tpot_ms": 9.489091971018812,
    "avg_e2e_ms": 9831.55477582477,
    "p50_ttft_ms": 122.4216241389513,
    "p50_tpot_ms": 9.213158950020258,
    "p50_e2e_ms": 9548.412157222629,
    "p99_ttft_ms": 148.67379162460566,
    "p99_tpot_ms": 10.880008060394086,
    "p99_e2e_ms": 11251.13278646022
  },
  "turn2": {
    "count": 16,
    "avg_ttft_ms": 164.51285034418106,
    "avg_tpot_ms": 9.451446326686039,
    "avg_e2e_ms": 759.9539689254016,
    "p50_ttft_ms": 152.8516374528408,
    "p50_tpot_ms": 9.539711244759106,
    "p50_e2e_ms": 762.7231404185295,
    "p99_ttft_ms": 256.8118777126074,
    "p99_tpot_ms": 10.53598491208894,
    "p99_e2e_ms": 885.7214145362377
  },
  "average": {
    "count": 32,
    "avg_ttft_ms": 144.3632699083537,
    "avg_tpot_ms": 9.470269148852426,
    "avg_e2e_ms": 5295.754372375086,
    "p50_ttft_ms": 136.51726208627224,
    "p50_tpot_ms": 9.230016875476782,
    "p50_e2e_ms": 4565.587809309363,
    "p99_ttft_ms": 253.0529882758856,
    "p99_tpot_ms": 10.870432125573808,
    "p99_e2e_ms": 11242.355112619698
  },
  "throughput": {
    "requests_per_sec": 1.4617222223121364,
    "tokens_per_sec": 795.1768889378022
  },
  "success_rate": 100.0,
  "total_requests": 32,
  "failed_requests": 0,
  "duration_sec": 21.891984339803457,
  "timestamp": "2026-01-18T22:16:01.463334",
  "error": null
}