{
  "config": "1R_2P_1D",
  "workload": "large_mid_bal",
  "qps": 16,
  "turn1": {
    "count": 160,
    "avg_ttft_ms": 19390.86458387319,
    "avg_tpot_ms": 16.629231972269395,
    "avg_e2e_ms": 36402.56889150478,
    "p50_ttft_ms": 22442.305088043213,
    "p50_tpot_ms": 15.908261974099094,
    "p50_e2e_ms": 35122.53222241998,
    "p99_ttft_ms": 48675.61477381736,
    "p99_tpot_ms": 27.33315450376954,
    "p99_e2e_ms": 64955.922877676785
  },
  "turn2": {
    "count": 160,
    "avg_ttft_ms": 339.0783994458616,
    "avg_tpot_ms": 21.102004359644933,
    "avg_e2e_ms": 3019.032953120768,
    "p50_ttft_ms": 186.2848587334156,
    "p50_tpot_ms": 14.665134779111607,
    "p50_e2e_ms": 2001.680888235569,
    "p99_ttft_ms": 1524.7709768638006,
    "p99_tpot_ms": 50.31651558427829,
    "p99_e2e_ms": 6631.989960148931
  },
  "average": {
    "count": 320,
    "avg_ttft_ms": 9864.971491659526,
    "avg_tpot_ms": 18.865618165957166,
    "avg_e2e_ms": 19710.800922312774,
    "p50_ttft_ms": 366.3483243435621,
    "p50_tpot_ms": 14.916726014041526,
    "p50_e2e_ms": 9458.479622378945,
    "p99_ttft_ms": 48532.0458477363,
    "p99_tpot_ms": 49.70729002450395,
    "p99_e2e_ms": 64944.223054647446
  },
  "throughput": {
    "requests_per_sec": 4.213690061097061,
    "tokens_per_sec": 2427.0854751919073
  },
  "success_rate": 100.0,
  "total_requests": 320,
  "failed_requests": 0,
  "duration_sec": 75.94293727353215,
  "timestamp": "2026-01-18T22:13:41.269429",
  "error": null
}