{
  "config": "1R_2P_1D",
  "workload": "large_small_bal",
  "qps": 4,
  "turn1": {
    "count": 36,
    "avg_ttft_ms": 146.21115268932448,
    "avg_tpot_ms": 11.604321663838114,
    "avg_e2e_ms": 12017.432214795715,
    "p50_ttft_ms": 137.62112334370613,
    "p50_tpot_ms": 10.334527830093487,
    "p50_e2e_ms": 10723.851153627038,
    "p99_ttft_ms": 260.02558674663305,
    "p99_tpot_ms": 14.128472991761107,
    "p99_e2e_ms": 14570.320251397789
  },
  "turn2": {
    "count": 36,
    "avg_ttft_ms": 133.08915557960668,
    "avg_tpot_ms": 10.814793902322833,
    "avg_e2e_ms": 814.4211714259452,
    "p50_ttft_ms": 141.3641721010208,
    "p50_tpot_ms": 10.434750733630999,
    "p50_e2e_ms": 812.8643855452538,
    "p99_ttft_ms": 215.54534174501893,
    "p99_tpot_ms": 14.86275154387667,
    "p99_e2e_ms": 1065.7268449664116
  },
  "average": {
    "count": 72,
    "avg_ttft_ms": 139.6501541344656,
    "avg_tpot_ms": 11.209557783080474,
    "avg_e2e_ms": 6415.9266931108305,
    "p50_ttft_ms": 140.06386138498783,
    "p50_tpot_ms": 10.334527830093487,
    "p50_e2e_ms": 5449.681293219328,
    "p99_ttft_ms": 256.5244952961803,
    "p99_tpot_ms": 14.55238345300868,
    "p99_e2e_ms": 14541.897184215486
  },
  "throughput": {
    "requests_per_sec": 2.899608798379909,
    "tokens_per_sec": 1577.3871863186705
  },
  "success_rate": 100.0,
  "total_requests": 72,
  "failed_requests": 0,
  "duration_sec": 24.830935828387737,
  "timestamp": "2026-01-18T22:02:31.810833",
  "error": null
}