{
  "config": "1R_2P_1D",
  "workload": "small_big_paste",
  "qps": 2,
  "turn1": {
    "count": 20,
    "avg_ttft_ms": 77.3667136207223,
    "avg_tpot_ms": 8.660197775722956,
    "avg_e2e_ms": 1177.211831137538,
    "p50_ttft_ms": 89.43044953048229,
    "p50_tpot_ms": 8.294202006003989,
    "p50_e2e_ms": 1148.560592904687,
    "p99_ttft_ms": 111.39832250773907,
    "p99_tpot_ms": 10.554653665446859,
    "p99_e2e_ms": 1377.2616133093834
  },
  "turn2": {
    "count": 20,
    "avg_ttft_ms": 117.5011683255434,
    "avg_tpot_ms": 8.843299202502719,
    "avg_e2e_ms": 674.6290180832148,
    "p50_ttft_ms": 132.51627795398235,
    "p50_tpot_ms": 8.16608178946707,
    "p50_e2e_ms": 656.1254300177097,
    "p99_ttft_ms": 210.70558775216338,
    "p99_tpot_ms": 10.917213310206693,
    "p99_e2e_ms": 750.0890639424324
  },
  "average": {
    "count": 40,
    "avg_ttft_ms": 97.43394097313285,
    "avg_tpot_ms": 8.751748489112838,
    "avg_e2e_ms": 925.9204246103764,
    "p50_ttft_ms": 92.5822164863348,
    "p50_tpot_ms": 8.260073907577445,
    "p50_e2e_ms": 926.7905857414007,
    "p99_ttft_ms": 205.40851328521967,
    "p99_tpot_ms": 10.907983826621184,
    "p99_e2e_ms": 1368.6266735196114
  },
  "throughput": {
    "requests_per_sec": 3.8637354000782342,
    "tokens_per_sec": 370.9185984075105
  },
  "success_rate": 100.0,
  "total_requests": 40,
  "failed_requests": 0,
  "duration_sec": 10.352675806730986,
  "timestamp": "2026-01-18T21:21:22.807074",
  "error": null
}