{
  "config": "1R_2P_1D",
  "workload": "large_big_paste",
  "qps": 8,
  "turn1": {
    "count": 74,
    "avg_ttft_ms": 2484.9992752377248,
    "avg_tpot_ms": 16.094440545991382,
    "avg_e2e_ms": 18949.6119537869,
    "p50_ttft_ms": 156.54204227030277,
    "p50_tpot_ms": 15.270578783307723,
    "p50_e2e_ms": 18843.721866607666,
    "p99_ttft_ms": 8614.081670939922,
    "p99_tpot_ms": 23.639981235256407,
    "p99_e2e_ms": 29787.691057771444
  },
  "turn2": {
    "count": 74,
    "avg_ttft_ms": 210.9540884156485,
    "avg_tpot_ms": 16.99318912987773,
    "avg_e2e_ms": 1281.5250035979457,
    "p50_ttft_ms": 165.19077494740486,
    "p50_tpot_ms": 11.804693955041113,
    "p50_e2e_ms": 985.6376871466637,
    "p99_ttft_ms": 559.3205839768051,
    "p99_tpot_ms": 34.05352684003965,
    "p99_e2e_ms": 2576.0414506495
  },
  "average": {
    "count": 148,
    "avg_ttft_ms": 1347.9766818266864,
    "avg_tpot_ms": 16.543814837934555,
    "avg_e2e_ms": 10115.568478692423,
    "p50_ttft_ms": 162.96747513115406,
    "p50_tpot_ms": 11.804693955041113,
    "p50_e2e_ms": 6486.012043431401,
    "p99_ttft_ms": 8519.153815060854,
    "p99_tpot_ms": 33.43566517271693,
    "p99_e2e_ms": 29696.624433360994
  },
  "throughput": {
    "requests_per_sec": 3.6991360402609312,
    "tokens_per_sec": 2012.3300059019466
  },
  "success_rate": 100.0,
  "total_requests": 148,
  "failed_requests": 0,
  "duration_sec": 40.00934228673577,
  "timestamp": "2026-01-18T22:24:35.203830",
  "error": null
}