{
  "config": "1R_2P_1D",
  "workload": "small_small_bal",
  "qps": 12,
  "turn1": {
    "count": 111,
    "avg_ttft_ms": 91.18994570395968,
    "avg_tpot_ms": 10.552685523088954,
    "avg_e2e_ms": 1431.3810071362568,
    "p50_ttft_ms": 77.86355912685394,
    "p50_tpot_ms": 10.721905406300477,
    "p50_e2e_ms": 1446.538545191288,
    "p99_ttft_ms": 289.5701881498099,
    "p99_tpot_ms": 12.929165014249133,
    "p99_e2e_ms": 1678.6671672016382
  },
  "turn2": {
    "count": 111,
    "avg_ttft_ms": 88.67217224460464,
    "avg_tpot_ms": 10.481845169841828,
    "avg_e2e_ms": 749.0284179446396,
    "p50_ttft_ms": 93.83217990398407,
    "p50_tpot_ms": 10.336975493128337,
    "p50_e2e_ms": 738.3697405457497,
    "p99_ttft_ms": 244.95035335421562,
    "p99_tpot_ms": 13.73818228169093,
    "p99_e2e_ms": 923.4981831163168
  },
  "average": {
    "count": 222,
    "avg_ttft_ms": 89.93105897428217,
    "avg_tpot_ms": 10.517265346465392,
    "avg_e2e_ms": 1090.2047125404483,
    "p50_ttft_ms": 89.78242799639702,
    "p50_tpot_ms": 10.4830751772665,
    "p50_e2e_ms": 1063.1392300128937,
    "p99_ttft_ms": 288.9207432046532,
    "p99_tpot_ms": 13.615141355447351,
    "p99_e2e_ms": 1675.0514471903443
  },
  "throughput": {
    "requests_per_sec": 18.52594359826882,
    "tokens_per_sec": 1778.490585433807
  },
  "success_rate": 100.0,
  "total_requests": 222,
  "failed_requests": 0,
  "duration_sec": 11.983195286244154,
  "timestamp": "2026-01-18T21:16:13.709471",
  "error": null
}