{
  "config": "1R_2P_1D",
  "workload": "small_very_long_gen",
  "qps": 12,
  "turn1": {
    "count": 120,
    "avg_ttft_ms": 6740.685356222093,
    "avg_tpot_ms": 12.507181387306668,
    "avg_e2e_ms": 8329.09739241004,
    "p50_ttft_ms": 8277.698369696736,
    "p50_tpot_ms": 11.165735993798325,
    "p50_e2e_ms": 9895.806886255741,
    "p99_ttft_ms": 18918.72386723757,
    "p99_tpot_ms": 18.86681339109507,
    "p99_e2e_ms": 20294.037237353623
  },
  "turn2": {
    "count": 120,
    "avg_ttft_ms": 87.18582649404804,
    "avg_tpot_ms": 12.534760059737236,
    "avg_e2e_ms": 12910.24536760524,
    "p50_ttft_ms": 82.7595442533493,
    "p50_tpot_ms": 13.248674598825643,
    "p50_e2e_ms": 13601.672457531095,
    "p99_ttft_ms": 174.76533621549606,
    "p99_tpot_ms": 16.06594393883749,
    "p99_e2e_ms": 16501.910386048257
  },
  "average": {
    "count": 240,
    "avg_ttft_ms": 3413.9355913580707,
    "avg_tpot_ms": 12.520970723521952,
    "avg_e2e_ms": 10619.67138000764,
    "p50_ttft_ms": 112.21332289278507,
    "p50_tpot_ms": 11.271976154502921,
    "p50_e2e_ms": 10821.584494784474,
    "p99_ttft_ms": 18128.969534598287,
    "p99_tpot_ms": 18.568617550758866,
    "p99_e2e_ms": 20215.05318120122
  },
  "throughput": {
    "requests_per_sec": 5.39888958584645,
    "tokens_per_sec": 3109.760401447555
  },
  "success_rate": 100.0,
  "total_requests": 240,
  "failed_requests": 0,
  "duration_sec": 44.45358553528786,
  "timestamp": "2026-01-18T21:12:39.378034",
  "error": null
}