{
  "config": "1R_2P_1D",
  "workload": "small_short_gen",
  "qps": 12,
  "turn1": {
    "count": 120,
    "avg_ttft_ms": 533.0904537501434,
    "avg_tpot_ms": 11.759099490168136,
    "avg_e2e_ms": 2026.4960890014966,
    "p50_ttft_ms": 122.44910933077335,
    "p50_tpot_ms": 10.357387583908134,
    "p50_e2e_ms": 1969.4547411054373,
    "p99_ttft_ms": 1580.347509458661,
    "p99_tpot_ms": 15.902130746641966,
    "p99_e2e_ms": 3401.485839933157
  },
  "turn2": {
    "count": 120,
    "avg_ttft_ms": 81.64631401499112,
    "avg_tpot_ms": 11.746939134485777,
    "avg_e2e_ms": 3077.115793308864,
    "p50_ttft_ms": 83.69738422334194,
    "p50_tpot_ms": 10.999126746958378,
    "p50_e2e_ms": 2855.851558968425,
    "p99_ttft_ms": 150.97556080669165,
    "p99_tpot_ms": 15.250056473647847,
    "p99_e2e_ms": 3936.047074832022
  },
  "average": {
    "count": 240,
    "avg_ttft_ms": 307.3683838825673,
    "avg_tpot_ms": 11.753019312326956,
    "avg_e2e_ms": 2551.8059411551803,
    "p50_ttft_ms": 98.69002737104893,
    "p50_tpot_ms": 10.76396173787914,
    "p50_e2e_ms": 2557.253338396549,
    "p99_ttft_ms": 1578.6005483940244,
    "p99_tpot_ms": 15.878202440583799,
    "p99_e2e_ms": 3930.50292622298
  },
  "throughput": {
    "requests_per_sec": 15.618160616903157,
    "tokens_per_sec": 2998.686838445406
  },
  "success_rate": 100.0,
  "total_requests": 240,
  "failed_requests": 0,
  "duration_sec": 15.366726331412792,
  "timestamp": "2026-01-18T21:04:35.136722",
  "error": null
}