{
  "config": "1R_2P_1D",
  "workload": "small_tiny",
  "qps": 10,
  "turn1": {
    "count": 91,
    "avg_ttft_ms": 75.12762102779452,
    "avg_tpot_ms": 9.763221270698489,
    "avg_e2e_ms": 1315.0567224065026,
    "p50_ttft_ms": 54.975345730781555,
    "p50_tpot_ms": 9.31940230680263,
    "p50_e2e_ms": 1277.667786926031,
    "p99_ttft_ms": 186.0265366733072,
    "p99_tpot_ms": 12.351852350347624,
    "p99_e2e_ms": 1620.1301589608192
  },
  "turn2": {
    "count": 91,
    "avg_ttft_ms": 73.06641004570238,
    "avg_tpot_ms": 9.918755484901393,
    "avg_e2e_ms": 380.54783007764553,
    "p50_ttft_ms": 55.665407329797745,
    "p50_tpot_ms": 9.490056023482353,
    "p50_e2e_ms": 373.76605346798897,
    "p99_ttft_ms": 166.77988097071645,
    "p99_tpot_ms": 14.144048431227281,
    "p99_e2e_ms": 485.88990792632103
  },
  "average": {
    "count": 182,
    "avg_ttft_ms": 74.09701553674844,
    "avg_tpot_ms": 9.840988377799942,
    "avg_e2e_ms": 847.8022762420741,
    "p50_ttft_ms": 55.32037653028965,
    "p50_tpot_ms": 9.414718235855421,
    "p50_e2e_ms": 807.7534567564726,
    "p99_ttft_ms": 180.79859536141157,
    "p99_tpot_ms": 13.970710742137124,
    "p99_e2e_ms": 1612.603270933032
  },
  "throughput": {
    "requests_per_sec": 16.172748816316336,
    "tokens_per_sec": 1293.819905305307
  },
  "success_rate": 100.0,
  "total_requests": 182,
  "failed_requests": 0,
  "duration_sec": 11.25349821895361,
  "timestamp": "2026-01-18T21:02:04.478902",
  "error": null
}