{
  "config": "1R_2P_1D",
  "workload": "small_mid_bal",
  "qps": 4,
  "turn1": {
    "count": 40,
    "avg_ttft_ms": 72.24822035059333,
    "avg_tpot_ms": 9.179687106937873,
    "avg_e2e_ms": 1238.0684829317033,
    "p50_ttft_ms": 81.29186742007732,
    "p50_tpot_ms": 8.804335720895782,
    "p50_e2e_ms": 1218.2575929909945,
    "p99_ttft_ms": 120.63339687883854,
    "p99_tpot_ms": 11.178597813750814,
    "p99_e2e_ms": 1455.7772351428866
  },
  "turn2": {
    "count": 40,
    "avg_ttft_ms": 71.53363572433591,
    "avg_tpot_ms": 9.297045142807828,
    "avg_e2e_ms": 1252.2583688609302,
    "p50_ttft_ms": 78.94886285066605,
    "p50_tpot_ms": 8.911148285654587,
    "p50_e2e_ms": 1252.6410464197397,
    "p99_ttft_ms": 130.2802788466215,
    "p99_tpot_ms": 11.284200149903617,
    "p99_e2e_ms": 1475.8125498518348
  },
  "average": {
    "count": 80,
    "avg_ttft_ms": 71.89092803746462,
    "avg_tpot_ms": 9.23836612487285,
    "avg_e2e_ms": 1245.1634258963168,
    "p50_ttft_ms": 79.48429323732853,
    "p50_tpot_ms": 8.822943795267053,
    "p50_e2e_ms": 1235.4388739913702,
    "p99_ttft_ms": 129.27751116454598,
    "p99_tpot_ms": 11.34842532004897,
    "p99_e2e_ms": 1482.7375239878893
  },
  "throughput": {
    "requests_per_sec": 7.835844098718151,
    "tokens_per_sec": 1002.9880446359233
  },
  "success_rate": 100.0,
  "total_requests": 80,
  "failed_requests": 0,
  "duration_sec": 10.209493577480316,
  "timestamp": "2026-01-18T21:17:27.255658",
  "error": null
}