{
  "config": "1R_2P_1D",
  "workload": "small_big_paste",
  "qps": 12,
  "turn1": {
    "count": 120,
    "avg_ttft_ms": 185.67053036143383,
    "avg_tpot_ms": 17.05671968011875,
    "avg_e2e_ms": 2351.873929736515,
    "p50_ttft_ms": 121.1610697209835,
    "p50_tpot_ms": 14.636663338682784,
    "p50_e2e_ms": 1935.998471453786,
    "p99_ttft_ms": 871.9358710572124,
    "p99_tpot_ms": 29.68737893598521,
    "p99_e2e_ms": 4043.7259839102626
  },
  "turn2": {
    "count": 120,
    "avg_ttft_ms": 166.3119400230547,
    "avg_tpot_ms": 16.337608218331027,
    "avg_e2e_ms": 1195.5812577779095,
    "p50_ttft_ms": 137.26315088570118,
    "p50_tpot_ms": 14.063662095438866,
    "p50_e2e_ms": 984.4380430877209,
    "p99_ttft_ms": 627.2642168030146,
    "p99_tpot_ms": 38.11955036447635,
    "p99_e2e_ms": 2506.8923422321677
  },
  "average": {
    "count": 240,
    "avg_ttft_ms": 175.99123519224426,
    "avg_tpot_ms": 16.69716394922489,
    "avg_e2e_ms": 1773.7275937572122,
    "p50_ttft_ms": 130.2451193332672,
    "p50_tpot_ms": 14.168472339709599,
    "p50_e2e_ms": 1459.4756197184324,
    "p99_ttft_ms": 810.4692331328971,
    "p99_tpot_ms": 37.43537113898329,
    "p99_e2e_ms": 4007.657224722206
  },
  "throughput": {
    "requests_per_sec": 19.671049380325012,
    "tokens_per_sec": 1888.4207405112013
  },
  "success_rate": 100.0,
  "total_requests": 240,
  "failed_requests": 0,
  "duration_sec": 12.200670912861824,
  "timestamp": "2026-01-18T21:22:24.323051",
  "error": null
}