{
  "config": "1R_2P_1D",
  "workload": "large_small_bal",
  "qps": 20,
  "turn1": {
    "count": 180,
    "avg_ttft_ms": 21160.73176562786,
    "avg_tpot_ms": 16.537185982428067,
    "avg_e2e_ms": 38078.273025651775,
    "p50_ttft_ms": 21761.152420192957,
    "p50_tpot_ms": 19.38946838085544,
    "p50_e2e_ms": 37814.7242013365,
    "p99_ttft_ms": 47228.92467278989,
    "p99_tpot_ms": 26.17051610644845,
    "p99_e2e_ms": 67067.73188371211
  },
  "turn2": {
    "count": 180,
    "avg_ttft_ms": 802.0296152681112,
    "avg_tpot_ms": 20.285483956258137,
    "avg_e2e_ms": 2080.0151045123735,
    "p50_ttft_ms": 195.5823004245758,
    "p50_tpot_ms": 16.59429126552173,
    "p50_e2e_ms": 1160.6698334217072,
    "p99_ttft_ms": 9721.927824616718,
    "p99_tpot_ms": 60.16845185605307,
    "p99_e2e_ms": 11754.699006676954
  },
  "average": {
    "count": 360,
    "avg_ttft_ms": 10981.380690447986,
    "avg_tpot_ms": 18.4113349693431,
    "avg_e2e_ms": 20079.144065082073,
    "p50_ttft_ms": 494.44725923240185,
    "p50_tpot_ms": 17.097686905236472,
    "p50_e2e_ms": 11378.788862377405,
    "p99_ttft_ms": 46397.51481279731,
    "p99_tpot_ms": 55.23331569714699,
    "p99_e2e_ms": 66920.54470539093
  },
  "throughput": {
    "requests_per_sec": 4.5428383513325965,
    "tokens_per_sec": 2471.3040631249323
  },
  "success_rate": 100.0,
  "total_requests": 360,
  "failed_requests": 0,
  "duration_sec": 79.24561081826687,
  "timestamp": "2026-01-18T22:07:54.444973",
  "error": null
}