{
  "config": "1R_2P_1D",
  "workload": "large_long_gen",
  "qps": 8,
  "turn1": {
    "count": 80,
    "avg_ttft_ms": 5574.757337523624,
    "avg_tpot_ms": 16.365572773848726,
    "avg_e2e_ms": 22316.738285170868,
    "p50_ttft_ms": 226.64489783346653,
    "p50_tpot_ms": 18.541876102851397,
    "p50_e2e_ms": 21890.37578739226,
    "p99_ttft_ms": 18882.644750811145,
    "p99_tpot_ms": 24.40393764409123,
    "p99_e2e_ms": 40074.75214242934
  },
  "turn2": {
    "count": 80,
    "avg_ttft_ms": 170.80168989486992,
    "avg_tpot_ms": 16.282018388707165,
    "avg_e2e_ms": 8490.913086524233,
    "p50_ttft_ms": 148.86211976408958,
    "p50_tpot_ms": 14.52252843987685,
    "p50_e2e_ms": 7520.682126283646,
    "p99_ttft_ms": 399.7337428852916,
    "p99_tpot_ms": 28.409213590674437,
    "p99_e2e_ms": 14652.768376246095
  },
  "average": {
    "count": 160,
    "avg_ttft_ms": 2872.779513709247,
    "avg_tpot_ms": 16.323795581277945,
    "avg_e2e_ms": 15403.82568584755,
    "p50_ttft_ms": 162.99008950591087,
    "p50_tpot_ms": 15.29993325355235,
    "p50_e2e_ms": 12029.2890034616,
    "p99_ttft_ms": 17902.4299396947,
    "p99_tpot_ms": 28.265366427994053,
    "p99_e2e_ms": 39315.7732000947
  },
  "throughput": {
    "requests_per_sec": 2.7832282500830408,
    "tokens_per_sec": 2137.5192960637755
  },
  "success_rate": 100.0,
  "total_requests": 160,
  "failed_requests": 0,
  "duration_sec": 57.48720033839345,
  "timestamp": "2026-01-18T21:43:06.691648",
  "error": null
}