{
  "config": "1R_2P_1D",
  "workload": "small_long_gen",
  "qps": 1,
  "turn1": {
    "count": 9,
    "avg_ttft_ms": 63.445416175656845,
    "avg_tpot_ms": 8.913325414726428,
    "avg_e2e_ms": 1195.4377438459132,
    "p50_ttft_ms": 63.168905675411224,
    "p50_tpot_ms": 8.328996833384506,
    "p50_e2e_ms": 1151.2671634554863,
    "p99_ttft_ms": 100.67894071340561,
    "p99_tpot_ms": 10.23582924656042,
    "p99_e2e_ms": 1339.2174790799618
  },
  "turn2": {
    "count": 9,
    "avg_ttft_ms": 64.14256824387445,
    "avg_tpot_ms": 8.915042189974763,
    "avg_e2e_ms": 4619.7291273209785,
    "p50_ttft_ms": 72.1520334482193,
    "p50_tpot_ms": 8.249128299333345,
    "p50_e2e_ms": 4305.447887629271,
    "p99_ttft_ms": 90.30652970075607,
    "p99_tpot_ms": 9.97402715968759,
    "p99_e2e_ms": 5126.868964731693
  },
  "average": {
    "count": 18,
    "avg_ttft_ms": 63.79399220976565,
    "avg_tpot_ms": 8.914183802350594,
    "avg_e2e_ms": 2907.583435583446,
    "p50_ttft_ms": 67.66046956181526,
    "p50_tpot_ms": 8.324925941745128,
    "p50_e2e_ms": 2789.0025097876787,
    "p99_ttft_ms": 100.07629595696925,
    "p99_tpot_ms": 10.23031489146272,
    "p99_e2e_ms": 5119.0763445571065
  },
  "throughput": {
    "requests_per_sec": 1.1211179558221318,
    "tokens_per_sec": 358.75774586308216
  },
  "success_rate": 100.0,
  "total_requests": 18,
  "failed_requests": 0,
  "duration_sec": 16.055402472615242,
  "timestamp": "2026-01-18T21:05:51.241433",
  "error": null
}