{
  "config": "1R_2P_1D",
  "workload": "small_short_gen",
  "qps": 16,
  "turn1": {
    "count": 155,
    "avg_ttft_ms": 1906.1106951967363,
    "avg_tpot_ms": 11.455544077308462,
    "avg_e2e_ms": 3360.964793014911,
    "p50_ttft_ms": 1912.9158072173595,
    "p50_tpot_ms": 10.468896009086624,
    "p50_e2e_ms": 3491.288013756275,
    "p99_ttft_ms": 3990.8035450428733,
    "p99_tpot_ms": 14.708091252901424,
    "p99_e2e_ms": 5419.475784227252
  },
  "turn2": {
    "count": 155,
    "avg_ttft_ms": 106.39993074920869,
    "avg_tpot_ms": 11.579993826294155,
    "avg_e2e_ms": 3059.2983564542187,
    "p50_ttft_ms": 103.12163829803467,
    "p50_tpot_ms": 10.508851210276285,
    "p50_e2e_ms": 2850.6254591047764,
    "p99_ttft_ms": 367.71391034126407,
    "p99_tpot_ms": 15.29938886709073,
    "p99_e2e_ms": 3960.654759258032
  },
  "average": {
    "count": 310,
    "avg_ttft_ms": 1006.2553129729724,
    "avg_tpot_ms": 11.517768951801308,
    "avg_e2e_ms": 3210.1315747345648,
    "p50_ttft_ms": 136.02459244430065,
    "p50_tpot_ms": 10.472290115210953,
    "p50_e2e_ms": 3094.1108651459217,
    "p99_ttft_ms": 3927.598590999842,
    "p99_tpot_ms": 15.161189209158515,
    "p99_e2e_ms": 5321.340720653534
  },
  "throughput": {
    "requests_per_sec": 17.168797442568017,
    "tokens_per_sec": 3296.4091089730596
  },
  "success_rate": 100.0,
  "total_requests": 310,
  "failed_requests": 0,
  "duration_sec": 18.056011263281107,
  "timestamp": "2026-01-18T21:04:53.233594",
  "error": null
}