{
  "config": "1P_1D_2pD",
  "ppd_enabled": false,
  "qps": 8.0,
  "num_conversations": 500,
  "duration_sec": 157.59017447009683,
  "timestamp": "2026-01-21T08:01:24.887433",
  "turn1": {
    "count": 500,
    "avg_ttft_ms": 30025.080888822675,
    "avg_tpot_ms": 9.814255992096362,
    "avg_e2e_ms": 32939.23675151169,
    "p50_ttft_ms": 32495.44996395707,
    "p50_tpot_ms": 9.83791546871608,
    "p50_e2e_ms": 34022.37553521991,
    "p90_ttft_ms": 57806.837256625295,
    "p90_tpot_ms": 10.2547900960129,
    "p90_e2e_ms": 59352.219731360674,
    "p99_ttft_ms": 65372.846663706,
    "p99_tpot_ms": 10.633674932643771,
    "p99_e2e_ms": 69150.46700764447
  },
  "turn2plus": {
    "count": 1704,
    "avg_ttft_ms": 70.47731308660038,
    "avg_tpot_ms": 9.849647158561524,
    "avg_e2e_ms": 3132.526644153582,
    "p50_ttft_ms": 49.23265799880028,
    "p50_tpot_ms": 9.860904569856757,
    "p50_e2e_ms": 2950.2083342522383,
    "p90_ttft_ms": 127.93008387088777,
    "p90_tpot_ms": 10.2427765812682,
    "p90_e2e_ms": 5838.65454941988,
    "p99_ttft_ms": 209.3238250166179,
    "p99_tpot_ms": 10.536824718398572,
    "p99_e2e_ms": 8633.87274891138
  },
  "all_turns": {
    "count": 2204,
    "avg_ttft_ms": 6865.986291248142,
    "avg_tpot_ms": 9.841613976747645,
    "avg_e2e_ms": 9894.48447250161,
    "p50_ttft_ms": 56.68635107576847,
    "p50_tpot_ms": 9.857296372853941,
    "p50_e2e_ms": 3474.0583021193743,
    "p90_ttft_ms": 34882.72040076554,
    "p90_tpot_ms": 10.248405362513902,
    "p90_e2e_ms": 38128.80332730711,
    "p99_ttft_ms": 63265.995286591344,
    "p99_tpot_ms": 10.573714310698438,
    "p99_e2e_ms": 65724.3431835248
  },
  "throughput": {
    "conversations_per_sec": 3.1727866390228305,
    "requests_per_sec": 13.985643504812638,
    "tokens_per_sec": 4320.745264034237
  },
  "success_rate": {
    "turns": 100.0,
    "conversations": 100.0
  },
  "counts": {
    "total_conversations": 500,
    "successful_conversations": 500,
    "total_turns": 2204,
    "turn1_count": 500,
    "turn2plus_count": 1704,
    "successful_turns": 2204
  },
  "slo_attainment": {
    "ttft_100ms": 0.7394366197183099,
    "ttft_200ms": 0.9876760563380281,
    "ttft_500ms": 1.0,
    "tpot_15ms": 1.0,
    "tpot_30ms": 1.0,
    "e2e_5000ms": 0.8345070422535211,
    "e2e_10000ms": 0.9976525821596244
  }
}