{
  "config": "1R_2P_1pD",
  "ppd_enabled": false,
  "qps": 2.0,
  "num_conversations": 500,
  "duration_sec": 286.3768094703555,
  "timestamp": "2026-01-21T14:24:50.799408",
  "turn1": {
    "count": 500,
    "avg_ttft_ms": 71.25528548657894,
    "avg_tpot_ms": 11.11220080136295,
    "avg_e2e_ms": 3324.5564508885145,
    "p50_ttft_ms": 75.62253624200821,
    "p50_tpot_ms": 10.002470068654777,
    "p50_e2e_ms": 2954.432040452957,
    "p90_ttft_ms": 106.7871004343033,
    "p90_tpot_ms": 14.657100346429571,
    "p90_e2e_ms": 6728.820416703821,
    "p99_ttft_ms": 172.7562630921602,
    "p99_tpot_ms": 19.416973452976144,
    "p99_e2e_ms": 11260.253008678554
  },
  "turn2plus": {
    "count": 1704,
    "avg_ttft_ms": 43.30055235268574,
    "avg_tpot_ms": 11.061182989493645,
    "avg_e2e_ms": 3514.7818444021254,
    "p50_ttft_ms": 41.22930206358433,
    "p50_tpot_ms": 9.972564047879207,
    "p50_e2e_ms": 3093.0966921150684,
    "p90_ttft_ms": 54.13928478956223,
    "p90_tpot_ms": 14.566241124910967,
    "p90_e2e_ms": 6952.234755828978,
    "p99_ttft_ms": 91.17757990956306,
    "p99_tpot_ms": 16.577686021183563,
    "p99_e2e_ms": 11130.76456867159
  },
  "all_turns": {
    "count": 2204,
    "avg_ttft_ms": 49.64237021427676,
    "avg_tpot_ms": 11.072763149161336,
    "avg_e2e_ms": 3471.627263296497,
    "p50_ttft_ms": 43.01883280277252,
    "p50_tpot_ms": 9.981260120636469,
    "p50_e2e_ms": 3066.0504680126905,
    "p90_ttft_ms": 82.95718356966972,
    "p90_tpot_ms": 14.571584454354118,
    "p90_e2e_ms": 6892.270673066378,
    "p99_ttft_ms": 138.8021320477124,
    "p99_tpot_ms": 16.580282871018404,
    "p99_e2e_ms": 11205.502103716122
  },
  "throughput": {
    "conversations_per_sec": 1.7459514299524936,
    "requests_per_sec": 7.6961539032305915,
    "tokens_per_sec": 2377.661100629325
  },
  "success_rate": {
    "turns": 100.0,
    "conversations": 100.0
  },
  "counts": {
    "total_conversations": 500,
    "successful_conversations": 500,
    "total_turns": 2204,
    "turn1_count": 500,
    "turn2plus_count": 1704,
    "successful_turns": 2204
  },
  "slo_attainment": {
    "ttft_100ms": 0.9953051643192489,
    "ttft_200ms": 1.0,
    "ttft_500ms": 1.0,
    "tpot_15ms": 0.9121462264150944,
    "tpot_30ms": 1.0,
    "e2e_5000ms": 0.7723004694835681,
    "e2e_10000ms": 0.982981220657277
  }
}