{
  "config": "1R_2P_1pD",
  "ppd_enabled": false,
  "qps": 12.0,
  "num_conversations": 500,
  "duration_sec": 202.47651678323746,
  "timestamp": "2026-01-21T14:35:12.562743",
  "turn1": {
    "count": 500,
    "avg_ttft_ms": 59517.73453435302,
    "avg_tpot_ms": 13.327455139952221,
    "avg_e2e_ms": 63474.912605531514,
    "p50_ttft_ms": 60391.58202894032,
    "p50_tpot_ms": 11.097893350609908,
    "p50_e2e_ms": 64115.77934585512,
    "p90_ttft_ms": 114050.19913315774,
    "p90_tpot_ms": 18.278306704761416,
    "p90_e2e_ms": 117610.95320545137,
    "p99_ttft_ms": 128628.05737946182,
    "p99_tpot_ms": 21.947409000247717,
    "p99_e2e_ms": 134464.87062580884
  },
  "turn2plus": {
    "count": 1704,
    "avg_ttft_ms": 175.1970850005571,
    "avg_tpot_ms": 13.21940472643094,
    "avg_e2e_ms": 4323.806527175639,
    "p50_ttft_ms": 48.343924805521965,
    "p50_tpot_ms": 10.642980110191996,
    "p50_e2e_ms": 3631.5781325101852,
    "p90_ttft_ms": 68.06990392506123,
    "p90_tpot_ms": 18.143957036156046,
    "p90_e2e_ms": 8396.737222000957,
    "p99_ttft_ms": 111.88254855573183,
    "p99_tpot_ms": 19.223295679796813,
    "p99_e2e_ms": 13713.244441114368
  },
  "all_turns": {
    "count": 2204,
    "avg_ttft_ms": 13637.660208719355,
    "avg_tpot_ms": 13.243930298871046,
    "avg_e2e_ms": 17742.8414814306,
    "p50_ttft_ms": 51.62207782268524,
    "p50_tpot_ms": 10.680180874164797,
    "p50_e2e_ms": 4603.217842057347,
    "p90_ttft_ms": 70851.36337615551,
    "p90_tpot_ms": 18.15980300430884,
    "p90_e2e_ms": 74904.67886924744,
    "p99_ttft_ms": 122500.19631907318,
    "p99_tpot_ms": 19.45833423174313,
    "p99_e2e_ms": 127079.71847243581
  },
  "throughput": {
    "conversations_per_sec": 2.469422172721779,
    "requests_per_sec": 10.885212937357602,
    "tokens_per_sec": 3362.8936867229368
  },
  "success_rate": {
    "turns": 100.0,
    "conversations": 100.0
  },
  "counts": {
    "total_conversations": 500,
    "successful_conversations": 500,
    "total_turns": 2204,
    "turn1_count": 500,
    "turn2plus_count": 1704,
    "successful_turns": 2204
  },
  "slo_attainment": {
    "ttft_100ms": 0.9806338028169014,
    "ttft_200ms": 0.9988262910798122,
    "ttft_500ms": 0.9988262910798122,
    "tpot_15ms": 0.5660377358490566,
    "tpot_30ms": 1.0,
    "e2e_5000ms": 0.6631455399061033,
    "e2e_10000ms": 0.9460093896713615
  }
}