{
  "config": "1R_2P_1pD",
  "ppd_enabled": false,
  "qps": 4.0,
  "num_conversations": 500,
  "duration_sec": 215.33137875795364,
  "timestamp": "2026-01-21T14:28:26.473188",
  "turn1": {
    "count": 500,
    "avg_ttft_ms": 29541.939079493284,
    "avg_tpot_ms": 13.710344372677103,
    "avg_e2e_ms": 33578.540526777506,
    "p50_ttft_ms": 31414.778128266335,
    "p50_tpot_ms": 11.062595061724714,
    "p50_e2e_ms": 35393.96958053112,
    "p90_ttft_ms": 56193.952748551965,
    "p90_tpot_ms": 19.50734451156654,
    "p90_e2e_ms": 60215.40489941836,
    "p99_ttft_ms": 65836.61796007305,
    "p99_tpot_ms": 23.758431320111917,
    "p99_e2e_ms": 72885.0069078058
  },
  "turn2plus": {
    "count": 1703,
    "avg_ttft_ms": 53.17017824087714,
    "avg_tpot_ms": 13.561731119960063,
    "avg_e2e_ms": 4316.021587817776,
    "p50_ttft_ms": 49.16590824723244,
    "p50_tpot_ms": 10.642554042476299,
    "p50_e2e_ms": 3683.8968582451344,
    "p90_ttft_ms": 72.1441939473152,
    "p90_tpot_ms": 19.360227527600028,
    "p90_e2e_ms": 8478.332291543484,
    "p99_ttft_ms": 127.57567688822746,
    "p99_tpot_ms": 21.042662016757117,
    "p99_e2e_ms": 14639.636490345005
  },
  "all_turns": {
    "count": 2203,
    "avg_ttft_ms": 6746.036474485182,
    "avg_tpot_ms": 13.59547913630894,
    "avg_e2e_ms": 10957.537461390117,
    "p50_ttft_ms": 52.70383507013321,
    "p50_tpot_ms": 10.710958760878272,
    "p50_e2e_ms": 4524.126995354891,
    "p90_ttft_ms": 38139.21606615185,
    "p90_tpot_ms": 19.406780258929434,
    "p90_e2e_ms": 41104.84312176704,
    "p99_ttft_ms": 60356.103865429766,
    "p99_tpot_ms": 21.34337708181977,
    "p99_e2e_ms": 66213.08450311424
  },
  "throughput": {
    "conversations_per_sec": 2.3220025009082965,
    "requests_per_sec": 10.23538702400377,
    "tokens_per_sec": 3161.8708054868275
  },
  "success_rate": {
    "turns": 99.9546279491833,
    "conversations": 99.8
  },
  "counts": {
    "total_conversations": 500,
    "successful_conversations": 499,
    "total_turns": 2204,
    "turn1_count": 500,
    "turn2plus_count": 1704,
    "successful_turns": 2203
  },
  "slo_attainment": {
    "ttft_100ms": 0.9688784497944803,
    "ttft_200ms": 0.9994128009395185,
    "ttft_500ms": 1.0,
    "tpot_15ms": 0.5657817109144543,
    "tpot_30ms": 0.9994100294985251,
    "e2e_5000ms": 0.6564885496183206,
    "e2e_10000ms": 0.9395184967704052
  }
}