{
  "config": "3P_1pD",
  "ppd_enabled": false,
  "qps": 8.0,
  "num_conversations": 500,
  "duration_sec": 198.68547569215298,
  "timestamp": "2026-01-21T12:00:04.676622",
  "turn1": {
    "count": 500,
    "avg_ttft_ms": 47381.07406779379,
    "avg_tpot_ms": 12.749723609360453,
    "avg_e2e_ms": 51172.83335515857,
    "p50_ttft_ms": 50163.943730294704,
    "p50_tpot_ms": 12.985956922938062,
    "p50_e2e_ms": 52577.59184576571,
    "p90_ttft_ms": 91637.63960301876,
    "p90_tpot_ms": 13.527249468761122,
    "p90_e2e_ms": 94203.91559563577,
    "p99_ttft_ms": 103648.43355577439,
    "p99_tpot_ms": 14.114485168563466,
    "p99_e2e_ms": 108633.62130768596
  },
  "turn2plus": {
    "count": 1704,
    "avg_ttft_ms": 92.11824899058387,
    "avg_tpot_ms": 12.884360134691406,
    "avg_e2e_ms": 4097.057024379886,
    "p50_ttft_ms": 56.02453649044037,
    "p50_tpot_ms": 13.049870899221297,
    "p50_e2e_ms": 3801.472742110491,
    "p90_ttft_ms": 75.32905787229538,
    "p90_tpot_ms": 13.574668517159704,
    "p90_e2e_ms": 7632.841975986958,
    "p99_ttft_ms": 95.33698946237566,
    "p99_tpot_ms": 14.075444272408884,
    "p99_e2e_ms": 11757.872799634935
  },
  "all_turns": {
    "count": 2204,
    "avg_ttft_ms": 10820.102781386955,
    "avg_tpot_ms": 12.853799975340989,
    "avg_e2e_ms": 14776.679603957627,
    "p50_ttft_ms": 61.55205890536308,
    "p50_tpot_ms": 13.040628018187421,
    "p50_e2e_ms": 4506.081784144044,
    "p90_ttft_ms": 54108.90901573003,
    "p90_tpot_ms": 13.564594299443266,
    "p90_e2e_ms": 59008.45571644605,
    "p99_ttft_ms": 100209.48383886367,
    "p99_tpot_ms": 14.083019113258047,
    "p99_e2e_ms": 103571.6251413151
  },
  "throughput": {
    "conversations_per_sec": 2.51654026676167,
    "requests_per_sec": 11.092909495885442,
    "tokens_per_sec": 3427.0597668397772
  },
  "success_rate": {
    "turns": 100.0,
    "conversations": 100.0
  },
  "counts": {
    "total_conversations": 500,
    "successful_conversations": 500,
    "total_turns": 2204,
    "turn1_count": 500,
    "turn2plus_count": 1704,
    "successful_turns": 2204
  },
  "slo_attainment": {
    "ttft_100ms": 0.9935446009389671,
    "ttft_200ms": 0.9994131455399061,
    "ttft_500ms": 0.9994131455399061,
    "tpot_15ms": 0.9988207547169812,
    "tpot_30ms": 1.0,
    "e2e_5000ms": 0.676056338028169,
    "e2e_10000ms": 0.971244131455399
  }
}