{
  "config": "1P_3D",
  "ppd_enabled": true,
  "qps": 12.0,
  "num_conversations": 500,
  "duration_sec": 147.64861441776156,
  "timestamp": "2026-01-21T23:23:22.025393",
  "turn1": {
    "count": 500,
    "avg_ttft_ms": 24187.07844092697,
    "avg_tpot_ms": 9.590246491642535,
    "avg_e2e_ms": 26917.501866787672,
    "p50_ttft_ms": 21763.40927556157,
    "p50_tpot_ms": 9.602793109749742,
    "p50_e2e_ms": 25384.19096544385,
    "p90_ttft_ms": 51537.87026703358,
    "p90_tpot_ms": 10.393616084978259,
    "p90_e2e_ms": 54252.30944156647,
    "p99_ttft_ms": 57615.24426668882,
    "p99_tpot_ms": 11.038592256659618,
    "p99_e2e_ms": 62450.912616439164
  },
  "turn2plus": {
    "count": 1556,
    "avg_ttft_ms": 156.39008187322582,
    "avg_tpot_ms": 9.646094222578718,
    "avg_e2e_ms": 2796.965357533879,
    "p50_ttft_ms": 44.48620229959488,
    "p50_tpot_ms": 9.700650840249521,
    "p50_e2e_ms": 1770.6589866429567,
    "p90_ttft_ms": 59.00441110134125,
    "p90_tpot_ms": 10.294335989584182,
    "p90_e2e_ms": 6550.2858608961105,
    "p99_ttft_ms": 141.33411888033163,
    "p99_tpot_ms": 10.98635897217762,
    "p99_e2e_ms": 11775.378532893961
  },
  "all_turns": {
    "count": 2056,
    "avg_ttft_ms": 6000.42907969758,
    "avg_tpot_ms": 9.632575201327205,
    "avg_e2e_ms": 8662.854586438012,
    "p50_ttft_ms": 47.2116656601429,
    "p50_tpot_ms": 9.682856599489847,
    "p50_e2e_ms": 2624.888675287366,
    "p90_ttft_ms": 28862.005677074194,
    "p90_tpot_ms": 10.321539846280468,
    "p90_e2e_ms": 32599.941108375788,
    "p99_ttft_ms": 55641.80332794788,
    "p99_tpot_ms": 11.021417354544004,
    "p99_e2e_ms": 58491.511905193336
  },
  "throughput": {
    "conversations_per_sec": 3.386418504309729,
    "requests_per_sec": 13.924952889721606,
    "tokens_per_sec": 3822.230247303365
  },
  "success_rate": {
    "turns": 100.0,
    "conversations": 100.0
  },
  "counts": {
    "total_conversations": 500,
    "successful_conversations": 500,
    "total_turns": 2056,
    "turn1_count": 500,
    "turn2plus_count": 1556,
    "successful_turns": 2056
  },
  "slo_attainment": {
    "ttft_100ms": 0.9858611825192802,
    "ttft_200ms": 0.9942159383033419,
    "ttft_500ms": 0.9955012853470437,
    "tpot_15ms": 1.0,
    "tpot_30ms": 1.0,
    "e2e_5000ms": 0.8361182519280206,
    "e2e_10000ms": 0.9775064267352185
  }
}