{
  "config": "1P_3D",
  "ppd_enabled": true,
  "qps": 4.0,
  "num_conversations": 500,
  "duration_sec": 176.6445814743638,
  "timestamp": "2026-01-21T23:18:22.370415",
  "turn1": {
    "count": 500,
    "avg_ttft_ms": 153.85836923122406,
    "avg_tpot_ms": 9.370214428547097,
    "avg_e2e_ms": 2709.7759173214436,
    "p50_ttft_ms": 38.79682160913944,
    "p50_tpot_ms": 9.502942905636843,
    "p50_e2e_ms": 1847.9507695883512,
    "p90_ttft_ms": 595.7707364112139,
    "p90_tpot_ms": 10.136674546059949,
    "p90_e2e_ms": 6569.377324357631,
    "p99_ttft_ms": 1541.184142641721,
    "p99_tpot_ms": 10.881552360951902,
    "p99_e2e_ms": 10970.994030497966
  },
  "turn2plus": {
    "count": 1556,
    "avg_ttft_ms": 45.291564099318265,
    "avg_tpot_ms": 9.410190142622175,
    "avg_e2e_ms": 2621.8125137014454,
    "p50_ttft_ms": 43.02332177758217,
    "p50_tpot_ms": 9.534486130161106,
    "p50_e2e_ms": 1721.7848859727383,
    "p90_ttft_ms": 57.64419585466385,
    "p90_tpot_ms": 10.12144943989745,
    "p90_e2e_ms": 6330.494763329625,
    "p99_ttft_ms": 125.48786327242871,
    "p99_tpot_ms": 10.710507295648075,
    "p99_e2e_ms": 10386.9673775509
  },
  "all_turns": {
    "count": 2056,
    "avg_ttft_ms": 71.69399725396461,
    "avg_tpot_ms": 9.400513249415129,
    "avg_e2e_ms": 2643.2043920137016,
    "p50_ttft_ms": 41.30939207971096,
    "p50_tpot_ms": 9.525169488961387,
    "p50_e2e_ms": 1767.5237264484167,
    "p90_ttft_ms": 59.78277325630188,
    "p90_tpot_ms": 10.122206603982184,
    "p90_e2e_ms": 6365.023493766785,
    "p99_ttft_ms": 1049.8452661558986,
    "p99_tpot_ms": 10.745079129511584,
    "p99_e2e_ms": 10672.670585662137
  },
  "throughput": {
    "conversations_per_sec": 2.8305425268454347,
    "requests_per_sec": 11.639190870388427,
    "tokens_per_sec": 3194.8163667952813
  },
  "success_rate": {
    "turns": 100.0,
    "conversations": 100.0
  },
  "counts": {
    "total_conversations": 500,
    "successful_conversations": 500,
    "total_turns": 2056,
    "turn1_count": 500,
    "turn2plus_count": 1556,
    "successful_turns": 2056
  },
  "slo_attainment": {
    "ttft_100ms": 0.9845758354755784,
    "ttft_200ms": 0.9993573264781491,
    "ttft_500ms": 1.0,
    "tpot_15ms": 1.0,
    "tpot_30ms": 1.0,
    "e2e_5000ms": 0.846401028277635,
    "e2e_10000ms": 0.9858611825192802
  }
}