{
  "config": "3P_1D",
  "ppd_enabled": false,
  "qps": 4.0,
  "num_conversations": 500,
  "duration_sec": 215.23476734012365,
  "timestamp": "2026-01-21T18:32:30.468106",
  "turn1": {
    "count": 500,
    "avg_ttft_ms": 13777.528822399676,
    "avg_tpot_ms": 13.53578644034916,
    "avg_e2e_ms": 17537.410489462316,
    "p50_ttft_ms": 11390.941083431244,
    "p50_tpot_ms": 13.922214790883764,
    "p50_e2e_ms": 16200.213629752398,
    "p90_ttft_ms": 31911.703406646848,
    "p90_tpot_ms": 14.793541514743907,
    "p90_e2e_ms": 35443.62875409425,
    "p99_ttft_ms": 34024.421459175646,
    "p99_tpot_ms": 15.874930273454924,
    "p99_e2e_ms": 46620.70924140513
  },
  "turn2plus": {
    "count": 1556,
    "avg_ttft_ms": 279.5166168361902,
    "avg_tpot_ms": 13.631634160446088,
    "avg_e2e_ms": 3980.8553590350675,
    "p50_ttft_ms": 157.0162158459425,
    "p50_tpot_ms": 14.024245272417671,
    "p50_e2e_ms": 2664.2365157604218,
    "p90_ttft_ms": 229.7978699207306,
    "p90_tpot_ms": 14.773360916870962,
    "p90_e2e_ms": 9238.750556483865,
    "p99_ttft_ms": 759.7715150565044,
    "p99_tpot_ms": 15.55269838621219,
    "p99_e2e_ms": 15762.238650955278
  },
  "all_turns": {
    "count": 2056,
    "avg_ttft_ms": 3562.1071337533804,
    "avg_tpot_ms": 13.608432369734484,
    "avg_e2e_ms": 7277.682968574768,
    "p50_ttft_ms": 166.4457842707634,
    "p50_tpot_ms": 14.001895918657905,
    "p50_e2e_ms": 3594.847472384572,
    "p90_ttft_ms": 16577.532866969705,
    "p90_tpot_ms": 14.77537000140224,
    "p90_e2e_ms": 21234.077660366893,
    "p99_ttft_ms": 33280.60126807541,
    "p99_tpot_ms": 15.635124148371128,
    "p99_e2e_ms": 39020.1736714691
  },
  "throughput": {
    "conversations_per_sec": 2.3230447672511825,
    "requests_per_sec": 9.552360082936863,
    "tokens_per_sec": 2622.0066905278063
  },
  "success_rate": {
    "turns": 100.0,
    "conversations": 100.0
  },
  "counts": {
    "total_conversations": 500,
    "successful_conversations": 500,
    "total_turns": 2056,
    "turn1_count": 500,
    "turn2plus_count": 1556,
    "successful_turns": 2056
  },
  "slo_attainment": {
    "ttft_100ms": 0.0012853470437017994,
    "ttft_200ms": 0.8194087403598972,
    "ttft_500ms": 0.9890745501285347,
    "tpot_15ms": 0.9671603348358017,
    "tpot_30ms": 1.0,
    "e2e_5000ms": 0.7101542416452442,
    "e2e_10000ms": 0.9177377892030848
  }
}