{
  "config": "3P_1D",
  "ppd_enabled": false,
  "qps": 2.0,
  "num_conversations": 500,
  "duration_sec": 293.93038949370384,
  "timestamp": "2026-01-21T11:28:29.207678",
  "turn1": {
    "count": 500,
    "avg_ttft_ms": 128.1081363633275,
    "avg_tpot_ms": 11.25471535552273,
    "avg_e2e_ms": 3196.7124667465687,
    "p50_ttft_ms": 118.95468086004257,
    "p50_tpot_ms": 11.267073013811475,
    "p50_e2e_ms": 2098.2228852808475,
    "p90_ttft_ms": 169.55058611929417,
    "p90_tpot_ms": 12.558352698277561,
    "p90_e2e_ms": 7713.563622534275,
    "p99_ttft_ms": 242.06629194319248,
    "p99_tpot_ms": 13.436032049709334,
    "p99_e2e_ms": 13063.451279774306
  },
  "turn2plus": {
    "count": 1551,
    "avg_ttft_ms": 142.3289235885454,
    "avg_tpot_ms": 11.304492146536118,
    "avg_e2e_ms": 3223.4798036972065,
    "p50_ttft_ms": 132.8696273267269,
    "p50_tpot_ms": 11.310863208993384,
    "p50_e2e_ms": 2170.8363108336926,
    "p90_ttft_ms": 186.2553283572197,
    "p90_tpot_ms": 12.524548943443298,
    "p90_e2e_ms": 7626.368712633848,
    "p99_ttft_ms": 266.68376475572586,
    "p99_tpot_ms": 13.087471865784357,
    "p99_e2e_ms": 12655.122490599751
  },
  "all_turns": {
    "count": 2051,
    "avg_ttft_ms": 138.8621300182826,
    "avg_tpot_ms": 11.292413238345002,
    "avg_e2e_ms": 3216.9543680680895,
    "p50_ttft_ms": 129.07182797789574,
    "p50_tpot_ms": 11.305053550783043,
    "p50_e2e_ms": 2141.5180899202824,
    "p90_ttft_ms": 183.7288700044155,
    "p90_tpot_ms": 12.52943492279603,
    "p90_e2e_ms": 7628.3930614590645,
    "p99_ttft_ms": 264.06666822731495,
    "p99_tpot_ms": 13.138177511335531,
    "p99_e2e_ms": 12747.360097244382
  },
  "throughput": {
    "conversations_per_sec": 1.701083038270564,
    "requests_per_sec": 6.981244789062394,
    "tokens_per_sec": 1914.5961769021321
  },
  "success_rate": {
    "turns": 99.95126705653021,
    "conversations": 99.8
  },
  "counts": {
    "total_conversations": 500,
    "successful_conversations": 499,
    "total_turns": 2052,
    "turn1_count": 500,
    "turn2plus_count": 1552,
    "successful_turns": 2051
  },
  "slo_attainment": {
    "ttft_100ms": 0.027724049000644745,
    "ttft_200ms": 0.938749194068343,
    "ttft_500ms": 1.0,
    "tpot_15ms": 0.9987080103359173,
    "tpot_30ms": 1.0,
    "e2e_5000ms": 0.7865892972275951,
    "e2e_10000ms": 0.9580915538362347
  }
}